batter,pitch_type,pitch_name,family,pitches,whiff,contact,slg,xwoba,exit_velo,zone_pct,pa,ba,obp,iso,bb_pct,k_pct,swstr_pct,hr
457705,FF,4-Seam FB,Fastball,144,0.2535211267605634,0.7464788732394366,0.34210526315789475,0.24661894736842105,84.50392156862745,0.5555555555555556,45,0.18421052631578946,0.28888888888888886,0.15789473684210528,0.13333333333333333,0.26666666666666666,0.125,2
457705,SI,Sinker,Fastball,64,0.17857142857142858,0.8214285714285714,0.42857142857142855,0.36478,89.45238095238095,0.53125,17,0.35714285714285715,0.47058823529411764,0.0714285714285714,0.17647058823529413,0.11764705882352941,0.078125,0
457705,ST,Sweeper,Breaking,51,0.4,0.6,0.125,0.236125,80.38181818181819,0.45098039215686275,8,0.125,0.125,0.0,0.0,0.25,0.1568627450980392,0
457705,SL,Slider,Breaking,47,0.55,0.44999999999999996,0.2857142857142857,0.2702,85.34999999999998,0.425531914893617,7,0.2857142857142857,0.2857142857142857,0.0,0.0,0.5714285714285714,0.23404255319148937,0
457705,CH,Changeup,Offspeed,35,0.35714285714285715,0.6428571428571428,0.42857142857142855,0.11116666666666668,76.85555555555555,0.4,7,0.2857142857142857,0.2857142857142857,0.14285714285714285,0.0,0.2857142857142857,0.14285714285714285,0
457705,FC,Cutter,Fastball,33,0.2727272727272727,0.7272727272727273,0.0,0.37968999999999997,77.38571428571429,0.5454545454545454,4,0.0,0.5,0.0,0.5,0.0,0.09090909090909091,0
467793,FF,4-Seam FB,Fastball,69,0.1891891891891892,0.8108108108108107,0.06666666666666667,0.1401111111111111,85.90740740740739,0.43478260869565216,16,0.06666666666666667,0.125,0.0,0.0625,0.0,0.10144927536231885,0
467793,CH,Changeup,Offspeed,37,0.2,0.8,0.5,0.37972999999999996,81.64166666666667,0.4864864864864865,9,0.375,0.4444444444444444,0.125,0.1111111111111111,0.1111111111111111,0.08108108108108109,0
500743,FF,4-Seam FB,Fastball,251,0.09230769230769231,0.9076923076923077,0.463768115942029,0.3064170666666666,86.1017543859649,0.4860557768924303,78,0.2898550724637681,0.3333333333333333,0.17391304347826086,0.07692307692307693,0.10256410256410256,0.04780876494023904,1
500743,SI,Sinker,Fastball,187,0.0673076923076923,0.9326923076923077,0.3559322033898305,0.33562699999999995,84.98314606741573,0.5668449197860963,65,0.23728813559322035,0.27692307692307694,0.11864406779661016,0.046153846153846156,0.015384615384615385,0.0374331550802139,2
500743,CH,Changeup,Offspeed,128,0.32142857142857145,0.6785714285714286,0.22727272727272727,0.2421034782608696,77.46,0.328125,25,0.18181818181818182,0.20833333333333334,0.04545454545454544,0.04,0.08,0.140625,0
500743,SL,Slider,Breaking,117,0.25,0.75,0.43333333333333335,0.374305,82.48717948717949,0.4017094017094017,33,0.3,0.3333333333333333,0.13333333333333336,0.06060606060606061,0.12121212121212122,0.11965811965811966,1
500743,FC,Cutter,Fastball,82,0.1956521739130435,0.8043478260869565,0.782608695652174,0.3528321739130435,80.27352941176471,0.5121951219512195,27,0.5217391304347826,0.5769230769230769,0.26086956521739135,0.1111111111111111,0.1111111111111111,0.10975609756097561,1
500743,ST,Sweeper,Breaking,75,0.125,0.875,0.2,0.23201809523809522,76.02307692307691,0.4533333333333333,21,0.2,0.23809523809523808,0.0,0.047619047619047616,0.09523809523809523,0.05333333333333334,0
500743,CU,Curveball,Breaking,53,0.3076923076923077,0.6923076923076923,0.625,0.35915022222222226,82.66666666666667,0.3018867924528302,9,0.375,0.4444444444444444,0.25,0.0,0.3333333333333333,0.07547169811320754,0
502054,FF,4-Seam FB,Fastball,43,0.3333333333333333,0.6666666666666667,0.1,0.24903454545454543,87.77692307692307,0.6511627906976745,11,0.1,0.18181818181818182,0.0,0.09090909090909091,0.36363636363636365,0.16279069767441862,0
502671,FF,4-Seam FB,Fastball,372,0.20512820512820512,0.7948717948717949,0.6470588235294118,0.3447765454545455,85.36462585034013,0.553763440860215,115,0.29411764705882354,0.3565217391304348,0.35294117647058826,0.08695652173913043,0.21739130434782608,0.10752688172043011,9
502671,SI,Sinker,Fastball,287,0.22435897435897437,0.7756410256410257,0.35714285714285715,0.30780702857142855,83.02542372881356,0.5226480836236934,75,0.18571428571428572,0.22666666666666666,0.17142857142857143,0.04,0.18666666666666668,0.12195121951219512,4
502671,SL,Slider,Breaking,251,0.30833333333333335,0.6916666666666667,0.3269230769230769,0.27876557142857145,78.97901234567902,0.5179282868525896,57,0.3076923076923077,0.3684210526315789,0.019230769230769218,0.07017543859649122,0.2982456140350877,0.14741035856573706,0
502671,CH,Changeup,Offspeed,193,0.2857142857142857,0.7142857142857143,0.37209302325581395,0.32358125,82.27777777777777,0.33678756476683935,48,0.2558139534883721,0.3333333333333333,0.11627906976744184,0.10416666666666667,0.22916666666666666,0.12435233160621761,1
502671,FC,Cutter,Fastball,148,0.48,0.52,0.3142857142857143,0.25454432432432433,81.16216216216216,0.527027027027027,38,0.2,0.2631578947368421,0.11428571428571427,0.07894736842105263,0.3157894736842105,0.24324324324324326,1
502671,ST,Sweeper,Breaking,130,0.23404255319148937,0.7659574468085106,0.5625,0.2600585263157895,80.46857142857142,0.4230769230769231,19,0.25,0.3684210526315789,0.3125,0.10526315789473684,0.21052631578947367,0.08461538461538462,1
502671,CU,Curveball,Breaking,101,0.1891891891891892,0.8108108108108107,0.4,0.31268250000000003,82.0206896551724,0.4158415841584158,26,0.24,0.2692307692307692,0.16000000000000003,0.038461538461538464,0.19230769230769232,0.06930693069306931,1
502671,FS,Splitter,Offspeed,33,0.2777777777777778,0.7222222222222222,0.16666666666666666,0.2806666666666667,80.59166666666665,0.42424242424242425,6,0.16666666666666666,0.16666666666666666,0.0,0.0,0.16666666666666666,0.15151515151515152,0
506702,FF,4-Seam FB,Fastball,72,0.3333333333333333,0.6666666666666667,0.18181818181818182,0.0986,80.6,0.5972222222222222,23,0.18181818181818182,0.21739130434782608,0.0,0.043478260869565216,0.391304347826087,0.2222222222222222,0
506702,SI,Sinker,Fastball,30,0.21428571428571427,0.7857142857142857,0.14285714285714285,0.22442857142857142,74.59,0.6,7,0.14285714285714285,0.14285714285714285,0.0,0.0,0.42857142857142855,0.1,0
514888,SI,Sinker,Fastball,475,0.14798206278026907,0.852017937219731,0.29464285714285715,0.28402142857142854,80.80451977401131,0.5242105263157895,128,0.24107142857142858,0.328125,0.053571428571428575,0.1171875,0.1484375,0.06947368421052631,0
514888,FF,4-Seam FB,Fastball,450,0.22413793103448276,0.7758620689655172,0.5034965034965035,0.2968281045751634,85.45988023952096,0.5133333333333333,160,0.2867132867132867,0.3522012578616352,0.21678321678321683,0.09375,0.24375,0.11555555555555555,7
514888,SL,Slider,Breaking,323,0.25882352941176473,0.7411764705882353,0.3888888888888889,0.24349311111111113,76.84237288135593,0.42105263157894735,93,0.2,0.20652173913043478,0.18888888888888888,0.010752688172043012,0.1827956989247312,0.13622291021671826,4
514888,ST,Sweeper,Breaking,258,0.3230769230769231,0.676923076923077,0.30434782608695654,0.19864787878787876,76.41428571428571,0.38372093023255816,72,0.2028985507246377,0.2222222222222222,0.10144927536231885,0.027777777777777776,0.2777777777777778,0.16279069767441862,2
514888,CH,Changeup,Offspeed,187,0.2261904761904762,0.7738095238095238,0.42105263157894735,0.23995350000000001,79.81964285714285,0.37433155080213903,41,0.2631578947368421,0.3170731707317073,0.15789473684210525,0.07317073170731707,0.21951219512195122,0.10160427807486631,1
514888,FC,Cutter,Fastball,167,0.15,0.85,0.4318181818181818,0.3413940425531915,80.07460317460318,0.46706586826347307,48,0.25,0.3125,0.18181818181818182,0.08333333333333333,0.08333333333333333,0.0718562874251497,2
514888,CU,Curveball,Breaking,99,0.21739130434782608,0.782608695652174,0.47058823529411764,0.31129733333333337,73.0060606060606,0.35353535353535354,18,0.4117647058823529,0.4444444444444444,0.05882352941176472,0.0,0.16666666666666666,0.10101010101010101,0
514888,FS,Splitter,Offspeed,66,0.3548387096774194,0.6451612903225806,0.2857142857142857,0.23585714285714285,76.68499999999999,0.24242424242424243,14,0.2857142857142857,0.2857142857142857,0.0,0.0,0.42857142857142855,0.16666666666666666,0
514888,KC,Knuckle-Curve,Breaking,40,0.17647058823529413,0.8235294117647058,0.0,0.05483333333333334,76.07857142857142,0.3,6,0.0,0.0,0.0,0.0,0.3333333333333333,0.075,0
516782,FF,4-Seam FB,Fastball,241,0.24427480916030533,0.7557251908396947,0.26,0.26775156363636365,76.60425531914895,0.5477178423236515,62,0.24,0.3709677419354839,0.020000000000000018,0.12903225806451613,0.1935483870967742,0.13278008298755187,0
516782,CH,Changeup,Offspeed,109,0.35,0.65,0.4,0.2995357142857143,80.28947368421052,0.3944954128440367,30,0.26666666666666666,0.26666666666666666,0.13333333333333336,0.0,0.23333333333333334,0.1926605504587156,1
516782,SI,Sinker,Fastball,93,0.09302325581395349,0.9069767441860466,0.6111111111111112,0.4773557894736841,83.10277777777777,0.5591397849462365,20,0.3888888888888889,0.45,0.22222222222222227,0.1,0.1,0.043010752688172046,1
516782,FC,Cutter,Fastball,62,0.2962962962962963,0.7037037037037037,0.18181818181818182,0.3451,84.08823529411765,0.45161290322580644,11,0.18181818181818182,0.18181818181818182,0.0,0.0,0.36363636363636365,0.12903225806451613,0
516782,SL,Slider,Breaking,58,0.3235294117647059,0.6764705882352942,0.2631578947368421,0.18810526315789472,84.98,0.5344827586206896,19,0.15789473684210525,0.15789473684210525,0.10526315789473684,0.0,0.3684210526315789,0.1896551724137931,0
516782,ST,Sweeper,Breaking,54,0.35714285714285715,0.6428571428571428,0.35714285714285715,0.2539166666666667,75.68823529411765,0.37037037037037035,14,0.2857142857142857,0.2857142857142857,0.07142857142857145,0.0,0.2857142857142857,0.18518518518518517,0
516782,CU,Curveball,Breaking,50,0.3448275862068966,0.6551724137931034,0.2,0.2219254117647059,79.47058823529412,0.56,18,0.2,0.2777777777777778,0.0,0.05555555555555555,0.2777777777777778,0.2,0
518595,FF,4-Seam FB,Fastball,121,0.23728813559322035,0.7627118644067796,0.23333333333333334,0.2511658064516129,81.73720930232558,0.5537190082644629,34,0.1,0.20588235294117646,0.13333333333333333,0.11764705882352941,0.3235294117647059,0.11570247933884298,1
518595,SI,Sinker,Fastball,65,0.3,0.7,0.18181818181818182,0.35389200000000004,87.18095238095238,0.5846153846153846,14,0.18181818181818182,0.35714285714285715,0.0,0.07142857142857142,0.21428571428571427,0.13846153846153847,0
518595,CH,Changeup,Offspeed,47,0.46153846153846156,0.5384615384615384,0.1875,0.1004375,79.45,0.2765957446808511,16,0.1875,0.1875,0.0,0.0,0.3125,0.2553191489361702,0
518595,SL,Slider,Breaking,32,0.5333333333333333,0.4666666666666667,0.5,0.5224759999999999,87.46666666666665,0.4375,5,0.25,0.4,0.25,0.2,0.4,0.25,0
518595,FC,Cutter,Fastball,28,0.29411764705882354,0.7058823529411764,0.14285714285714285,0.2392975,85.0090909090909,0.5714285714285714,8,0.14285714285714285,0.25,0.0,0.125,0.125,0.17857142857142858,0
518595,ST,Sweeper,Breaking,27,0.26666666666666666,0.7333333333333334,0.5,0.14189666666666667,78.47,0.4074074074074074,7,0.3333333333333333,0.42857142857142855,0.16666666666666669,0.14285714285714285,0.14285714285714285,0.14814814814814814,0
518692,FF,4-Seam FB,Fastball,836,0.21231422505307856,0.7876857749469215,0.49230769230769234,0.36556309004739335,82.33304347826088,0.5311004784688995,216,0.3076923076923077,0.37037037037037035,0.18461538461538463,0.08796296296296297,0.21296296296296297,0.11961722488038277,9
518692,SI,Sinker,Fastball,461,0.18067226890756302,0.819327731092437,0.3904761904761905,0.3502948869565217,84.33186813186812,0.5357917570498916,120,0.2857142857142857,0.36666666666666664,0.10476190476190478,0.10833333333333334,0.11666666666666667,0.09327548806941431,2
518692,SL,Slider,Breaking,453,0.3333333333333333,0.6666666666666667,0.24050632911392406,0.3482312941176471,81.22741935483872,0.44150110375275936,87,0.189873417721519,0.25287356321839083,0.050632911392405056,0.08045977011494253,0.2988505747126437,0.1434878587196468,0
518692,CH,Changeup,Offspeed,324,0.21678321678321677,0.7832167832167832,0.28125,0.34953,85.2556603773585,0.36728395061728397,73,0.25,0.3287671232876712,0.03125,0.1095890410958904,0.0958904109589041,0.09567901234567901,0
518692,FC,Cutter,Fastball,239,0.22580645161290322,0.7741935483870968,0.7804878048780488,0.4692239215686274,83.69222222222223,0.5146443514644351,52,0.4634146341463415,0.5384615384615384,0.3170731707317073,0.17307692307692307,0.09615384615384616,0.11715481171548117,2
518692,ST,Sweeper,Breaking,191,0.2808988764044944,0.7191011235955056,0.3333333333333333,0.3217620425531915,81.14590163934426,0.46596858638743455,47,0.21428571428571427,0.2978723404255319,0.11904761904761904,0.0425531914893617,0.2765957446808511,0.13089005235602094,1
518692,CU,Curveball,Breaking,163,0.19736842105263158,0.8026315789473684,0.5405405405405406,0.40137268292682926,81.00344827586208,0.3496932515337423,43,0.2972972972972973,0.3953488372093023,0.24324324324324326,0.13953488372093023,0.11627906976744186,0.09202453987730061,2
518692,FS,Splitter,Offspeed,79,0.11764705882352941,0.8823529411764706,0.6875,0.29614285714285715,88.55925925925925,0.31645569620253167,16,0.375,0.375,0.3125,0.0,0.0,0.05063291139240506,1
518692,KC,Knuckle-Curve,Breaking,43,0.2916666666666667,0.7083333333333333,0.4166666666666667,0.30695571428571433,87.63529411764706,0.32558139534883723,14,0.3333333333333333,0.35714285714285715,0.08333333333333337,0.07142857142857142,0.14285714285714285,0.16279069767441862,0
519317,FF,4-Seam FB,Fastball,139,0.3220338983050847,0.6779661016949152,0.14814814814814814,0.21273185185185184,83.8078947368421,0.5035971223021583,30,0.14814814814814814,0.2,0.0,0.06666666666666667,0.36666666666666664,0.1366906474820144,0
519317,SI,Sinker,Fastball,78,0.2571428571428571,0.7428571428571429,0.9166666666666666,0.48209090909090907,87.6083333333333,0.5512820512820513,12,0.4166666666666667,0.4166666666666667,0.49999999999999994,0.0,0.08333333333333333,0.11538461538461539,2
519317,CH,Changeup,Offspeed,66,0.3548387096774194,0.6451612903225806,0.38095238095238093,0.31925619047619047,91.54736842105264,0.3939393939393939,22,0.2857142857142857,0.3181818181818182,0.09523809523809523,0.045454545454545456,0.18181818181818182,0.16666666666666666,0
519317,SL,Slider,Breaking,56,0.4827586206896552,0.5172413793103448,1.0,0.5309557142857143,88.74615384615385,0.5,14,0.38461538461538464,0.42857142857142855,0.6153846153846154,0.07142857142857142,0.42857142857142855,0.25,2
519317,ST,Sweeper,Breaking,45,0.631578947368421,0.368421052631579,0.07692307692307693,0.08972727272727274,90.04,0.3111111111111111,13,0.07692307692307693,0.07692307692307693,0.0,0.0,0.6153846153846154,0.26666666666666666,0
519317,FC,Cutter,Fastball,25,0.3333333333333333,0.6666666666666667,0.0,0.5499200000000001,91.23999999999998,0.52,5,0.0,0.4,0.0,0.4,0.0,0.12,0
521692,FF,4-Seam FB,Fastball,628,0.21978021978021978,0.7802197802197802,0.4326241134751773,0.3906369150326797,84.91011235955057,0.4697452229299363,157,0.2553191489361702,0.3096774193548387,0.17730496453900713,0.050955414012738856,0.2229299363057325,0.12738853503184713,7
521692,ST,Sweeper,Breaking,370,0.3010752688172043,0.6989247311827957,0.36585365853658536,0.2877184545454545,80.88250000000001,0.34594594594594597,88,0.2073170731707317,0.26136363636363635,0.15853658536585366,0.045454545454545456,0.22727272727272727,0.15135135135135136,3
521692,SL,Slider,Breaking,350,0.34574468085106386,0.6542553191489362,0.26666666666666666,0.23936649462365595,81.25702479338844,0.34,96,0.2,0.22340425531914893,0.06666666666666665,0.010416666666666666,0.20833333333333334,0.18571428571428572,1
521692,SI,Sinker,Fastball,282,0.1,0.9,0.6619718309859155,0.45726081012658226,84.76014492753625,0.5354609929078015,81,0.352112676056338,0.3950617283950617,0.3098591549295775,0.06172839506172839,0.012345679012345678,0.05673758865248227,7
521692,FC,Cutter,Fastball,259,0.26174496644295303,0.738255033557047,0.20754716981132076,0.29537694545454546,81.63921568627451,0.4942084942084942,55,0.18867924528301888,0.21818181818181817,0.018867924528301883,0.01818181818181818,0.2,0.15057915057915058,0
521692,CH,Changeup,Offspeed,198,0.23134328358208955,0.7686567164179104,0.5384615384615384,0.250663,82.54574468085107,0.3888888888888889,69,0.26153846153846155,0.2898550724637681,0.2769230769230769,0.014492753623188406,0.17391304347826086,0.15656565656565657,3
521692,CU,Curveball,Breaking,156,0.24691358024691357,0.7530864197530864,0.29545454545454547,0.24671318181818183,80.3135593220339,0.33974358974358976,45,0.1590909090909091,0.17777777777777778,0.13636363636363638,0.022222222222222223,0.2,0.1282051282051282,1
521692,FS,Splitter,Offspeed,51,0.26666666666666666,0.7333333333333334,0.15384615384615385,0.13692307692307695,74.705,0.3137254901960784,14,0.15384615384615385,0.15384615384615385,0.0,0.0,0.14285714285714285,0.1568627450980392,0
521692,KC,Knuckle-Curve,Breaking,43,0.5925925925925926,0.40740740740740744,0.4444444444444444,0.1083888888888889,86.3,0.27906976744186046,18,0.16666666666666666,0.16666666666666666,0.2777777777777778,0.0,0.5,0.37209302325581395,1
542303,FF,4-Seam FB,Fastball,386,0.1746987951807229,0.8253012048192772,0.391304347826087,0.40695326315789476,86.2975806451613,0.5103626943005182,104,0.2391304347826087,0.3269230769230769,0.15217391304347827,0.11538461538461539,0.17307692307692307,0.07512953367875648,4
542303,SI,Sinker,Fastball,254,0.1553398058252427,0.8446601941747574,0.3225806451612903,0.2818289523809524,83.43026315789473,0.5905511811023622,69,0.22580645161290322,0.29411764705882354,0.0967741935483871,0.057971014492753624,0.2028985507246377,0.06299212598425197,1
542303,SL,Slider,Breaking,181,0.4819277108433735,0.5180722891566265,0.3235294117647059,0.2260230303030303,82.83243243243244,0.39779005524861877,36,0.20588235294117646,0.25,0.11764705882352944,0.05555555555555555,0.5,0.22099447513812154,1
542303,CH,Changeup,Offspeed,167,0.47297297297297297,0.527027027027027,0.16,0.24473285714285714,81.75999999999999,0.2874251497005988,29,0.16,0.27586206896551724,0.0,0.13793103448275862,0.3793103448275862,0.20958083832335328,0
542303,ST,Sweeper,Breaking,115,0.34782608695652173,0.6521739130434783,0.21052631578947367,0.2608294736842105,80.16538461538461,0.3565217391304348,21,0.05263157894736842,0.14285714285714285,0.15789473684210525,0.09523809523809523,0.38095238095238093,0.1391304347826087,1
542303,FC,Cutter,Fastball,99,0.3829787234042553,0.6170212765957447,0.4444444444444444,0.2546515789473684,81.54814814814814,0.5151515151515151,19,0.2222222222222222,0.2631578947368421,0.2222222222222222,0.05263157894736842,0.3157894736842105,0.18181818181818182,1
542303,CU,Curveball,Breaking,54,0.28,0.72,0.125,0.174125,83.5888888888889,0.42592592592592593,8,0.125,0.125,0.0,0.0,0.375,0.12962962962962962,0
543309,FF,4-Seam FB,Fastball,211,0.1348314606741573,0.8651685393258427,0.41304347826086957,0.3099765957446809,84.83999999999999,0.5497630331753555,52,0.2608695652173913,0.34615384615384615,0.15217391304347827,0.11538461538461539,0.15384615384615385,0.05687203791469194,1
543309,SI,Sinker,Fastball,173,0.14102564102564102,0.858974358974359,0.6363636363636364,0.38725004081632647,85.58852459016393,0.5780346820809249,50,0.36363636363636365,0.44,0.2727272727272727,0.1,0.16,0.06358381502890173,4
543309,SL,Slider,Breaking,160,0.40789473684210525,0.5921052631578947,0.19444444444444445,0.19128684210526317,82.67142857142856,0.38125,41,0.1388888888888889,0.24390243902439024,0.05555555555555555,0.12195121951219512,0.36585365853658536,0.19375,0
543309,ST,Sweeper,Breaking,82,0.35294117647058826,0.6470588235294117,0.05263157894736842,0.20607115789473687,79.72105263157894,0.4878048780487805,20,0.05263157894736842,0.1,0.0,0.0,0.35,0.14634146341463414,0
543309,CH,Changeup,Offspeed,68,0.45161290322580644,0.5483870967741935,0.7,0.39801076923076917,86.57857142857142,0.3235294117647059,13,0.3,0.46153846153846156,0.39999999999999997,0.23076923076923078,0.3076923076923077,0.20588235294117646,1
543309,CU,Curveball,Breaking,56,0.2222222222222222,0.7777777777777778,0.0,0.2577975,81.72999999999999,0.4642857142857143,9,0.0,0.1111111111111111,0.0,0.1111111111111111,0.2222222222222222,0.07142857142857142,0
543309,FC,Cutter,Fastball,40,0.2692307692307692,0.7307692307692308,0.875,0.2917142857142857,75.17368421052633,0.625,8,0.375,0.375,0.5,0.0,0.125,0.175,1
543510,FF,4-Seam FB,Fastball,190,0.1951219512195122,0.8048780487804879,0.4358974358974359,0.354738,85.06393442622951,0.5263157894736842,43,0.3333333333333333,0.3953488372093023,0.10256410256410259,0.09302325581395349,0.20930232558139536,0.08421052631578947,1
543510,SL,Slider,Breaking,105,0.3939393939393939,0.6060606060606061,0.41025641025641024,0.2601454054054054,87.36216216216216,0.42857142857142855,40,0.23076923076923078,0.25,0.17948717948717946,0.025,0.275,0.24761904761904763,2
543510,SI,Sinker,Fastball,97,0.14285714285714285,0.8571428571428572,0.5454545454545454,0.38640909090909087,85.04705882352941,0.6907216494845361,23,0.3181818181818182,0.3181818181818182,0.22727272727272724,0.0,0.043478260869565216,0.061855670103092786,1
543510,CH,Changeup,Offspeed,73,0.3488372093023256,0.6511627906976745,0.4117647058823529,0.18372823529411764,79.7304347826087,0.2602739726027397,19,0.29411764705882354,0.3157894736842105,0.11764705882352938,0.05263157894736842,0.3157894736842105,0.2054794520547945,0
543510,ST,Sweeper,Breaking,66,0.4473684210526316,0.5526315789473684,0.8,0.33231085714285713,81.21000000000001,0.4090909090909091,16,0.3333333333333333,0.375,0.46666666666666673,0.0,0.4375,0.25757575757575757,2
543510,FC,Cutter,Fastball,42,0.22727272727272727,0.7727272727272727,0.5833333333333334,0.4793636363636363,78.7375,0.6190476190476191,12,0.3333333333333333,0.3333333333333333,0.25000000000000006,0.0,0.16666666666666666,0.11904761904761904,1
543510,CU,Curveball,Breaking,31,0.4,0.6,0.3333333333333333,0.044000000000000004,74.53333333333333,0.41935483870967744,6,0.16666666666666666,0.16666666666666666,0.16666666666666666,0.0,0.5,0.1935483870967742,0
543510,FS,Splitter,Offspeed,29,0.4444444444444444,0.5555555555555556,0.125,0.04357142857142857,69.0,0.2413793103448276,9,0.125,0.125,0.0,0.0,0.3333333333333333,0.27586206896551724,0
543760,FF,4-Seam FB,Fastball,509,0.19548872180451127,0.8045112781954887,0.4628099173553719,0.34668432835820895,85.0560606060606,0.5618860510805501,142,0.23140495867768596,0.3191489361702128,0.23140495867768596,0.11971830985915492,0.16901408450704225,0.10216110019646366,8
543760,SL,Slider,Breaking,397,0.3645833333333333,0.6354166666666667,0.16304347826086957,0.19849338947368425,79.4824074074074,0.48866498740554154,99,0.10869565217391304,0.15306122448979592,0.05434782608695653,0.04040404040404041,0.32323232323232326,0.17632241813602015,1
543760,SI,Sinker,Fastball,381,0.08585858585858586,0.9141414141414141,0.4434782608695652,0.3666978387096775,85.93511904761905,0.6167979002624672,130,0.2782608695652174,0.34108527131782945,0.16521739130434782,0.08461538461538462,0.11538461538461539,0.04461942257217848,4
543760,ST,Sweeper,Breaking,258,0.23275862068965517,0.7672413793103449,0.15254237288135594,0.21849047619047618,74.40506329113924,0.40310077519379844,64,0.15254237288135594,0.21875,0.0,0.078125,0.203125,0.10465116279069768,0
543760,FC,Cutter,Fastball,194,0.26373626373626374,0.7362637362637363,0.4857142857142857,0.30843621621621625,80.94354838709677,0.4793814432989691,39,0.22857142857142856,0.28205128205128205,0.2571428571428571,0.07692307692307693,0.1282051282051282,0.12371134020618557,3
543760,CH,Changeup,Offspeed,166,0.34210526315789475,0.6578947368421053,0.37142857142857144,0.35917692307692306,81.13333333333334,0.3493975903614458,40,0.3142857142857143,0.4,0.05714285714285716,0.125,0.2,0.1566265060240964,0
543760,CU,Curveball,Breaking,123,0.3018867924528302,0.6981132075471699,0.2608695652173913,0.2279325,76.978125,0.42276422764227645,25,0.21739130434782608,0.24,0.043478260869565216,0.04,0.32,0.13008130081300814,0
543760,FS,Splitter,Offspeed,56,0.13333333333333333,0.8666666666666667,0.35714285714285715,0.24396125000000002,78.0304347826087,0.39285714285714285,16,0.2857142857142857,0.3125,0.07142857142857145,0.0625,0.0625,0.07142857142857142,0
543807,FF,4-Seam FB,Fastball,575,0.2007042253521127,0.7992957746478873,0.48695652173913045,0.3257831496062992,83.07652582159623,0.528695652173913,136,0.2608695652173913,0.35555555555555557,0.22608695652173916,0.1323529411764706,0.1323529411764706,0.09913043478260869,6
543807,SI,Sinker,Fastball,483,0.14285714285714285,0.8571428571428572,0.3055555555555556,0.3101695798319328,82.63728813559321,0.5652173913043478,119,0.25925925925925924,0.3277310924369748,0.046296296296296335,0.09243697478991597,0.10084033613445378,0.06625258799171843,0
543807,SL,Slider,Breaking,281,0.3284671532846715,0.6715328467153285,0.4266666666666667,0.25456246153846157,82.70112359550562,0.4234875444839858,80,0.25333333333333335,0.3,0.17333333333333334,0.05,0.25,0.1601423487544484,2
543807,ST,Sweeper,Breaking,227,0.26548672566371684,0.7345132743362832,0.38333333333333336,0.23960114285714287,78.25641025641026,0.4008810572687225,65,0.21666666666666667,0.27692307692307694,0.16666666666666669,0.06153846153846154,0.2153846153846154,0.13215859030837004,2
543807,CH,Changeup,Offspeed,189,0.3333333333333333,0.6666666666666667,0.3488372093023256,0.30691217021276596,82.28653846153846,0.38095238095238093,51,0.18604651162790697,0.3,0.16279069767441862,0.11764705882352941,0.27450980392156865,0.15343915343915343,2
543807,FC,Cutter,Fastball,152,0.16216216216216217,0.8378378378378378,0.6666666666666666,0.4964547368421052,84.64285714285714,0.4934210526315789,42,0.3888888888888889,0.47619047619047616,0.27777777777777773,0.14285714285714285,0.09523809523809523,0.07894736842105263,3
543807,CU,Curveball,Breaking,102,0.2564102564102564,0.7435897435897436,0.65,0.27060000000000006,82.26071428571429,0.38235294117647056,20,0.3,0.3,0.35000000000000003,0.0,0.3,0.09803921568627451,2
543807,FS,Splitter,Offspeed,72,0.4,0.6,0.25,0.19137529411764706,81.83500000000001,0.4166666666666667,18,0.1875,0.23529411764705882,0.0625,0.05555555555555555,0.4444444444444444,0.2222222222222222,0
543877,FF,4-Seam FB,Fastball,365,0.1958762886597938,0.8041237113402062,0.37373737373737376,0.26208692307692305,82.2751677852349,0.5342465753424658,110,0.23232323232323232,0.2962962962962963,0.14141414141414144,0.08181818181818182,0.20909090909090908,0.10410958904109589,3
543877,SI,Sinker,Fastball,229,0.053763440860215055,0.946236559139785,0.35294117647058826,0.26431296296296297,78.44146341463416,0.5545851528384279,56,0.29411764705882354,0.35714285714285715,0.05882352941176472,0.08928571428571429,0.10714285714285714,0.021834061135371178,1
543877,SL,Slider,Breaking,137,0.30357142857142855,0.6964285714285714,0.13636363636363635,0.1495817391304348,76.46842105263158,0.3357664233576642,25,0.09090909090909091,0.13043478260869565,0.04545454545454544,0.04,0.32,0.12408759124087591,0
543877,ST,Sweeper,Breaking,118,0.3709677419354839,0.6290322580645161,0.24242424242424243,0.1574838709677419,74.77179487179488,0.3644067796610169,34,0.15151515151515152,0.17647058823529413,0.09090909090909091,0.029411764705882353,0.3235294117647059,0.19491525423728814,1
543877,FC,Cutter,Fastball,92,0.1590909090909091,0.8409090909090909,0.5789473684210527,0.2866842105263158,82.54285714285714,0.5760869565217391,19,0.2631578947368421,0.2631578947368421,0.31578947368421056,0.0,0.10526315789473684,0.07608695652173914,2
543877,CH,Changeup,Offspeed,61,0.20689655172413793,0.7931034482758621,0.16666666666666666,0.2044430769230769,78.27391304347827,0.2786885245901639,14,0.08333333333333333,0.21428571428571427,0.08333333333333333,0.14285714285714285,0.14285714285714285,0.09836065573770492,0
543877,CU,Curveball,Breaking,44,0.2608695652173913,0.7391304347826086,0.08333333333333333,0.17495571428571427,79.73125000000002,0.3409090909090909,15,0.08333333333333333,0.14285714285714285,0.0,0.06666666666666667,0.26666666666666666,0.13636363636363635,0
545121,FF,4-Seam FB,Fastball,580,0.1,0.9,0.3393939393939394,0.30727972413793103,82.41926229508195,0.5275862068965518,182,0.2545454545454545,0.32044198895027626,0.0848484848484849,0.08241758241758242,0.07692307692307693,0.05,2
545121,CH,Changeup,Offspeed,277,0.1875,0.8125,0.2988505747126437,0.2849341573033708,84.65294117647059,0.3971119133574007,93,0.19540229885057472,0.21739130434782608,0.10344827586206898,0.03225806451612903,0.10752688172043011,0.10830324909747292,1
545121,SL,Slider,Breaking,219,0.21818181818181817,0.7818181818181819,0.43137254901960786,0.22964759999999998,82.27012987012986,0.4292237442922374,52,0.27450980392156865,0.28846153846153844,0.1568627450980392,0.019230769230769232,0.15384615384615385,0.1095890410958904,0
545121,SI,Sinker,Fastball,206,0.08421052631578947,0.9157894736842105,0.5967741935483871,0.3586428125,84.99285714285713,0.529126213592233,66,0.3387096774193548,0.36923076923076925,0.2580645161290323,0.045454545454545456,0.045454545454545456,0.038834951456310676,4
545121,FC,Cutter,Fastball,145,0.08571428571428572,0.9142857142857143,0.6129032258064516,0.34262176470588235,80.23833333333333,0.5103448275862069,34,0.41935483870967744,0.47058823529411764,0.1935483870967742,0.08823529411764706,0.0,0.041379310344827586,1
545121,CU,Curveball,Breaking,124,0.23636363636363636,0.7636363636363637,0.13636363636363635,0.21936842105263157,77.13142857142856,0.4112903225806452,22,0.09090909090909091,0.09090909090909091,0.04545454545454544,0.0,0.22727272727272727,0.10483870967741936,0
545121,ST,Sweeper,Breaking,124,0.22950819672131148,0.7704918032786885,0.24,0.2734345185185185,80.63863636363637,0.45161290322580644,27,0.12,0.18518518518518517,0.12,0.037037037037037035,0.25925925925925924,0.11290322580645161,1
545121,FS,Splitter,Offspeed,56,0.22857142857142856,0.7714285714285715,0.1875,0.1490625,76.85,0.42857142857142855,16,0.1875,0.1875,0.0,0.0,0.125,0.14285714285714285,0
545121,KC,Knuckle-Curve,Breaking,30,0.07692307692307693,0.9230769230769231,1.3333333333333333,0.47759999999999997,83.61,0.43333333333333335,6,0.6666666666666666,0.6666666666666666,0.6666666666666666,0.0,0.0,0.03333333333333333,1
545341,FF,4-Seam FB,Fastball,346,0.1702127659574468,0.8297872340425532,0.5925925925925926,0.3683510256410257,83.83724137931036,0.5751445086705202,83,0.3333333333333333,0.3373493975903614,0.25925925925925924,0.012048192771084338,0.13253012048192772,0.09248554913294797,2
545341,SI,Sinker,Fastball,173,0.09333333333333334,0.9066666666666666,0.5333333333333333,0.3193586666666667,85.25151515151515,0.5491329479768786,49,0.3111111111111111,0.3673469387755102,0.2222222222222222,0.08163265306122448,0.061224489795918366,0.04046242774566474,3
545341,SL,Slider,Breaking,157,0.3488372093023256,0.6511627906976745,0.36585365853658536,0.20089982222222222,88.00754716981132,0.4012738853503185,46,0.1951219512195122,0.2608695652173913,0.17073170731707316,0.06521739130434782,0.32608695652173914,0.1910828025477707,2
545341,CH,Changeup,Offspeed,146,0.35106382978723405,0.648936170212766,0.5416666666666666,0.31979069767441864,85.97142857142856,0.3767123287671233,48,0.2708333333333333,0.2708333333333333,0.2708333333333333,0.0,0.3125,0.22602739726027396,2
545341,FC,Cutter,Fastball,92,0.19148936170212766,0.8085106382978724,0.2608695652173913,0.3348075,83.61999999999999,0.5108695652173914,27,0.17391304347826086,0.23076923076923078,0.08695652173913043,0.07407407407407407,0.1111111111111111,0.09782608695652174,0
545341,ST,Sweeper,Breaking,72,0.36363636363636365,0.6363636363636364,0.95,0.5152561904761905,87.96,0.4444444444444444,21,0.35,0.38095238095238093,0.6,0.047619047619047616,0.2857142857142857,0.16666666666666666,3
545341,CU,Curveball,Breaking,63,0.3333333333333333,0.6666666666666667,0.4,0.2364,89.33333333333333,0.31746031746031744,10,0.1,0.1,0.30000000000000004,0.0,0.6,0.1111111111111111,1
545361,FF,4-Seam FB,Fastball,1259,0.19879518072289157,0.8012048192771084,0.39631336405529954,0.4032152851711026,82.07961956521739,0.482922954725973,275,0.24423963133640553,0.3978102189781022,0.15207373271889402,0.18181818181818182,0.21818181818181817,0.07863383637807785,8
545361,SI,Sinker,Fastball,344,0.13513513513513514,0.8648648648648649,0.43037974683544306,0.44765698969072165,85.83771929824562,0.5436046511627907,98,0.31645569620253167,0.44329896907216493,0.11392405063291139,0.14285714285714285,0.14285714285714285,0.05813953488372093,1
545361,SL,Slider,Breaking,299,0.4596774193548387,0.5403225806451613,0.24561403508771928,0.28418523076923075,80.97499999999998,0.43478260869565216,66,0.15789473684210525,0.26153846153846155,0.08771929824561403,0.12121212121212122,0.4393939393939394,0.19063545150501673,1
545361,CH,Changeup,Offspeed,219,0.3333333333333333,0.6666666666666667,0.56,0.33845771428571425,81.6079365079365,0.3378995433789954,58,0.28,0.3620689655172414,0.28,0.10344827586206896,0.41379310344827586,0.1643835616438356,3
545361,ST,Sweeper,Breaking,213,0.27941176470588236,0.7205882352941176,0.6666666666666666,0.4128330909090909,79.23404255319149,0.43661971830985913,34,0.26666666666666666,0.35294117647058826,0.39999999999999997,0.08823529411764706,0.3235294117647059,0.0892018779342723,3
545361,FC,Cutter,Fastball,206,0.2876712328767123,0.7123287671232876,0.7368421052631579,0.48289879999999996,83.91956521739131,0.4320388349514563,51,0.3157894736842105,0.49019607843137253,0.42105263157894735,0.2549019607843137,0.11764705882352941,0.10194174757281553,5
545361,CU,Curveball,Breaking,146,0.32558139534883723,0.6744186046511628,0.3103448275862069,0.19599225806451614,77.6,0.4589041095890411,31,0.1724137931034483,0.22580645161290322,0.13793103448275862,0.06451612903225806,0.41935483870967744,0.0958904109589041,1
545361,FS,Splitter,Offspeed,67,0.375,0.625,0.11764705882352941,0.24482,83.05882352941177,0.3582089552238806,19,0.11764705882352941,0.21052631578947367,0.0,0.10526315789473684,0.42105263157894735,0.1791044776119403,0
545361,KC,Knuckle-Curve,Breaking,29,0.4444444444444444,0.5555555555555556,0.5,0.13633333333333333,77.93999999999998,0.4482758620689655,4,0.25,0.25,0.25,0.0,0.75,0.13793103448275862,0
547180,FF,4-Seam FB,Fastball,647,0.3142857142857143,0.6857142857142857,0.6716417910447762,0.46274203592814367,85.58309178743961,0.4945904173106646,169,0.30597014925373134,0.4437869822485207,0.36567164179104483,0.20118343195266272,0.2958579881656805,0.15301391035548687,14
547180,SI,Sinker,Fastball,445,0.14553990610328638,0.8544600938967136,0.4827586206896552,0.3570081553398058,83.74404761904762,0.503370786516854,106,0.3448275862068966,0.4528301886792453,0.13793103448275862,0.16981132075471697,0.12264150943396226,0.0696629213483146,2
547180,SL,Slider,Breaking,424,0.4470046082949309,0.5529953917050692,0.4125,0.39589326732673263,83.46296296296296,0.375,101,0.225,0.36633663366336633,0.18749999999999997,0.18811881188118812,0.2376237623762376,0.22877358490566038,3
547180,CH,Changeup,Offspeed,277,0.2789115646258503,0.7210884353741497,0.39436619718309857,0.3845346500000001,82.5116504854369,0.3249097472924188,81,0.2535211267605634,0.345679012345679,0.1408450704225352,0.1111111111111111,0.12345679012345678,0.148014440433213,2
547180,ST,Sweeper,Breaking,240,0.3358208955223881,0.664179104477612,0.58,0.33610150943396233,80.50361445783133,0.37916666666666665,53,0.26,0.2641509433962264,0.31999999999999995,0.018867924528301886,0.24528301886792453,0.1875,4
547180,CU,Curveball,Breaking,237,0.3333333333333333,0.6666666666666667,0.3541666666666667,0.2986418518518519,81.5695652173913,0.3881856540084388,55,0.25,0.34545454545454546,0.10416666666666669,0.12727272727272726,0.2,0.1729957805907173,0
547180,FC,Cutter,Fastball,220,0.28125,0.71875,0.3953488372093023,0.40578461538461535,85.64126984126985,0.4727272727272727,54,0.20930232558139536,0.35185185185185186,0.18604651162790695,0.18518518518518517,0.14814814814814814,0.12272727272727273,2
547180,FS,Splitter,Offspeed,164,0.35,0.65,0.24390243902439024,0.20540260869565213,81.6531914893617,0.39634146341463417,46,0.17073170731707318,0.2391304347826087,0.07317073170731705,0.08695652173913043,0.30434782608695654,0.17073170731707318,0
547180,KC,Knuckle-Curve,Breaking,48,0.45,0.55,0.36363636363636365,0.3272892307692308,78.93636363636364,0.3333333333333333,13,0.2727272727272727,0.38461538461538464,0.09090909090909094,0.15384615384615385,0.3076923076923077,0.1875,0
547180,SV,Slurve,Breaking,27,0.2,0.8,0.6666666666666666,0.3775,83.84375,0.48148148148148145,12,0.3333333333333333,0.3333333333333333,0.3333333333333333,0.0,0.16666666666666666,0.14814814814814814,1
553869,FF,4-Seam FB,Fastball,350,0.24571428571428572,0.7542857142857142,0.35714285714285715,0.2255463225806452,80.72758620689656,0.5457142857142857,65,0.21428571428571427,0.2698412698412698,0.14285714285714288,0.06153846153846154,0.27692307692307694,0.12285714285714286,1
553869,SL,Slider,Breaking,142,0.40963855421686746,0.5903614457831325,0.4358974358974359,0.2771025641025641,80.075,0.4225352112676056,40,0.28205128205128205,0.28205128205128205,0.15384615384615385,0.0,0.3,0.23943661971830985,1
553869,SI,Sinker,Fastball,133,0.15789473684210525,0.8421052631578947,0.4666666666666667,0.275647875,84.87796610169492,0.5864661654135338,33,0.23333333333333334,0.28125,0.23333333333333334,0.030303030303030304,0.12121212121212122,0.09022556390977443,2
553869,ST,Sweeper,Breaking,93,0.4339622641509434,0.5660377358490566,0.21739130434782608,0.1323913043478261,74.01071428571429,0.3225806451612903,24,0.17391304347826086,0.16666666666666666,0.043478260869565216,0.0,0.4166666666666667,0.24731182795698925,0
553869,CH,Changeup,Offspeed,72,0.2857142857142857,0.7142857142857143,0.2692307692307692,0.24442307692307694,81.46363636363637,0.4305555555555556,27,0.19230769230769232,0.19230769230769232,0.0769230769230769,0.0,0.1111111111111111,0.19444444444444445,0
553869,FC,Cutter,Fastball,66,0.2777777777777778,0.7222222222222222,0.17647058823529413,0.300738,82.9,0.5,20,0.11764705882352941,0.2,0.05882352941176472,0.1,0.15,0.15151515151515152,0
553869,CU,Curveball,Breaking,50,0.25,0.75,0.7692307692307693,0.4695985714285714,85.73499999999999,0.4,14,0.3076923076923077,0.35714285714285715,0.46153846153846156,0.07142857142857142,0.2857142857142857,0.14,2
553993,FF,4-Seam FB,Fastball,622,0.3357664233576642,0.6642335766423357,0.5833333333333334,0.36513940425531916,84.99705882352941,0.44855305466237944,145,0.24166666666666667,0.36551724137931035,0.3416666666666667,0.14482758620689656,0.32413793103448274,0.14790996784565916,12
553993,SI,Sinker,Fastball,466,0.16299559471365638,0.8370044052863437,0.32432432432432434,0.30696513793103447,83.331875,0.6587982832618026,121,0.22522522522522523,0.2809917355371901,0.09909909909909911,0.049586776859504134,0.17355371900826447,0.07939914163090128,2
553993,SL,Slider,Breaking,306,0.5138888888888888,0.48611111111111116,0.3225806451612903,0.24081768115942032,83.7888888888889,0.38235294117647056,71,0.16129032258064516,0.2676056338028169,0.16129032258064516,0.1267605633802817,0.49295774647887325,0.24183006535947713,3
553993,ST,Sweeper,Breaking,171,0.46835443037974683,0.5316455696202531,0.37209302325581395,0.21733858333333334,79.9,0.38011695906432746,49,0.18604651162790697,0.2857142857142857,0.18604651162790697,0.10204081632653061,0.5102040816326531,0.21637426900584794,2
553993,CH,Changeup,Offspeed,170,0.41025641025641024,0.5897435897435898,0.15151515151515152,0.17449978378378378,79.625,0.35294117647058826,38,0.09090909090909091,0.21052631578947367,0.06060606060606061,0.10526315789473684,0.39473684210526316,0.18823529411764706,0
553993,FC,Cutter,Fastball,132,0.22033898305084745,0.7796610169491526,0.6785714285714286,0.3174438709677419,84.27948717948718,0.5151515151515151,31,0.25,0.2903225806451613,0.4285714285714286,0.06451612903225806,0.22580645161290322,0.09848484848484848,4
553993,CU,Curveball,Breaking,110,0.44680851063829785,0.5531914893617021,0.6,0.44332769230769237,85.42,0.37272727272727274,29,0.28,0.3793103448275862,0.31999999999999995,0.13793103448275862,0.41379310344827586,0.19090909090909092,2
553993,FS,Splitter,Offspeed,61,0.4827586206896552,0.5172413793103448,0.38461538461538464,0.2527821333333333,80.43571428571428,0.32786885245901637,15,0.3076923076923077,0.4,0.07692307692307693,0.06666666666666667,0.4,0.22950819672131148,0
553993,KC,Knuckle-Curve,Breaking,25,0.3333333333333333,0.6666666666666667,0.8,0.3930633333333333,87.13333333333333,0.36,6,0.2,0.3333333333333333,0.6000000000000001,0.16666666666666666,0.6666666666666666,0.08,1
571448,FF,4-Seam FB,Fastball,642,0.1526479750778816,0.8473520249221184,0.6896551724137931,0.3551975128205128,83.84099616858238,0.5202492211838006,164,0.296551724137931,0.3719512195121951,0.39310344827586213,0.10365853658536585,0.1524390243902439,0.0763239875389408,16
571448,SI,Sinker,Fastball,450,0.15104166666666666,0.8489583333333334,0.5263157894736842,0.34473739285714283,85.95753424657534,0.5133333333333333,113,0.3263157894736842,0.4107142857142857,0.19999999999999996,0.09734513274336283,0.12389380530973451,0.06444444444444444,4
571448,SL,Slider,Breaking,412,0.3224043715846995,0.6775956284153005,0.45454545454545453,0.264032,81.02288135593221,0.4199029126213592,96,0.22727272727272727,0.2916666666666667,0.22727272727272727,0.08333333333333333,0.2604166666666667,0.14320388349514562,6
571448,ST,Sweeper,Breaking,292,0.29411764705882354,0.7058823529411764,0.22972972972972974,0.23340217283950618,78.98131868131868,0.4212328767123288,81,0.17567567567567569,0.24691358024691357,0.05405405405405406,0.04938271604938271,0.2962962962962963,0.136986301369863,1
571448,CH,Changeup,Offspeed,221,0.2857142857142857,0.7142857142857143,0.3888888888888889,0.2681119310344828,81.78289473684211,0.38009049773755654,60,0.2222222222222222,0.2833333333333333,0.16666666666666669,0.06666666666666667,0.2,0.14479638009049775,2
571448,FC,Cutter,Fastball,205,0.2839506172839506,0.7160493827160495,0.46875,0.3542855555555555,81.26491228070176,0.4097560975609756,38,0.28125,0.39473684210526316,0.1875,0.15789473684210525,0.10526315789473684,0.11219512195121951,1
571448,CU,Curveball,Breaking,116,0.25925925925925924,0.7407407407407407,0.2857142857142857,0.23176257142857143,81.23999999999998,0.5172413793103449,29,0.21428571428571427,0.2413793103448276,0.07142857142857142,0.0,0.2413793103448276,0.1206896551724138,0
571448,FS,Splitter,Offspeed,44,0.5,0.5,0.2857142857142857,0.173292,76.40666666666667,0.29545454545454547,15,0.07142857142857142,0.13333333333333333,0.21428571428571427,0.06666666666666667,0.4666666666666667,0.3409090909090909,1
571448,KC,Knuckle-Curve,Breaking,41,0.3684210526315789,0.631578947368421,0.4444444444444444,0.1721111111111111,74.17272727272726,0.3902439024390244,9,0.3333333333333333,0.3333333333333333,0.1111111111111111,0.0,0.2222222222222222,0.17073170731707318,0
571657,SI,Sinker,Fastball,30,0.18181818181818182,0.8181818181818181,0.16666666666666666,0.303,85.12499999999999,0.5333333333333333,6,0.16666666666666666,0.16666666666666666,0.0,0.0,0.0,0.06666666666666667,0
571657,FF,4-Seam FB,Fastball,28,0.5,0.5,0.1111111111111111,0.09375,81.14,0.6071428571428571,9,0.1111111111111111,0.1111111111111111,0.0,0.0,0.6666666666666666,0.21428571428571427,0
571771,FF,4-Seam FB,Fastball,112,0.15151515151515152,0.8484848484848485,0.4666666666666667,0.28327375,82.77735849056603,0.5714285714285714,32,0.23333333333333334,0.28125,0.23333333333333334,0.0625,0.3125,0.08928571428571429,2
571771,CH,Changeup,Offspeed,54,0.3448275862068966,0.6551724137931034,0.09090909090909091,0.22469833333333333,80.75263157894737,0.3333333333333333,12,0.09090909090909091,0.16666666666666666,0.0,0.08333333333333333,0.3333333333333333,0.18518518518518517,0
571771,SL,Slider,Breaking,45,0.2608695652173913,0.7391304347826086,0.07142857142857142,0.17602533333333334,79.7625,0.4666666666666667,15,0.07142857142857142,0.13333333333333333,0.0,0.06666666666666667,0.2,0.13333333333333333,0
571771,ST,Sweeper,Breaking,35,0.4444444444444444,0.5555555555555556,0.3333333333333333,0.18833333333333335,75.8375,0.34285714285714286,9,0.2222222222222222,0.2222222222222222,0.1111111111111111,0.0,0.5555555555555556,0.22857142857142856,0
571771,CU,Curveball,Breaking,31,0.4,0.6,0.2857142857142857,0.13885714285714285,77.2,0.45161290322580644,7,0.2857142857142857,0.2857142857142857,0.0,0.0,0.7142857142857143,0.1935483870967742,0
571771,SI,Sinker,Fastball,31,0.07142857142857142,0.9285714285714286,0.45454545454545453,0.4589815384615385,94.53846153846152,0.6451612903225806,13,0.2727272727272727,0.38461538461538464,0.18181818181818182,0.15384615384615385,0.0,0.03225806451612903,0
571912,FF,4-Seam FB,Fastball,45,0.2,0.8,0.07692307692307693,0.07384615384615385,77.23157894736842,0.6,13,0.07692307692307693,0.07692307692307693,0.0,0.0,0.3076923076923077,0.1111111111111111,0
571912,SI,Sinker,Fastball,36,0.1875,0.8125,0.625,0.17262500000000003,75.26,0.5,8,0.375,0.375,0.25,0.0,0.125,0.08333333333333333,0
571970,FF,4-Seam FB,Fastball,593,0.18996415770609318,0.8100358422939068,0.674074074074074,0.4363535424836601,86.96976744186047,0.521079258010118,162,0.32592592592592595,0.4382716049382716,0.3481481481481481,0.16049382716049382,0.18518518518518517,0.0893760539629005,12
571970,CH,Changeup,Offspeed,337,0.3785310734463277,0.6214689265536724,0.3764705882352941,0.30242847826086955,80.76542056074766,0.41543026706231456,95,0.23529411764705882,0.30526315789473685,0.1411764705882353,0.09473684210526316,0.21052631578947367,0.19881305637982197,3
571970,SL,Slider,Breaking,337,0.3333333333333333,0.6666666666666667,0.5072463768115942,0.3297569620253165,83.21274509803922,0.47181008902077154,79,0.2318840579710145,0.3291139240506329,0.2753623188405797,0.12658227848101267,0.34177215189873417,0.1661721068249258,5
571970,SI,Sinker,Fastball,323,0.15384615384615385,0.8461538461538461,0.48484848484848486,0.396020358974359,82.58431372549018,0.541795665634675,81,0.25757575757575757,0.3950617283950617,0.2272727272727273,0.13580246913580246,0.14814814814814814,0.06191950464396285,4
571970,CU,Curveball,Breaking,255,0.4125,0.5875,0.35555555555555557,0.24342791489361704,84.34883720930233,0.43137254901960786,48,0.2222222222222222,0.2708333333333333,0.13333333333333336,0.041666666666666664,0.4166666666666667,0.12941176470588237,1
571970,FC,Cutter,Fastball,167,0.2,0.8,0.6486486486486487,0.45361229999999997,82.11250000000001,0.5269461077844312,41,0.2702702702702703,0.34146341463414637,0.3783783783783784,0.07317073170731707,0.14634146341463414,0.10778443113772455,4
571970,ST,Sweeper,Breaking,165,0.4444444444444444,0.5555555555555556,0.14814814814814814,0.12688888888888888,79.18214285714285,0.4666666666666667,27,0.1111111111111111,0.1111111111111111,0.037037037037037035,0.0,0.5555555555555556,0.14545454545454545,0
571970,FS,Splitter,Offspeed,104,0.5272727272727272,0.4727272727272728,0.21428571428571427,0.14625000000000002,75.56666666666666,0.36538461538461536,28,0.14285714285714285,0.14285714285714285,0.07142857142857142,0.0,0.39285714285714285,0.27884615384615385,0
571970,KC,Knuckle-Curve,Breaking,45,0.38461538461538464,0.6153846153846154,0.0,0.153476,72.82857142857144,0.37777777777777777,5,0.0,0.2,0.0,0.2,0.6,0.1111111111111111,0
572233,FF,4-Seam FB,Fastball,790,0.27884615384615385,0.7211538461538461,0.33544303797468356,0.2945821739130435,82.42763636363635,0.46582278481012657,186,0.16455696202531644,0.2849462365591398,0.1708860759493671,0.11827956989247312,0.3118279569892473,0.1468354430379747,7
572233,SI,Sinker,Fastball,416,0.12946428571428573,0.8705357142857143,0.44,0.3629699562043796,85.05418994413408,0.5576923076923077,139,0.272,0.3381294964028777,0.16799999999999998,0.07913669064748201,0.07194244604316546,0.06971153846153846,4
572233,SL,Slider,Breaking,356,0.3891891891891892,0.6108108108108108,0.65,0.309181568627451,83.16168224299065,0.3960674157303371,104,0.3,0.3269230769230769,0.35000000000000003,0.038461538461538464,0.2692307692307692,0.20224719101123595,10
572233,ST,Sweeper,Breaking,235,0.4,0.6,0.34,0.2113355294117647,81.15,0.3829787234042553,53,0.2,0.24528301886792453,0.14,0.03773584905660377,0.37735849056603776,0.18723404255319148,1
572233,FC,Cutter,Fastball,224,0.23636363636363636,0.7636363636363637,0.2826086956521739,0.29076583333333333,83.36296296296297,0.49107142857142855,49,0.17391304347826086,0.20408163265306123,0.10869565217391303,0.04081632653061224,0.10204081632653061,0.11607142857142858,1
572233,CH,Changeup,Offspeed,200,0.3917525773195876,0.6082474226804124,0.4,0.27978166666666665,81.85,0.385,49,0.2222222222222222,0.2857142857142857,0.1777777777777778,0.08163265306122448,0.2857142857142857,0.19,2
572233,CU,Curveball,Breaking,193,0.35802469135802467,0.6419753086419753,0.21875,0.2546389090909091,86.17,0.42487046632124353,35,0.125,0.2,0.09375,0.02857142857142857,0.3142857142857143,0.15025906735751296,1
572233,FS,Splitter,Offspeed,56,0.2692307692307692,0.7307692307692308,0.7142857142857143,0.423692,93.54736842105264,0.5,15,0.2857142857142857,0.3333333333333333,0.4285714285714286,0.06666666666666667,0.13333333333333333,0.125,2
572233,KC,Knuckle-Curve,Breaking,47,0.30434782608695654,0.6956521739130435,0.6666666666666666,0.19366666666666665,76.86,0.3191489361702128,9,0.3333333333333333,0.3333333333333333,0.3333333333333333,0.0,0.3333333333333333,0.14893617021276595,1
573262,FF,4-Seam FB,Fastball,658,0.2277580071174377,0.7722419928825623,0.4444444444444444,0.31565724822695035,84.8829268292683,0.5045592705167173,143,0.23809523809523808,0.32167832167832167,0.20634920634920634,0.1048951048951049,0.2517482517482518,0.0972644376899696,6
573262,SI,Sinker,Fastball,246,0.14606741573033707,0.8539325842696629,0.4782608695652174,0.35021403636363635,85.12222222222222,0.5772357723577236,56,0.2826086956521739,0.4107142857142857,0.19565217391304351,0.16071428571428573,0.17857142857142858,0.052845528455284556,2
573262,SL,Slider,Breaking,184,0.3424657534246575,0.6575342465753424,0.3488372093023256,0.2387421739130435,87.52826086956522,0.5,46,0.16279069767441862,0.21739130434782608,0.18604651162790697,0.06521739130434782,0.34782608695652173,0.1358695652173913,1
573262,CH,Changeup,Offspeed,177,0.2,0.8,0.3617021276595745,0.32177217391304347,84.13636363636364,0.3672316384180791,51,0.2127659574468085,0.27450980392156865,0.14893617021276598,0.0784313725490196,0.1568627450980392,0.096045197740113,2
573262,FC,Cutter,Fastball,155,0.3114754098360656,0.6885245901639344,0.3,0.3457683333333333,87.57499999999999,0.6,37,0.2,0.35135135135135137,0.09999999999999998,0.1891891891891892,0.2972972972972973,0.12258064516129032,1
573262,ST,Sweeper,Breaking,127,0.22413793103448276,0.7758620689655172,0.2222222222222222,0.1694537142857143,75.575,0.4330708661417323,29,0.18518518518518517,0.2413793103448276,0.037037037037037035,0.0,0.3448275862068966,0.10236220472440945,0
573262,CU,Curveball,Breaking,101,0.21052631578947367,0.7894736842105263,0.7272727272727273,0.4315748148148148,84.81481481481481,0.38613861386138615,27,0.3181818181818182,0.4074074074074074,0.4090909090909091,0.14814814814814814,0.14814814814814814,0.07920792079207921,2
573262,FS,Splitter,Offspeed,58,0.25,0.75,0.125,0.20586666666666667,83.38095238095238,0.39655172413793105,16,0.125,0.125,0.0,0.0,0.1875,0.13793103448275862,0
573262,KC,Knuckle-Curve,Breaking,37,0.25,0.75,0.4,0.20860000000000004,79.22500000000001,0.4864864864864865,5,0.4,0.4,0.0,0.0,0.4,0.13513513513513514,0
575929,FF,4-Seam FB,Fastball,675,0.27899686520376177,0.7210031347962382,0.3953488372093023,0.3739121707317073,81.94571428571427,0.49925925925925924,169,0.2558139534883721,0.4260355029585799,0.1395348837209302,0.1834319526627219,0.21893491124260356,0.13185185185185186,4
575929,SI,Sinker,Fastball,359,0.10880829015544041,0.8911917098445596,0.7204301075268817,0.48730322123893804,82.79263803680982,0.5933147632311978,114,0.3655913978494624,0.47368421052631576,0.3548387096774194,0.07017543859649122,0.07894736842105263,0.0584958217270195,9
575929,SL,Slider,Breaking,310,0.4567901234567901,0.5432098765432098,0.453125,0.3450193939393939,81.59487179487179,0.3258064516129032,72,0.25,0.323943661971831,0.203125,0.09722222222222222,0.3611111111111111,0.23870967741935484,3
575929,CH,Changeup,Offspeed,249,0.3787878787878788,0.6212121212121212,0.7213114754098361,0.3837655483870968,86.95142857142858,0.36947791164658633,65,0.36065573770491804,0.4,0.36065573770491804,0.03076923076923077,0.3384615384615385,0.20080321285140562,5
575929,ST,Sweeper,Breaking,157,0.3698630136986301,0.6301369863013699,0.27906976744186046,0.22094845454545453,80.56444444444443,0.34394904458598724,46,0.13953488372093023,0.17777777777777778,0.13953488372093023,0.021739130434782608,0.32608695652173914,0.17197452229299362,2
575929,FC,Cutter,Fastball,139,0.33962264150943394,0.6603773584905661,0.3181818181818182,0.29995822222222224,84.46363636363637,0.4028776978417266,28,0.18181818181818182,0.32142857142857145,0.13636363636363635,0.14285714285714285,0.25,0.12949640287769784,0
575929,CU,Curveball,Breaking,124,0.28888888888888886,0.7111111111111111,0.25,0.2875104,86.92592592592592,0.33064516129032256,26,0.125,0.19230769230769232,0.125,0.07692307692307693,0.4230769230769231,0.10483870967741936,1
575929,FS,Splitter,Offspeed,63,0.45714285714285713,0.5428571428571429,0.35714285714285715,0.1822975,86.71428571428571,0.36507936507936506,16,0.14285714285714285,0.25,0.2142857142857143,0.125,0.5,0.25396825396825395,1
575929,KC,Knuckle-Curve,Breaking,43,0.3888888888888889,0.6111111111111112,1.1111111111111112,0.6480380000000001,82.74545454545454,0.2558139534883721,10,0.5555555555555556,0.6,0.5555555555555556,0.1,0.2,0.16279069767441862,1
592206,FF,4-Seam FB,Fastball,116,0.18571428571428572,0.8142857142857143,0.19444444444444445,0.26161757575757577,83.12909090909092,0.5086206896551724,37,0.16666666666666666,0.1891891891891892,0.02777777777777779,0.02702702702702703,0.24324324324324326,0.11206896551724138,0
592206,SI,Sinker,Fastball,101,0.25806451612903225,0.7419354838709677,0.4166666666666667,0.37485913043478264,83.92894736842106,0.5445544554455446,27,0.25,0.2962962962962963,0.16666666666666669,0.07407407407407407,0.14814814814814814,0.15841584158415842,1
592206,SL,Slider,Breaking,87,0.4807692307692308,0.5192307692307692,0.5454545454545454,0.21295238095238092,83.41538461538461,0.45977011494252873,23,0.18181818181818182,0.17391304347826086,0.3636363636363636,0.0,0.43478260869565216,0.28735632183908044,2
592206,ST,Sweeper,Breaking,76,0.3170731707317073,0.6829268292682926,0.5,0.4539557142857143,78.1,0.39473684210526316,15,0.21428571428571427,0.26666666666666666,0.2857142857142857,0.06666666666666667,0.13333333333333333,0.17105263157894737,1
592206,CH,Changeup,Offspeed,51,0.2962962962962963,0.7037037037037037,0.08333333333333333,0.21500000000000002,81.35789473684211,0.35294117647058826,12,0.08333333333333333,0.08333333333333333,0.0,0.0,0.25,0.1568627450980392,0
592206,FC,Cutter,Fastball,35,0.4090909090909091,0.5909090909090908,0.7142857142857143,0.4495,84.05833333333334,0.42857142857142855,8,0.2857142857142857,0.375,0.4285714285714286,0.0,0.125,0.2571428571428571,1
592206,FS,Splitter,Offspeed,28,0.6666666666666666,0.33333333333333337,0.0,0.0906,68.0,0.25,5,0.0,0.0,0.0,0.0,0.4,0.2857142857142857,0
592450,FF,4-Seam FB,Fastball,321,0.2846715328467153,0.7153284671532847,0.4807692307692308,0.4181191111111111,85.78021978021978,0.5171339563862928,64,0.21153846153846154,0.359375,0.2692307692307693,0.15625,0.359375,0.12149532710280374,4
592450,SL,Slider,Breaking,210,0.35353535353535354,0.6464646464646464,0.3076923076923077,0.25270093023255813,83.09344262295083,0.4666666666666667,43,0.1794871794871795,0.23255813953488372,0.12820512820512822,0.06976744186046512,0.3488372093023256,0.16666666666666666,1
592450,SI,Sinker,Fastball,196,0.13043478260869565,0.8695652173913043,0.6944444444444444,0.52364,86.13818181818182,0.4387755102040816,49,0.3888888888888889,0.5319148936170213,0.3055555555555555,0.22448979591836735,0.14285714285714285,0.04591836734693878,3
592450,CH,Changeup,Offspeed,175,0.38666666666666666,0.6133333333333333,0.34285714285714286,0.3199665,82.79302325581396,0.3314285714285714,42,0.14285714285714285,0.2857142857142857,0.2,0.16666666666666666,0.2857142857142857,0.1657142857142857,2
592450,FC,Cutter,Fastball,116,0.4107142857142857,0.5892857142857143,0.625,0.30510615384615386,83.50645161290322,0.49137931034482757,26,0.3333333333333333,0.38461538461538464,0.2916666666666667,0.07692307692307693,0.34615384615384615,0.19827586206896552,2
592450,ST,Sweeper,Breaking,104,0.28205128205128205,0.717948717948718,0.4,0.38950074074074076,92.11538461538461,0.4230769230769231,29,0.2,0.3103448275862069,0.2,0.13793103448275862,0.20689655172413793,0.10576923076923077,1
592450,CU,Curveball,Breaking,75,0.48484848484848486,0.5151515151515151,0.5882352941176471,0.39276444444444447,90.23571428571428,0.37333333333333335,19,0.23529411764705882,0.3157894736842105,0.35294117647058826,0.10526315789473684,0.5263157894736842,0.21333333333333335,2
592450,FS,Splitter,Offspeed,46,0.6153846153846154,0.3846153846153846,0.8333333333333334,0.4929166666666666,94.85,0.5,12,0.3333333333333333,0.3333333333333333,0.5,0.0,0.5,0.34782608695652173,2
592518,FF,4-Seam FB,Fastball,778,0.25066666666666665,0.7493333333333334,0.5988023952095808,0.39566148936170215,86.96563706563705,0.532133676092545,194,0.2874251497005988,0.3626943005181347,0.311377245508982,0.1134020618556701,0.25773195876288657,0.12082262210796915,14
592518,SI,Sinker,Fastball,525,0.1510204081632653,0.8489795918367347,0.35833333333333334,0.3769422556390978,85.99086021505376,0.5333333333333333,136,0.24166666666666667,0.31851851851851853,0.11666666666666667,0.10294117647058823,0.09558823529411764,0.07047619047619047,4
592518,SL,Slider,Breaking,360,0.29714285714285715,0.7028571428571428,0.3717948717948718,0.25894894117647055,78.69739130434783,0.4666666666666667,87,0.1794871794871795,0.2413793103448276,0.19230769230769232,0.08045977011494253,0.1839080459770115,0.14444444444444443,4
592518,ST,Sweeper,Breaking,323,0.34782608695652173,0.6521739130434783,0.23943661971830985,0.22033051851851854,78.307,0.38390092879256965,81,0.1267605633802817,0.2345679012345679,0.11267605633802816,0.1111111111111111,0.30864197530864196,0.17337461300309598,2
592518,CH,Changeup,Offspeed,261,0.2898550724637681,0.7101449275362319,0.22857142857142856,0.255852,81.56222222222223,0.3793103448275862,78,0.12857142857142856,0.19230769230769232,0.1,0.07692307692307693,0.2564102564102564,0.1532567049808429,2
592518,FC,Cutter,Fastball,216,0.1368421052631579,0.8631578947368421,0.5365853658536586,0.4164225000000001,83.64805194805194,0.5185185185185185,48,0.2682926829268293,0.3541666666666667,0.2682926829268293,0.125,0.08333333333333333,0.06018518518518518,3
592518,CU,Curveball,Breaking,129,0.2857142857142857,0.7142857142857143,0.2916666666666667,0.29527935483870965,79.03783783783784,0.37209302325581395,31,0.125,0.3225806451612903,0.16666666666666669,0.22580645161290322,0.1935483870967742,0.12403100775193798,1
592518,FS,Splitter,Offspeed,56,0.375,0.625,0.09090909090909091,0.24793857142857142,74.67692307692307,0.21428571428571427,14,0.09090909090909091,0.2857142857142857,0.0,0.21428571428571427,0.35714285714285715,0.16071428571428573,0
592518,KC,Knuckle-Curve,Breaking,40,0.36363636363636365,0.6363636363636364,0.16666666666666666,0.21150000000000002,91.10000000000001,0.375,12,0.16666666666666666,0.16666666666666666,0.0,0.0,0.4166666666666667,0.2,0
592626,FF,4-Seam FB,Fastball,581,0.29259259259259257,0.7074074074074075,0.5,0.3679270977443609,87.17386363636363,0.48709122203098104,140,0.2288135593220339,0.35,0.2711864406779661,0.14285714285714285,0.2714285714285714,0.1359724612736661,9
592626,CH,Changeup,Offspeed,274,0.30597014925373134,0.6940298507462687,0.2876712328767123,0.2579485333333333,84.29,0.4343065693430657,76,0.1780821917808219,0.21052631578947367,0.1095890410958904,0.039473684210526314,0.2236842105263158,0.14963503649635038,2
592626,SL,Slider,Breaking,195,0.4318181818181818,0.5681818181818181,0.4444444444444444,0.29952978723404255,86.79574468085106,0.49743589743589745,50,0.24444444444444444,0.32,0.19999999999999998,0.1,0.4,0.19487179487179487,3
592626,SI,Sinker,Fastball,186,0.24691358024691357,0.7530864197530864,0.5952380952380952,0.38042448,88.79464285714286,0.5752688172043011,52,0.2857142857142857,0.35294117647058826,0.30952380952380953,0.07692307692307693,0.21153846153846154,0.10752688172043011,2
592626,FC,Cutter,Fastball,162,0.3023255813953488,0.6976744186046512,0.9032258064516129,0.4923020000000001,83.98909090909092,0.5925925925925926,36,0.3870967741935484,0.4722222222222222,0.5161290322580645,0.1111111111111111,0.1388888888888889,0.16049382716049382,5
592626,CU,Curveball,Breaking,141,0.25757575757575757,0.7424242424242424,0.3235294117647059,0.2590223529411765,83.76888888888888,0.475177304964539,37,0.14705882352941177,0.21621621621621623,0.17647058823529413,0.05405405405405406,0.1891891891891892,0.12056737588652482,2
592626,ST,Sweeper,Breaking,121,0.42857142857142855,0.5714285714285714,0.8823529411764706,0.4602681818181818,86.03913043478262,0.4297520661157025,23,0.35294117647058826,0.5,0.5294117647058822,0.21739130434782608,0.2608695652173913,0.1487603305785124,3
592626,FS,Splitter,Offspeed,65,0.25806451612903225,0.7419354838709677,0.38461538461538464,0.35557125,79.44999999999999,0.26153846153846155,16,0.3076923076923077,0.4375,0.07692307692307693,0.1875,0.125,0.12307692307692308,0
592626,KC,Knuckle-Curve,Breaking,55,0.24242424242424243,0.7575757575757576,0.36363636363636365,0.254365,83.78,0.5272727272727272,12,0.09090909090909091,0.16666666666666666,0.2727272727272727,0.08333333333333333,0.25,0.14545454545454545,1
592663,FF,4-Seam FB,Fastball,570,0.19407894736842105,0.805921052631579,0.3381294964028777,0.3257756153846154,84.73829787234042,0.5035087719298246,158,0.20863309352517986,0.28662420382165604,0.12949640287769784,0.08227848101265822,0.189873417721519,0.10350877192982456,4
592663,SI,Sinker,Fastball,355,0.13793103448275862,0.8620689655172413,0.30337078651685395,0.3689233263157894,86.05538461538463,0.5492957746478874,102,0.21348314606741572,0.29411764705882354,0.08988764044943823,0.0784313725490196,0.11764705882352941,0.0676056338028169,2
592663,SL,Slider,Breaking,277,0.3055555555555556,0.6944444444444444,0.5740740740740741,0.3334157241379311,84.5529411764706,0.44404332129963897,58,0.25925925925925924,0.29310344827586204,0.3148148148148148,0.034482758620689655,0.29310344827586204,0.11913357400722022,4
592663,ST,Sweeper,Breaking,171,0.2641509433962264,0.7358490566037736,0.2413793103448276,0.2234116129032258,80.78888888888889,0.4678362573099415,31,0.1724137931034483,0.22580645161290322,0.06896551724137931,0.06451612903225806,0.25806451612903225,0.08187134502923976,0
592663,CH,Changeup,Offspeed,170,0.32954545454545453,0.6704545454545454,0.21052631578947367,0.3028721052631579,82.21836734693878,0.43529411764705883,42,0.18421052631578946,0.2619047619047619,0.02631578947368421,0.09523809523809523,0.3333333333333333,0.17058823529411765,0
592663,FC,Cutter,Fastball,146,0.3181818181818182,0.6818181818181819,0.3055555555555556,0.2947202857142857,84.03953488372093,0.5,44,0.19444444444444445,0.3181818181818182,0.11111111111111113,0.11363636363636363,0.18181818181818182,0.14383561643835616,1
592663,CU,Curveball,Breaking,93,0.358974358974359,0.641025641025641,0.23809523809523808,0.20882327272727272,77.24347826086957,0.44086021505376344,24,0.19047619047619047,0.2916666666666667,0.047619047619047616,0.08333333333333333,0.3333333333333333,0.15053763440860216,0
592663,FS,Splitter,Offspeed,57,0.3333333333333333,0.6666666666666667,0.2727272727272727,0.2312793333333333,80.38888888888889,0.2982456140350877,12,0.18181818181818182,0.25,0.09090909090909088,0.0,0.3333333333333333,0.19298245614035087,0
592663,KC,Knuckle-Curve,Breaking,26,0.5,0.5,0.0,0.45519,78.85,0.46153846153846156,2,0.0,0.5,0.0,0.5,0.0,0.07692307692307693,0
592885,FF,4-Seam FB,Fastball,639,0.2408026755852843,0.7591973244147157,0.3865546218487395,0.33252220472440946,82.57710280373831,0.5571205007824727,134,0.24369747899159663,0.3233082706766917,0.14285714285714288,0.1044776119402985,0.23880597014925373,0.11267605633802817,3
592885,SI,Sinker,Fastball,399,0.15757575757575756,0.8424242424242424,0.27848101265822783,0.3474317802197802,83.03821138211381,0.5538847117794486,95,0.24050632911392406,0.35106382978723405,0.03797468354430378,0.1368421052631579,0.16842105263157894,0.06516290726817042,0
592885,SL,Slider,Breaking,326,0.47619047619047616,0.5238095238095238,0.24324324324324326,0.207434,80.5164383561644,0.3987730061349693,82,0.12162162162162163,0.2073170731707317,0.12162162162162163,0.07317073170731707,0.4634146341463415,0.2147239263803681,2
592885,FC,Cutter,Fastball,252,0.29770992366412213,0.7022900763358779,0.4918032786885246,0.3641730158730159,80.37325581395349,0.5317460317460317,66,0.3114754098360656,0.36363636363636365,0.180327868852459,0.07575757575757576,0.19696969696969696,0.15476190476190477,2
592885,CH,Changeup,Offspeed,147,0.2153846153846154,0.7846153846153846,0.5714285714285714,0.2768721052631579,81.06041666666667,0.3741496598639456,42,0.3142857142857143,0.36585365853658536,0.2571428571428571,0.09523809523809523,0.19047619047619047,0.09523809523809523,2
592885,ST,Sweeper,Breaking,146,0.358974358974359,0.641025641025641,0.36585365853658536,0.3120025454545454,79.21458333333334,0.4520547945205479,44,0.1951219512195122,0.25,0.17073170731707316,0.045454545454545456,0.3181818181818182,0.1917808219178082,1
592885,CU,Curveball,Breaking,120,0.4,0.6,0.30434782608695654,0.23743250000000002,81.63333333333334,0.35833333333333334,24,0.17391304347826086,0.20833333333333334,0.13043478260869568,0.041666666666666664,0.4166666666666667,0.15,1
592885,FS,Splitter,Offspeed,71,0.4827586206896552,0.5172413793103448,0.6666666666666666,0.37483625000000004,84.39285714285714,0.29577464788732394,16,0.2,0.25,0.4666666666666666,0.0625,0.375,0.19718309859154928,2
593428,SI,Sinker,Fastball,639,0.1323529411764706,0.8676470588235294,0.3150684931506849,0.3229135384615384,85.47877358490567,0.5524256651017214,173,0.2328767123287671,0.3430232558139535,0.0821917808219178,0.12138728323699421,0.10982658959537572,0.056338028169014086,3
593428,FF,4-Seam FB,Fastball,544,0.15079365079365079,0.8492063492063492,0.48905109489051096,0.3985144516129032,87.40242718446602,0.5625,162,0.291970802919708,0.391304347826087,0.19708029197080296,0.1419753086419753,0.12962962962962962,0.06985294117647059,6
593428,SL,Slider,Breaking,355,0.3448275862068966,0.6551724137931034,0.18867924528301888,0.2840190322580645,79.11363636363636,0.4084507042253521,65,0.16981132075471697,0.3076923076923077,0.01886792452830191,0.16923076923076924,0.27692307692307694,0.11267605633802817,0
593428,ST,Sweeper,Breaking,238,0.25,0.75,0.4727272727272727,0.3607303225806452,81.25479452054793,0.4411764705882353,64,0.2545454545454545,0.328125,0.2181818181818182,0.109375,0.15625,0.10504201680672269,3
593428,CH,Changeup,Offspeed,223,0.37735849056603776,0.6226415094339622,0.24444444444444444,0.21989874999999995,79.25737704918033,0.35874439461883406,48,0.15555555555555556,0.20833333333333334,0.08888888888888888,0.0625,0.3125,0.17937219730941703,1
593428,FC,Cutter,Fastball,157,0.19298245614035087,0.8070175438596492,0.43902439024390244,0.3848186956521739,87.03777777777778,0.5222929936305732,48,0.2926829268292683,0.3958333333333333,0.14634146341463417,0.14583333333333334,0.125,0.07006369426751592,1
593428,CU,Curveball,Breaking,153,0.3559322033898305,0.6440677966101696,0.16129032258064516,0.1789018181818182,83.715625,0.46405228758169936,33,0.16129032258064516,0.21212121212121213,0.0,0.06060606060606061,0.42424242424242425,0.13725490196078433,0
593428,FS,Splitter,Offspeed,59,0.5,0.5,0.15384615384615385,0.15424142857142858,82.4,0.4067796610169492,14,0.07692307692307693,0.14285714285714285,0.07692307692307693,0.07142857142857142,0.5,0.22033898305084745,0
593428,KC,Knuckle-Curve,Breaking,44,0.38095238095238093,0.6190476190476191,0.2,0.25848909090909095,79.82307692307693,0.38636363636363635,11,0.2,0.2727272727272727,0.0,0.09090909090909091,0.18181818181818182,0.18181818181818182,0
593871,FF,4-Seam FB,Fastball,206,0.16326530612244897,0.8367346938775511,0.1590909090909091,0.2609888372093023,82.78734177215189,0.49514563106796117,50,0.13636363636363635,0.22448979591836735,0.022727272727272735,0.1,0.16,0.07766990291262135,0
593871,CH,Changeup,Offspeed,109,0.30357142857142855,0.6964285714285714,0.15625,0.17301310344827586,76.53999999999999,0.3944954128440367,33,0.15625,0.18181818181818182,0.0,0.030303030303030304,0.36363636363636365,0.1559633027522936,0
593871,SI,Sinker,Fastball,81,0.125,0.875,0.12,0.2313256,84.47352941176472,0.5308641975308642,29,0.08,0.1724137931034483,0.039999999999999994,0.10344827586206896,0.034482758620689655,0.06172839506172839,0
593871,SL,Slider,Breaking,65,0.2857142857142857,0.7142857142857143,0.5,0.4084890909090909,82.9,0.4461538461538462,14,0.3333333333333333,0.42857142857142855,0.16666666666666669,0.14285714285714285,0.14285714285714285,0.12307692307692308,0
593871,CU,Curveball,Breaking,48,0.5,0.5,0.125,0.01942857142857143,73.98333333333333,0.3333333333333333,8,0.125,0.125,0.0,0.0,0.5,0.125,0
593871,FC,Cutter,Fastball,43,0.1111111111111111,0.8888888888888888,0.16666666666666666,0.21966666666666668,82.76153846153846,0.7209302325581395,6,0.16666666666666666,0.16666666666666666,0.0,0.0,0.3333333333333333,0.046511627906976744,0
593871,ST,Sweeper,Breaking,37,0.3076923076923077,0.6923076923076923,1.0,0.3879,81.03333333333335,0.4594594594594595,10,0.4,0.4,0.6,0.0,0.3,0.10810810810810811,2
593871,FS,Splitter,Offspeed,36,0.4117647058823529,0.5882352941176471,0.2,0.17200000000000001,82.14000000000001,0.3611111111111111,10,0.1,0.1,0.1,0.0,0.4,0.19444444444444445,0
595879,FF,4-Seam FB,Fastball,166,0.27058823529411763,0.7294117647058824,0.6451612903225806,0.387140375,81.99333333333334,0.45180722891566266,35,0.45161290322580644,0.5142857142857142,0.1935483870967742,0.08571428571428572,0.22857142857142856,0.13855421686746988,1
595879,ST,Sweeper,Breaking,124,0.425,0.575,0.2571428571428571,0.20230303030303032,76.50454545454545,0.3387096774193548,36,0.17142857142857143,0.19444444444444445,0.08571428571428569,0.027777777777777776,0.2777777777777778,0.27419354838709675,1
595879,SI,Sinker,Fastball,117,0.18181818181818182,0.8181818181818181,0.25,0.22847933333333334,82.25882352941176,0.5470085470085471,34,0.1875,0.20588235294117646,0.0625,0.029411764705882353,0.23529411764705882,0.06837606837606838,0
595879,SL,Slider,Breaking,109,0.3142857142857143,0.6857142857142857,0.2926829268292683,0.24178799999999998,80.80217391304348,0.43119266055045874,43,0.1951219512195122,0.23255813953488372,0.09756097560975607,0.023255813953488372,0.2558139534883721,0.2018348623853211,0
595879,CH,Changeup,Offspeed,89,0.3275862068965517,0.6724137931034483,0.4642857142857143,0.2915325925925925,80.0972972972973,0.4157303370786517,29,0.25,0.27586206896551724,0.2142857142857143,0.034482758620689655,0.10344827586206896,0.21348314606741572,1
595879,FC,Cutter,Fastball,51,0.16,0.84,0.5,0.2592857142857143,80.23333333333332,0.4117647058823529,16,0.3125,0.3125,0.1875,0.0,0.0625,0.0784313725490196,0
595879,CU,Curveball,Breaking,50,0.4074074074074074,0.5925925925925926,0.08333333333333333,0.2089090909090909,81.73846153846154,0.38,12,0.08333333333333333,0.08333333333333333,0.0,0.0,0.25,0.22,0
595978,FF,4-Seam FB,Fastball,318,0.1875,0.8125,0.36,0.29507243373493974,82.9544642857143,0.5314465408805031,88,0.28,0.36046511627906974,0.07999999999999996,0.10227272727272728,0.13636363636363635,0.08490566037735849,1
595978,SI,Sinker,Fastball,175,0.07042253521126761,0.9295774647887324,0.40476190476190477,0.32532415094339623,79.17833333333333,0.5371428571428571,53,0.23809523809523808,0.39622641509433965,0.16666666666666669,0.20754716981132076,0.11320754716981132,0.02857142857142857,2
595978,SL,Slider,Breaking,144,0.3333333333333333,0.6666666666666667,0.40625,0.2619624242424242,80.63947368421053,0.4375,34,0.21875,0.2647058823529412,0.1875,0.058823529411764705,0.23529411764705882,0.1388888888888889,1
595978,FC,Cutter,Fastball,102,0.2916666666666667,0.7083333333333333,0.6111111111111112,0.3058161904761905,76.40967741935485,0.49019607843137253,23,0.3888888888888889,0.5,0.22222222222222227,0.17391304347826086,0.21739130434782608,0.13725490196078433,1
595978,ST,Sweeper,Breaking,82,0.4,0.6,0.10526315789473684,0.12530000000000002,69.76190476190476,0.35365853658536583,21,0.10526315789473684,0.1,0.0,0.0,0.23809523809523808,0.1951219512195122,0
595978,CH,Changeup,Offspeed,69,0.3783783783783784,0.6216216216216216,0.3333333333333333,0.27666666666666667,78.16818181818181,0.4057971014492754,19,0.2777777777777778,0.2777777777777778,0.055555555555555525,0.0,0.2631578947368421,0.2028985507246377,0
595978,CU,Curveball,Breaking,46,0.375,0.625,0.4444444444444444,0.24548666666666671,86.55555555555556,0.43478260869565216,10,0.1111111111111111,0.2,0.3333333333333333,0.1,0.4,0.13043478260869565,1
596019,FF,4-Seam FB,Fastball,695,0.20496894409937888,0.7950310559006211,0.3881578947368421,0.3428754011976048,87.58702928870294,0.4920863309352518,171,0.19078947368421054,0.2807017543859649,0.19736842105263155,0.10526315789473684,0.16374269005847952,0.09496402877697842,8
596019,CH,Changeup,Offspeed,284,0.25170068027210885,0.7482993197278911,0.391304347826087,0.28995090909090915,82.22621359223301,0.36619718309859156,71,0.21739130434782608,0.23943661971830985,0.1739130434782609,0.028169014084507043,0.15492957746478872,0.13028169014084506,3
596019,SI,Sinker,Fastball,252,0.15841584158415842,0.8415841584158416,0.48214285714285715,0.40691999999999995,86.91375,0.5357142857142857,64,0.21428571428571427,0.3125,0.2678571428571429,0.125,0.125,0.06349206349206349,4
596019,SL,Slider,Breaking,204,0.33636363636363636,0.6636363636363636,0.375,0.3287257254901961,84.96666666666665,0.4362745098039216,57,0.2916666666666667,0.40350877192982454,0.08333333333333331,0.14035087719298245,0.2982456140350877,0.18137254901960784,1
596019,FC,Cutter,Fastball,186,0.28125,0.71875,0.4166666666666667,0.375138511627907,85.60983606557377,0.5376344086021505,44,0.2777777777777778,0.4090909090909091,0.1388888888888889,0.11363636363636363,0.20454545454545456,0.14516129032258066,1
596019,CU,Curveball,Breaking,176,0.3220338983050847,0.6779661016949152,0.68,0.21444,79.11562500000001,0.3181818181818182,25,0.28,0.28,0.4,0.0,0.4,0.10795454545454546,3
596019,ST,Sweeper,Breaking,110,0.3333333333333333,0.6666666666666667,0.0,0.1480506666666667,79.40357142857144,0.4727272727272727,17,0.0,0.11764705882352941,0.0,0.11764705882352941,0.4117647058823529,0.15454545454545454,0
596019,FS,Splitter,Offspeed,90,0.3409090909090909,0.6590909090909092,0.30434782608695654,0.2221904,82.52916666666667,0.3,25,0.21739130434782608,0.28,0.08695652173913046,0.08,0.32,0.16666666666666666,0
596019,KC,Knuckle-Curve,Breaking,35,0.14285714285714285,0.8571428571428572,0.42857142857142855,0.38185714285714284,82.84545454545456,0.4857142857142857,7,0.2857142857142857,0.2857142857142857,0.14285714285714285,0.0,0.0,0.05714285714285714,0
596103,FF,4-Seam FB,Fastball,124,0.1875,0.8125,0.3,0.2687222857142857,83.81399999999998,0.5806451612903226,38,0.23333333333333334,0.3684210526315789,0.06666666666666665,0.18421052631578946,0.21052631578947367,0.0967741935483871,0
596103,CH,Changeup,Offspeed,62,0.5555555555555556,0.4444444444444444,0.14285714285714285,0.211,69.24545454545455,0.3225806451612903,14,0.14285714285714285,0.14285714285714285,0.0,0.0,0.5714285714285714,0.24193548387096775,0
596103,SI,Sinker,Fastball,47,0.21428571428571427,0.7857142857142857,0.25,0.2379311111111111,82.08235294117647,0.5106382978723404,9,0.25,0.3333333333333333,0.0,0.1111111111111111,0.2222222222222222,0.1276595744680851,0
596115,FF,4-Seam FB,Fastball,333,0.3076923076923077,0.6923076923076923,0.4,0.2256393043478261,82.56610169491525,0.5015015015015015,73,0.24285714285714285,0.273972602739726,0.15714285714285717,0.0273972602739726,0.4383561643835616,0.16816816816816818,1
596115,SI,Sinker,Fastball,177,0.1724137931034483,0.8275862068965517,0.5128205128205128,0.3949975609756097,83.859375,0.5932203389830508,45,0.3333333333333333,0.4,0.17948717948717946,0.1111111111111111,0.15555555555555556,0.0847457627118644,2
596115,SL,Slider,Breaking,128,0.3717948717948718,0.6282051282051282,0.3953488372093023,0.21387523809523812,80.0212765957447,0.4296875,46,0.27906976744186046,0.32608695652173914,0.11627906976744184,0.06521739130434782,0.2826086956521739,0.2265625,0
596115,ST,Sweeper,Breaking,117,0.3787878787878788,0.6212121212121212,0.2926829268292683,0.15392500000000003,77.35526315789473,0.4188034188034188,41,0.21951219512195122,0.21951219512195122,0.07317073170731705,0.0,0.3170731707317073,0.21367521367521367,0
596115,CH,Changeup,Offspeed,91,0.4117647058823529,0.5882352941176471,0.2857142857142857,0.18457894736842106,80.4,0.32967032967032966,21,0.23809523809523808,0.23809523809523808,0.047619047619047616,0.0,0.38095238095238093,0.23076923076923078,0
596115,FC,Cutter,Fastball,81,0.2727272727272727,0.7272727272727273,0.15789473684210525,0.244,82.31666666666666,0.48148148148148145,20,0.15789473684210525,0.15,0.0,0.0,0.15,0.14814814814814814,0
596115,CU,Curveball,Breaking,67,0.3333333333333333,0.6666666666666667,0.55,0.33049368421052633,77.19999999999999,0.31343283582089554,21,0.25,0.2857142857142857,0.30000000000000004,0.047619047619047616,0.42857142857142855,0.19402985074626866,2
596117,FF,4-Seam FB,Fastball,101,0.12727272727272726,0.8727272727272728,0.0,0.21298589473684212,78.49069767441861,0.504950495049505,27,0.0,0.18518518518518517,0.0,0.1111111111111111,0.1111111111111111,0.06930693069306931,0
596117,SI,Sinker,Fastball,58,0.0,1.0,0.11764705882352941,0.24308624999999998,85.89090909090909,0.5862068965517241,19,0.11764705882352941,0.15789473684210525,0.0,0.05263157894736842,0.10526315789473684,0.0,0
596117,CU,Curveball,Breaking,27,0.6153846153846154,0.3846153846153846,0.0,0.10419314285714286,71.17999999999999,0.2222222222222222,9,0.0,0.2222222222222222,0.0,0.0,0.7777777777777778,0.2962962962962963,0
596117,SL,Slider,Breaking,26,0.3076923076923077,0.6923076923076923,0.42857142857142855,0.36619714285714294,80.42857142857143,0.3076923076923077,8,0.42857142857142855,0.5,0.0,0.125,0.125,0.15384615384615385,0
596142,FF,4-Seam FB,Fastball,299,0.23809523809523808,0.7619047619047619,0.6101694915254238,0.43833147368421055,82.4948051948052,0.5016722408026756,79,0.288135593220339,0.46835443037974683,0.3220338983050848,0.24050632911392406,0.189873417721519,0.08361204013377926,5
596142,SL,Slider,Breaking,203,0.3717948717948718,0.6282051282051282,0.2,0.20333666666666664,82.84222222222222,0.458128078817734,43,0.15,0.20930232558139536,0.05000000000000002,0.06976744186046512,0.37209302325581395,0.14285714285714285,0
596142,SI,Sinker,Fastball,183,0.07246376811594203,0.927536231884058,0.4883720930232558,0.37623191836734693,82.60781250000001,0.5846994535519126,52,0.23255813953488372,0.36538461538461536,0.2558139534883721,0.1346153846153846,0.09615384615384616,0.0273224043715847,3
596142,CH,Changeup,Offspeed,159,0.49230769230769234,0.5076923076923077,0.2857142857142857,0.25279,84.37931034482759,0.31446540880503143,35,0.17857142857142858,0.3142857142857143,0.10714285714285712,0.17142857142857143,0.22857142857142856,0.20125786163522014,1
596142,FC,Cutter,Fastball,93,0.07142857142857142,0.9285714285714286,0.4090909090909091,0.29584560000000004,84.49583333333334,0.5806451612903226,25,0.18181818181818182,0.28,0.2272727272727273,0.12,0.12,0.021505376344086023,1
596142,ST,Sweeper,Breaking,90,0.19047619047619047,0.8095238095238095,0.38461538461538464,0.4244385714285714,82.22142857142856,0.4666666666666667,16,0.15384615384615385,0.3125,0.23076923076923078,0.1875,0.1875,0.044444444444444446,1
596142,CU,Curveball,Breaking,76,0.37037037037037035,0.6296296296296297,0.5714285714285714,0.32886,76.33749999999999,0.3815789473684211,16,0.2857142857142857,0.375,0.2857142857142857,0.125,0.3125,0.13157894736842105,1
596142,FS,Splitter,Offspeed,38,0.29411764705882354,0.7058823529411764,0.3,0.2246,78.72999999999999,0.4473684210526316,11,0.2,0.2,0.09999999999999998,0.0,0.18181818181818182,0.13157894736842105,0
596146,FF,4-Seam FB,Fastball,155,0.19718309859154928,0.8028169014084507,0.39285714285714285,0.388409696969697,84.17407407407407,0.5935483870967742,33,0.25,0.3333333333333333,0.14285714285714285,0.12121212121212122,0.21212121212121213,0.09032258064516129,1
596146,CH,Changeup,Offspeed,100,0.2711864406779661,0.728813559322034,0.23076923076923078,0.1872414285714286,77.5638888888889,0.32,28,0.11538461538461539,0.17857142857142858,0.11538461538461539,0.07142857142857142,0.21428571428571427,0.16,0
596146,SI,Sinker,Fastball,93,0.1875,0.8125,0.3333333333333333,0.30709519999999996,86.07631578947368,0.5483870967741935,25,0.2916666666666667,0.32,0.04166666666666663,0.04,0.12,0.0967741935483871,0
596146,SL,Slider,Breaking,55,0.2647058823529412,0.7352941176470589,0.2631578947368421,0.252969,85.26818181818182,0.38181818181818183,20,0.21052631578947367,0.25,0.05263157894736842,0.05,0.2,0.16363636363636364,0
596146,ST,Sweeper,Breaking,41,0.43478260869565216,0.5652173913043479,0.36363636363636365,0.17969833333333332,79.33076923076922,0.4146341463414634,12,0.09090909090909091,0.16666666666666666,0.2727272727272727,0.08333333333333333,0.3333333333333333,0.24390243902439024,1
596146,FC,Cutter,Fastball,33,0.17647058823529413,0.8235294117647058,0.36363636363636365,0.33381818181818185,85.38461538461539,0.48484848484848486,11,0.2727272727272727,0.2727272727272727,0.09090909090909094,0.0,0.18181818181818182,0.09090909090909091,0
596146,FS,Splitter,Offspeed,29,0.4375,0.5625,0.14285714285714285,0.1031725,80.58571428571429,0.27586206896551724,8,0.14285714285714285,0.25,0.0,0.125,0.375,0.2413793103448276,0
600869,FF,4-Seam FB,Fastball,61,0.35294117647058826,0.6470588235294117,0.09090909090909091,0.043000000000000003,77.9952380952381,0.5901639344262295,13,0.09090909090909091,0.23076923076923078,0.0,0.15384615384615385,0.38461538461538464,0.19672131147540983,0
600869,SL,Slider,Breaking,32,0.5,0.5,0.0,0.2794828571428572,90.65,0.53125,10,0.0,0.1,0.0,0.1,0.4,0.28125,0
602104,FF,4-Seam FB,Fastball,120,0.2033898305084746,0.7966101694915254,0.24,0.2808796923076923,87.47142857142856,0.525,31,0.08,0.25806451612903225,0.15999999999999998,0.16129032258064516,0.25806451612903225,0.1,1
602104,SI,Sinker,Fastball,86,0.1951219512195122,0.8048780487804879,0.3684210526315789,0.30017771428571427,83.81562500000001,0.5116279069767442,21,0.21052631578947367,0.2857142857142857,0.15789473684210525,0.047619047619047616,0.09523809523809523,0.09302325581395349,1
602104,SL,Slider,Breaking,55,0.3076923076923077,0.6923076923076923,0.5384615384615384,0.32688428571428574,82.18333333333334,0.4727272727272727,16,0.23076923076923078,0.3125,0.30769230769230765,0.125,0.125,0.14545454545454545,1
602104,ST,Sweeper,Breaking,45,0.2631578947368421,0.736842105263158,0.3076923076923077,0.2746945,83.46428571428571,0.35555555555555557,16,0.07692307692307693,0.25,0.23076923076923078,0.125,0.0625,0.1111111111111111,1
602104,CH,Changeup,Offspeed,40,0.375,0.625,0.18181818181818182,0.20254545454545453,82.37692307692308,0.5,11,0.18181818181818182,0.18181818181818182,0.0,0.0,0.36363636363636365,0.225,0
602104,FC,Cutter,Fastball,26,0.3,0.7,0.0,0.19107600000000002,83.15714285714286,0.5769230769230769,7,0.0,0.14285714285714285,0.0,0.14285714285714285,0.2857142857142857,0.11538461538461539,0
602104,CU,Curveball,Breaking,25,0.0,1.0,1.2,0.7367253333333332,69.47,0.52,6,0.4,0.5,0.7999999999999999,0.0,0.16666666666666666,0.0,1
605137,FF,4-Seam FB,Fastball,803,0.20843091334894615,0.7915690866510539,0.4648648648648649,0.36740417224880384,84.41304347826087,0.5155666251556662,213,0.2972972972972973,0.38497652582159625,0.16756756756756758,0.11737089201877934,0.15492957746478872,0.11083437110834371,7
605137,CH,Changeup,Offspeed,476,0.23076923076923078,0.7692307692307692,0.3113207547169811,0.29022636363636367,79.42469135802469,0.36134453781512604,113,0.22641509433962265,0.25663716814159293,0.08490566037735847,0.04424778761061947,0.23893805309734514,0.10714285714285714,1
605137,SI,Sinker,Fastball,313,0.11594202898550725,0.8840579710144928,0.42168674698795183,0.3337602298850575,86.42782608695653,0.5335463258785943,90,0.24096385542168675,0.2696629213483146,0.1807228915662651,0.044444444444444446,0.16666666666666666,0.051118210862619806,3
605137,CU,Curveball,Breaking,234,0.3655913978494624,0.6344086021505376,0.4146341463414634,0.3315965,81.50357142857142,0.3547008547008547,48,0.24390243902439024,0.3541666666666667,0.17073170731707316,0.125,0.2916666666666667,0.1452991452991453,2
605137,SL,Slider,Breaking,225,0.24,0.76,0.4489795918367347,0.36253305660377355,84.06931818181819,0.5022222222222222,56,0.1836734693877551,0.2727272727272727,0.26530612244897955,0.08928571428571429,0.16071428571428573,0.13333333333333333,4
605137,FC,Cutter,Fastball,187,0.15789473684210525,0.8421052631578947,0.4666666666666667,0.42016933333333334,83.17631578947368,0.49732620320855614,48,0.28888888888888886,0.3333333333333333,0.1777777777777778,0.041666666666666664,0.08333333333333333,0.08021390374331551,2
605137,ST,Sweeper,Breaking,144,0.3333333333333333,0.6666666666666667,0.34375,0.21315333333333336,80.39512195121951,0.5138888888888888,36,0.25,0.3333333333333333,0.09375,0.1111111111111111,0.3888888888888889,0.14583333333333334,0
605137,FS,Splitter,Offspeed,133,0.38333333333333336,0.6166666666666667,0.25925925925925924,0.2377992857142857,78.94571428571429,0.2706766917293233,28,0.1111111111111111,0.14285714285714285,0.14814814814814814,0.03571428571428571,0.2857142857142857,0.17293233082706766,1
605137,KC,Knuckle-Curve,Breaking,38,0.4117647058823529,0.5882352941176471,0.2222222222222222,0.314238,84.87777777777778,0.42105263157894735,10,0.2222222222222222,0.3,0.0,0.1,0.3,0.18421052631578946,0
605141,FF,4-Seam FB,Fastball,640,0.05511811023622047,0.9448818897637795,0.5562913907284768,0.3579258536585366,86.43417721518986,0.509375,171,0.2582781456953642,0.34502923976608185,0.29801324503311255,0.11695906432748537,0.05847953216374269,0.021875,12
605141,SI,Sinker,Fastball,358,0.045454545454545456,0.9545454545454546,0.40594059405940597,0.4144401071428571,88.0034965034965,0.5754189944134078,117,0.2871287128712871,0.38461538461538464,0.11881188118811886,0.1282051282051282,0.05128205128205128,0.019553072625698324,2
605141,SL,Slider,Breaking,293,0.2882882882882883,0.7117117117117118,0.36363636363636365,0.25790495774647887,82.41168831168831,0.46757679180887374,72,0.22727272727272727,0.2916666666666667,0.13636363636363638,0.06944444444444445,0.2222222222222222,0.10921501706484642,2
605141,CH,Changeup,Offspeed,197,0.19,0.81,0.2962962962962963,0.30983890909090905,83.09350649350651,0.4365482233502538,59,0.2222222222222222,0.288135593220339,0.07407407407407407,0.0847457627118644,0.15254237288135594,0.09644670050761421,1
605141,FC,Cutter,Fastball,191,0.11627906976744186,0.8837209302325582,0.5283018867924528,0.3071347169811321,83.14507042253521,0.5602094240837696,56,0.2830188679245283,0.32142857142857145,0.24528301886792453,0.05357142857142857,0.10714285714285714,0.05235602094240838,3
605141,ST,Sweeper,Breaking,166,0.171875,0.828125,0.5333333333333333,0.386721935483871,82.676,0.536144578313253,31,0.3,0.3225806451612903,0.23333333333333334,0.03225806451612903,0.06451612903225806,0.06626506024096386,2
605141,CU,Curveball,Breaking,113,0.08571428571428572,0.9142857142857143,0.17647058823529413,0.1815463157894737,79.01333333333334,0.46017699115044247,19,0.17647058823529413,0.21052631578947367,0.0,0.05263157894736842,0.15789473684210525,0.02654867256637168,0
605141,FS,Splitter,Offspeed,39,0.3157894736842105,0.6842105263157895,0.6,0.28759999999999997,78.23076923076923,0.28205128205128205,11,0.2,0.2727272727272727,0.39999999999999997,0.09090909090909091,0.2727272727272727,0.15384615384615385,1
605141,KC,Knuckle-Curve,Breaking,31,0.18181818181818182,0.8181818181818181,0.8571428571428571,0.4477142857142857,83.65555555555555,0.5161290322580645,7,0.42857142857142855,0.42857142857142855,0.42857142857142855,0.0,0.14285714285714285,0.06451612903225806,1
605170,FF,4-Seam FB,Fastball,494,0.13122171945701358,0.8687782805429864,0.2900763358778626,0.27994685714285716,83.76918918918919,0.5263157894736842,145,0.21374045801526717,0.27586206896551724,0.07633587786259541,0.08275862068965517,0.16551724137931034,0.058704453441295545,3
605170,SI,Sinker,Fastball,226,0.11458333333333333,0.8854166666666666,0.19642857142857142,0.2910759344262295,87.59493670886077,0.5929203539823009,64,0.14285714285714285,0.234375,0.053571428571428575,0.09375,0.125,0.048672566371681415,1
605170,CH,Changeup,Offspeed,224,0.3894736842105263,0.6105263157894737,0.21568627450980393,0.2539900740740741,80.96315789473684,0.35267857142857145,58,0.17647058823529413,0.22807017543859648,0.0392156862745098,0.034482758620689655,0.3448275862068966,0.16517857142857142,0
605170,SL,Slider,Breaking,164,0.38666666666666666,0.6133333333333333,0.47058823529411764,0.34478112820512824,83.07105263157895,0.4695121951219512,40,0.3235294117647059,0.4,0.14705882352941174,0.075,0.25,0.17682926829268292,1
605170,FC,Cutter,Fastball,138,0.09523809523809523,0.9047619047619048,0.8846153846153846,0.5621963333333333,85.38148148148149,0.5869565217391305,38,0.46153846153846156,0.6052631578947368,0.423076923076923,0.18421052631578946,0.0,0.043478260869565216,3
605170,CU,Curveball,Breaking,132,0.40540540540540543,0.5945945945945945,0.17647058823529413,0.2557672380952381,80.07222222222224,0.38636363636363635,21,0.11764705882352941,0.23809523809523808,0.05882352941176472,0.09523809523809523,0.5238095238095238,0.11363636363636363,0
605170,ST,Sweeper,Breaking,73,0.32142857142857145,0.6785714285714286,0.5,0.24064685714285713,87.47500000000001,0.5342465753424658,15,0.16666666666666666,0.3333333333333333,0.33333333333333337,0.0,0.4,0.1232876712328767,1
605170,FS,Splitter,Offspeed,46,0.5454545454545454,0.4545454545454546,0.16666666666666666,0.14949076923076923,79.57777777777777,0.34782608695652173,13,0.16666666666666666,0.23076923076923078,0.0,0.07692307692307693,0.5384615384615384,0.2608695652173913,0
605244,FF,4-Seam FB,Fastball,30,0.3333333333333333,0.6666666666666667,0.3333333333333333,0.0032500000000000003,87.24444444444445,0.6333333333333333,7,0.16666666666666666,0.14285714285714285,0.16666666666666666,0.0,0.42857142857142855,0.16666666666666666,0
606115,FF,4-Seam FB,Fastball,61,0.2,0.8,0.5714285714285714,0.350115,79.08666666666666,0.47540983606557374,16,0.35714285714285715,0.4375,0.21428571428571425,0.125,0.1875,0.13114754098360656,1
606115,SL,Slider,Breaking,40,0.2,0.8,0.2727272727272727,0.19414285714285714,76.51428571428572,0.45,11,0.2727272727272727,0.2727272727272727,0.0,0.0,0.18181818181818182,0.1,0
606115,SI,Sinker,Fastball,35,0.13333333333333333,0.8666666666666667,0.4166666666666667,0.31625,88.31538461538463,0.6857142857142857,12,0.3333333333333333,0.3333333333333333,0.08333333333333337,0.0,0.0,0.05714285714285714,0
606115,ST,Sweeper,Breaking,29,0.08333333333333333,0.9166666666666666,0.2,0.0986,73.25555555555555,0.3793103448275862,5,0.2,0.2,0.0,0.0,0.0,0.034482758620689655,0
606192,FF,4-Seam FB,Fastball,567,0.2852233676975945,0.7147766323024055,0.5,0.3801402962962963,86.66512820512821,0.5167548500881834,140,0.2903225806451613,0.35714285714285715,0.2096774193548387,0.1,0.2571428571428571,0.14638447971781304,6
606192,SI,Sinker,Fastball,385,0.15527950310559005,0.84472049689441,0.5180722891566265,0.37496404494382024,86.14,0.5454545454545454,93,0.37349397590361444,0.44086021505376344,0.14457831325301207,0.10752688172043011,0.15053763440860216,0.06493506493506493,2
606192,SL,Slider,Breaking,264,0.4140625,0.5859375,0.4925373134328358,0.3014070285714286,82.07101449275362,0.44696969696969696,72,0.26865671641791045,0.3194444444444444,0.22388059701492535,0.05555555555555555,0.3611111111111111,0.20075757575757575,4
606192,CH,Changeup,Offspeed,237,0.38524590163934425,0.6147540983606558,0.4642857142857143,0.3773671186440678,81.66521739130434,0.39662447257383965,63,0.25,0.3333333333333333,0.2142857142857143,0.1111111111111111,0.25396825396825395,0.19831223628691982,4
606192,FC,Cutter,Fastball,202,0.38,0.62,0.5,0.31267641025641024,81.77833333333335,0.4603960396039604,42,0.3,0.30952380952380953,0.2,0.023809523809523808,0.19047619047619047,0.18811881188118812,2
606192,ST,Sweeper,Breaking,180,0.45569620253164556,0.5443037974683544,0.2608695652173913,0.1776964255319149,79.24878048780488,0.4166666666666667,48,0.15217391304347827,0.1875,0.10869565217391303,0.020833333333333332,0.5208333333333334,0.2,1
606192,CU,Curveball,Breaking,96,0.35294117647058826,0.6470588235294117,0.38461538461538464,0.2758488,80.01428571428572,0.25,15,0.3076923076923077,0.4,0.07692307692307693,0.06666666666666667,0.3333333333333333,0.125,0
606192,FS,Splitter,Offspeed,63,0.5151515151515151,0.48484848484848486,0.16666666666666666,0.259672,78.28666666666666,0.4126984126984127,21,0.1111111111111111,0.23809523809523808,0.05555555555555555,0.09523809523809523,0.38095238095238093,0.2698412698412698,0
606466,FF,4-Seam FB,Fastball,669,0.11515151515151516,0.8848484848484849,0.453551912568306,0.3630778600000001,83.97971014492754,0.5097159940209267,207,0.24043715846994534,0.3155339805825243,0.21311475409836067,0.0966183574879227,0.09178743961352658,0.05680119581464873,7
606466,CH,Changeup,Offspeed,455,0.2777777777777778,0.7222222222222222,0.28703703703703703,0.2953619469026549,84.07852348993289,0.3362637362637363,115,0.2222222222222222,0.25217391304347825,0.06481481481481483,0.043478260869565216,0.19130434782608696,0.13186813186813187,1
606466,SI,Sinker,Fastball,233,0.05309734513274336,0.9469026548672567,0.7121212121212122,0.4800321126760563,88.83861386138612,0.6008583690987125,72,0.3787878787878788,0.4305555555555556,0.33333333333333337,0.08333333333333333,0.06944444444444445,0.02575107296137339,6
606466,SL,Slider,Breaking,233,0.224,0.776,0.41935483870967744,0.32594972307692305,88.00439560439561,0.5021459227467812,65,0.22580645161290322,0.24615384615384617,0.19354838709677422,0.015384615384615385,0.16923076923076924,0.12017167381974249,3
606466,FC,Cutter,Fastball,175,0.13924050632911392,0.8607594936708861,0.2727272727272727,0.2852914444444445,84.24590163934427,0.5142857142857142,37,0.24242424242424243,0.32432432432432434,0.030303030303030276,0.08108108108108109,0.08108108108108109,0.06285714285714286,0
606466,ST,Sweeper,Breaking,163,0.32098765432098764,0.6790123456790124,0.5151515151515151,0.3064672820512821,85.0734693877551,0.5521472392638037,39,0.2727272727272727,0.38461538461538464,0.24242424242424243,0.10256410256410256,0.23076923076923078,0.15950920245398773,2
606466,CU,Curveball,Breaking,161,0.24242424242424243,0.7575757575757576,0.6363636363636364,0.4516097647058823,83.94130434782608,0.37888198757763975,36,0.30303030303030304,0.3611111111111111,0.3333333333333333,0.027777777777777776,0.1388888888888889,0.09937888198757763,3
606466,FS,Splitter,Offspeed,143,0.3835616438356164,0.6164383561643836,0.25,0.2195527777777778,79.9775,0.35664335664335667,37,0.15625,0.2702702702702703,0.09375,0.13513513513513514,0.2702702702702703,0.1958041958041958,0
606466,KC,Knuckle-Curve,Breaking,47,0.19047619047619047,0.8095238095238095,0.14285714285714285,0.24336,85.04374999999999,0.46808510638297873,16,0.07142857142857142,0.1875,0.07142857142857142,0.125,0.125,0.0851063829787234,0
606992,FF,4-Seam FB,Fastball,92,0.28888888888888886,0.7111111111111111,0.47619047619047616,0.3717643076923077,80.64666666666668,0.5,29,0.19047619047619047,0.34615384615384615,0.2857142857142857,0.13793103448275862,0.1724137931034483,0.14130434782608695,2
606992,SI,Sinker,Fastball,67,0.16129032258064516,0.8387096774193549,0.6153846153846154,0.3434166666666667,78.85652173913043,0.5074626865671642,14,0.38461538461538464,0.38461538461538464,0.23076923076923078,0.0,0.07142857142857142,0.07462686567164178,0
606992,SL,Slider,Breaking,62,0.53125,0.46875,0.13333333333333333,0.12121428571428572,83.56153846153846,0.46774193548387094,16,0.13333333333333333,0.1875,0.0,0.0625,0.5,0.27419354838709675,0
606992,ST,Sweeper,Breaking,29,0.5833333333333334,0.41666666666666663,0.0,0.24787499999999998,82.26000000000002,0.3793103448275862,8,0.0,0.0,0.0,0.0,0.75,0.2413793103448276,0
606992,CH,Changeup,Offspeed,28,0.375,0.625,0.0,0.17148285714285713,72.1,0.2857142857142857,7,0.0,0.14285714285714285,0.0,0.14285714285714285,0.2857142857142857,0.21428571428571427,0
607043,FF,4-Seam FB,Fastball,922,0.21956521739130436,0.7804347826086957,0.413265306122449,0.32294911111111113,84.95015197568388,0.5542299349240781,225,0.2653061224489796,0.3511111111111111,0.14795918367346939,0.09777777777777778,0.2222222222222222,0.10954446854663774,5
607043,SI,Sinker,Fastball,429,0.15023474178403756,0.8497652582159625,0.2903225806451613,0.3435269019607843,84.28529411764706,0.5944055944055944,104,0.25806451612903225,0.33653846153846156,0.03225806451612906,0.08653846153846154,0.17307692307692307,0.07459207459207459,0
607043,SL,Slider,Breaking,343,0.31666666666666665,0.6833333333333333,0.475,0.3673979775280899,84.8102564102564,0.43731778425655976,92,0.2625,0.32967032967032966,0.21249999999999997,0.09782608695652174,0.2717391304347826,0.1661807580174927,4
607043,CH,Changeup,Offspeed,270,0.2937062937062937,0.7062937062937062,0.3717948717948718,0.3198849350649351,86.0965909090909,0.4185185185185185,81,0.2692307692307692,0.2962962962962963,0.10256410256410259,0.037037037037037035,0.3333333333333333,0.15555555555555556,1
607043,FC,Cutter,Fastball,228,0.2571428571428571,0.7428571428571429,0.48148148148148145,0.36565477966101695,84.65858585858587,0.5657894736842105,61,0.24074074074074073,0.32786885245901637,0.24074074074074073,0.09836065573770492,0.16393442622950818,0.15789473684210525,2
607043,ST,Sweeper,Breaking,176,0.2903225806451613,0.7096774193548387,0.43902439024390244,0.31212809523809526,80.60161290322581,0.45454545454545453,42,0.24390243902439024,0.2619047619047619,0.1951219512195122,0.023809523809523808,0.3333333333333333,0.1534090909090909,1
607043,CU,Curveball,Breaking,143,0.21568627450980393,0.7843137254901961,0.30434782608695654,0.3960158333333333,84.2578947368421,0.44755244755244755,24,0.17391304347826086,0.20833333333333334,0.13043478260869568,0.041666666666666664,0.16666666666666666,0.07692307692307693,1
607043,KC,Knuckle-Curve,Breaking,57,0.23076923076923078,0.7692307692307692,0.5,0.415892,85.87894736842105,0.3508771929824561,15,0.2857142857142857,0.3333333333333333,0.2142857142857143,0.06666666666666667,0.13333333333333333,0.10526315789473684,0
607043,FS,Splitter,Offspeed,48,0.20689655172413793,0.7931034482758621,0.55,0.33799999999999997,86.59130434782608,0.4166666666666667,20,0.3,0.3,0.25000000000000006,0.0,0.2,0.125,1
607208,FF,4-Seam FB,Fastball,727,0.22070844686648503,0.779291553133515,0.4716981132075472,0.33136173714285716,84.27047970479704,0.517193947730399,182,0.3081761006289308,0.3901098901098901,0.16352201257861637,0.10989010989010989,0.21978021978021978,0.11141678129298486,5
607208,SI,Sinker,Fastball,443,0.11864406779661017,0.8813559322033898,0.40476190476190477,0.3576845112781955,88.22153846153847,0.5372460496613995,136,0.23809523809523808,0.27941176470588236,0.16666666666666669,0.058823529411764705,0.07352941176470588,0.06320541760722348,5
607208,SL,Slider,Breaking,431,0.3523809523809524,0.6476190476190475,0.32673267326732675,0.24400990476190476,81.316,0.4408352668213457,109,0.16831683168316833,0.22935779816513763,0.15841584158415842,0.07339449541284404,0.22935779816513763,0.1716937354988399,4
607208,ST,Sweeper,Breaking,298,0.4,0.6,0.22857142857142856,0.18382345205479453,78.97105263157896,0.36577181208053694,73,0.17142857142857143,0.2054794520547945,0.057142857142857134,0.0273972602739726,0.3287671232876712,0.18791946308724833,1
607208,CH,Changeup,Offspeed,261,0.36496350364963503,0.635036496350365,0.2676056338028169,0.2784022352941177,82.8175,0.3218390804597701,72,0.18309859154929578,0.19444444444444445,0.0845070422535211,0.0,0.2777777777777778,0.19157088122605365,2
607208,FC,Cutter,Fastball,239,0.2905982905982906,0.7094017094017093,0.32,0.29389407407407403,81.07215189873419,0.5271966527196653,57,0.2,0.2982456140350877,0.12,0.12280701754385964,0.21052631578947367,0.14225941422594143,1
607208,CU,Curveball,Breaking,162,0.2976190476190476,0.7023809523809523,0.40425531914893614,0.27008695652173914,83.95925925925924,0.4567901234567901,47,0.2553191489361702,0.2553191489361702,0.14893617021276595,0.0,0.14893617021276595,0.15432098765432098,1
607208,FS,Splitter,Offspeed,69,0.425,0.575,0.42105263157894735,0.21961899999999995,79.77619047619048,0.34782608695652173,20,0.3157894736842105,0.35,0.10526315789473684,0.05,0.35,0.2463768115942029,0
607208,KC,Knuckle-Curve,Breaking,49,0.4230769230769231,0.5769230769230769,0.5454545454545454,0.32461500000000004,72.97142857142858,0.3877551020408163,12,0.45454545454545453,0.5,0.09090909090909088,0.08333333333333333,0.3333333333333333,0.22448979591836735,0
608070,FF,4-Seam FB,Fastball,598,0.13978494623655913,0.8602150537634409,0.5,0.3687727407407407,84.3271551724138,0.5284280936454849,138,0.27049180327868855,0.34057971014492755,0.22950819672131145,0.10144927536231885,0.10144927536231885,0.06521739130434782,7
608070,CH,Changeup,Offspeed,377,0.19186046511627908,0.8081395348837209,0.32653061224489793,0.2718368316831683,82.52941176470588,0.33156498673740054,104,0.21428571428571427,0.2403846153846154,0.11224489795918366,0.038461538461538464,0.16346153846153846,0.08753315649867374,2
608070,SL,Slider,Breaking,326,0.2012987012987013,0.7987012987012987,0.34210526315789475,0.2941279047619047,83.58333333333333,0.49693251533742333,87,0.18421052631578946,0.27586206896551724,0.15789473684210528,0.09195402298850575,0.16091954022988506,0.0950920245398773,3
608070,SI,Sinker,Fastball,285,0.09615384615384616,0.9038461538461539,0.32653061224489793,0.34347884615384616,87.53977272727273,0.47368421052631576,54,0.2857142857142857,0.35185185185185186,0.040816326530612235,0.09259259259259259,0.09259259259259259,0.03508771929824561,0
608070,FC,Cutter,Fastball,263,0.16296296296296298,0.837037037037037,0.4482758620689655,0.3124081967213115,83.94150943396225,0.5285171102661597,64,0.25862068965517243,0.328125,0.1896551724137931,0.09375,0.15625,0.08365019011406843,2
608070,CU,Curveball,Breaking,137,0.1875,0.8125,0.47619047619047616,0.35461614285714294,86.40882352941176,0.35766423357664234,29,0.23809523809523808,0.39285714285714285,0.23809523809523808,0.1724137931034483,0.1724137931034483,0.06569343065693431,1
608070,ST,Sweeper,Breaking,115,0.07142857142857142,0.9285714285714286,0.28,0.3249828571428572,81.12200000000001,0.48695652173913045,29,0.24,0.3448275862068966,0.040000000000000036,0.13793103448275862,0.06896551724137931,0.034782608695652174,0
608070,FS,Splitter,Offspeed,94,0.13953488372093023,0.8604651162790697,0.2916666666666667,0.38474592592592594,85.42777777777776,0.30851063829787234,27,0.25,0.3333333333333333,0.041666666666666685,0.1111111111111111,0.07407407407407407,0.06382978723404255,0
608070,KC,Knuckle-Curve,Breaking,43,0.05,0.95,0.1111111111111111,0.27831846153846157,82.68823529411765,0.4418604651162791,13,0.1111111111111111,0.3076923076923077,0.0,0.23076923076923078,0.0,0.023255813953488372,0
608324,FF,4-Seam FB,Fastball,727,0.10511363636363637,0.8948863636363636,0.4418604651162791,0.316183875,85.21311475409836,0.5405777166437414,195,0.2616279069767442,0.3435897435897436,0.18023255813953487,0.10256410256410256,0.12307692307692308,0.05089408528198074,7
608324,SI,Sinker,Fastball,578,0.04201680672268908,0.957983193277311,0.4027777777777778,0.3511340598802395,83.9622641509434,0.5692041522491349,170,0.2916666666666667,0.3941176470588235,0.1111111111111111,0.12352941176470589,0.058823529411764705,0.01730103806228374,4
608324,SL,Slider,Breaking,461,0.29347826086956524,0.7065217391304348,0.47674418604651164,0.3110386666666667,81.45039999999999,0.47071583514099785,100,0.23255813953488372,0.33,0.24418604651162792,0.09,0.27,0.11713665943600868,5
608324,ST,Sweeper,Breaking,257,0.25842696629213485,0.7415730337078652,0.5416666666666666,0.29615643636363637,78.69843750000001,0.45136186770428016,57,0.25,0.3392857142857143,0.29166666666666663,0.08771929824561403,0.24561403508771928,0.08949416342412451,4
608324,FC,Cutter,Fastball,223,0.1717171717171717,0.8282828282828283,0.5416666666666666,0.3625756363636363,81.9883116883117,0.49327354260089684,56,0.2708333333333333,0.35714285714285715,0.2708333333333333,0.125,0.03571428571428571,0.07623318385650224,2
608324,CH,Changeup,Offspeed,221,0.21649484536082475,0.7835051546391752,0.4897959183673469,0.34663018181818184,82.95205479452055,0.40271493212669685,56,0.2857142857142857,0.375,0.20408163265306123,0.125,0.125,0.09502262443438914,2
608324,CU,Curveball,Breaking,197,0.24561403508771928,0.7543859649122807,0.425,0.23388697674418604,80.3275,0.37055837563451777,43,0.225,0.27906976744186046,0.19999999999999998,0.06976744186046512,0.37209302325581395,0.07106598984771574,2
608324,KC,Knuckle-Curve,Breaking,45,0.06666666666666667,0.9333333333333333,0.625,0.244875,83.80714285714285,0.4444444444444444,8,0.25,0.25,0.375,0.0,0.0,0.022222222222222223,1
608324,FS,Splitter,Offspeed,30,0.09090909090909091,0.9090909090909091,0.42857142857142855,0.2886725,86.89,0.5333333333333333,8,0.14285714285714285,0.25,0.2857142857142857,0.125,0.25,0.03333333333333333,0
608348,FF,4-Seam FB,Fastball,518,0.1092436974789916,0.8907563025210083,0.35454545454545455,0.33346360975609757,81.4475,0.5173745173745173,127,0.2909090909090909,0.3858267716535433,0.06363636363636366,0.11023622047244094,0.11811023622047244,0.05019305019305019,0
608348,SI,Sinker,Fastball,322,0.08148148148148149,0.9185185185185185,0.37777777777777777,0.31656021276595747,82.73898305084747,0.5590062111801242,99,0.28888888888888886,0.35353535353535354,0.0888888888888889,0.08080808080808081,0.1414141414141414,0.034161490683229816,2
608348,SL,Slider,Breaking,290,0.3178294573643411,0.6821705426356589,0.45454545454545453,0.31150869333333336,81.57560975609756,0.4379310344827586,77,0.24242424242424243,0.35064935064935066,0.2121212121212121,0.12987012987012986,0.16883116883116883,0.1413793103448276,4
608348,ST,Sweeper,Breaking,151,0.2638888888888889,0.7361111111111112,0.3783783783783784,0.2492824210526316,82.17843137254901,0.44370860927152317,39,0.21621621621621623,0.2564102564102564,0.16216216216216217,0.02564102564102564,0.3076923076923077,0.12582781456953643,1
608348,CH,Changeup,Offspeed,147,0.34177215189873417,0.6582278481012658,0.5,0.25032606060606066,79.6875,0.40816326530612246,34,0.28125,0.3235294117647059,0.21875,0.058823529411764705,0.23529411764705882,0.1836734693877551,2
608348,FC,Cutter,Fastball,108,0.20454545454545456,0.7954545454545454,0.6666666666666666,0.4762097142857143,82.67941176470588,0.5370370370370371,30,0.375,0.5,0.29166666666666663,0.16666666666666666,0.13333333333333333,0.08333333333333333,2
608348,CU,Curveball,Breaking,84,0.20512820512820512,0.7948717948717949,0.11764705882352941,0.18937500000000002,75.14,0.4523809523809524,17,0.11764705882352941,0.11764705882352941,0.0,0.0,0.11764705882352941,0.09523809523809523,0
608369,FF,4-Seam FB,Fastball,438,0.35537190082644626,0.6446280991735538,0.44660194174757284,0.3431224347826087,86.57816901408451,0.4954337899543379,121,0.20388349514563106,0.3140495867768595,0.24271844660194178,0.14049586776859505,0.2975206611570248,0.1963470319634703,7
608369,SI,Sinker,Fastball,311,0.22727272727272727,0.7727272727272727,0.425,0.38333314942528746,85.66062992125984,0.5434083601286174,90,0.2625,0.32222222222222224,0.16249999999999998,0.06666666666666667,0.13333333333333333,0.12861736334405144,3
608369,SL,Slider,Breaking,260,0.4296875,0.5703125,0.4444444444444444,0.3478906896551724,83.76666666666667,0.34615384615384615,62,0.2222222222222222,0.3114754098360656,0.2222222222222222,0.11290322580645161,0.2903225806451613,0.21153846153846154,3
608369,CH,Changeup,Offspeed,205,0.3333333333333333,0.6666666666666667,0.5098039215686274,0.39151254901960786,85.17777777777778,0.37073170731707317,55,0.2549019607843137,0.3090909090909091,0.2549019607843137,0.07272727272727272,0.23636363636363636,0.16097560975609757,4
608369,ST,Sweeper,Breaking,135,0.3275862068965517,0.6724137931034483,0.2857142857142857,0.27095773333333334,84.60512820512821,0.42962962962962964,30,0.21428571428571427,0.26666666666666666,0.07142857142857142,0.03333333333333333,0.3333333333333333,0.14074074074074075,0
608369,FC,Cutter,Fastball,101,0.19298245614035087,0.8070175438596492,0.5357142857142857,0.45999696969696974,86.17380952380952,0.49504950495049505,33,0.25,0.36363636363636365,0.2857142857142857,0.15151515151515152,0.09090909090909091,0.10891089108910891,2
608369,CU,Curveball,Breaking,89,0.41304347826086957,0.5869565217391304,0.38095238095238093,0.21039904761904762,83.31481481481481,0.3595505617977528,22,0.23809523809523808,0.2727272727272727,0.14285714285714285,0.045454545454545456,0.2727272727272727,0.21348314606741572,0
608369,FS,Splitter,Offspeed,63,0.45714285714285713,0.5428571428571429,0.14285714285714285,0.34877129411764707,80.86842105263158,0.3333333333333333,17,0.14285714285714285,0.29411764705882354,0.0,0.11764705882352941,0.29411764705882354,0.25396825396825395,0
608369,KC,Knuckle-Curve,Breaking,38,0.4444444444444444,0.5555555555555556,0.16666666666666666,0.13283333333333333,88.45555555555556,0.23684210526315788,12,0.16666666666666666,0.16666666666666666,0.0,0.0,0.4166666666666667,0.21052631578947367,0
608701,FF,4-Seam FB,Fastball,189,0.26595744680851063,0.7340425531914894,0.38636363636363635,0.26997964444444444,83.71999999999998,0.4973544973544973,48,0.20454545454545456,0.2708333333333333,0.1818181818181818,0.041666666666666664,0.3125,0.13227513227513227,2
608701,SI,Sinker,Fastball,85,0.21052631578947367,0.7894736842105263,0.1,0.35314875,78.4392857142857,0.4470588235294118,24,0.1,0.21739130434782608,0.0,0.041666666666666664,0.20833333333333334,0.09411764705882353,0
608701,CH,Changeup,Offspeed,78,0.3125,0.6875,0.25,0.247985,78.895,0.3974358974358974,18,0.0625,0.16666666666666666,0.1875,0.1111111111111111,0.2777777777777778,0.1282051282051282,1
608701,SL,Slider,Breaking,70,0.5333333333333333,0.4666666666666667,0.06666666666666667,0.03542857142857143,81.07692307692308,0.5714285714285714,15,0.06666666666666667,0.06666666666666667,0.0,0.0,0.6666666666666666,0.22857142857142856,0
608701,FC,Cutter,Fastball,56,0.2222222222222222,0.7777777777777778,0.08333333333333333,0.30033333333333334,80.435,0.4642857142857143,13,0.08333333333333333,0.07692307692307693,0.0,0.0,0.0,0.10714285714285714,0
608701,CU,Curveball,Breaking,41,0.29411764705882354,0.7058823529411764,0.2,0.13003454545454546,80.35555555555555,0.5609756097560976,11,0.2,0.2727272727272727,0.0,0.09090909090909091,0.45454545454545453,0.12195121951219512,0
608701,ST,Sweeper,Breaking,38,0.18181818181818182,0.8181818181818181,1.0,0.524389,85.19999999999999,0.39473684210526316,8,0.25,0.5,0.75,0.25,0.125,0.05263157894736842,1
608841,FF,4-Seam FB,Fastball,31,0.125,0.875,0.2727272727272727,0.34972766666666666,90.51428571428573,0.41935483870967744,14,0.18181818181818182,0.2857142857142857,0.09090909090909088,0.07142857142857142,0.07142857142857142,0.06451612903225806,0
609280,FF,4-Seam FB,Fastball,202,0.11450381679389313,0.8854961832061069,0.38333333333333336,0.3054241311475409,83.71946902654867,0.5792079207920792,65,0.2,0.26153846153846155,0.18333333333333335,0.06153846153846154,0.16923076923076924,0.07425742574257425,1
609280,SI,Sinker,Fastball,197,0.04672897196261682,0.9532710280373832,0.47368421052631576,0.3656023571428571,83.79787234042553,0.6040609137055838,60,0.3508771929824561,0.36666666666666664,0.12280701754385964,0.016666666666666666,0.03333333333333333,0.025380710659898477,1
609280,SL,Slider,Breaking,171,0.26595744680851063,0.7340425531914894,0.12195121951219512,0.24674999999999997,81.81186440677965,0.4502923976608187,41,0.12195121951219512,0.12195121951219512,0.0,0.0,0.1951219512195122,0.14619883040935672,0
609280,ST,Sweeper,Breaking,145,0.3103448275862069,0.6896551724137931,0.5862068965517241,0.20589285714285713,80.91666666666667,0.3724137931034483,30,0.27586206896551724,0.26666666666666666,0.31034482758620685,0.0,0.26666666666666666,0.12413793103448276,1
609280,CH,Changeup,Offspeed,100,0.25806451612903225,0.7419354838709677,0.37037037037037035,0.18519822222222224,75.96046511627907,0.36,28,0.25925925925925924,0.2857142857142857,0.1111111111111111,0.0,0.17857142857142858,0.16,0
609280,FC,Cutter,Fastball,76,0.3333333333333333,0.6666666666666667,0.0625,0.32456333333333337,80.49090909090908,0.4473684210526316,19,0.0625,0.21052631578947367,0.0,0.15789473684210525,0.15789473684210525,0.15789473684210525,0
609280,CU,Curveball,Breaking,47,0.19047619047619047,0.8095238095238095,0.9090909090909091,0.4532793333333333,87.88823529411765,0.425531914893617,12,0.45454545454545453,0.5,0.45454545454545453,0.0,0.16666666666666666,0.0851063829787234,1
609280,FS,Splitter,Offspeed,30,0.3333333333333333,0.6666666666666667,0.8,0.3726666666666667,82.53,0.43333333333333335,10,0.4,0.4,0.4,0.0,0.3,0.2,1
620443,FF,4-Seam FB,Fastball,296,0.19254658385093168,0.8074534161490683,0.625,0.41050431746031746,85.87999999999998,0.5540540540540541,66,0.30357142857142855,0.4090909090909091,0.32142857142857145,0.13636363636363635,0.22727272727272727,0.10472972972972973,5
620443,SI,Sinker,Fastball,279,0.09836065573770492,0.9016393442622951,0.3387096774193548,0.294221552238806,82.72038834951456,0.4946236559139785,68,0.25806451612903225,0.31343283582089554,0.08064516129032256,0.04411764705882353,0.11764705882352941,0.043010752688172046,1
620443,SL,Slider,Breaking,148,0.3787878787878788,0.6212121212121212,0.17647058823529413,0.20050311111111113,77.71499999999999,0.43243243243243246,38,0.11764705882352941,0.1891891891891892,0.05882352941176472,0.05263157894736842,0.3684210526315789,0.16891891891891891,0
620443,ST,Sweeper,Breaking,127,0.3508771929824561,0.6491228070175439,0.3333333333333333,0.15248275862068963,82.73714285714286,0.41732283464566927,30,0.23333333333333334,0.23333333333333334,0.09999999999999998,0.0,0.3,0.15748031496062992,0
620443,CH,Changeup,Offspeed,79,0.1951219512195122,0.8048780487804879,0.39285714285714285,0.23334615384615384,87.05862068965517,0.4050632911392405,29,0.17857142857142858,0.17857142857142858,0.21428571428571427,0.0,0.1724137931034483,0.10126582278481013,1
620443,FC,Cutter,Fastball,70,0.09375,0.90625,0.5625,0.4473411111111111,84.57857142857142,0.5,19,0.375,0.47368421052631576,0.1875,0.15789473684210525,0.05263157894736842,0.04285714285714286,1
620443,CU,Curveball,Breaking,58,0.4,0.6,0.5,0.23811111111111108,83.34444444444443,0.3103448275862069,18,0.2777777777777778,0.2777777777777778,0.2222222222222222,0.0,0.3333333333333333,0.20689655172413793,1
620443,FS,Splitter,Offspeed,25,0.0,1.0,0.125,0.23377777777777778,87.24166666666667,0.44,9,0.125,0.1111111111111111,0.0,0.0,0.0,0.0,0
621020,FF,4-Seam FB,Fastball,429,0.26521739130434785,0.7347826086956522,0.47540983606557374,0.3505851549295774,86.76415094339623,0.5268065268065268,148,0.2459016393442623,0.3673469387755102,0.22950819672131145,0.1554054054054054,0.24324324324324326,0.14219114219114218,7
621020,SL,Slider,Breaking,378,0.36464088397790057,0.6353591160220995,0.2753623188405797,0.25393534246575344,81.53942307692306,0.47354497354497355,75,0.15942028985507245,0.22666666666666666,0.11594202898550726,0.08,0.26666666666666666,0.1746031746031746,2
621020,SI,Sinker,Fastball,353,0.1907514450867052,0.8092485549132948,0.4642857142857143,0.35835724444444444,85.34677419354838,0.5524079320113314,96,0.2619047619047619,0.3473684210526316,0.20238095238095238,0.10416666666666667,0.14583333333333334,0.09348441926345609,3
621020,ST,Sweeper,Breaking,224,0.24096385542168675,0.7590361445783133,0.5,0.28656304347826084,76.91333333333333,0.38392857142857145,46,0.25,0.32608695652173914,0.25,0.10869565217391304,0.1956521739130435,0.08928571428571429,3
621020,CH,Changeup,Offspeed,199,0.4326923076923077,0.5673076923076923,0.32,0.25976285714285713,83.01929824561404,0.4623115577889447,52,0.16,0.17307692307692307,0.16,0.019230769230769232,0.34615384615384615,0.22613065326633167,2
621020,FC,Cutter,Fastball,131,0.328125,0.671875,0.4838709677419355,0.345973125,83.81463414634146,0.48854961832061067,34,0.2903225806451613,0.35294117647058826,0.1935483870967742,0.08823529411764706,0.08823529411764706,0.16030534351145037,1
621020,CU,Curveball,Breaking,122,0.46153846153846156,0.5384615384615384,0.04,0.09815999999999998,81.512,0.36885245901639346,27,0.04,0.038461538461538464,0.0,0.0,0.5555555555555556,0.19672131147540983,0
621020,KC,Knuckle-Curve,Breaking,42,0.3333333333333333,0.6666666666666667,0.14285714285714285,0.22233333333333336,87.97777777777779,0.3333333333333333,7,0.14285714285714285,0.14285714285714285,0.0,0.0,0.0,0.11904761904761904,0
621020,FS,Splitter,Offspeed,32,0.2857142857142857,0.7142857142857143,0.0,0.28234,78.7,0.34375,7,0.0,0.14285714285714285,0.0,0.14285714285714285,0.2857142857142857,0.125,0
621043,FF,4-Seam FB,Fastball,158,0.17391304347826086,0.8260869565217391,0.4,0.31489371428571433,82.67358490566038,0.4810126582278481,36,0.26666666666666666,0.3888888888888889,0.13333333333333336,0.16666666666666666,0.2222222222222222,0.0759493670886076,1
621043,SI,Sinker,Fastball,143,0.05,0.95,0.43243243243243246,0.42924146341463415,84.2709090909091,0.5594405594405595,42,0.32432432432432434,0.40476190476190477,0.10810810810810811,0.11904761904761904,0.07142857142857142,0.02097902097902098,0
621043,SL,Slider,Breaking,91,0.30303030303030304,0.696969696969697,0.3333333333333333,0.282788,82.86666666666667,0.3956043956043956,22,0.2222222222222222,0.3181818181818182,0.1111111111111111,0.13636363636363635,0.22727272727272727,0.10989010989010989,0
621043,ST,Sweeper,Breaking,63,0.3235294117647059,0.6764705882352942,0.625,0.32062499999999994,75.24545454545454,0.42857142857142855,16,0.25,0.25,0.375,0.0,0.4375,0.1746031746031746,2
621043,CH,Changeup,Offspeed,53,0.32,0.6799999999999999,0.2857142857142857,0.2966725,74.68666666666667,0.18867924528301888,8,0.14285714285714285,0.25,0.14285714285714285,0.125,0.0,0.1509433962264151,0
621043,FC,Cutter,Fastball,48,0.38095238095238093,0.6190476190476191,0.3333333333333333,0.47646000000000005,84.63333333333334,0.6041666666666666,8,0.3333333333333333,0.5,0.0,0.25,0.125,0.16666666666666666,0
621043,CU,Curveball,Breaking,39,0.2857142857142857,0.7142857142857143,0.5,0.5385977777777777,78.29285714285713,0.41025641025641024,10,0.5,0.6,0.0,0.2,0.1,0.15384615384615385,0
621438,FF,4-Seam FB,Fastball,265,0.18796992481203006,0.8120300751879699,0.5084745762711864,0.29772431746031747,78.1747572815534,0.5169811320754717,70,0.2711864406779661,0.3484848484848485,0.23728813559322032,0.08571428571428572,0.17142857142857143,0.09433962264150944,3
621438,SI,Sinker,Fastball,159,0.10126582278481013,0.8987341772151899,0.54,0.36360735714285713,84.7794117647059,0.6037735849056604,59,0.28,0.3728813559322034,0.26,0.11864406779661017,0.06779661016949153,0.050314465408805034,3
621438,SL,Slider,Breaking,135,0.2328767123287671,0.7671232876712328,0.5151515151515151,0.24453124999999998,79.97254901960785,0.4,36,0.2727272727272727,0.3055555555555556,0.24242424242424243,0.0,0.19444444444444445,0.1259259259259259,1
621438,CH,Changeup,Offspeed,95,0.3050847457627119,0.6949152542372881,0.3793103448275862,0.3211793333333333,78.86410256410257,0.3684210526315789,31,0.2413793103448276,0.26666666666666666,0.1379310344827586,0.03225806451612903,0.1935483870967742,0.18947368421052632,1
621438,ST,Sweeper,Breaking,77,0.16,0.84,0.3888888888888889,0.30706666666666665,84.43,0.4805194805194805,18,0.2777777777777778,0.2777777777777778,0.1111111111111111,0.0,0.2222222222222222,0.05194805194805195,0
621438,FC,Cutter,Fastball,76,0.3225806451612903,0.6774193548387097,0.42857142857142855,0.2382142857142857,86.63809523809523,0.5263157894736842,14,0.21428571428571427,0.21428571428571427,0.21428571428571427,0.0,0.21428571428571427,0.13157894736842105,1
621438,CU,Curveball,Breaking,66,0.3,0.7,0.2857142857142857,0.20507692307692307,84.36666666666666,0.5151515151515151,14,0.07142857142857142,0.07142857142857142,0.21428571428571427,0.0,0.5,0.13636363636363635,1
621439,FF,4-Seam FB,Fastball,380,0.30097087378640774,0.6990291262135923,0.6057692307692307,0.3958374909090909,87.34357142857142,0.48947368421052634,115,0.2692307692307692,0.3391304347826087,0.3365384615384615,0.0782608695652174,0.30434782608695654,0.1631578947368421,10
621439,SI,Sinker,Fastball,292,0.19230769230769232,0.8076923076923077,0.5789473684210527,0.38213590000000003,85.53652173913044,0.5547945205479452,82,0.32894736842105265,0.36585365853658536,0.25,0.04878048780487805,0.0975609756097561,0.10273972602739725,4
621439,SL,Slider,Breaking,232,0.3333333333333333,0.6666666666666667,0.6458333333333334,0.3876114909090909,81.46329113924051,0.4482758620689655,56,0.2916666666666667,0.39285714285714285,0.3541666666666667,0.125,0.17857142857142858,0.1724137931034483,5
621439,CH,Changeup,Offspeed,214,0.37383177570093457,0.6261682242990654,0.2978723404255319,0.3115936923076923,86.41639344262295,0.411214953271028,53,0.19148936170212766,0.2830188679245283,0.10638297872340424,0.09433962264150944,0.3018867924528302,0.18691588785046728,1
621439,ST,Sweeper,Breaking,142,0.4675324675324675,0.5324675324675325,0.24324324324324326,0.16348102564102562,78.08055555555556,0.3380281690140845,39,0.13513513513513514,0.1794871794871795,0.10810810810810811,0.05128205128205128,0.46153846153846156,0.2535211267605634,1
621439,FC,Cutter,Fastball,106,0.3225806451612903,0.6774193548387097,0.7741935483870968,0.38119882352941176,85.28421052631579,0.5660377358490566,34,0.2903225806451613,0.3235294117647059,0.48387096774193544,0.058823529411764705,0.23529411764705882,0.18867924528301888,5
621439,CU,Curveball,Breaking,93,0.19444444444444445,0.8055555555555556,0.6,0.28490000000000004,86.94074074074075,0.3978494623655914,20,0.3,0.3,0.3,0.0,0.15,0.07526881720430108,1
621439,FS,Splitter,Offspeed,52,0.375,0.625,0.0,0.19108133333333333,81.91666666666666,0.2692307692307692,9,0.0,0.2222222222222222,0.0,0.1111111111111111,0.4444444444444444,0.17307692307692307,0
621493,FF,4-Seam FB,Fastball,742,0.20701754385964913,0.7929824561403509,0.391304347826087,0.39291818390804595,84.61291866028708,0.5134770889487871,179,0.2391304347826087,0.4044943820224719,0.15217391304347827,0.20670391061452514,0.2346368715083799,0.07951482479784366,4
621493,SI,Sinker,Fastball,550,0.0847457627118644,0.9152542372881356,0.3816793893129771,0.37251840506329115,84.82733333333334,0.6018181818181818,160,0.32061068702290074,0.44375,0.06106870229007638,0.15625,0.16875,0.02727272727272727,1
621493,SL,Slider,Breaking,365,0.2457627118644068,0.7542372881355932,0.203125,0.2472660273972603,80.20374999999999,0.4410958904109589,73,0.15625,0.2602739726027397,0.046875,0.1232876712328767,0.2328767123287671,0.07945205479452055,0
621493,ST,Sweeper,Breaking,267,0.23076923076923078,0.7692307692307692,0.1590909090909091,0.27619585454545453,78.7859649122807,0.4232209737827715,55,0.09090909090909091,0.2545454545454545,0.06818181818181818,0.16363636363636364,0.2727272727272727,0.06741573033707865,1
621493,FC,Cutter,Fastball,230,0.20512820512820512,0.7948717948717949,0.3076923076923077,0.3228225531914894,81.064406779661,0.5347826086956522,47,0.23076923076923078,0.3404255319148936,0.07692307692307693,0.14893617021276595,0.14893617021276595,0.06956521739130435,0
621493,CH,Changeup,Offspeed,194,0.15384615384615385,0.8461538461538461,0.24444444444444444,0.2500668085106383,81.0063492063492,0.4072164948453608,49,0.2222222222222222,0.2857142857142857,0.022222222222222227,0.08163265306122448,0.12244897959183673,0.061855670103092786,0
621493,CU,Curveball,Breaking,118,0.3684210526315789,0.631578947368421,0.11538461538461539,0.26150875,86.72272727272728,0.3898305084745763,32,0.11538461538461539,0.28125,0.0,0.1875,0.34375,0.11864406779661017,0
621493,FS,Splitter,Offspeed,43,0.2857142857142857,0.7142857142857143,0.5,0.38182000000000005,85.39,0.37209302325581395,9,0.125,0.2222222222222222,0.375,0.1111111111111111,0.3333333333333333,0.09302325581395349,1
621493,KC,Knuckle-Curve,Breaking,32,0.4444444444444444,0.5555555555555556,0.0,0.147,85.78,0.4375,7,0.0,0.0,0.0,0.0,0.42857142857142855,0.125,0
621550,FF,4-Seam FB,Fastball,82,0.3673469387755102,0.6326530612244898,0.0,0.138488,83.61428571428573,0.5853658536585366,21,0.0,0.09523809523809523,0.0,0.09523809523809523,0.5238095238095238,0.21951219512195122,0
621550,SI,Sinker,Fastball,25,0.13333333333333333,0.8666666666666667,0.2222222222222222,0.4495714285714286,87.46923076923076,0.68,9,0.2222222222222222,0.2222222222222222,0.0,0.0,0.0,0.08,0
621566,FF,4-Seam FB,Fastball,907,0.25669642857142855,0.7433035714285714,0.5077720207253886,0.3644779811320754,86.38694267515923,0.5722160970231532,217,0.22797927461139897,0.30414746543778803,0.27979274611398963,0.0967741935483871,0.28110599078341014,0.12679162072767364,14
621566,SI,Sinker,Fastball,434,0.17475728155339806,0.8252427184466019,0.5283018867924528,0.38759569491525414,86.29506172839505,0.5529953917050692,121,0.29245283018867924,0.371900826446281,0.2358490566037736,0.10743801652892562,0.15702479338842976,0.08294930875576037,7
621566,SL,Slider,Breaking,372,0.3619631901840491,0.6380368098159509,0.6097560975609756,0.3387409756097561,85.59896907216495,0.4220430107526882,85,0.2682926829268293,0.2823529411764706,0.3414634146341463,0.023529411764705882,0.3764705882352941,0.1586021505376344,9
621566,CH,Changeup,Offspeed,322,0.2196969696969697,0.7803030303030303,0.5666666666666667,0.36143301587301585,83.35416666666666,0.3416149068322981,66,0.25,0.3181818181818182,0.31666666666666665,0.09090909090909091,0.18181818181818182,0.09006211180124224,5
621566,FC,Cutter,Fastball,313,0.22297297297297297,0.777027027027027,0.5833333333333334,0.39688952380952386,86.82000000000001,0.5303514376996805,68,0.26666666666666666,0.35294117647058826,0.3166666666666667,0.11764705882352941,0.1323529411764706,0.10543130990415335,5
621566,ST,Sweeper,Breaking,282,0.29133858267716534,0.7086614173228347,0.4126984126984127,0.30428208955223884,83.43529411764706,0.450354609929078,68,0.25396825396825395,0.3088235294117647,0.15873015873015872,0.07352941176470588,0.29411764705882354,0.13120567375886524,2
621566,CU,Curveball,Breaking,176,0.23809523809523808,0.7619047619047619,0.20454545454545456,0.16198652173913045,82.09836065573771,0.42045454545454547,46,0.1590909090909091,0.17391304347826086,0.04545454545454547,0.021739130434782608,0.2826086956521739,0.11363636363636363,0
621566,FS,Splitter,Offspeed,86,0.38095238095238093,0.6190476190476191,0.4,0.2893164705882353,80.29545454545455,0.3372093023255814,17,0.3333333333333333,0.35294117647058826,0.06666666666666671,0.058823529411764705,0.17647058823529413,0.18604651162790697,0
621566,KC,Knuckle-Curve,Breaking,49,0.37037037037037035,0.6296296296296297,0.8,0.4699436363636364,87.96470588235294,0.32653061224489793,11,0.6,0.6363636363636364,0.20000000000000007,0.09090909090909091,0.36363636363636365,0.20408163265306123,0
622268,FF,4-Seam FB,Fastball,240,0.15441176470588236,0.8455882352941176,0.543859649122807,0.3556888358208955,81.93888888888888,0.55,69,0.3508771929824561,0.45588235294117646,0.19298245614035092,0.14492753623188406,0.13043478260869565,0.0875,2
622268,CH,Changeup,Offspeed,170,0.41975308641975306,0.5802469135802469,0.23529411764705882,0.2957993939393939,76.1288888888889,0.35294117647058826,35,0.23529411764705882,0.2571428571428571,0.0,0.02857142857142857,0.14285714285714285,0.2,0
622268,SI,Sinker,Fastball,166,0.1111111111111111,0.8888888888888888,0.5531914893617021,0.38981111111111105,81.59876543209876,0.5783132530120482,57,0.2127659574468085,0.3508771929824561,0.34042553191489366,0.17543859649122806,0.03508771929824561,0.06626506024096386,5
622268,SL,Slider,Breaking,132,0.3880597014925373,0.6119402985074627,0.0,0.13962074074074074,77.4225,0.4696969696969697,30,0.0,0.06896551724137931,0.0,0.06666666666666667,0.26666666666666666,0.19696969696969696,0
622268,ST,Sweeper,Breaking,105,0.3958333333333333,0.6041666666666667,0.7777777777777778,0.24481844444444445,78.97407407407407,0.3904761904761905,21,0.2777777777777778,0.38095238095238093,0.5,0.09523809523809523,0.2857142857142857,0.18095238095238095,2
622268,FC,Cutter,Fastball,88,0.2,0.8,0.5909090909090909,0.39663323076923074,79.98285714285714,0.5568181818181818,27,0.4090909090909091,0.5,0.18181818181818182,0.07407407407407407,0.18518518518518517,0.10227272727272728,0
622268,CU,Curveball,Breaking,69,0.2631578947368421,0.736842105263158,0.25,0.2731408,84.725,0.5797101449275363,15,0.25,0.4,0.0,0.13333333333333333,0.3333333333333333,0.07246376811594203,0
622268,FS,Splitter,Offspeed,58,0.41935483870967744,0.5806451612903225,0.23076923076923078,0.23584615384615384,80.55882352941177,0.41379310344827586,13,0.15384615384615385,0.15384615384615385,0.07692307692307693,0.0,0.3076923076923077,0.22413793103448276,0
622761,FF,4-Seam FB,Fastball,254,0.2191780821917808,0.7808219178082192,0.32142857142857145,0.3106316666666667,79.65046728971963,0.5236220472440944,62,0.23214285714285715,0.29508196721311475,0.0892857142857143,0.08064516129032258,0.25806451612903225,0.12598425196850394,1
622761,SI,Sinker,Fastball,142,0.0967741935483871,0.9032258064516129,0.5588235294117647,0.340003294117647,79.83921568627451,0.5140845070422535,37,0.38235294117647056,0.43243243243243246,0.17647058823529416,0.05405405405405406,0.16216216216216217,0.04225352112676056,1
622761,CH,Changeup,Offspeed,121,0.45714285714285713,0.5428571428571429,0.13793103448275862,0.17103703703703704,79.65675675675676,0.3884297520661157,30,0.10344827586206896,0.13333333333333333,0.034482758620689655,0.03333333333333333,0.3333333333333333,0.2644628099173554,0
622761,SL,Slider,Breaking,114,0.4520547945205479,0.547945205479452,0.2777777777777778,0.22523675675675675,78.36842105263156,0.4473684210526316,41,0.16666666666666666,0.2,0.11111111111111113,0.04878048780487805,0.4146341463414634,0.2894736842105263,1
622761,ST,Sweeper,Breaking,93,0.3695652173913043,0.6304347826086957,0.3157894736842105,0.1504705882352941,74.28148148148148,0.3763440860215054,19,0.15789473684210525,0.15789473684210525,0.15789473684210525,0.0,0.3157894736842105,0.1827956989247312,1
622761,FC,Cutter,Fastball,78,0.34210526315789475,0.6578947368421053,0.0625,0.43442249999999993,81.05714285714286,0.5,19,0.0625,0.21052631578947367,0.0,0.15789473684210525,0.2631578947368421,0.16666666666666666,0
622761,CU,Curveball,Breaking,48,0.3225806451612903,0.6774193548387097,0.29411764705882354,0.2105,85.78333333333335,0.4583333333333333,17,0.23529411764705882,0.23529411764705882,0.05882352941176472,0.0,0.35294117647058826,0.20833333333333334,0
623168,FF,4-Seam FB,Fastball,225,0.14516129032258066,0.8548387096774194,0.32653061224489793,0.2748602352941177,76.56041666666667,0.5688888888888889,56,0.24489795918367346,0.3148148148148148,0.08163265306122447,0.07142857142857142,0.17857142857142858,0.08,1
623168,CH,Changeup,Offspeed,100,0.18461538461538463,0.8153846153846154,0.2,0.19444117647058826,74.23,0.35,37,0.14285714285714285,0.14285714285714285,0.05714285714285716,0.0,0.05405405405405406,0.12,0
623168,SI,Sinker,Fastball,87,0.13043478260869565,0.8695652173913043,0.3181818181818182,0.2630454545454545,77.94857142857143,0.5977011494252874,26,0.2727272727272727,0.2727272727272727,0.04545454545454547,0.0,0.07692307692307693,0.06896551724137931,0
623168,SL,Slider,Breaking,72,0.2564102564102564,0.7435897435897436,0.06666666666666667,0.1495,74.008,0.4583333333333333,16,0.06666666666666667,0.06666666666666667,0.0,0.0,0.125,0.1388888888888889,0
623168,CU,Curveball,Breaking,59,0.2413793103448276,0.7586206896551724,0.13333333333333333,0.20489013333333336,85.77000000000001,0.5084745762711864,16,0.13333333333333333,0.1875,0.0,0.0,0.1875,0.11864406779661017,0
623168,FS,Splitter,Offspeed,57,0.38235294117647056,0.6176470588235294,0.09090909090909091,0.20506145454545457,79.47999999999999,0.3157894736842105,23,0.09090909090909091,0.13043478260869565,0.0,0.0,0.30434782608695654,0.22807017543859648,0
623168,ST,Sweeper,Breaking,57,0.29411764705882354,0.7058823529411764,0.23076923076923078,0.21807692307692308,74.93809523809524,0.47368421052631576,15,0.23076923076923078,0.23076923076923078,0.0,0.0,0.2,0.17543859649122806,0
623168,FC,Cutter,Fastball,39,0.058823529411764705,0.9411764705882353,0.6,0.4812605,66.99374999999999,0.4358974358974359,9,0.4,0.625,0.19999999999999996,0.1111111111111111,0.0,0.02564102564102564,0
624413,FF,4-Seam FB,Fastball,813,0.25,0.75,0.625,0.478448691891892,88.90340136054421,0.5399753997539976,194,0.30952380952380953,0.3917525773195876,0.31547619047619047,0.10309278350515463,0.21649484536082475,0.12915129151291513,15
624413,SI,Sinker,Fastball,610,0.15355805243445692,0.8464419475655431,0.49606299212598426,0.417953306122449,86.05093457943926,0.521311475409836,150,0.30708661417322836,0.4,0.1889763779527559,0.12,0.18666666666666668,0.06721311475409836,7
624413,SL,Slider,Breaking,432,0.3641304347826087,0.6358695652173914,0.5555555555555556,0.3905461666666666,84.44736842105263,0.4305555555555556,100,0.2839506172839506,0.40404040404040403,0.271604938271605,0.16,0.29,0.1550925925925926,6
624413,ST,Sweeper,Breaking,305,0.35514018691588783,0.6448598130841121,0.4444444444444444,0.3625996774193549,82.93283582089552,0.3770491803278688,65,0.24074074074074073,0.36923076923076925,0.2037037037037037,0.16923076923076924,0.3076923076923077,0.12459016393442623,3
624413,CH,Changeup,Offspeed,254,0.28346456692913385,0.7165354330708662,0.5873015873015873,0.3756213529411765,86.16666666666667,0.35826771653543305,69,0.23809523809523808,0.30434782608695654,0.34920634920634924,0.07246376811594203,0.2318840579710145,0.14173228346456693,6
624413,FC,Cutter,Fastball,224,0.25742574257425743,0.7425742574257426,0.40384615384615385,0.39791521428571425,87.85999999999999,0.5044642857142857,58,0.21153846153846154,0.29310344827586204,0.19230769230769232,0.08620689655172414,0.15517241379310345,0.11607142857142858,3
624413,CU,Curveball,Breaking,211,0.3150684931506849,0.6849315068493151,0.3333333333333333,0.26535513725490195,88.77021276595744,0.3412322274881517,51,0.1875,0.23529411764705882,0.14583333333333331,0.0392156862745098,0.3137254901960784,0.10900473933649289,2
624413,FS,Splitter,Offspeed,56,0.5217391304347826,0.4782608695652174,0.2,0.20039563636363636,89.0,0.2857142857142857,11,0.1,0.18181818181818182,0.1,0.0,0.45454545454545453,0.21428571428571427,0
624413,KC,Knuckle-Curve,Breaking,46,0.38461538461538464,0.6153846153846154,0.2857142857142857,0.22216666666666665,87.03750000000001,0.2826086956521739,14,0.14285714285714285,0.14285714285714285,0.14285714285714285,0.0,0.42857142857142855,0.21739130434782608,0
624424,FF,4-Seam FB,Fastball,434,0.21153846153846154,0.7884615384615384,0.4777777777777778,0.32273098039215686,83.60645161290323,0.5230414746543779,105,0.2222222222222222,0.3106796116504854,0.2555555555555556,0.11428571428571428,0.20952380952380953,0.10138248847926268,5
624424,CH,Changeup,Offspeed,211,0.3669724770642202,0.6330275229357798,0.32,0.28439875,81.9709677419355,0.3791469194312796,53,0.18,0.22641509433962265,0.14,0.05660377358490566,0.24528301886792453,0.1895734597156398,2
624424,SI,Sinker,Fastball,127,0.14084507042253522,0.8591549295774648,0.7317073170731707,0.4632809756097561,86.82542372881355,0.5748031496062992,46,0.4634146341463415,0.5,0.26829268292682923,0.08695652173913043,0.08695652173913043,0.07874015748031496,2
624424,CU,Curveball,Breaking,115,0.48484848484848486,0.5151515151515151,0.17647058823529413,0.2699630476190476,82.67647058823529,0.4260869565217391,23,0.11764705882352941,0.34782608695652173,0.05882352941176472,0.17391304347826086,0.4782608695652174,0.1391304347826087,0
624424,SL,Slider,Breaking,111,0.2727272727272727,0.7272727272727273,0.8636363636363636,0.4504056,84.35806451612903,0.45045045045045046,25,0.3181818181818182,0.4,0.5454545454545454,0.12,0.24,0.10810810810810811,3
624424,ST,Sweeper,Breaking,101,0.3055555555555556,0.6944444444444444,0.23076923076923078,0.19349946666666665,77.31304347826087,0.48514851485148514,18,0.15384615384615385,0.3333333333333333,0.07692307692307693,0.16666666666666666,0.3888888888888889,0.10891089108910891,0
624424,FC,Cutter,Fastball,83,0.11363636363636363,0.8863636363636364,0.5789473684210527,0.3923681904761905,83.08974358974359,0.5301204819277109,22,0.3157894736842105,0.36363636363636365,0.26315789473684215,0.045454545454545456,0.09090909090909091,0.060240963855421686,1
624424,FS,Splitter,Offspeed,54,0.5,0.5,0.13333333333333333,0.20978571428571427,85.37692307692308,0.5,15,0.06666666666666667,0.06666666666666667,0.06666666666666667,0.0,0.6666666666666666,0.24074074074074073,0
624424,KC,Knuckle-Curve,Breaking,36,0.46153846153846156,0.5384615384615384,0.5,0.162438,89.45714285714287,0.4166666666666667,11,0.2,0.2727272727272727,0.3,0.09090909090909091,0.5454545454545454,0.16666666666666666,1
624428,FF,4-Seam FB,Fastball,236,0.2066115702479339,0.7933884297520661,0.4888888888888889,0.3092151627906977,78.11627906976744,0.5127118644067796,57,0.26666666666666666,0.37735849056603776,0.2222222222222222,0.12280701754385964,0.22807017543859648,0.1059322033898305,1
624428,SI,Sinker,Fastball,102,0.20754716981132076,0.7924528301886793,0.37037037037037035,0.27884857142857145,79.35526315789474,0.6176470588235294,30,0.2962962962962963,0.36666666666666664,0.07407407407407407,0.1,0.2,0.10784313725490197,0
624428,SL,Slider,Breaking,85,0.3488372093023256,0.6511627906976745,0.19230769230769232,0.24101652173913046,81.40400000000001,0.4823529411764706,27,0.15384615384615385,0.18518518518518517,0.038461538461538464,0.037037037037037035,0.3333333333333333,0.17647058823529413,0
624428,CH,Changeup,Offspeed,68,0.2857142857142857,0.7142857142857143,0.21428571428571427,0.1535,73.74583333333334,0.3382352941176471,14,0.21428571428571427,0.21428571428571427,0.0,0.0,0.2857142857142857,0.14705882352941177,0
624428,FC,Cutter,Fastball,48,0.1724137931034483,0.8275862068965517,0.6666666666666666,0.33866666666666667,75.81052631578947,0.6666666666666666,9,0.4444444444444444,0.4444444444444444,0.2222222222222222,0.0,0.0,0.10416666666666667,0
624428,ST,Sweeper,Breaking,31,0.5,0.5,0.125,0.2961893333333333,78.5,0.45161290322580644,11,0.125,0.36363636363636365,0.0,0.09090909090909091,0.36363636363636365,0.25806451612903225,0
624428,CU,Curveball,Breaking,30,0.38461538461538464,0.6153846153846154,0.0,0.1706,80.55714285714285,0.5,6,0.0,0.0,0.0,0.0,0.3333333333333333,0.16666666666666666,0
624428,FS,Splitter,Offspeed,29,0.4666666666666667,0.5333333333333333,0.16666666666666666,0.17219714285714285,76.99999999999999,0.27586206896551724,7,0.16666666666666666,0.2857142857142857,0.0,0.14285714285714285,0.42857142857142855,0.2413793103448276,0
624431,FF,4-Seam FB,Fastball,161,0.2345679012345679,0.7654320987654322,0.5405405405405406,0.24859941176470587,84.66610169491526,0.5714285714285714,40,0.2702702702702703,0.3,0.2702702702702703,0.05,0.3,0.11801242236024845,3
624431,SI,Sinker,Fastball,137,0.05263157894736842,0.9473684210526316,0.3142857142857143,0.19059375,84.66530612244898,0.5912408759124088,35,0.2857142857142857,0.2857142857142857,0.02857142857142858,0.0,0.17142857142857143,0.021897810218978103,0
624431,SL,Slider,Breaking,98,0.30612244897959184,0.6938775510204082,0.23333333333333334,0.2372222222222222,82.43666666666665,0.45918367346938777,30,0.16666666666666666,0.16666666666666666,0.06666666666666668,0.0,0.13333333333333333,0.15306122448979592,0
624431,CH,Changeup,Offspeed,62,0.21875,0.78125,0.125,0.21421428571428572,73.70454545454545,0.41935483870967744,17,0.125,0.125,0.0,0.0,0.11764705882352941,0.11290322580645161,0
624431,ST,Sweeper,Breaking,56,0.23333333333333334,0.7666666666666666,0.3,0.2248421052631579,73.31818181818181,0.5178571428571429,21,0.15,0.15,0.15,0.0,0.19047619047619047,0.125,1
624431,CU,Curveball,Breaking,31,0.17647058823529413,0.8235294117647058,0.1,0.1522222222222222,71.88571428571429,0.3548387096774194,10,0.1,0.1,0.0,0.0,0.1,0.0967741935483871,0
624431,FC,Cutter,Fastball,31,0.17647058823529413,0.8235294117647058,1.0,0.3381818181818182,86.96428571428571,0.6129032258064516,12,0.5,0.5,0.5,0.0,0.08333333333333333,0.0967741935483871,2
624512,FF,4-Seam FB,Fastball,55,0.3,0.7,0.2222222222222222,0.291794,77.635,0.6363636363636364,20,0.2222222222222222,0.3,0.0,0.0,0.3,0.16363636363636364,0
624512,CH,Changeup,Offspeed,30,0.17647058823529413,0.8235294117647058,0.25,0.066,77.45833333333333,0.3,9,0.125,0.125,0.125,0.0,0.1111111111111111,0.1,0
624585,FF,4-Seam FB,Fastball,368,0.35602094240837695,0.6439790575916231,0.5465116279069767,0.30176068085106383,85.94234234234233,0.5434782608695652,101,0.22093023255813954,0.32,0.3255813953488372,0.10891089108910891,0.33663366336633666,0.18478260869565216,7
624585,SI,Sinker,Fastball,275,0.17073170731707318,0.8292682926829268,0.423728813559322,0.3657385205479452,84.57555555555555,0.5563636363636364,74,0.2711864406779661,0.3918918918918919,0.15254237288135591,0.16216216216216217,0.14864864864864866,0.07636363636363637,2
624585,SL,Slider,Breaking,269,0.4878048780487805,0.5121951219512195,0.35,0.25008364179104475,77.80701754385964,0.44981412639405205,67,0.18333333333333332,0.26865671641791045,0.16666666666666666,0.07462686567164178,0.417910447761194,0.22304832713754646,2
624585,ST,Sweeper,Breaking,166,0.49230769230769234,0.5076923076923077,0.35714285714285715,0.2754674838709677,82.02333333333333,0.39156626506024095,33,0.21428571428571427,0.29411764705882354,0.14285714285714288,0.09090909090909091,0.45454545454545453,0.1927710843373494,1
624585,CH,Changeup,Offspeed,146,0.4305555555555556,0.5694444444444444,0.2777777777777778,0.2106962162162162,84.25945945945946,0.3972602739726027,38,0.19444444444444445,0.23684210526315788,0.08333333333333334,0.05263157894736842,0.42105263157894735,0.21232876712328766,0
624585,FC,Cutter,Fastball,134,0.30303030303030304,0.696969696969697,0.2916666666666667,0.3744669230769231,79.65581395348836,0.43283582089552236,27,0.16666666666666666,0.25925925925925924,0.12500000000000003,0.1111111111111111,0.14814814814814814,0.14925373134328357,1
624585,CU,Curveball,Breaking,77,0.4,0.6,0.3684210526315789,0.29277777777777775,87.17647058823529,0.4155844155844156,19,0.15789473684210525,0.15789473684210525,0.21052631578947367,0.0,0.42105263157894735,0.15584415584415584,1
624585,FS,Splitter,Offspeed,42,0.56,0.43999999999999995,0.0,0.09040000000000001,72.75555555555555,0.4523809523809524,6,0.0,0.0,0.0,0.0,0.5,0.3333333333333333,0
624585,KC,Knuckle-Curve,Breaking,34,0.4666666666666667,0.5333333333333333,0.125,0.16128571428571428,91.1,0.35294117647058826,8,0.125,0.125,0.0,0.0,0.625,0.20588235294117646,0
624641,FF,4-Seam FB,Fastball,272,0.19135802469135801,0.808641975308642,0.6129032258064516,0.43339479365079375,82.47886178861788,0.5183823529411765,69,0.3870967741935484,0.42028985507246375,0.22580645161290325,0.057971014492753624,0.10144927536231885,0.11397058823529412,3
624641,SI,Sinker,Fastball,156,0.16853932584269662,0.8314606741573034,0.175,0.25609329999999997,80.4590909090909,0.5576923076923077,43,0.1,0.14285714285714285,0.07499999999999998,0.023255813953488372,0.18604651162790697,0.09615384615384616,0
624641,SL,Slider,Breaking,147,0.3956043956043956,0.6043956043956045,0.38461538461538464,0.30263862857142865,80.42127659574469,0.40816326530612246,41,0.20512820512820512,0.225,0.17948717948717952,0.0,0.2926829268292683,0.24489795918367346,1
624641,CH,Changeup,Offspeed,137,0.375,0.625,0.55,0.282789756097561,82.56470588235294,0.3357664233576642,41,0.275,0.2926829268292683,0.275,0.024390243902439025,0.36585365853658536,0.26277372262773724,3
624641,ST,Sweeper,Breaking,89,0.21818181818181817,0.7818181818181819,0.2916666666666667,0.3464376923076923,78.025,0.3707865168539326,27,0.25,0.2692307692307692,0.041666666666666685,0.037037037037037035,0.14814814814814814,0.1348314606741573,0
624641,FC,Cutter,Fastball,67,0.2608695652173913,0.7391304347826086,0.1111111111111111,0.259256,81.55312500000001,0.47761194029850745,19,0.1111111111111111,0.15789473684210525,0.0,0.0,0.10526315789473684,0.1791044776119403,0
624641,CU,Curveball,Breaking,52,0.38461538461538464,0.6153846153846154,0.2727272727272727,0.3206126666666667,87.39333333333333,0.4230769230769231,12,0.2727272727272727,0.3333333333333333,0.0,0.0,0.25,0.19230769230769232,0
628451,SI,Sinker,Fastball,28,0.09090909090909091,0.9090909090909091,0.2222222222222222,0.2230633333333333,84.83,0.6071428571428571,11,0.2222222222222222,0.36363636363636365,0.0,0.18181818181818182,0.18181818181818182,0.03571428571428571,0
628451,FF,4-Seam FB,Fastball,25,0.06666666666666667,0.9333333333333333,0.16666666666666666,0.08833333333333333,80.12857142857142,0.72,6,0.16666666666666666,0.16666666666666666,0.0,0.0,0.16666666666666666,0.04,0
630105,FF,4-Seam FB,Fastball,641,0.11846689895470383,0.8815331010452961,0.464,0.3665351714285714,81.31814345991562,0.5397815912636506,150,0.336,0.43537414965986393,0.128,0.13333333333333333,0.12,0.0530421216848674,3
630105,SI,Sinker,Fastball,279,0.15315315315315314,0.8468468468468469,0.27419354838709675,0.280864676056338,84.16117647058823,0.5197132616487455,72,0.22580645161290322,0.3333333333333333,0.04838709677419353,0.125,0.19444444444444445,0.06093189964157706,0
630105,CH,Changeup,Offspeed,209,0.40336134453781514,0.5966386554621849,0.11538461538461539,0.14210346153846157,77.9609375,0.3253588516746411,55,0.11538461538461539,0.14814814814814814,0.0,0.03636363636363636,0.32727272727272727,0.22966507177033493,0
630105,SL,Slider,Breaking,175,0.24324324324324326,0.7567567567567568,0.2222222222222222,0.24974831578947365,83.88571428571427,0.4342857142857143,40,0.1111111111111111,0.2,0.1111111111111111,0.025,0.275,0.10285714285714286,1
630105,FC,Cutter,Fastball,142,0.15384615384615385,0.8461538461538461,0.16129032258064516,0.24056121212121215,83.46122448979592,0.4788732394366197,38,0.12903225806451613,0.25,0.03225806451612903,0.10526315789473684,0.13157894736842105,0.07042253521126761,0
630105,CU,Curveball,Breaking,126,0.3103448275862069,0.6896551724137931,0.41935483870967744,0.19977933333333334,83.76857142857143,0.46825396825396826,32,0.25806451612903225,0.28125,0.16129032258064518,0.03125,0.375,0.14285714285714285,1
630105,ST,Sweeper,Breaking,112,0.2962962962962963,0.7037037037037037,0.4166666666666667,0.2134952,77.52857142857142,0.5178571428571429,25,0.20833333333333334,0.24,0.20833333333333334,0.04,0.48,0.14285714285714285,1
630105,FS,Splitter,Offspeed,66,0.21875,0.78125,0.5333333333333333,0.26608624999999997,77.62608695652175,0.3939393939393939,16,0.3333333333333333,0.375,0.2,0.0625,0.1875,0.10606060606060606,1
640459,FF,4-Seam FB,Fastball,55,0.16666666666666666,0.8333333333333334,0.38461538461538464,0.2638128571428571,84.14444444444445,0.5636363636363636,14,0.23076923076923078,0.2857142857142857,0.15384615384615385,0.07142857142857142,0.21428571428571427,0.10909090909090909,0
640459,CH,Changeup,Offspeed,44,0.7619047619047619,0.23809523809523814,0.4,0.073625,79.92,0.25,10,0.2,0.2,0.2,0.0,0.7,0.36363636363636365,0
640459,SI,Sinker,Fastball,38,0.13043478260869565,0.8695652173913043,0.0,0.10771428571428573,77.9888888888889,0.6578947368421053,8,0.0,0.0,0.0,0.0,0.0,0.07894736842105263,0
640459,FC,Cutter,Fastball,27,0.2222222222222222,0.7777777777777778,0.7142857142857143,0.3327685714285714,76.4357142857143,0.48148148148148145,8,0.2857142857142857,0.375,0.4285714285714286,0.125,0.125,0.14814814814814814,1
640492,FF,4-Seam FB,Fastball,36,0.2608695652173913,0.7391304347826086,0.4,0.295676,77.07333333333332,0.5,7,0.2,0.42857142857142855,0.2,0.2857142857142857,0.2857142857142857,0.16666666666666666,0
640902,FF,4-Seam FB,Fastball,134,0.19736842105263158,0.8026315789473684,0.3,0.331735,82.60701754385966,0.5522388059701493,34,0.3,0.38235294117647056,0.0,0.11764705882352941,0.23529411764705882,0.11194029850746269,0
640902,SL,Slider,Breaking,89,0.28205128205128205,0.717948717948718,0.15789473684210525,0.262569,79.04074074074076,0.4044943820224719,22,0.10526315789473684,0.14285714285714285,0.05263157894736842,0.045454545454545456,0.18181818181818182,0.12359550561797752,0
640902,SI,Sinker,Fastball,85,0.16216216216216217,0.8378378378378378,0.3,0.1908621052631579,85.76296296296296,0.6,21,0.3,0.3333333333333333,0.0,0.047619047619047616,0.23809523809523808,0.07058823529411765,0
640902,FC,Cutter,Fastball,43,0.2727272727272727,0.7272727272727273,1.0,0.4970542857142857,80.85333333333332,0.5813953488372093,7,0.5,0.5714285714285714,0.5,0.14285714285714285,0.14285714285714285,0.13953488372093023,1
640902,ST,Sweeper,Breaking,36,0.15384615384615385,0.8461538461538461,0.75,0.8071463999999999,86.31818181818181,0.3333333333333333,6,0.75,0.8333333333333334,0.0,0.16666666666666666,0.0,0.05555555555555555,0
640902,CH,Changeup,Offspeed,32,0.35294117647058826,0.6470588235294117,0.3333333333333333,0.3875,80.05454545454546,0.375,6,0.3333333333333333,0.3333333333333333,0.0,0.0,0.16666666666666666,0.1875,0
641343,FF,4-Seam FB,Fastball,704,0.21070234113712374,0.7892976588628763,0.5815602836879432,0.42429621052631583,84.71396396396396,0.5213068181818182,177,0.3262411347517731,0.4632768361581921,0.25531914893617014,0.1977401129943503,0.21468926553672316,0.08948863636363637,8
641343,SI,Sinker,Fastball,441,0.14917127071823205,0.850828729281768,0.5280898876404494,0.3979766538461539,83.82695035460992,0.5873015873015873,110,0.2808988764044944,0.41818181818181815,0.247191011235955,0.18181818181818182,0.13636363636363635,0.061224489795918366,5
641343,SL,Slider,Breaking,353,0.3706293706293706,0.6293706293706294,0.47435897435897434,0.3374460674157303,85.75862068965517,0.41359773371104813,93,0.23076923076923078,0.3548387096774194,0.24358974358974356,0.16129032258064516,0.3548387096774194,0.1501416430594901,5
641343,CH,Changeup,Offspeed,278,0.4563106796116505,0.5436893203883495,0.6046511627906976,0.38251956521739133,86.2576923076923,0.38489208633093525,50,0.32558139534883723,0.4,0.2790697674418604,0.12,0.3,0.16906474820143885,3
641343,CU,Curveball,Breaking,187,0.4520547945205479,0.547945205479452,0.12121212121212122,0.22662448780487804,81.05641025641025,0.36363636363636365,41,0.030303030303030304,0.1951219512195122,0.09090909090909091,0.12195121951219512,0.4146341463414634,0.17647058823529413,1
641343,ST,Sweeper,Breaking,171,0.35135135135135137,0.6486486486486487,0.6216216216216216,0.3132246153846154,84.43863636363636,0.45614035087719296,39,0.2702702702702703,0.3076923076923077,0.3513513513513513,0.05128205128205128,0.41025641025641024,0.15204678362573099,4
641343,FC,Cutter,Fastball,150,0.3148148148148148,0.6851851851851851,0.45161290322580644,0.35494000000000003,83.83235294117648,0.4266666666666667,37,0.22580645161290322,0.32432432432432434,0.22580645161290322,0.13513513513513514,0.2702702702702703,0.11333333333333333,2
641343,FS,Splitter,Offspeed,118,0.4186046511627907,0.5813953488372092,0.36363636363636365,0.3086686956521739,91.5,0.3389830508474576,23,0.3181818181818182,0.34782608695652173,0.04545454545454547,0.043478260869565216,0.30434782608695654,0.15254237288135594,0
641343,KC,Knuckle-Curve,Breaking,40,0.42857142857142855,0.5714285714285714,0.8461538461538461,0.3488753846153846,92.96,0.4,14,0.38461538461538464,0.42857142857142855,0.4615384615384615,0.07142857142857142,0.42857142857142855,0.225,2
641355,FF,4-Seam FB,Fastball,676,0.17133956386292834,0.8286604361370716,0.37888198757763975,0.34194719576719573,83.70546875000001,0.5059171597633136,192,0.2360248447204969,0.3489583333333333,0.14285714285714285,0.15104166666666666,0.16666666666666666,0.08136094674556213,4
641355,SI,Sinker,Fastball,364,0.10828025477707007,0.89171974522293,0.4421052631578947,0.37220500000000006,86.33358208955224,0.6126373626373627,110,0.30526315789473685,0.39090909090909093,0.13684210526315788,0.12727272727272726,0.08181818181818182,0.046703296703296704,2
641355,SL,Slider,Breaking,257,0.2413793103448276,0.7586206896551724,0.7307692307692307,0.4169186885245902,84.17375000000001,0.46303501945525294,62,0.36538461538461536,0.43548387096774194,0.36538461538461536,0.12903225806451613,0.08064516129032258,0.10894941634241245,5
641355,CH,Changeup,Offspeed,246,0.19298245614035087,0.8070175438596492,0.23214285714285715,0.25401999999999997,82.16410256410256,0.37398373983739835,61,0.17857142857142858,0.22950819672131148,0.053571428571428575,0.04918032786885246,0.16393442622950818,0.08943089430894309,0
641355,FC,Cutter,Fastball,183,0.1717171717171717,0.8282828282828283,0.5,0.3629893333333333,83.32432432432432,0.5081967213114754,47,0.40476190476190477,0.45652173913043476,0.09523809523809523,0.0851063829787234,0.06382978723404255,0.09289617486338798,1
641355,ST,Sweeper,Breaking,149,0.2608695652173913,0.7391304347826086,0.3,0.17596666666666666,80.96382978723405,0.48322147651006714,31,0.13333333333333333,0.12903225806451613,0.16666666666666666,0.0,0.2903225806451613,0.12080536912751678,1
641355,CU,Curveball,Breaking,139,0.4057971014492754,0.5942028985507246,0.5135135135135135,0.3498888888888889,86.64473684210526,0.38848920863309355,37,0.2702702702702703,0.2702702702702703,0.2432432432432432,0.0,0.2972972972972973,0.2014388489208633,2
641355,FS,Splitter,Offspeed,101,0.26785714285714285,0.7321428571428572,0.34375,0.26648176470588236,85.04411764705883,0.36633663366336633,34,0.15625,0.17647058823529413,0.1875,0.029411764705882353,0.3235294117647059,0.1485148514851485,2
641355,KC,Knuckle-Curve,Breaking,25,0.5555555555555556,0.4444444444444444,0.0,0.3093333333333333,70.825,0.4,3,0.0,0.0,0.0,0.0,0.3333333333333333,0.2,0
641487,FF,4-Seam FB,Fastball,734,0.176056338028169,0.823943661971831,0.41732283464566927,0.3832081676646707,81.90366972477064,0.5449591280653951,167,0.25984251968503935,0.4311377245508982,0.15748031496062992,0.2215568862275449,0.16167664670658682,0.0681198910081744,5
641487,SI,Sinker,Fastball,340,0.048,0.952,0.3333333333333333,0.3411955463917526,81.91929824561403,0.5647058823529412,99,0.24691358024691357,0.3711340206185567,0.08641975308641975,0.12121212121212122,0.1111111111111111,0.01764705882352941,2
641487,SL,Slider,Breaking,250,0.24509803921568626,0.7549019607843137,0.27586206896551724,0.2243793548387097,79.52083333333333,0.476,63,0.1724137931034483,0.2222222222222222,0.10344827586206895,0.06349206349206349,0.31746031746031744,0.1,2
641487,FC,Cutter,Fastball,222,0.16279069767441862,0.8372093023255813,0.043478260869565216,0.1913069166666667,78.08194444444445,0.5990990990990991,48,0.043478260869565216,0.08333333333333333,0.0,0.020833333333333332,0.22916666666666666,0.06306306306306306,0
641487,CH,Changeup,Offspeed,143,0.13725490196078433,0.8627450980392157,0.6923076923076923,0.345246875,83.56666666666666,0.34965034965034963,32,0.34615384615384615,0.4375,0.34615384615384615,0.15625,0.1875,0.04895104895104895,2
641487,ST,Sweeper,Breaking,133,0.22448979591836735,0.7755102040816326,0.43333333333333335,0.29823716129032257,81.83529411764705,0.45112781954887216,31,0.3,0.3225806451612903,0.13333333333333336,0.0,0.22580645161290322,0.08270676691729323,1
641487,CU,Curveball,Breaking,105,0.2222222222222222,0.7777777777777778,0.625,0.32131647058823526,82.80384615384615,0.4,17,0.25,0.29411764705882354,0.375,0.058823529411764705,0.35294117647058826,0.0761904761904762,2
641487,FS,Splitter,Offspeed,75,0.13793103448275862,0.8620689655172413,0.4166666666666667,0.42005428571428566,85.71739130434783,0.3466666666666667,14,0.25,0.35714285714285715,0.16666666666666669,0.14285714285714285,0.07142857142857142,0.05333333333333334,0
641487,KC,Knuckle-Curve,Breaking,45,0.2857142857142857,0.7142857142857143,0.0,0.1779436363636364,83.25,0.37777777777777777,11,0.0,0.09090909090909091,0.0,0.09090909090909091,0.36363636363636365,0.13333333333333333,0
641555,FF,4-Seam FB,Fastball,115,0.0967741935483871,0.9032258064516129,0.5294117647058824,0.339629375,86.22545454545454,0.6,38,0.35294117647058826,0.42105263157894735,0.1764705882352941,0.10526315789473684,0.05263157894736842,0.05217391304347826,1
641555,FC,Cutter,Fastball,54,0.3333333333333333,0.6666666666666667,0.16666666666666666,0.1937,82.5923076923077,0.5,12,0.08333333333333333,0.08333333333333333,0.08333333333333333,0.0,0.16666666666666666,0.14814814814814814,0
641555,SI,Sinker,Fastball,51,0.08,0.92,0.5,0.31679749999999995,87.76818181818182,0.5294117647058824,20,0.2777777777777778,0.35,0.2222222222222222,0.1,0.05,0.0392156862745098,0
641555,CU,Curveball,Breaking,48,0.6153846153846154,0.3846153846153846,0.0,0.03,73.2,0.375,7,0.0,0.0,0.0,0.0,0.7142857142857143,0.16666666666666666,0
641555,SL,Slider,Breaking,46,0.375,0.625,0.0,0.1679,83.73846153846154,0.5217391304347826,12,0.0,0.0,0.0,0.0,0.3333333333333333,0.1956521739130435,0
641555,CH,Changeup,Offspeed,34,0.25,0.75,0.5714285714285714,0.26559999999999995,73.075,0.4117647058823529,7,0.42857142857142855,0.42857142857142855,0.14285714285714285,0.0,0.14285714285714285,0.11764705882352941,0
641555,ST,Sweeper,Breaking,29,0.45454545454545453,0.5454545454545454,0.0,0.191,77.83333333333333,0.41379310344827586,5,0.0,0.0,0.0,0.0,0.4,0.1724137931034483,0
641584,FF,4-Seam FB,Fastball,150,0.20238095238095238,0.7976190476190477,0.3157894736842105,0.20270742857142857,76.75483870967744,0.6,42,0.15789473684210525,0.23809523809523808,0.15789473684210525,0.09523809523809523,0.3333333333333333,0.11333333333333333,1
641584,SI,Sinker,Fastball,65,0.12903225806451613,0.8709677419354839,0.55,0.21266666666666667,77.65,0.7076923076923077,20,0.35,0.35,0.20000000000000007,0.0,0.35,0.06153846153846154,1
641584,CH,Changeup,Offspeed,56,0.23809523809523808,0.7619047619047619,0.7,0.359738,81.43125,0.375,11,0.3,0.36363636363636365,0.39999999999999997,0.09090909090909091,0.09090909090909091,0.08928571428571429,1
641584,SL,Slider,Breaking,51,0.4782608695652174,0.5217391304347826,0.2,0.20527600000000001,84.44545454545454,0.39215686274509803,12,0.1,0.25,0.1,0.16666666666666666,0.4166666666666667,0.21568627450980393,0
641584,FC,Cutter,Fastball,43,0.1111111111111111,0.8888888888888888,0.2857142857142857,0.4320844444444445,83.43571428571428,0.46511627906976744,9,0.14285714285714285,0.3333333333333333,0.14285714285714285,0.2222222222222222,0.0,0.046511627906976744,0
641584,ST,Sweeper,Breaking,30,0.14285714285714285,0.8571428571428572,0.0,0.69838,78.35000000000001,0.36666666666666664,3,0.0,0.3333333333333333,0.0,0.3333333333333333,0.3333333333333333,0.03333333333333333,0
641584,CU,Curveball,Breaking,29,0.14285714285714285,0.8571428571428572,0.6666666666666666,0.2955,88.43333333333334,0.41379310344827586,3,0.6666666666666666,0.6666666666666666,0.0,0.0,0.0,0.034482758620689655,0
641598,FF,4-Seam FB,Fastball,199,0.22549019607843138,0.7745098039215687,0.39215686274509803,0.32953777777777776,88.33472222222223,0.5678391959798995,60,0.21568627450980393,0.31666666666666665,0.1764705882352941,0.13333333333333333,0.3,0.11557788944723618,3
641598,SL,Slider,Breaking,135,0.6415094339622641,0.3584905660377359,0.22727272727272727,0.21666080000000001,81.66666666666667,0.3851851851851852,26,0.09090909090909091,0.23076923076923078,0.13636363636363635,0.15384615384615385,0.4230769230769231,0.2518518518518518,1
641598,SI,Sinker,Fastball,134,0.17543859649122806,0.8245614035087719,0.4444444444444444,0.41529935483870967,87.98478260869565,0.5298507462686567,33,0.25925925925925924,0.3939393939393939,0.18518518518518517,0.18181818181818182,0.18181818181818182,0.07462686567164178,1
641598,ST,Sweeper,Breaking,60,0.4583333333333333,0.5416666666666667,0.2727272727272727,0.23823000000000003,82.06923076923077,0.3333333333333333,13,0.18181818181818182,0.3076923076923077,0.09090909090909088,0.15384615384615385,0.46153846153846156,0.18333333333333332,0
641598,CH,Changeup,Offspeed,59,0.4117647058823529,0.5882352941176471,0.18181818181818182,0.27151784615384617,78.45,0.2711864406779661,13,0.09090909090909091,0.23076923076923078,0.09090909090909091,0.07692307692307693,0.3076923076923077,0.11864406779661017,0
641598,FC,Cutter,Fastball,53,0.3333333333333333,0.6666666666666667,0.2222222222222222,0.2930475,81.48571428571428,0.37735849056603776,10,0.2222222222222222,0.3,0.0,0.1,0.4,0.1320754716981132,0
641598,CU,Curveball,Breaking,31,0.4,0.6,0.0,0.004,82.7,0.25806451612903225,4,0.0,0.0,0.0,0.0,0.75,0.12903225806451613,0
641680,FF,4-Seam FB,Fastball,556,0.19148936170212766,0.8085106382978724,0.4166666666666667,0.32576541333333336,83.71152073732719,0.5161870503597122,153,0.24242424242424243,0.32894736842105265,0.17424242424242425,0.1111111111111111,0.17647058823529413,0.09712230215827339,5
641680,CH,Changeup,Offspeed,205,0.24509803921568626,0.7549019607843137,0.3392857142857143,0.23335964285714286,79.3042857142857,0.36585365853658536,59,0.19642857142857142,0.23728813559322035,0.14285714285714288,0.05084745762711865,0.15254237288135594,0.12195121951219512,2
641680,SI,Sinker,Fastball,200,0.1686746987951807,0.8313253012048193,0.5,0.35552,86.1515625,0.56,40,0.2631578947368421,0.3,0.2368421052631579,0.05,0.175,0.07,2
641680,FC,Cutter,Fastball,147,0.24615384615384617,0.7538461538461538,0.12,0.28661214285714287,79.06444444444445,0.564625850340136,29,0.12,0.2413793103448276,0.0,0.13793103448275862,0.13793103448275862,0.10884353741496598,0
641680,SL,Slider,Breaking,142,0.3176470588235294,0.6823529411764706,0.2,0.18613714285714286,79.41071428571429,0.43661971830985913,43,0.15,0.18604651162790697,0.05000000000000002,0.046511627906976744,0.27906976744186046,0.19014084507042253,0
641680,ST,Sweeper,Breaking,97,0.14545454545454545,0.8545454545454545,0.2,0.16935714285714284,78.92222222222222,0.5773195876288659,30,0.13333333333333333,0.13333333333333333,0.06666666666666668,0.0,0.16666666666666666,0.08247422680412371,0
641680,CU,Curveball,Breaking,88,0.2631578947368421,0.736842105263158,0.2857142857142857,0.23914285714285716,84.04444444444444,0.4659090909090909,21,0.19047619047619047,0.19047619047619047,0.09523809523809523,0.0,0.2857142857142857,0.11363636363636363,0
641680,FS,Splitter,Offspeed,42,0.20833333333333334,0.7916666666666666,0.6842105263157895,0.3621666666666667,81.9,0.30952380952380953,19,0.21052631578947367,0.21052631578947367,0.4736842105263158,0.0,0.10526315789473684,0.11904761904761904,3
641820,FF,4-Seam FB,Fastball,35,0.2608695652173913,0.7391304347826086,0.6,0.39740000000000003,81.07058823529412,0.5714285714285714,11,0.3,0.36363636363636365,0.3,0.09090909090909091,0.18181818181818182,0.17142857142857143,0
641820,SL,Slider,Breaking,30,0.35294117647058826,0.6470588235294117,0.25,0.171,78.07142857142857,0.36666666666666664,5,0.25,0.4,0.0,0.2,0.0,0.2,0
641857,FF,4-Seam FB,Fastball,550,0.19455252918287938,0.8054474708171206,0.5092592592592593,0.3509895652173913,82.02187500000001,0.56,119,0.28703703703703703,0.3474576271186441,0.22222222222222227,0.08403361344537816,0.24369747899159663,0.09090909090909091,5
641857,SL,Slider,Breaking,200,0.4020618556701031,0.5979381443298969,0.17391304347826086,0.23227374999999997,86.49814814814815,0.44,50,0.15217391304347827,0.2,0.021739130434782594,0.06,0.36,0.195,0
641857,SI,Sinker,Fastball,187,0.21052631578947367,0.7894736842105263,0.35,0.36603772727272726,82.43793103448276,0.6203208556149733,48,0.2,0.3191489361702128,0.14999999999999997,0.14583333333333334,0.20833333333333334,0.0855614973262032,2
641857,CU,Curveball,Breaking,138,0.4074074074074074,0.5925925925925926,0.41379310344827586,0.3009901333333333,84.82142857142857,0.427536231884058,32,0.20689655172413793,0.25,0.20689655172413793,0.0,0.375,0.15942028985507245,2
641857,CH,Changeup,Offspeed,136,0.36486486486486486,0.6351351351351351,0.34210526315789475,0.2202988888888889,82.73333333333333,0.4117647058823529,40,0.23684210526315788,0.275,0.10526315789473686,0.05,0.35,0.19852941176470587,1
641857,FC,Cutter,Fastball,131,0.26153846153846155,0.7384615384615385,0.45161290322580644,0.3490245161290323,87.41162790697673,0.5267175572519084,33,0.2903225806451613,0.3333333333333333,0.16129032258064513,0.06060606060606061,0.18181818181818182,0.1297709923664122,1
641857,ST,Sweeper,Breaking,113,0.5348837209302325,0.4651162790697675,0.0,0.1669911111111111,80.47894736842105,0.40707964601769914,27,0.0,0.07407407407407407,0.0,0.07407407407407407,0.5925925925925926,0.20353982300884957,0
641857,FS,Splitter,Offspeed,68,0.3870967741935484,0.6129032258064516,0.4117647058823529,0.3228755555555555,80.34444444444443,0.35294117647058826,19,0.23529411764705882,0.3157894736842105,0.1764705882352941,0.10526315789473684,0.10526315789473684,0.17647058823529413,0
641857,KC,Knuckle-Curve,Breaking,33,0.5294117647058824,0.47058823529411764,0.125,0.01757142857142857,89.225,0.2727272727272727,8,0.125,0.125,0.0,0.0,0.625,0.2727272727272727,0
641933,FF,4-Seam FB,Fastball,297,0.24324324324324326,0.7567567567567568,0.4393939393939394,0.33732450704225353,87.70377358490566,0.5218855218855218,74,0.21212121212121213,0.2972972972972973,0.22727272727272727,0.10810810810810811,0.20270270270270271,0.12121212121212122,4
641933,SI,Sinker,Fastball,214,0.1326530612244898,0.8673469387755102,0.5957446808510638,0.4135218245614035,85.28157894736842,0.5186915887850467,57,0.3191489361702128,0.43859649122807015,0.276595744680851,0.14035087719298245,0.10526315789473684,0.06074766355140187,3
641933,SL,Slider,Breaking,164,0.43023255813953487,0.5697674418604651,0.35,0.2645323076923077,80.08000000000001,0.4268292682926829,42,0.25,0.2857142857142857,0.09999999999999998,0.047619047619047616,0.38095238095238093,0.22560975609756098,1
641933,CH,Changeup,Offspeed,134,0.3561643835616438,0.6438356164383562,0.1282051282051282,0.20965350000000002,77.99148936170212,0.3656716417910448,42,0.1282051282051282,0.19047619047619047,0.0,0.07142857142857142,0.3333333333333333,0.19402985074626866,0
641933,ST,Sweeper,Breaking,117,0.4,0.6,0.23529411764705882,0.30847600000000003,83.80499999999999,0.42735042735042733,21,0.058823529411764705,0.23809523809523808,0.1764705882352941,0.19047619047619047,0.5238095238095238,0.13675213675213677,1
641933,FC,Cutter,Fastball,99,0.52,0.48,0.21052631578947367,0.1313884210526316,80.535,0.43434343434343436,20,0.21052631578947367,0.25,0.0,0.05,0.4,0.26262626262626265,0
641933,CU,Curveball,Breaking,41,0.3333333333333333,0.6666666666666667,0.8571428571428571,0.38485714285714284,82.9,0.4878048780487805,7,0.2857142857142857,0.2857142857142857,0.5714285714285714,0.0,0.42857142857142855,0.07317073170731707,1
642020,SI,Sinker,Fastball,28,0.2777777777777778,0.7222222222222222,0.125,0.163375,70.7090909090909,0.75,10,0.125,0.125,0.0,0.0,0.3,0.17857142857142858,0
642020,FF,4-Seam FB,Fastball,26,0.4166666666666667,0.5833333333333333,0.0,0.1412,80.0,0.5384615384615384,5,0.0,0.0,0.0,0.0,0.2,0.19230769230769232,0
642086,FF,4-Seam FB,Fastball,343,0.1301775147928994,0.8698224852071006,0.43023255813953487,0.37718725274725273,85.59014084507042,0.5597667638483965,96,0.3023255813953488,0.35789473684210527,0.12790697674418605,0.08333333333333333,0.14583333333333334,0.0641399416909621,3
642086,SI,Sinker,Fastball,204,0.07777777777777778,0.9222222222222223,0.2127659574468085,0.2134391836734694,83.04864864864865,0.5490196078431373,54,0.19148936170212766,0.25925925925925924,0.021276595744680854,0.09259259259259259,0.1111111111111111,0.03431372549019608,0
642086,CH,Changeup,Offspeed,131,0.3181818181818182,0.6818181818181819,0.2222222222222222,0.187868,77.97500000000001,0.33587786259541985,37,0.1388888888888889,0.16216216216216217,0.08333333333333331,0.02702702702702703,0.16216216216216217,0.16030534351145037,1
642086,SL,Slider,Breaking,129,0.3728813559322034,0.6271186440677966,0.4117647058823529,0.40575130434782614,78.34,0.35658914728682173,24,0.23529411764705882,0.4166666666666667,0.1764705882352941,0.25,0.16666666666666666,0.17054263565891473,1
642086,FC,Cutter,Fastball,104,0.26,0.74,0.5,0.300512380952381,86.40294117647058,0.47115384615384615,22,0.3,0.36363636363636365,0.2,0.09090909090909091,0.09090909090909091,0.125,1
642086,ST,Sweeper,Breaking,99,0.19148936170212766,0.8085106382978724,0.36,0.29885407999999997,79.27058823529411,0.494949494949495,27,0.24,0.2962962962962963,0.12,0.037037037037037035,0.2222222222222222,0.09090909090909091,0
642086,CU,Curveball,Breaking,89,0.3137254901960784,0.6862745098039216,0.5185185185185185,0.26057142857142856,86.146875,0.48314606741573035,28,0.37037037037037035,0.35714285714285715,0.14814814814814814,0.0,0.25,0.1797752808988764,1
642086,FS,Splitter,Offspeed,65,0.27586206896551724,0.7241379310344828,0.5625,0.35139875,83.035,0.4153846153846154,17,0.1875,0.23529411764705882,0.375,0.058823529411764705,0.058823529411764705,0.12307692307692308,2
642201,FF,4-Seam FB,Fastball,267,0.25874125874125875,0.7412587412587412,0.41379310344827586,0.24586677966101694,79.09072164948454,0.5468164794007491,61,0.27586206896551724,0.3114754098360656,0.13793103448275862,0.04918032786885246,0.3770491803278688,0.13857677902621723,1
642201,SI,Sinker,Fastball,138,0.14925373134328357,0.8507462686567164,0.6052631578947368,0.3347537142857143,83.85849056603773,0.6014492753623188,39,0.39473684210526316,0.41025641025641024,0.21052631578947367,0.02564102564102564,0.07692307692307693,0.07246376811594203,2
642201,SL,Slider,Breaking,118,0.23809523809523808,0.7619047619047619,0.5185185185185185,0.2727979310344828,77.56888888888889,0.4322033898305085,30,0.25925925925925924,0.3333333333333333,0.25925925925925924,0.1,0.16666666666666666,0.1271186440677966,2
642201,CH,Changeup,Offspeed,104,0.38596491228070173,0.6140350877192983,0.16666666666666666,0.28627461538461535,81.60882352941178,0.2980769230769231,27,0.125,0.2222222222222222,0.04166666666666666,0.1111111111111111,0.14814814814814814,0.21153846153846154,0
642201,ST,Sweeper,Breaking,67,0.34375,0.65625,0.35294117647058826,0.24552111111111113,83.34761904761906,0.4925373134328358,19,0.17647058823529413,0.2631578947368421,0.17647058823529413,0.05263157894736842,0.3157894736842105,0.16417910447761194,1
642201,FC,Cutter,Fastball,62,0.16216216216216217,0.8378378378378378,0.6875,0.2933125,78.88387096774193,0.5967741935483871,18,0.25,0.3333333333333333,0.4375,0.05555555555555555,0.05555555555555555,0.0967741935483871,2
642201,CU,Curveball,Breaking,41,0.5714285714285714,0.4285714285714286,0.0,0.17676457142857144,86.53999999999999,0.36585365853658536,7,0.0,0.14285714285714285,0.0,0.0,0.2857142857142857,0.1951219512195122,0
642215,FF,4-Seam FB,Fastball,195,0.25773195876288657,0.7422680412371134,0.3673469387755102,0.30846654545454544,82.71060606060605,0.5128205128205128,57,0.24489795918367346,0.3392857142857143,0.12244897959183676,0.12280701754385964,0.2631578947368421,0.1282051282051282,1
642215,SI,Sinker,Fastball,137,0.2923076923076923,0.7076923076923076,0.3,0.28538413793103445,83.00444444444445,0.6204379562043796,33,0.26666666666666666,0.3333333333333333,0.033333333333333326,0.09090909090909091,0.21212121212121213,0.1386861313868613,0
642215,CH,Changeup,Offspeed,129,0.4307692307692308,0.5692307692307692,0.07692307692307693,0.16713519999999998,81.13103448275862,0.35658914728682173,28,0.07692307692307693,0.14285714285714285,0.0,0.03571428571428571,0.35714285714285715,0.21705426356589147,0
642215,SL,Slider,Breaking,108,0.42857142857142855,0.5714285714285714,0.3333333333333333,0.30242,78.29473684210525,0.4444444444444444,18,0.26666666666666666,0.3888888888888889,0.06666666666666665,0.16666666666666666,0.3333333333333333,0.1388888888888889,0
642215,ST,Sweeper,Breaking,96,0.3684210526315789,0.631578947368421,0.2222222222222222,0.176357,74.1047619047619,0.3958333333333333,21,0.05555555555555555,0.19047619047619047,0.16666666666666666,0.14285714285714285,0.47619047619047616,0.14583333333333334,1
642215,FC,Cutter,Fastball,68,0.20454545454545456,0.7954545454545454,0.3888888888888889,0.2424655555555556,79.13666666666667,0.6764705882352942,19,0.2222222222222222,0.2631578947368421,0.16666666666666669,0.05263157894736842,0.2631578947368421,0.1323529411764706,1
642215,CU,Curveball,Breaking,49,0.45454545454545453,0.5454545454545454,1.0,0.34962171428571426,75.21666666666665,0.46938775510204084,7,0.3333333333333333,0.42857142857142855,0.6666666666666667,0.0,0.2857142857142857,0.10204081632653061,1
642350,FF,4-Seam FB,Fastball,294,0.33793103448275863,0.6620689655172414,0.48214285714285715,0.40523547540983607,83.94444444444443,0.5068027210884354,67,0.25,0.35384615384615387,0.23214285714285715,0.1044776119402985,0.23880597014925373,0.16666666666666666,4
642350,SI,Sinker,Fastball,168,0.2,0.8,0.36585365853658536,0.248789756097561,80.14814814814815,0.5773809523809523,43,0.2682926829268293,0.2857142857142857,0.09756097560975607,0.023255813953488372,0.18604651162790697,0.09523809523809523,0
642350,SL,Slider,Breaking,145,0.5287356321839081,0.47126436781609193,0.5,0.298949375,83.29210526315791,0.3793103448275862,33,0.3125,0.3333333333333333,0.1875,0.030303030303030304,0.48484848484848486,0.31724137931034485,1
642350,CH,Changeup,Offspeed,127,0.4084507042253521,0.5915492957746479,0.3939393939393939,0.26690909090909093,81.4457142857143,0.36220472440944884,33,0.21212121212121213,0.21212121212121213,0.1818181818181818,0.0,0.42424242424242425,0.2283464566929134,2
642350,CU,Curveball,Breaking,95,0.35294117647058826,0.6470588235294117,0.20689655172413793,0.24332440000000002,80.68387096774192,0.45263157894736844,31,0.1724137931034483,0.22580645161290322,0.03448275862068964,0.03225806451612903,0.3870967741935484,0.18947368421052632,0
642350,FC,Cutter,Fastball,75,0.4166666666666667,0.5833333333333333,0.7333333333333333,0.3455077777777778,81.04736842105264,0.4666666666666667,19,0.26666666666666666,0.3684210526315789,0.4666666666666666,0.15789473684210525,0.3684210526315789,0.2,2
642350,ST,Sweeper,Breaking,65,0.5,0.5,0.058823529411764705,0.17912499999999998,77.10000000000001,0.4307692307692308,17,0.058823529411764705,0.058823529411764705,0.0,0.0,0.47058823529411764,0.3230769230769231,0
642708,FF,4-Seam FB,Fastball,253,0.21323529411764705,0.7867647058823529,0.22413793103448276,0.235066875,81.97200000000001,0.5138339920948617,65,0.15517241379310345,0.23076923076923078,0.06896551724137931,0.09230769230769231,0.23076923076923078,0.11462450592885376,0
642708,SI,Sinker,Fastball,169,0.1348314606741573,0.8651685393258427,0.32608695652173914,0.3400509523809524,86.11285714285715,0.48520710059171596,51,0.2608695652173913,0.3137254901960784,0.06521739130434784,0.0784313725490196,0.13725490196078433,0.07100591715976332,1
642708,CH,Changeup,Offspeed,146,0.32222222222222224,0.6777777777777778,0.5,0.2765714285714286,80.62777777777777,0.410958904109589,44,0.25,0.25,0.25,0.0,0.13636363636363635,0.19863013698630136,3
642708,SL,Slider,Breaking,132,0.3076923076923077,0.6923076923076923,0.4375,0.33886,82.35249999999999,0.45454545454545453,33,0.25,0.2727272727272727,0.1875,0.030303030303030304,0.36363636363636365,0.15151515151515152,2
642708,ST,Sweeper,Breaking,72,0.4222222222222222,0.5777777777777777,0.45,0.30468476190476196,80.15416666666667,0.4027777777777778,21,0.25,0.2857142857142857,0.2,0.047619047619047616,0.47619047619047616,0.2638888888888889,1
642708,FC,Cutter,Fastball,63,0.21875,0.78125,0.5625,0.48690999999999995,86.528,0.5396825396825397,18,0.3125,0.3333333333333333,0.25,0.05555555555555555,0.05555555555555555,0.1111111111111111,1
642708,CU,Curveball,Breaking,60,0.37142857142857144,0.6285714285714286,0.6,0.2543125,87.15238095238095,0.35,20,0.4,0.4,0.19999999999999996,0.0,0.4,0.21666666666666667,1
642715,FF,4-Seam FB,Fastball,559,0.2636986301369863,0.7363013698630136,0.549618320610687,0.32871191240875913,84.6220512820513,0.5420393559928444,143,0.2595419847328244,0.32167832167832167,0.29007633587786263,0.07692307692307693,0.2517482517482518,0.13774597495527727,10
642715,SI,Sinker,Fastball,394,0.18229166666666666,0.8177083333333334,0.4845360824742268,0.34876952380952375,82.6013605442177,0.5812182741116751,107,0.31958762886597936,0.38317757009345793,0.16494845360824745,0.09345794392523364,0.12149532710280374,0.08883248730964467,3
642715,SL,Slider,Breaking,321,0.44025157232704404,0.559748427672956,0.2261904761904762,0.19346477272727272,80.21818181818183,0.3862928348909657,89,0.11904761904761904,0.16853932584269662,0.10714285714285715,0.056179775280898875,0.43820224719101125,0.21806853582554517,2
642715,ST,Sweeper,Breaking,189,0.3372093023255814,0.6627906976744187,0.4523809523809524,0.3388591304347826,81.11960784313726,0.4126984126984127,47,0.21428571428571427,0.2978723404255319,0.2380952380952381,0.10638297872340426,0.3191489361702128,0.15343915343915343,3
642715,CH,Changeup,Offspeed,176,0.3780487804878049,0.6219512195121951,0.23529411764705882,0.2425655789473684,77.68888888888888,0.32386363636363635,38,0.11764705882352941,0.21052631578947367,0.11764705882352941,0.07894736842105263,0.39473684210526316,0.17613636363636365,1
642715,FC,Cutter,Fastball,165,0.1951219512195122,0.8048780487804879,0.475,0.32208952380952377,84.01475409836065,0.5454545454545454,44,0.3,0.3181818181818182,0.175,0.045454545454545456,0.13636363636363635,0.09696969696969697,1
642715,CU,Curveball,Breaking,111,0.39473684210526316,0.6052631578947368,0.15,0.18195,80.5611111111111,0.44144144144144143,20,0.1,0.1,0.04999999999999999,0.0,0.55,0.13513513513513514,0
642715,FS,Splitter,Offspeed,61,0.26666666666666666,0.7333333333333334,0.4666666666666667,0.32271125,83.27619047619048,0.4426229508196721,16,0.26666666666666666,0.3125,0.2,0.0625,0.3125,0.13114754098360656,0
642715,KC,Knuckle-Curve,Breaking,39,0.4,0.6,0.75,0.33504750000000005,90.375,0.3076923076923077,9,0.25,0.3333333333333333,0.5,0.1111111111111111,0.2222222222222222,0.15384615384615385,1
642851,FF,4-Seam FB,Fastball,86,0.16981132075471697,0.8301886792452831,0.13636363636363635,0.37240842105263156,82.44871794871794,0.5581395348837209,24,0.13636363636363635,0.20833333333333334,0.0,0.08333333333333333,0.25,0.10465116279069768,0
642851,SI,Sinker,Fastball,81,0.11904761904761904,0.8809523809523809,0.44,0.3431061538461539,82.684375,0.5308641975308642,28,0.32,0.37037037037037035,0.12,0.07142857142857142,0.07142857142857142,0.06172839506172839,1
642851,ST,Sweeper,Breaking,66,0.36363636363636365,0.6363636363636364,0.07142857142857142,0.08807692307692308,77.34736842105264,0.48484848484848486,14,0.07142857142857142,0.07142857142857142,0.0,0.0,0.2857142857142857,0.18181818181818182,0
642851,CH,Changeup,Offspeed,41,0.34615384615384615,0.6538461538461539,0.0,0.05149999999999999,79.67857142857143,0.43902439024390244,14,0.0,0.0,0.0,0.0,0.6428571428571429,0.21951219512195122,0
642851,FC,Cutter,Fastball,39,0.21739130434782608,0.782608695652174,0.125,0.092,74.0875,0.5384615384615384,8,0.125,0.125,0.0,0.0,0.25,0.1282051282051282,0
642851,SL,Slider,Breaking,38,0.4117647058823529,0.5882352941176471,0.3333333333333333,0.3657685714285715,82.42999999999999,0.47368421052631576,7,0.3333333333333333,0.42857142857142855,0.0,0.14285714285714285,0.42857142857142855,0.18421052631578946,0
643217,FF,4-Seam FB,Fastball,474,0.26515151515151514,0.7348484848484849,0.47413793103448276,0.32998520325203257,85.78571428571429,0.5147679324894515,131,0.2413793103448276,0.3076923076923077,0.23275862068965517,0.0916030534351145,0.2366412213740458,0.14767932489451477,7
643217,SI,Sinker,Fastball,303,0.20134228187919462,0.7986577181208054,0.3939393939393939,0.34466842105263157,83.35350877192982,0.5643564356435643,78,0.24242424242424243,0.3333333333333333,0.1515151515151515,0.1282051282051282,0.15384615384615385,0.09900990099009901,2
643217,CH,Changeup,Offspeed,278,0.2857142857142857,0.7142857142857143,0.2537313432835821,0.2984635294117647,78.0,0.3381294964028777,72,0.1791044776119403,0.2222222222222222,0.07462686567164181,0.05555555555555555,0.2222222222222222,0.14388489208633093,1
643217,SL,Slider,Breaking,251,0.40145985401459855,0.5985401459854014,0.3815789473684211,0.24119102564102562,79.34935064935064,0.4541832669322709,81,0.19736842105263158,0.24691358024691357,0.1842105263157895,0.06172839506172839,0.38271604938271603,0.21912350597609562,2
643217,FC,Cutter,Fastball,157,0.3170731707317073,0.6829268292682926,0.6129032258064516,0.34255771428571424,85.59038461538461,0.47770700636942676,35,0.3225806451612903,0.4,0.2903225806451613,0.11428571428571428,0.2,0.16560509554140126,2
643217,ST,Sweeper,Breaking,112,0.23809523809523808,0.7619047619047619,0.5416666666666666,0.3461656,80.81428571428572,0.4375,27,0.375,0.4444444444444444,0.16666666666666663,0.1111111111111111,0.14814814814814814,0.13392857142857142,1
643217,CU,Curveball,Breaking,104,0.3023255813953488,0.6976744186046512,0.6470588235294118,0.36808450000000004,84.54,0.3942307692307692,18,0.35294117647058826,0.3888888888888889,0.29411764705882354,0.0,0.2777777777777778,0.125,0
643217,FS,Splitter,Offspeed,96,0.42857142857142855,0.5714285714285714,0.16666666666666666,0.1572,84.275,0.3229166666666667,25,0.125,0.12,0.04166666666666666,0.0,0.36,0.1875,0
643217,KC,Knuckle-Curve,Breaking,34,0.2631578947368421,0.736842105263158,0.3333333333333333,0.30983799999999995,78.87142857142858,0.4117647058823529,11,0.3333333333333333,0.4,0.0,0.09090909090909091,0.18181818181818182,0.14705882352941177,0
643289,FF,4-Seam FB,Fastball,758,0.13861386138613863,0.8613861386138614,0.29518072289156627,0.2835582857142857,80.33944954128441,0.49340369393139843,183,0.22289156626506024,0.287292817679558,0.07228915662650603,0.08196721311475409,0.14207650273224043,0.07387862796833773,1
643289,SI,Sinker,Fastball,426,0.1228813559322034,0.8771186440677966,0.4473684210526316,0.34004855172413795,82.95707070707071,0.5586854460093896,124,0.35964912280701755,0.39344262295081966,0.08771929824561403,0.04838709677419355,0.11290322580645161,0.06807511737089202,1
643289,ST,Sweeper,Breaking,269,0.18248175182481752,0.8175182481751825,0.4117647058823529,0.2755820895522388,77.35943396226413,0.40892193308550184,69,0.2647058823529412,0.2608695652173913,0.14705882352941174,0.0,0.10144927536231885,0.09293680297397769,2
643289,SL,Slider,Breaking,258,0.2631578947368421,0.736842105263158,0.453125,0.3236701492537314,80.34891304347825,0.3992248062015504,69,0.28125,0.3333333333333333,0.171875,0.07246376811594203,0.2028985507246377,0.13565891472868216,3
643289,CH,Changeup,Offspeed,216,0.10852713178294573,0.8914728682170543,0.3,0.2551552972972973,79.25229357798165,0.37962962962962965,75,0.21428571428571427,0.25333333333333335,0.08571428571428572,0.04,0.05333333333333334,0.06481481481481481,1
643289,FC,Cutter,Fastball,180,0.10526315789473684,0.8947368421052632,0.47058823529411764,0.34936181818181816,81.01604938271605,0.45555555555555555,57,0.35294117647058826,0.4107142857142857,0.11764705882352938,0.08771929824561403,0.017543859649122806,0.05555555555555555,0
643289,CU,Curveball,Breaking,100,0.16666666666666666,0.8333333333333334,0.65,0.3771696363636364,79.04117647058823,0.4,22,0.3,0.36363636363636365,0.35000000000000003,0.045454545454545456,0.09090909090909091,0.07,2
643289,FS,Splitter,Offspeed,53,0.19444444444444445,0.8055555555555556,0.42857142857142855,0.27905555555555556,78.93703703703704,0.3584905660377358,21,0.23809523809523808,0.23809523809523808,0.19047619047619047,0.0,0.14285714285714285,0.1320754716981132,1
643289,KC,Knuckle-Curve,Breaking,29,0.21428571428571427,0.7857142857142857,0.42857142857142855,0.1977142857142857,76.24545454545455,0.3448275862068966,7,0.2857142857142857,0.2857142857142857,0.14285714285714285,0.0,0.42857142857142855,0.10344827586206896,0
643376,FF,4-Seam FB,Fastball,293,0.24444444444444444,0.7555555555555555,0.3050847457627119,0.2980605142857143,84.98469387755102,0.5392491467576792,73,0.15254237288135594,0.3150684931506849,0.15254237288135594,0.1506849315068493,0.2465753424657534,0.11262798634812286,2
643376,SI,Sinker,Fastball,177,0.13095238095238096,0.8690476190476191,0.45454545454545453,0.3137473333333333,84.44647887323943,0.5932203389830508,51,0.3409090909090909,0.42,0.11363636363636365,0.09803921568627451,0.11764705882352941,0.062146892655367235,0
643376,SL,Slider,Breaking,129,0.36363636363636365,0.6363636363636364,0.375,0.1379090909090909,79.92333333333333,0.4573643410852713,25,0.16666666666666666,0.16666666666666666,0.20833333333333334,0.0,0.44,0.15503875968992248,1
643376,ST,Sweeper,Breaking,92,0.28205128205128205,0.717948717948718,0.28,0.22298861538461537,78.452,0.41304347826086957,27,0.16,0.2222222222222222,0.12000000000000002,0.0,0.25925925925925924,0.11956521739130435,1
643376,CH,Changeup,Offspeed,81,0.35135135135135137,0.6486486486486487,0.55,0.3215505454545454,84.6375,0.345679012345679,24,0.25,0.375,0.30000000000000004,0.125,0.2916666666666667,0.16049382716049382,1
643376,FC,Cutter,Fastball,81,0.2702702702702703,0.7297297297297297,0.45,0.2803024761904762,83.3423076923077,0.654320987654321,21,0.15,0.19047619047619047,0.30000000000000004,0.0,0.19047619047619047,0.12345679012345678,2
643376,CU,Curveball,Breaking,40,0.2727272727272727,0.7272727272727273,0.0,0.0,60.58571428571429,0.525,3,0.0,0.0,0.0,0.0,0.3333333333333333,0.075,0
643396,FF,4-Seam FB,Fastball,230,0.102803738317757,0.897196261682243,0.2549019607843137,0.2769396226415094,76.87252747252747,0.4782608695652174,66,0.1568627450980392,0.3064516129032258,0.0980392156862745,0.16666666666666666,0.15151515151515152,0.04782608695652174,1
643396,SI,Sinker,Fastball,152,0.09523809523809523,0.9047619047619048,0.1891891891891892,0.2823051282051282,73.97037037037036,0.5592105263157895,42,0.1891891891891892,0.2857142857142857,0.0,0.11904761904761904,0.07142857142857142,0.039473684210526314,0
643396,SL,Slider,Breaking,102,0.2777777777777778,0.7222222222222222,0.5833333333333334,0.43685272727272734,79.59090909090912,0.5,26,0.4583333333333333,0.5,0.12500000000000006,0.07692307692307693,0.15384615384615385,0.14705882352941177,1
643396,CH,Changeup,Offspeed,73,0.2631578947368421,0.736842105263158,0.21428571428571427,0.3925676923076923,76.70370370370371,0.3013698630136986,15,0.21428571428571427,0.26666666666666666,0.0,0.06666666666666667,0.13333333333333333,0.136986301369863,0
643396,FC,Cutter,Fastball,56,0.13513513513513514,0.8648648648648649,0.3333333333333333,0.2751428571428572,78.21379310344827,0.5,21,0.23809523809523808,0.23809523809523808,0.09523809523809523,0.0,0.09523809523809523,0.08928571428571429,0
643396,CU,Curveball,Breaking,53,0.16666666666666666,0.8333333333333334,0.14285714285714285,0.23167,79.46666666666667,0.33962264150943394,15,0.14285714285714285,0.2,0.0,0.06666666666666667,0.26666666666666666,0.05660377358490566,0
643396,ST,Sweeper,Breaking,45,0.3684210526315789,0.631578947368421,0.25,0.18683333333333332,86.18333333333334,0.4,12,0.16666666666666666,0.16666666666666666,0.08333333333333334,0.0,0.3333333333333333,0.15555555555555556,0
643446,FF,4-Seam FB,Fastball,574,0.14202898550724638,0.8579710144927536,0.41216216216216217,0.32985984713375793,80.69644128113879,0.554006968641115,164,0.28378378378378377,0.35365853658536583,0.1283783783783784,0.07926829268292683,0.09146341463414634,0.08536585365853659,4
643446,SI,Sinker,Fastball,313,0.05641025641025641,0.9435897435897436,0.3137254901960784,0.28374333333333335,80.49771428571428,0.5591054313099042,108,0.27450980392156865,0.3148148148148148,0.039215686274509776,0.05555555555555555,0.07407407407407407,0.03514376996805112,0
643446,SL,Slider,Breaking,238,0.21739130434782608,0.782608695652174,0.11666666666666667,0.2577159393939394,80.80294117647058,0.4117647058823529,67,0.1,0.18181818181818182,0.016666666666666663,0.07462686567164178,0.208955223880597,0.12605042016806722,0
643446,CH,Changeup,Offspeed,224,0.21212121212121213,0.7878787878787878,0.42857142857142855,0.30118375,80.64693877551021,0.375,67,0.25396825396825395,0.2727272727272727,0.1746031746031746,0.029850746268656716,0.08955223880597014,0.125,3
643446,FC,Cutter,Fastball,186,0.19469026548672566,0.8053097345132744,0.5641025641025641,0.32252419512195124,81.18117647058823,0.489247311827957,45,0.38461538461538464,0.4444444444444444,0.17948717948717946,0.08888888888888889,0.13333333333333333,0.11827956989247312,1
643446,ST,Sweeper,Breaking,110,0.22807017543859648,0.7719298245614035,0.5,0.3292,78.77906976744185,0.43636363636363634,25,0.2916666666666667,0.28,0.20833333333333331,0.0,0.08,0.11818181818181818,1
643446,FS,Splitter,Offspeed,89,0.18181818181818182,0.8181818181818181,0.1935483870967742,0.16683870967741934,81.53720930232556,0.34831460674157305,31,0.16129032258064516,0.16129032258064516,0.03225806451612903,0.0,0.16129032258064516,0.11235955056179775,0
643446,CU,Curveball,Breaking,74,0.24324324324324326,0.7567567567567568,0.5625,0.4064705882352941,83.33703703703704,0.40540540540540543,17,0.4375,0.4117647058823529,0.125,0.0,0.17647058823529413,0.12162162162162163,0
644433,FF,4-Seam FB,Fastball,49,0.18518518518518517,0.8148148148148149,0.4,0.2418,84.37142857142857,0.5918367346938775,16,0.3333333333333333,0.3125,0.06666666666666671,0.0,0.1875,0.10204081632653061,0
644433,SI,Sinker,Fastball,45,0.0,1.0,0.09090909090909091,0.1487,73.81363636363636,0.6444444444444445,12,0.09090909090909091,0.09090909090909091,0.0,0.0,0.16666666666666666,0.0,0
644433,SL,Slider,Breaking,39,0.4782608695652174,0.5217391304347826,0.07692307692307693,0.15107692307692308,77.56363636363636,0.3333333333333333,13,0.07692307692307693,0.07692307692307693,0.0,0.0,0.38461538461538464,0.28205128205128205,0
645277,FF,4-Seam FB,Fastball,751,0.1943127962085308,0.8056872037914692,0.4107142857142857,0.2996379470899471,84.07033639143731,0.49533954727030627,196,0.19642857142857142,0.27692307692307694,0.21428571428571427,0.10204081632653061,0.1683673469387755,0.10918774966711052,10
645277,CH,Changeup,Offspeed,409,0.18106995884773663,0.8189300411522633,0.37398373983739835,0.2363089075630252,82.16850828729282,0.3422982885085575,126,0.21138211382113822,0.2222222222222222,0.16260162601626013,0.015873015873015872,0.09523809523809523,0.10757946210268948,5
645277,SI,Sinker,Fastball,345,0.14659685863874344,0.8534031413612566,0.45054945054945056,0.2899116666666667,85.682,0.4956521739130435,98,0.26373626373626374,0.29591836734693877,0.18681318681318682,0.05102040816326531,0.11224489795918367,0.08115942028985507,4
645277,CU,Curveball,Breaking,249,0.19548872180451127,0.8045112781954887,0.3148148148148148,0.2498984761904762,76.428,0.4457831325301205,63,0.25925925925925924,0.3333333333333333,0.05555555555555558,0.07936507936507936,0.1111111111111111,0.10441767068273092,0
645277,SL,Slider,Breaking,235,0.25874125874125875,0.7412587412587412,0.4444444444444444,0.3141200701754386,81.88764044943821,0.4851063829787234,59,0.3148148148148148,0.3728813559322034,0.1296296296296296,0.05084745762711865,0.1864406779661017,0.1574468085106383,2
645277,FC,Cutter,Fastball,224,0.24770642201834864,0.7522935779816513,0.32432432432432434,0.3248962553191489,80.98589743589743,0.41517857142857145,48,0.21621621621621623,0.3958333333333333,0.10810810810810811,0.1875,0.16666666666666666,0.12053571428571429,1
645277,ST,Sweeper,Breaking,190,0.2857142857142857,0.7142857142857143,0.3333333333333333,0.260244,81.90882352941178,0.47368421052631576,45,0.2564102564102564,0.3111111111111111,0.07692307692307693,0.06666666666666667,0.2222222222222222,0.15789473684210525,0
645277,FS,Splitter,Offspeed,138,0.33766233766233766,0.6623376623376623,0.30952380952380953,0.18095121951219512,77.90833333333333,0.21739130434782608,42,0.23809523809523808,0.23809523809523808,0.07142857142857145,0.0,0.2619047619047619,0.18840579710144928,0
645277,KC,Knuckle-Curve,Breaking,50,0.15151515151515152,0.8484848484848485,0.23076923076923078,0.13764285714285715,76.47307692307693,0.48,14,0.15384615384615385,0.14285714285714285,0.07692307692307693,0.0,0.14285714285714285,0.1,0
645302,FF,4-Seam FB,Fastball,153,0.15476190476190477,0.8452380952380952,0.5263157894736842,0.36484389189189187,82.72,0.48366013071895425,46,0.3684210526315789,0.4666666666666667,0.15789473684210525,0.10869565217391304,0.08695652173913043,0.08496732026143791,1
645302,SI,Sinker,Fastball,106,0.08196721311475409,0.9180327868852459,0.2903225806451613,0.2824910666666666,78.36274509803923,0.49056603773584906,34,0.22580645161290322,0.2727272727272727,0.06451612903225809,0.029411764705882353,0.11764705882352941,0.04716981132075472,0
645302,SL,Slider,Breaking,88,0.2127659574468085,0.7872340425531915,0.45454545454545453,0.2646081818181818,77.26363636363635,0.5454545454545454,23,0.36363636363636365,0.391304347826087,0.09090909090909088,0.043478260869565216,0.13043478260869565,0.11363636363636363,0
645302,ST,Sweeper,Breaking,64,0.375,0.625,0.1,0.29026444444444444,76.90526315789474,0.34375,12,0.1,0.18181818181818182,0.0,0.08333333333333333,0.25,0.1875,0
645302,CH,Changeup,Offspeed,53,0.48484848484848486,0.5151515151515151,0.25,0.20325,78.33333333333333,0.37735849056603776,17,0.1875,0.17647058823529413,0.0625,0.0,0.35294117647058826,0.3018867924528302,0
645302,FC,Cutter,Fastball,46,0.12121212121212122,0.8787878787878788,0.13333333333333333,0.20071124999999998,75.9107142857143,0.6956521739130435,16,0.13333333333333333,0.1875,0.0,0.0625,0.0625,0.08695652173913043,0
645302,CU,Curveball,Breaking,35,0.42857142857142855,0.5714285714285714,0.2222222222222222,0.16688888888888886,65.21249999999999,0.37142857142857144,9,0.2222222222222222,0.2222222222222222,0.0,0.0,0.4444444444444444,0.17142857142857143,0
645305,FF,4-Seam FB,Fastball,115,0.1864406779661017,0.8135593220338984,0.3870967741935484,0.2957862352941176,79.82380952380953,0.5217391304347826,34,0.2903225806451613,0.3235294117647059,0.09677419354838707,0.029411764705882353,0.20588235294117646,0.09565217391304348,1
645305,SI,Sinker,Fastball,73,0.23076923076923078,0.7692307692307692,0.35294117647058826,0.1745568,86.05999999999999,0.6164383561643836,18,0.23529411764705882,0.2777777777777778,0.11764705882352944,0.0,0.4444444444444444,0.0821917808219178,0
645305,SL,Slider,Breaking,33,0.4166666666666667,0.5833333333333333,0.08333333333333333,0.14509090909090913,89.325,0.5151515151515151,13,0.08333333333333333,0.07692307692307693,0.0,0.0,0.3076923076923077,0.30303030303030304,0
645305,FC,Cutter,Fastball,30,0.16666666666666666,0.8333333333333334,0.14285714285714285,0.25185714285714284,68.56428571428572,0.4666666666666667,8,0.14285714285714285,0.14285714285714285,0.0,0.0,0.0,0.1,0
645305,CH,Changeup,Offspeed,29,0.1875,0.8125,0.6666666666666666,0.40866666666666673,81.72727272727273,0.3103448275862069,9,0.5555555555555556,0.5555555555555556,0.11111111111111105,0.0,0.2222222222222222,0.10344827586206896,0
646240,FF,4-Seam FB,Fastball,999,0.3898678414096916,0.6101321585903083,0.5303030303030303,0.33906875000000003,87.244921875,0.4964964964964965,228,0.22727272727272727,0.32894736842105265,0.303030303030303,0.13157894736842105,0.3684210526315789,0.17717717717717718,17
646240,SI,Sinker,Fastball,438,0.14423076923076922,0.8557692307692308,0.47560975609756095,0.3210900224719101,83.73243243243245,0.5707762557077626,90,0.3048780487804878,0.36666666666666664,0.17073170731707316,0.07777777777777778,0.14444444444444443,0.0684931506849315,2
646240,SL,Slider,Breaking,281,0.32894736842105265,0.6710526315789473,0.47692307692307695,0.3409932394366197,85.09375,0.49466192170818507,72,0.23076923076923078,0.2638888888888889,0.24615384615384617,0.05555555555555555,0.20833333333333334,0.17793594306049823,4
646240,CH,Changeup,Offspeed,250,0.2,0.8,0.35384615384615387,0.33297782352941174,86.41222222222223,0.356,69,0.26153846153846155,0.30434782608695654,0.09230769230769231,0.043478260869565216,0.14492753623188406,0.096,0
646240,FC,Cutter,Fastball,207,0.29896907216494845,0.7010309278350515,0.86,0.42585368421052633,89.19677419354839,0.5410628019323671,58,0.42,0.4827586206896552,0.44,0.1206896551724138,0.1896551724137931,0.14009661835748793,6
646240,ST,Sweeper,Breaking,190,0.3368421052631579,0.6631578947368422,0.3958333333333333,0.2573028,79.825,0.4,51,0.16666666666666666,0.21568627450980393,0.22916666666666666,0.058823529411764705,0.37254901960784315,0.16842105263157894,2
646240,CU,Curveball,Breaking,117,0.13043478260869565,0.8695652173913043,0.6363636363636364,0.40905846153846154,86.24864864864864,0.3162393162393162,26,0.22727272727272727,0.34615384615384615,0.40909090909090906,0.15384615384615385,0.15384615384615385,0.05128205128205128,3
646240,FS,Splitter,Offspeed,68,0.18181818181818182,0.8181818181818181,0.7,0.4273981818181818,88.72692307692309,0.3088235294117647,22,0.4,0.45454545454545453,0.29999999999999993,0.09090909090909091,0.09090909090909091,0.08823529411764706,1
646240,KC,Knuckle-Curve,Breaking,33,0.16666666666666666,0.8333333333333334,1.0,0.3368888888888889,81.57857142857142,0.36363636363636365,9,0.3333333333333333,0.3333333333333333,0.6666666666666667,0.0,0.2222222222222222,0.09090909090909091,2
647304,FF,4-Seam FB,Fastball,559,0.07096774193548387,0.9290322580645162,0.4166666666666667,0.34491370833333335,84.41075268817204,0.47942754919499103,198,0.29444444444444445,0.35353535353535354,0.12222222222222223,0.08080808080808081,0.06060606060606061,0.03935599284436494,5
647304,SI,Sinker,Fastball,388,0.10152284263959391,0.8984771573604061,0.3565217391304348,0.3167191074380165,85.23652694610779,0.4845360824742268,123,0.2956521739130435,0.34146341463414637,0.060869565217391286,0.056910569105691054,0.04878048780487805,0.05154639175257732,0
647304,SL,Slider,Breaking,314,0.2848101265822785,0.7151898734177216,0.24675324675324675,0.2474020253164557,79.85576923076923,0.4585987261146497,79,0.18181818181818182,0.20253164556962025,0.06493506493506493,0.02531645569620253,0.24050632911392406,0.14331210191082802,1
647304,CH,Changeup,Offspeed,227,0.21774193548387097,0.782258064516129,0.15942028985507245,0.3104130526315789,79.92747252747252,0.3656387665198238,79,0.15942028985507245,0.2564102564102564,0.0,0.10126582278481013,0.12658227848101267,0.11894273127753303,0
647304,FC,Cutter,Fastball,214,0.13761467889908258,0.8623853211009174,0.4444444444444444,0.3275606896551724,81.13152173913043,0.48130841121495327,61,0.3148148148148148,0.3559322033898305,0.1296296296296296,0.06557377049180328,0.09836065573770492,0.07009345794392523,2
647304,ST,Sweeper,Breaking,159,0.28,0.72,0.5263157894736842,0.365598947368421,78.4622641509434,0.42138364779874216,40,0.34210526315789475,0.375,0.18421052631578944,0.05,0.25,0.1320754716981132,2
647304,CU,Curveball,Breaking,152,0.2948717948717949,0.7051282051282051,0.3055555555555556,0.2158401081081081,78.77307692307691,0.4407894736842105,39,0.19444444444444445,0.2564102564102564,0.11111111111111113,0.02564102564102564,0.2564102564102564,0.1513157894736842,0
647304,FS,Splitter,Offspeed,105,0.2033898305084746,0.7966101694915254,0.32142857142857145,0.3023253333333333,81.69761904761904,0.4,30,0.2857142857142857,0.3333333333333333,0.035714285714285754,0.06666666666666667,0.16666666666666666,0.11428571428571428,0
647304,KC,Knuckle-Curve,Breaking,53,0.3076923076923077,0.6923076923076923,0.14285714285714285,0.19683333333333333,77.81875,0.24528301886792453,7,0.14285714285714285,0.14285714285714285,0.0,0.0,0.2857142857142857,0.1509433962264151,0
649966,FF,4-Seam FB,Fastball,73,0.10526315789473684,0.8947368421052632,0.15384615384615385,0.35165066666666667,76.6516129032258,0.589041095890411,15,0.15384615384615385,0.26666666666666666,0.0,0.13333333333333333,0.2,0.0547945205479452,0
649966,SL,Slider,Breaking,39,0.058823529411764705,0.9411764705882353,0.7777777777777778,0.278538,82.35333333333332,0.4358974358974359,10,0.3333333333333333,0.4,0.4444444444444445,0.1,0.1,0.02564102564102564,1
649966,SI,Sinker,Fastball,35,0.15789473684210525,0.8421052631578947,0.8461538461538461,0.32359857142857146,82.71875,0.4857142857142857,14,0.3076923076923077,0.35714285714285715,0.5384615384615384,0.07142857142857142,0.07142857142857142,0.08571428571428572,2
649966,ST,Sweeper,Breaking,34,0.0625,0.9375,0.2,0.21106333333333335,79.14615384615385,0.4117647058823529,6,0.2,0.3333333333333333,0.0,0.16666666666666666,0.16666666666666666,0.029411764705882353,0
649966,CH,Changeup,Offspeed,32,0.3125,0.6875,0.5714285714285714,0.36393111111111115,74.2909090909091,0.4375,9,0.42857142857142855,0.4444444444444444,0.14285714285714285,0.1111111111111111,0.3333333333333333,0.15625,0
650333,FF,4-Seam FB,Fastball,899,0.07947019867549669,0.9205298013245033,0.4217391304347826,0.3027998838174274,83.412158808933,0.5539488320355951,246,0.3217391304347826,0.345679012345679,0.10000000000000003,0.036585365853658534,0.04878048780487805,0.04004449388209121,2
650333,SI,Sinker,Fastball,520,0.032520325203252036,0.967479674796748,0.3953488372093023,0.30465506382978724,81.01964285714287,0.5576923076923077,143,0.31007751937984496,0.3475177304964539,0.08527131782945735,0.04895104895104895,0.04195804195804196,0.015384615384615385,2
650333,SL,Slider,Breaking,319,0.0949367088607595,0.9050632911392404,0.36,0.31914941463414637,79.64160583941607,0.5266457680250783,83,0.26666666666666666,0.3170731707317073,0.09333333333333332,0.060240963855421686,0.04819277108433735,0.047021943573667714,0
650333,FC,Cutter,Fastball,195,0.06097560975609756,0.9390243902439024,0.358974358974359,0.37667173913043484,81.75135135135135,0.5333333333333333,46,0.3076923076923077,0.3695652173913043,0.051282051282051266,0.10869565217391304,0.043478260869565216,0.02564102564102564,0
650333,CH,Changeup,Offspeed,192,0.05319148936170213,0.9468085106382979,0.3333333333333333,0.24447464,79.24761904761905,0.390625,53,0.20833333333333334,0.22641509433962265,0.12499999999999997,0.018867924528301886,0.03773584905660377,0.026041666666666668,1
650333,ST,Sweeper,Breaking,126,0.09523809523809523,0.9047619047619048,0.7727272727272727,0.3171034782608696,75.61698113207547,0.42857142857142855,25,0.45454545454545453,0.4583333333333333,0.3181818181818182,0.04,0.04,0.047619047619047616,1
650333,CU,Curveball,Breaking,99,0.04878048780487805,0.9512195121951219,0.5769230769230769,0.3116437037037037,83.71388888888889,0.4444444444444444,27,0.4230769230769231,0.4444444444444444,0.1538461538461538,0.037037037037037035,0.0,0.020202020202020204,0
650333,FS,Splitter,Offspeed,78,0.11363636363636363,0.8863636363636364,0.32,0.30146153846153845,79.70588235294117,0.32051282051282054,26,0.28,0.2692307692307692,0.03999999999999998,0.0,0.038461538461538464,0.0641025641025641,0
650333,KC,Knuckle-Curve,Breaking,25,0.15384615384615385,0.8461538461538461,1.0,0.37767599999999996,80.41,0.44,5,0.5,0.6,0.5,0.2,0.0,0.08,0
650391,FF,4-Seam FB,Fastball,39,0.13333333333333333,0.8666666666666667,0.5,0.43884500000000004,87.5,0.4358974358974359,8,0.5,0.625,0.0,0.25,0.125,0.05128205128205128,0
650391,SL,Slider,Breaking,26,0.23529411764705882,0.7647058823529411,0.5555555555555556,0.23360000000000003,89.15454545454546,0.4230769230769231,10,0.5555555555555556,0.5,0.0,0.0,0.1,0.15384615384615385,0
650402,FF,4-Seam FB,Fastball,603,0.2363013698630137,0.7636986301369864,0.3148148148148148,0.3449206315789474,84.58106796116503,0.5140961857379768,134,0.21296296296296297,0.3582089552238806,0.10185185185185186,0.17164179104477612,0.23134328358208955,0.11442786069651742,2
650402,SI,Sinker,Fastball,296,0.11904761904761904,0.8809523809523809,0.5692307692307692,0.3742874666666666,84.62710280373831,0.543918918918919,77,0.35384615384615387,0.45454545454545453,0.21538461538461534,0.15584415584415584,0.07792207792207792,0.05067567567567568,3
650402,SL,Slider,Breaking,227,0.29896907216494845,0.7010309278350515,0.23404255319148937,0.2726133333333333,77.325,0.46255506607929514,53,0.23404255319148937,0.32075471698113206,0.0,0.11320754716981132,0.20754716981132076,0.1277533039647577,0
650402,FC,Cutter,Fastball,187,0.3333333333333333,0.6666666666666667,0.42105263157894735,0.31366195121951224,81.43584905660379,0.5240641711229946,43,0.2894736842105263,0.3488372093023256,0.13157894736842102,0.09302325581395349,0.20930232558139536,0.1497326203208556,1
650402,ST,Sweeper,Breaking,163,0.15517241379310345,0.8448275862068966,0.5,0.31223804878048783,77.15106382978725,0.5153374233128835,42,0.35,0.38095238095238093,0.15000000000000002,0.047619047619047616,0.2619047619047619,0.05521472392638037,2
650402,CH,Changeup,Offspeed,155,0.2777777777777778,0.7222222222222222,0.2903225806451613,0.26127374999999997,76.88205128205128,0.3741935483870968,33,0.22580645161290322,0.2727272727272727,0.06451612903225809,0.06060606060606061,0.18181818181818182,0.0967741935483871,0
650402,CU,Curveball,Breaking,112,0.3333333333333333,0.6666666666666667,0.2,0.2641883333333333,74.05999999999999,0.4017857142857143,24,0.2,0.3333333333333333,0.0,0.16666666666666666,0.3333333333333333,0.08928571428571429,0
650402,FS,Splitter,Offspeed,40,0.15384615384615385,0.8461538461538461,0.5,0.4112975,87.26,0.275,9,0.375,0.4444444444444444,0.125,0.1111111111111111,0.2222222222222222,0.05,0
650489,FF,4-Seam FB,Fastball,741,0.27989821882951654,0.7201017811704835,0.5347222222222222,0.3656460487804878,81.37689393939394,0.5020242914979757,170,0.2916666666666667,0.38323353293413176,0.24305555555555552,0.11764705882352941,0.27647058823529413,0.1484480431848853,8
650489,CH,Changeup,Offspeed,357,0.38071065989847713,0.6192893401015229,0.3,0.20910953086419756,77.2898148148148,0.3333333333333333,88,0.2,0.2441860465116279,0.09999999999999998,0.045454545454545456,0.29545454545454547,0.21008403361344538,2
650489,SI,Sinker,Fastball,182,0.21875,0.78125,0.30952380952380953,0.32619299999999996,83.35753424657534,0.5659340659340659,47,0.21428571428571427,0.2978723404255319,0.09523809523809526,0.0851063829787234,0.14893617021276595,0.11538461538461539,1
650489,CU,Curveball,Breaking,168,0.2967032967032967,0.7032967032967032,0.5348837209302325,0.3498908936170213,82.74516129032257,0.39880952380952384,48,0.37209302325581395,0.4375,0.16279069767441856,0.08333333333333333,0.22916666666666666,0.16071428571428573,2
650489,SL,Slider,Breaking,161,0.35106382978723405,0.648936170212766,0.44,0.2700863846153846,82.66140350877193,0.33540372670807456,54,0.28,0.3333333333333333,0.15999999999999998,0.05555555555555555,0.2962962962962963,0.20496894409937888,2
650489,FC,Cutter,Fastball,136,0.18309859154929578,0.8169014084507042,0.6571428571428571,0.42982171428571425,82.02363636363636,0.5514705882352942,37,0.42857142857142855,0.4594594594594595,0.2285714285714286,0.05405405405405406,0.21621621621621623,0.09558823529411764,1
650489,ST,Sweeper,Breaking,78,0.3,0.7,0.11764705882352941,0.19404470588235292,81.90588235294118,0.4230769230769231,19,0.058823529411764705,0.15789473684210525,0.058823529411764705,0.10526315789473684,0.42105263157894735,0.11538461538461539,0
650489,FS,Splitter,Offspeed,67,0.4864864864864865,0.5135135135135135,0.06666666666666667,0.13037529411764706,76.43157894736842,0.2835820895522388,17,0.06666666666666667,0.11764705882352941,0.0,0.058823529411764705,0.29411764705882354,0.26865671641791045,0
650489,KC,Knuckle-Curve,Breaking,40,0.4090909090909091,0.5909090909090908,0.2222222222222222,0.2249352,76.15384615384616,0.45,10,0.2222222222222222,0.3,0.0,0.0,0.4,0.225,0
650490,FF,4-Seam FB,Fastball,859,0.20892018779342722,0.7910798122065728,0.37572254335260113,0.30322819251336897,84.9071875,0.5261932479627474,189,0.2254335260115607,0.2857142857142857,0.15028901734104044,0.07407407407407407,0.25396825396825395,0.10360884749708964,7
650490,SI,Sinker,Fastball,586,0.06299212598425197,0.937007874015748,0.3971631205673759,0.34524394736842107,86.30349344978166,0.5341296928327645,162,0.3191489361702128,0.4012345679012346,0.07801418439716312,0.09259259259259259,0.08641975308641975,0.027303754266211604,2
650490,SL,Slider,Breaking,318,0.13793103448275862,0.8620689655172413,0.6,0.46167905376344087,82.75409836065573,0.4276729559748428,99,0.3764705882352941,0.4444444444444444,0.22352941176470587,0.1111111111111111,0.08080808080808081,0.06289308176100629,4
650490,FC,Cutter,Fastball,251,0.14634146341463414,0.8536585365853658,0.35,0.2901984615384615,83.2135922330097,0.5537848605577689,66,0.2833333333333333,0.3333333333333333,0.06666666666666665,0.07575757575757576,0.13636363636363635,0.07171314741035857,1
650490,CH,Changeup,Offspeed,201,0.14814814814814814,0.8518518518518519,0.4745762711864407,0.3436185333333333,84.18522727272727,0.43781094527363185,63,0.2711864406779661,0.30158730158730157,0.2033898305084746,0.031746031746031744,0.12698412698412698,0.07960199004975124,3
650490,ST,Sweeper,Breaking,166,0.11538461538461539,0.8846153846153846,0.8333333333333334,0.43953285714285717,83.52898550724638,0.40963855421686746,43,0.40476190476190477,0.4186046511627907,0.4285714285714286,0.023255813953488372,0.046511627906976744,0.05421686746987952,5
650490,CU,Curveball,Breaking,124,0.13333333333333333,0.8666666666666667,0.2702702702702703,0.3011501052631579,83.82553191489362,0.3790322580645161,39,0.24324324324324326,0.28205128205128205,0.02702702702702703,0.0,0.15384615384615385,0.06451612903225806,0
650490,FS,Splitter,Offspeed,70,0.12121212121212122,0.8787878787878788,0.3684210526315789,0.3438821052631578,83.90740740740742,0.34285714285714286,21,0.21052631578947367,0.2857142857142857,0.15789473684210525,0.09523809523809523,0.09523809523809523,0.05714285714285714,0
650490,KC,Knuckle-Curve,Breaking,47,0.16,0.84,0.625,0.2819635294117647,85.40952380952383,0.3617021276595745,17,0.5,0.5294117647058824,0.125,0.058823529411764705,0.17647058823529413,0.0851063829787234,0
650559,FF,4-Seam FB,Fastball,135,0.19402985074626866,0.8059701492537313,0.43333333333333335,0.2890891666666667,86.01923076923077,0.5259259259259259,34,0.26666666666666666,0.35294117647058826,0.16666666666666669,0.11764705882352941,0.20588235294117646,0.0962962962962963,1
650559,SL,Slider,Breaking,97,0.2558139534883721,0.7441860465116279,0.3125,0.23522844444444443,77.95185185185184,0.44329896907216493,20,0.3125,0.4,0.0,0.1,0.2,0.1134020618556701,0
650559,SI,Sinker,Fastball,54,0.16666666666666666,0.8333333333333334,0.4666666666666667,0.3863163076923077,87.0625,0.5370370370370371,18,0.26666666666666666,0.3888888888888889,0.2,0.1111111111111111,0.05555555555555555,0.09259259259259259,0
650559,CH,Changeup,Offspeed,45,0.3157894736842105,0.6842105263157895,0.2727272727272727,0.20944444444444443,85.07692307692308,0.26666666666666666,11,0.2727272727272727,0.2727272727272727,0.0,0.0,0.2727272727272727,0.13333333333333333,0
650559,FC,Cutter,Fastball,35,0.2,0.8,0.14285714285714285,0.4034285714285714,84.73,0.5142857142857142,8,0.14285714285714285,0.125,0.0,0.0,0.0,0.08571428571428572,0
650559,CU,Curveball,Breaking,25,0.09090909090909091,0.9090909090909091,0.625,0.373,77.80000000000001,0.52,8,0.25,0.25,0.375,0.0,0.375,0.04,1
650859,FF,4-Seam FB,Fastball,457,0.13942307692307693,0.8605769230769231,0.40816326530612246,0.32969116981132074,82.07142857142857,0.5164113785557987,113,0.2857142857142857,0.3805309734513274,0.12244897959183676,0.11504424778761062,0.1504424778761062,0.06345733041575492,3
650859,FC,Cutter,Fastball,202,0.21100917431192662,0.7889908256880733,0.18,0.2642260714285714,77.94500000000001,0.5544554455445545,58,0.18,0.2807017543859649,0.0,0.1206896551724138,0.13793103448275862,0.11386138613861387,0
650859,CH,Changeup,Offspeed,187,0.23300970873786409,0.7669902912621359,0.29411764705882354,0.32054166666666667,83.66447368421052,0.37967914438502676,52,0.23529411764705882,0.23076923076923078,0.05882352941176472,0.0,0.09615384615384616,0.12834224598930483,0
650859,SL,Slider,Breaking,160,0.2413793103448276,0.7586206896551724,0.35135135135135137,0.2817605405405405,81.85,0.35,41,0.24324324324324326,0.3,0.10810810810810811,0.07317073170731707,0.21951219512195122,0.13125,0
650859,SI,Sinker,Fastball,157,0.208955223880597,0.791044776119403,0.3333333333333333,0.354723619047619,88.71836734693878,0.5159235668789809,42,0.21212121212121213,0.38095238095238093,0.12121212121212119,0.19047619047619047,0.047619047619047616,0.08917197452229299,1
650859,CU,Curveball,Breaking,114,0.19047619047619047,0.8095238095238095,0.22727272727272727,0.24151130434782608,79.91935483870968,0.39473684210526316,26,0.18181818181818182,0.24,0.04545454545454544,0.07692307692307693,0.19230769230769232,0.07017543859649122,0
650859,ST,Sweeper,Breaking,80,0.13636363636363635,0.8636363636363636,0.5909090909090909,0.31231578947368416,86.07428571428571,0.45,22,0.3181818181818182,0.3181818181818182,0.27272727272727276,0.0,0.09090909090909091,0.075,2
650859,FS,Splitter,Offspeed,33,0.25,0.75,0.1111111111111111,0.24448666666666666,76.17142857142858,0.2727272727272727,10,0.1111111111111111,0.2,0.0,0.1,0.2,0.15151515151515152,0
650968,FF,4-Seam FB,Fastball,79,0.09433962264150944,0.9056603773584906,0.3333333333333333,0.29461111111111116,82.22553191489361,0.5569620253164557,22,0.2857142857142857,0.2727272727272727,0.047619047619047616,0.0,0.09090909090909091,0.06329113924050633,0
650968,ST,Sweeper,Breaking,41,0.30434782608695654,0.6956521739130435,0.45454545454545453,0.178,78.14999999999999,0.4146341463414634,11,0.18181818181818182,0.18181818181818182,0.2727272727272727,0.0,0.2727272727272727,0.17073170731707318,1
650968,SI,Sinker,Fastball,37,0.23809523809523808,0.7619047619047619,0.125,0.24450000000000002,75.63333333333335,0.5135135135135135,8,0.125,0.125,0.0,0.0,0.0,0.13513513513513514,0
650968,FC,Cutter,Fastball,28,0.05555555555555555,0.9444444444444444,0.4,0.40655555555555556,84.21875,0.5,10,0.4,0.4,0.0,0.0,0.0,0.03571428571428571,0
650968,SL,Slider,Breaking,27,0.3684210526315789,0.631578947368421,0.0,0.0456,81.9,0.5185185185185185,9,0.0,0.0,0.0,0.0,0.3333333333333333,0.25925925925925924,0
655316,FF,4-Seam FB,Fastball,544,0.1510791366906475,0.8489208633093526,0.3979591836734694,0.3227610265486726,80.97953488372093,0.5533088235294118,115,0.20408163265306123,0.3157894736842105,0.19387755102040816,0.11304347826086956,0.19130434782608696,0.07720588235294118,3
655316,SL,Slider,Breaking,272,0.2230769230769231,0.7769230769230769,0.3055555555555556,0.25832219178082194,81.06021505376344,0.46691176470588236,78,0.25,0.28205128205128205,0.05555555555555558,0.05128205128205128,0.21794871794871795,0.10661764705882353,0
655316,SI,Sinker,Fastball,215,0.10416666666666667,0.8958333333333334,0.42,0.3511867924528302,83.54875,0.6558139534883721,55,0.3,0.36363636363636365,0.12,0.09090909090909091,0.12727272727272726,0.046511627906976744,0
655316,CH,Changeup,Offspeed,145,0.2972972972972973,0.7027027027027026,0.4166666666666667,0.3729066666666667,79.73061224489797,0.35172413793103446,27,0.20833333333333334,0.25925925925925924,0.20833333333333334,0.07407407407407407,0.18518518518518517,0.15172413793103448,1
655316,ST,Sweeper,Breaking,131,0.2641509433962264,0.7358490566037736,0.2413793103448276,0.11880769230769232,76.22564102564102,0.48091603053435117,29,0.10344827586206896,0.10344827586206896,0.13793103448275862,0.0,0.3448275862068966,0.10687022900763359,1
655316,FC,Cutter,Fastball,99,0.13333333333333333,0.8666666666666667,0.44,0.31076,79.43243243243244,0.5353535353535354,25,0.4,0.4,0.03999999999999998,0.0,0.08,0.06060606060606061,0
655316,CU,Curveball,Breaking,90,0.3125,0.6875,0.1875,0.16537555555555558,82.73333333333332,0.45555555555555555,18,0.125,0.2222222222222222,0.0625,0.1111111111111111,0.2222222222222222,0.1111111111111111,0
656305,FF,4-Seam FB,Fastball,405,0.27319587628865977,0.7268041237113403,0.26666666666666666,0.2692884494382023,80.01954887218044,0.5111111111111111,92,0.21333333333333335,0.34782608695652173,0.053333333333333316,0.16304347826086957,0.30434782608695654,0.1308641975308642,0
656305,SI,Sinker,Fastball,349,0.16326530612244897,0.8367346938775511,0.4457831325301205,0.29957195555555555,82.94782608695652,0.6017191977077364,96,0.2891566265060241,0.375,0.1566265060240964,0.09375,0.11458333333333333,0.06876790830945559,3
656305,SL,Slider,Breaking,205,0.29411764705882354,0.7058823529411764,0.3409090909090909,0.28263557446808507,83.71818181818182,0.48292682926829267,49,0.18181818181818182,0.2653061224489796,0.15909090909090906,0.08163265306122448,0.20408163265306123,0.12195121951219512,1
656305,ST,Sweeper,Breaking,135,0.16363636363636364,0.8363636363636364,0.5,0.2784268965517242,80.71627906976744,0.4148148148148148,29,0.32142857142857145,0.3448275862068966,0.17857142857142855,0.034482758620689655,0.20689655172413793,0.06666666666666667,1
656305,FC,Cutter,Fastball,131,0.14754098360655737,0.8524590163934427,0.2916666666666667,0.2627504,78.5409090909091,0.549618320610687,27,0.16666666666666666,0.2222222222222222,0.12500000000000003,0.07407407407407407,0.1111111111111111,0.06870229007633588,1
656305,CH,Changeup,Offspeed,110,0.23529411764705882,0.7647058823529411,0.3870967741935484,0.34514,82.5,0.2909090909090909,36,0.25806451612903225,0.3611111111111111,0.12903225806451613,0.1388888888888889,0.25,0.10909090909090909,0
656305,CU,Curveball,Breaking,65,0.14285714285714285,0.8571428571428572,1.0,0.4549230769230769,83.07391304347826,0.4153846153846154,14,0.35714285714285715,0.35714285714285715,0.6428571428571428,0.0,0.14285714285714285,0.06153846153846154,2
656305,FS,Splitter,Offspeed,26,0.5,0.5,0.0,0.10548285714285714,72.825,0.11538461538461539,7,0.0,0.14285714285714285,0.0,0.14285714285714285,0.7142857142857143,0.19230769230769232,0
656413,FF,4-Seam FB,Fastball,53,0.4444444444444444,0.5555555555555556,0.3125,0.34334800000000004,84.48571428571428,0.5094339622641509,21,0.125,0.3333333333333333,0.1875,0.19047619047619047,0.47619047619047616,0.22641509433962265,1
656413,SL,Slider,Breaking,28,0.4,0.6,0.14285714285714285,0.08366666666666667,72.6875,0.6071428571428571,7,0.14285714285714285,0.14285714285714285,0.0,0.0,0.42857142857142855,0.21428571428571427,0
656413,SI,Sinker,Fastball,27,0.6153846153846154,0.3846153846153846,0.5,0.46558666666666665,96.10000000000001,0.4444444444444444,8,0.3333333333333333,0.5,0.16666666666666669,0.25,0.375,0.2962962962962963,0
656484,FF,4-Seam FB,Fastball,264,0.20945945945945946,0.7905405405405406,0.3137254901960784,0.3257169230769231,81.48611111111111,0.5681818181818182,58,0.27450980392156865,0.3448275862068966,0.039215686274509776,0.10344827586206896,0.25862068965517243,0.11742424242424243,0
656484,SL,Slider,Breaking,133,0.5,0.5,0.21621621621621623,0.22831783783783785,87.02903225806452,0.39097744360902253,41,0.10810810810810811,0.15,0.10810810810810811,0.04878048780487805,0.4878048780487805,0.3007518796992481,1
656484,CH,Changeup,Offspeed,120,0.39705882352941174,0.6029411764705883,0.24242424242424243,0.2034357575757576,75.75897435897436,0.35833333333333334,34,0.21212121212121213,0.23529411764705882,0.030303030303030304,0.029411764705882353,0.2647058823529412,0.225,0
656484,CU,Curveball,Breaking,65,0.42857142857142855,0.5714285714285714,0.6363636363636364,0.31029999999999996,79.32631578947368,0.4461538461538462,12,0.36363636363636365,0.3333333333333333,0.2727272727272727,0.0,0.25,0.23076923076923078,1
656484,SI,Sinker,Fastball,64,0.08108108108108109,0.9189189189189189,0.5,0.3038108571428571,79.38484848484848,0.609375,17,0.3125,0.35294117647058826,0.1875,0.0,0.11764705882352941,0.046875,1
656484,FC,Cutter,Fastball,61,0.2727272727272727,0.7272727272727273,0.38461538461538464,0.3331111111111111,85.5,0.5737704918032787,14,0.15384615384615385,0.15384615384615385,0.23076923076923078,0.0,0.21428571428571427,0.14754098360655737,1
656484,ST,Sweeper,Breaking,44,0.5714285714285714,0.4285714285714286,0.26666666666666666,0.1772,77.12222222222222,0.45454545454545453,15,0.2,0.2,0.06666666666666665,0.0,0.5333333333333333,0.2727272727272727,0
656484,FS,Splitter,Offspeed,34,0.6,0.4,0.3,0.22270000000000004,82.08,0.29411764705882354,10,0.3,0.3,0.0,0.0,0.5,0.2647058823529412,0
656537,FF,4-Seam FB,Fastball,276,0.3046875,0.6953125,0.6065573770491803,0.35955446153846155,83.57317073170732,0.5072463768115942,71,0.3114754098360656,0.4084507042253521,0.29508196721311475,0.14084507042253522,0.323943661971831,0.14130434782608695,5
656537,SI,Sinker,Fastball,174,0.25609756097560976,0.7439024390243902,0.14705882352941177,0.1978156470588235,78.21176470588235,0.5574712643678161,38,0.14705882352941177,0.21621621621621623,0.0,0.05263157894736842,0.2894736842105263,0.1206896551724138,0
656537,SL,Slider,Breaking,132,0.35,0.65,0.35714285714285715,0.28466780487804877,80.84666666666668,0.4166666666666667,43,0.21428571428571427,0.23255813953488372,0.14285714285714288,0.023255813953488372,0.23255813953488372,0.21212121212121213,2
656537,CH,Changeup,Offspeed,95,0.3333333333333333,0.6666666666666667,0.375,0.32923391304347827,77.19615384615385,0.3157894736842105,26,0.25,0.28,0.125,0.038461538461538464,0.19230769230769232,0.16842105263157894,1
656537,FC,Cutter,Fastball,74,0.3023255813953488,0.6976744186046512,0.5,0.28640999999999994,79.17857142857143,0.5945945945945946,20,0.2777777777777778,0.3157894736842105,0.2222222222222222,0.05,0.35,0.17567567567567569,1
656537,ST,Sweeper,Breaking,62,0.3,0.7,0.4166666666666667,0.2560345454545454,73.33500000000001,0.46774193548387094,13,0.16666666666666666,0.23076923076923078,0.25,0.07692307692307693,0.46153846153846156,0.14516129032258066,1
656537,CU,Curveball,Breaking,60,0.5625,0.4375,0.46153846153846156,0.09891666666666667,70.21538461538462,0.38333333333333336,13,0.23076923076923078,0.23076923076923078,0.23076923076923078,0.0,0.6153846153846154,0.3,0
656555,FF,4-Seam FB,Fastball,424,0.26291079812206575,0.7370892018779343,0.43023255813953487,0.32590150495049514,86.79072847682119,0.5542452830188679,106,0.22093023255813954,0.3523809523809524,0.20930232558139533,0.16037735849056603,0.2641509433962264,0.1320754716981132,5
656555,SI,Sinker,Fastball,246,0.24074074074074073,0.7592592592592593,0.3442622950819672,0.3341005797101449,86.37875,0.532520325203252,75,0.19672131147540983,0.3466666666666667,0.14754098360655737,0.18666666666666668,0.18666666666666668,0.10569105691056911,2
656555,SL,Slider,Breaking,210,0.34285714285714286,0.6571428571428571,0.53125,0.3273787027027027,79.95952380952382,0.3904761904761905,40,0.1875,0.35,0.34375,0.175,0.35,0.11428571428571428,3
656555,ST,Sweeper,Breaking,137,0.4074074074074074,0.5925925925925926,0.41379310344827586,0.22441266666666668,81.42903225806452,0.4306569343065693,30,0.1724137931034483,0.2,0.24137931034482757,0.03333333333333333,0.4666666666666667,0.16058394160583941,2
656555,FC,Cutter,Fastball,136,0.3770491803278688,0.6229508196721312,0.36,0.20331307692307693,84.87777777777778,0.5294117647058824,29,0.16,0.25,0.19999999999999998,0.10344827586206896,0.3103448275862069,0.16911764705882354,1
656555,CH,Changeup,Offspeed,114,0.46511627906976744,0.5348837209302326,0.32,0.22736275862068964,85.25217391304348,0.2982456140350877,31,0.08,0.1935483870967742,0.24,0.12903225806451613,0.41935483870967744,0.17543859649122806,2
656555,CU,Curveball,Breaking,73,0.2777777777777778,0.7222222222222222,0.5454545454545454,0.2582665714285714,94.1,0.410958904109589,14,0.2727272727272727,0.35714285714285715,0.2727272727272727,0.07142857142857142,0.42857142857142855,0.0684931506849315,0
656555,FS,Splitter,Offspeed,36,0.5882352941176471,0.4117647058823529,0.42857142857142855,0.2619225,70.17142857142856,0.4166666666666667,8,0.2857142857142857,0.375,0.14285714285714285,0.125,0.5,0.2777777777777778,0
656577,FF,4-Seam FB,Fastball,106,0.2857142857142857,0.7142857142857143,0.25,0.13259894736842104,77.69705882352942,0.5188679245283019,21,0.2,0.23809523809523808,0.04999999999999999,0.047619047619047616,0.42857142857142855,0.1509433962264151,0
656577,SI,Sinker,Fastball,46,0.16666666666666666,0.8333333333333334,0.3125,0.24531482352941178,81.43478260869566,0.5652173913043478,17,0.25,0.29411764705882354,0.0625,0.0,0.11764705882352941,0.10869565217391304,0
656577,SL,Slider,Breaking,45,0.4482758620689655,0.5517241379310345,0.9166666666666666,0.4499000000000001,78.975,0.4444444444444444,12,0.5,0.5,0.41666666666666663,0.0,0.4166666666666667,0.28888888888888886,1
656577,CH,Changeup,Offspeed,30,0.3333333333333333,0.6666666666666667,0.375,0.205625,65.55454545454546,0.5,9,0.375,0.4444444444444444,0.0,0.1111111111111111,0.3333333333333333,0.2,0
656577,CU,Curveball,Breaking,26,0.2,0.8,0.4,0.25289199999999995,80.72857142857143,0.4230769230769231,6,0.4,0.5,0.0,0.0,0.3333333333333333,0.07692307692307693,0
656582,FF,4-Seam FB,Fastball,77,0.23529411764705882,0.7647058823529411,0.14285714285714285,0.24897818181818182,79.848,0.44155844155844154,17,0.14285714285714285,0.29411764705882354,0.0,0.17647058823529413,0.35294117647058826,0.1038961038961039,0
656582,SI,Sinker,Fastball,58,0.08,0.92,0.4,0.36974999999999997,75.60454545454546,0.5517241379310345,10,0.3,0.3,0.10000000000000003,0.0,0.3,0.034482758620689655,0
656582,SL,Slider,Breaking,38,0.25,0.75,0.2222222222222222,0.30276857142857144,89.12857142857142,0.5263157894736842,10,0.1111111111111111,0.2,0.1111111111111111,0.1,0.3,0.07894736842105263,0
656582,CH,Changeup,Offspeed,36,0.375,0.625,0.375,0.23323000000000002,86.7,0.4722222222222222,10,0.375,0.5,0.0,0.1,0.2,0.16666666666666666,0
656582,ST,Sweeper,Breaking,30,0.2,0.8,0.0,0.34919,75.76249999999999,0.4,2,0.0,0.5,0.0,0.5,0.0,0.06666666666666667,0
656716,FF,4-Seam FB,Fastball,604,0.11513157894736842,0.8848684210526316,0.3826086956521739,0.27782578125,79.07529411764705,0.5380794701986755,135,0.20869565217391303,0.29545454545454547,0.1739130434782609,0.1111111111111111,0.14814814814814814,0.057947019867549666,2
656716,SI,Sinker,Fastball,232,0.06086956521739131,0.9391304347826087,0.21875,0.35225205797101444,80.95436893203883,0.6594827586206896,74,0.21875,0.3150684931506849,0.0,0.10810810810810811,0.04054054054054054,0.03017241379310345,0
656716,CH,Changeup,Offspeed,178,0.2717391304347826,0.7282608695652174,0.18604651162790697,0.2306904545454546,77.06393442622951,0.47752808988764045,44,0.18604651162790697,0.20454545454545456,0.0,0.022727272727272728,0.25,0.1404494382022472,0
656716,SL,Slider,Breaking,163,0.25609756097560976,0.7439024390243902,0.2564102564102564,0.3172313,81.15593220338982,0.4785276073619632,45,0.1794871794871795,0.28888888888888886,0.0769230769230769,0.1111111111111111,0.2,0.12883435582822086,0
656716,CU,Curveball,Breaking,153,0.2037037037037037,0.7962962962962963,0.22857142857142856,0.2482274871794872,82.86749999999999,0.39869281045751637,40,0.17142857142857143,0.275,0.057142857142857134,0.1,0.225,0.0718954248366013,0
656716,FC,Cutter,Fastball,146,0.16,0.84,0.3783783783783784,0.2987505263157894,79.24137931034483,0.589041095890411,41,0.2972972972972973,0.36585365853658536,0.08108108108108109,0.0975609756097561,0.0975609756097561,0.0821917808219178,0
656716,ST,Sweeper,Breaking,89,0.2903225806451613,0.7096774193548387,0.4,0.4194128421052632,84.03333333333333,0.4157303370786517,21,0.2,0.4,0.2,0.14285714285714285,0.23809523809523808,0.10112359550561797,1
656716,FS,Splitter,Offspeed,72,0.325,0.675,0.08333333333333333,0.17921519999999996,79.11200000000001,0.4166666666666667,25,0.08333333333333333,0.12,0.0,0.04,0.32,0.18055555555555555,0
656775,FF,4-Seam FB,Fastball,787,0.2194513715710723,0.7805486284289277,0.3652694610778443,0.28760485106382977,80.72095588235294,0.44599745870393903,198,0.20958083832335328,0.30569948186528495,0.15568862275449102,0.11616161616161616,0.18181818181818182,0.11181702668360864,7
656775,SI,Sinker,Fastball,302,0.13513513513513514,0.8648648648648649,0.35526315789473684,0.28819933333333336,80.27304347826086,0.5629139072847682,93,0.2631578947368421,0.3707865168539326,0.09210526315789475,0.11827956989247312,0.12903225806451613,0.06622516556291391,1
656775,SL,Slider,Breaking,223,0.2619047619047619,0.7380952380952381,0.2982456140350877,0.19511651612903227,80.66477272727273,0.4798206278026906,65,0.12280701754385964,0.2153846153846154,0.17543859649122806,0.07692307692307693,0.23076923076923078,0.14798206278026907,3
656775,CH,Changeup,Offspeed,175,0.22784810126582278,0.7721518987341772,0.40476190476190477,0.30699361904761907,80.06,0.33714285714285713,44,0.21428571428571427,0.25,0.1904761904761905,0.022727272727272728,0.20454545454545456,0.10285714285714286,2
656775,FC,Cutter,Fastball,159,0.25675675675675674,0.7432432432432432,0.26666666666666666,0.20009235294117647,82.02799999999999,0.5031446540880503,34,0.2,0.2647058823529412,0.06666666666666665,0.08823529411764706,0.14705882352941177,0.11949685534591195,0
656775,ST,Sweeper,Breaking,133,0.18461538461538463,0.8153846153846154,0.375,0.14514083333333336,79.47450980392156,0.46616541353383456,25,0.20833333333333334,0.24,0.16666666666666666,0.04,0.2,0.09022556390977443,1
656775,CU,Curveball,Breaking,127,0.34615384615384615,0.6538461538461539,0.18518518518518517,0.2506031724137931,85.76206896551724,0.4251968503937008,32,0.14814814814814814,0.25806451612903225,0.037037037037037035,0.09375,0.34375,0.14173228346456693,0
656775,FS,Splitter,Offspeed,59,0.18518518518518517,0.8148148148148149,0.38461538461538464,0.24676923076923074,86.32105263157894,0.3559322033898305,15,0.15384615384615385,0.15384615384615385,0.23076923076923078,0.0,0.2,0.0847457627118644,1
656775,KC,Knuckle-Curve,Breaking,40,0.058823529411764705,0.9411764705882353,1.0,0.4340633333333333,86.23636363636363,0.45,6,0.4,0.5,0.6,0.16666666666666666,0.3333333333333333,0.025,1
656811,FF,4-Seam FB,Fastball,530,0.16988416988416988,0.8301158301158301,0.5367647058823529,0.31110306382978725,86.39857142857142,0.5433962264150943,150,0.3161764705882353,0.37583892617449666,0.22058823529411764,0.08,0.18666666666666668,0.0830188679245283,8
656811,SI,Sinker,Fastball,307,0.07633587786259542,0.9236641221374046,0.3902439024390244,0.39455622988505745,86.58793103448275,0.5635179153094463,92,0.2926829268292683,0.3695652173913043,0.09756097560975613,0.09782608695652174,0.09782608695652174,0.03257328990228013,1
656811,SL,Slider,Breaking,224,0.3162393162393162,0.6837606837606838,0.4107142857142857,0.2852478666666666,81.89333333333333,0.40625,62,0.21428571428571427,0.27419354838709675,0.19642857142857142,0.06451612903225806,0.3709677419354839,0.16517857142857142,3
656811,CH,Changeup,Offspeed,181,0.2682926829268293,0.7317073170731707,0.3225806451612903,0.350802,79.7,0.3259668508287293,36,0.25806451612903225,0.3611111111111111,0.06451612903225806,0.1111111111111111,0.1111111111111111,0.12154696132596685,0
656811,FC,Cutter,Fastball,168,0.1794871794871795,0.8205128205128205,0.42857142857142855,0.29467180000000004,79.1655737704918,0.5238095238095238,40,0.17142857142857143,0.275,0.2571428571428571,0.1,0.225,0.08333333333333333,3
656811,CU,Curveball,Breaking,145,0.2857142857142857,0.7142857142857143,0.4375,0.24257575757575756,83.10952380952382,0.4482758620689655,33,0.25,0.24242424242424243,0.1875,0.0,0.3333333333333333,0.12413793103448276,2
656811,ST,Sweeper,Breaking,133,0.35714285714285715,0.6428571428571428,0.2727272727272727,0.26920400000000005,78.63888888888889,0.46616541353383456,36,0.15151515151515152,0.19444444444444445,0.12121212121212119,0.027777777777777776,0.3333333333333333,0.15037593984962405,1
656811,KC,Knuckle-Curve,Breaking,50,0.5,0.5,0.2,0.23673,80.51666666666667,0.34,6,0.2,0.3333333333333333,0.0,0.16666666666666666,0.3333333333333333,0.26,0
656811,FS,Splitter,Offspeed,44,0.25,0.75,0.0,0.23148285714285713,76.11666666666667,0.25,8,0.0,0.125,0.0,0.125,0.25,0.09090909090909091,0
656941,FF,4-Seam FB,Fastball,743,0.2768361581920904,0.7231638418079096,0.5031055900621118,0.3573422,88.01645569620254,0.5248990578734859,201,0.21739130434782608,0.36318407960199006,0.2857142857142857,0.1890547263681592,0.3034825870646766,0.13189771197846567,13
656941,SL,Slider,Breaking,523,0.38934426229508196,0.610655737704918,0.3917525773195876,0.3188917757009346,84.6186567164179,0.4474187380497132,109,0.21649484536082475,0.27522935779816515,0.17525773195876287,0.08256880733944955,0.4036697247706422,0.18164435946462715,5
656941,SI,Sinker,Fastball,426,0.15168539325842698,0.848314606741573,0.7021276595744681,0.49522143119266054,86.8159420289855,0.5422535211267606,114,0.32978723404255317,0.4424778761061947,0.37234042553191493,0.14035087719298245,0.14035087719298245,0.06338028169014084,10
656941,ST,Sweeper,Breaking,301,0.46511627906976744,0.5348837209302326,0.24528301886792453,0.2583707076923077,81.61076923076922,0.39867109634551495,65,0.09433962264150944,0.24615384615384617,0.1509433962264151,0.12307692307692308,0.4,0.19933554817275748,2
656941,CH,Changeup,Offspeed,291,0.4406779661016949,0.5593220338983051,0.509090909090909,0.3238707096774193,85.49661016949153,0.33676975945017185,63,0.18181818181818182,0.2857142857142857,0.3272727272727272,0.09523809523809523,0.47619047619047616,0.17869415807560138,6
656941,FC,Cutter,Fastball,259,0.30327868852459017,0.6967213114754098,0.775,0.4691311111111111,87.20384615384614,0.47876447876447875,46,0.35,0.4222222222222222,0.42500000000000004,0.10869565217391304,0.17391304347826086,0.14285714285714285,5
656941,CU,Curveball,Breaking,243,0.3958333333333333,0.6041666666666667,0.36363636363636365,0.3355964705882353,82.00727272727272,0.35802469135802467,53,0.20454545454545456,0.33962264150943394,0.1590909090909091,0.16981132075471697,0.32075471698113206,0.15637860082304528,2
656941,FS,Splitter,Offspeed,129,0.423728813559322,0.576271186440678,0.5,0.26620466666666665,82.10624999999999,0.32558139534883723,31,0.21428571428571427,0.2903225806451613,0.2857142857142857,0.0967741935483871,0.41935483870967744,0.1937984496124031,2
656941,KC,Knuckle-Curve,Breaking,46,0.5,0.5,0.7777777777777778,0.39463799999999993,92.58571428571429,0.30434782608695654,10,0.3333333333333333,0.4,0.4444444444444445,0.1,0.5,0.15217391304347827,1
656941,SV,Slurve,Breaking,25,0.2,0.8,0.16666666666666666,0.26866666666666666,82.23750000000001,0.44,6,0.16666666666666666,0.16666666666666666,0.0,0.0,0.3333333333333333,0.08,0
656976,FF,4-Seam FB,Fastball,156,0.07792207792207792,0.922077922077922,0.21428571428571427,0.2775690476190476,84.14848484848486,0.6025641025641025,48,0.19047619047619047,0.2708333333333333,0.023809523809523808,0.10416666666666667,0.14583333333333334,0.038461538461538464,0
656976,SL,Slider,Breaking,74,0.14285714285714285,0.8571428571428572,0.0,0.059666666666666666,79.6470588235294,0.33783783783783783,6,0.0,0.0,0.0,0.0,0.3333333333333333,0.04054054054054054,0
656976,CH,Changeup,Offspeed,71,0.375,0.625,0.4666666666666667,0.3074828571428571,77.61052631578947,0.39436619718309857,17,0.2,0.29411764705882354,0.26666666666666666,0.11764705882352941,0.23529411764705882,0.16901408450704225,1
656976,SI,Sinker,Fastball,61,0.037037037037037035,0.962962962962963,0.47368421052631576,0.4351495238095238,87.736,0.5245901639344263,22,0.3157894736842105,0.4090909090909091,0.15789473684210525,0.13636363636363635,0.13636363636363635,0.01639344262295082,1
656976,FC,Cutter,Fastball,50,0.2222222222222222,0.7777777777777778,0.4375,0.21640000000000004,84.81904761904762,0.62,16,0.1875,0.1875,0.25,0.0,0.25,0.12,1
656976,ST,Sweeper,Breaking,44,0.4,0.6,0.14285714285714285,0.18422,75.35714285714286,0.4772727272727273,9,0.14285714285714285,0.3333333333333333,0.0,0.2222222222222222,0.4444444444444444,0.13636363636363635,0
656976,CU,Curveball,Breaking,42,0.3157894736842105,0.6842105263157895,0.2222222222222222,0.27449999999999997,84.48181818181818,0.5238095238095238,9,0.2222222222222222,0.2222222222222222,0.0,0.0,0.3333333333333333,0.14285714285714285,0
657041,FF,4-Seam FB,Fastball,431,0.19680851063829788,0.8031914893617021,0.3854166666666667,0.3271069473684211,84.28951048951049,0.5475638051044084,118,0.19791666666666666,0.3474576271186441,0.18750000000000003,0.17796610169491525,0.23728813559322035,0.08584686774941995,4
657041,SI,Sinker,Fastball,302,0.08527131782945736,0.9147286821705426,0.43902439024390244,0.3579130322580645,84.48672566371681,0.5695364238410596,96,0.24390243902439024,0.34375,0.1951219512195122,0.125,0.11458333333333333,0.03642384105960265,4
657041,SL,Slider,Breaking,235,0.4,0.6,0.34210526315789475,0.2850745454545454,81.45,0.4425531914893617,45,0.2894736842105263,0.37777777777777777,0.05263157894736842,0.13333333333333333,0.3333333333333333,0.1276595744680851,0
657041,FC,Cutter,Fastball,168,0.313953488372093,0.686046511627907,0.46875,0.316,77.12142857142858,0.5535714285714286,32,0.28125,0.28125,0.1875,0.0,0.1875,0.16071428571428573,1
657041,ST,Sweeper,Breaking,167,0.25862068965517243,0.7413793103448276,0.24,0.19677714285714284,80.04102564102566,0.3772455089820359,28,0.16,0.21428571428571427,0.07999999999999999,0.07142857142857142,0.35714285714285715,0.08982035928143713,0
657041,CH,Changeup,Offspeed,131,0.35714285714285715,0.6428571428571428,0.45161290322580644,0.36998545454545445,82.93666666666668,0.3435114503816794,36,0.2903225806451613,0.3888888888888889,0.16129032258064513,0.1388888888888889,0.3888888888888889,0.15267175572519084,1
657041,CU,Curveball,Breaking,85,0.13793103448275862,0.8620689655172413,0.058823529411764705,0.20858624999999997,75.69565217391305,0.4470588235294118,18,0.058823529411764705,0.1111111111111111,0.0,0.05555555555555555,0.2777777777777778,0.047058823529411764,0
657041,FS,Splitter,Offspeed,32,0.23529411764705882,0.7647058823529411,0.0,0.1142975,70.16666666666667,0.3125,8,0.0,0.125,0.0,0.125,0.5,0.125,0
657136,FF,4-Seam FB,Fastball,251,0.15748031496062992,0.8425196850393701,0.38095238095238093,0.2933979104477612,82.13838383838385,0.5099601593625498,71,0.20634920634920634,0.2857142857142857,0.1746031746031746,0.09859154929577464,0.2535211267605634,0.0796812749003984,2
657136,SI,Sinker,Fastball,217,0.09574468085106383,0.9042553191489362,0.29310344827586204,0.3029443278688525,81.91625,0.6036866359447005,66,0.27586206896551724,0.36363636363636365,0.017241379310344807,0.09090909090909091,0.12121212121212122,0.041474654377880185,0
657136,SL,Slider,Breaking,148,0.3013698630136986,0.6986301369863014,0.48148148148148145,0.344754,80.85531914893616,0.4189189189189189,30,0.3333333333333333,0.4,0.14814814814814814,0.06666666666666667,0.23333333333333334,0.14864864864864866,1
657136,ST,Sweeper,Breaking,98,0.45652173913043476,0.5434782608695652,0.09523809523809523,0.23260448,80.6,0.37755102040816324,27,0.047619047619047616,0.19230769230769232,0.047619047619047616,0.1111111111111111,0.37037037037037035,0.21428571428571427,0
657136,FC,Cutter,Fastball,77,0.4,0.6,0.42857142857142855,0.288,76.75217391304349,0.5194805194805194,16,0.2857142857142857,0.2857142857142857,0.14285714285714285,0.0,0.1875,0.2077922077922078,0
657136,CH,Changeup,Offspeed,63,0.4722222222222222,0.5277777777777778,0.3888888888888889,0.13888235294117648,83.67368421052632,0.36507936507936506,19,0.2777777777777778,0.2777777777777778,0.1111111111111111,0.0,0.47368421052631576,0.2698412698412698,0
657136,CU,Curveball,Breaking,57,0.045454545454545456,0.9545454545454546,0.18181818181818182,0.23520800000000003,79.26470588235294,0.45614035087719296,13,0.09090909090909091,0.23076923076923078,0.09090909090909091,0.0,0.15384615384615385,0.017543859649122806,0
657656,FF,4-Seam FB,Fastball,288,0.2642857142857143,0.7357142857142858,0.40816326530612246,0.43644969491525426,83.73118279569891,0.4861111111111111,61,0.22448979591836735,0.3770491803278688,0.1836734693877551,0.18032786885245902,0.3114754098360656,0.1284722222222222,1
657656,SI,Sinker,Fastball,180,0.17708333333333334,0.8229166666666666,0.4,0.34315264,81.86944444444444,0.5388888888888889,55,0.28888888888888886,0.38181818181818183,0.11111111111111116,0.10909090909090909,0.12727272727272726,0.09444444444444444,1
657656,SL,Slider,Breaking,125,0.3269230769230769,0.6730769230769231,0.4090909090909091,0.289919,85.45806451612903,0.488,24,0.18181818181818182,0.25,0.2272727272727273,0.08333333333333333,0.2916666666666667,0.136,1
657656,ST,Sweeper,Breaking,92,0.4418604651162791,0.5581395348837209,0.2222222222222222,0.13866666666666666,77.28260869565217,0.3804347826086957,18,0.05555555555555555,0.05555555555555555,0.16666666666666666,0.0,0.5,0.20652173913043478,1
657656,CH,Changeup,Offspeed,85,0.37254901960784315,0.6274509803921569,0.6521739130434783,0.29771217391304344,81.77777777777777,0.35294117647058826,25,0.2608695652173913,0.32,0.391304347826087,0.04,0.28,0.2235294117647059,3
657656,FC,Cutter,Fastball,73,0.425,0.575,0.26666666666666666,0.189,79.98421052631579,0.4383561643835616,15,0.06666666666666667,0.06666666666666667,0.2,0.0,0.4666666666666667,0.2328767123287671,1
657656,CU,Curveball,Breaking,37,0.5,0.5,0.25,0.1172857142857143,79.78333333333335,0.4594594594594595,9,0.25,0.3333333333333333,0.0,0.1111111111111111,0.4444444444444444,0.1891891891891892,0
657656,FS,Splitter,Offspeed,31,0.4375,0.5625,0.18181818181818182,0.171038,74.27499999999999,0.41935483870967744,12,0.18181818181818182,0.25,0.0,0.08333333333333333,0.6666666666666666,0.22580645161290322,0
657757,FF,4-Seam FB,Fastball,574,0.1519434628975265,0.8480565371024735,0.5357142857142857,0.37493007751937985,84.76343612334803,0.524390243902439,136,0.25,0.3656716417910448,0.2857142857142857,0.15441176470588236,0.11764705882352941,0.07491289198606271,9
657757,CH,Changeup,Offspeed,274,0.2230769230769231,0.7769230769230769,0.34285714285714286,0.23752714285714285,79.38421052631578,0.33941605839416056,75,0.18571428571428572,0.24,0.15714285714285714,0.06666666666666667,0.18666666666666668,0.10583941605839416,3
657757,SI,Sinker,Fastball,254,0.1111111111111111,0.8888888888888888,0.3333333333333333,0.3212201904761905,83.08131868131869,0.5551181102362205,63,0.22807017543859648,0.2857142857142857,0.10526315789473684,0.06349206349206349,0.14285714285714285,0.047244094488188976,1
657757,SL,Slider,Breaking,224,0.2962962962962963,0.7037037037037037,0.4117647058823529,0.3228994666666667,79.57454545454546,0.4017857142857143,46,0.23529411764705882,0.43478260869565216,0.1764705882352941,0.1956521739130435,0.2391304347826087,0.10714285714285714,1
657757,CU,Curveball,Breaking,160,0.20754716981132076,0.7924528301886793,0.15625,0.23625032258064516,90.6025641025641,0.4125,34,0.15625,0.20588235294117646,0.0,0.058823529411764705,0.23529411764705882,0.06875,0
657757,FC,Cutter,Fastball,135,0.20833333333333334,0.7916666666666666,0.6071428571428571,0.36081103448275864,83.23200000000001,0.562962962962963,32,0.25,0.34375,0.3571428571428571,0.125,0.125,0.1111111111111111,3
657757,ST,Sweeper,Breaking,117,0.4594594594594595,0.5405405405405406,0.2857142857142857,0.23668400000000003,76.34444444444445,0.4017094017094017,23,0.14285714285714285,0.21739130434782608,0.14285714285714285,0.043478260869565216,0.5652173913043478,0.1452991452991453,1
657757,FS,Splitter,Offspeed,76,0.29411764705882354,0.7058823529411764,0.15789473684210525,0.17708380952380956,74.97619047619048,0.25,21,0.10526315789473684,0.19047619047619047,0.05263157894736842,0.09523809523809523,0.38095238095238093,0.13157894736842105,0
657757,KC,Knuckle-Curve,Breaking,33,0.4444444444444444,0.5555555555555556,1.5,0.585676,77.4,0.48484848484848486,5,0.5,0.6,1.0,0.2,0.4,0.12121212121212122,1
660162,FF,4-Seam FB,Fastball,217,0.18518518518518517,0.8148148148148149,0.2777777777777778,0.29445981395348836,81.13870967741936,0.5483870967741935,49,0.2222222222222222,0.42857142857142855,0.05555555555555558,0.24489795918367346,0.2653061224489796,0.06912442396313365,0
660162,CH,Changeup,Offspeed,89,0.38235294117647056,0.6176470588235294,0.07142857142857142,0.196985,79.78571428571429,0.33707865168539325,16,0.07142857142857142,0.1875,0.0,0.125,0.375,0.14606741573033707,0
660162,SL,Slider,Breaking,83,0.5277777777777778,0.4722222222222222,0.19047619047619047,0.13846400000000003,80.38235294117646,0.4457831325301205,23,0.14285714285714285,0.21739130434782608,0.047619047619047616,0.043478260869565216,0.5652173913043478,0.2289156626506024,0
660162,SI,Sinker,Fastball,67,0.2,0.8,0.5,0.2807222222222222,88.19090909090909,0.7164179104477612,20,0.2,0.2,0.3,0.0,0.35,0.08955223880597014,2
660162,CU,Curveball,Breaking,47,0.3157894736842105,0.6842105263157895,0.625,0.4059225,76.22500000000001,0.44680851063829785,9,0.25,0.3333333333333333,0.375,0.1111111111111111,0.2222222222222222,0.1276595744680851,1
660162,ST,Sweeper,Breaking,46,0.35,0.65,0.0,0.010199999999999999,81.05833333333332,0.4782608695652174,7,0.0,0.0,0.0,0.0,0.5714285714285714,0.15217391304347827,0
660162,FC,Cutter,Fastball,34,0.36363636363636365,0.6363636363636364,0.16666666666666666,0.35055200000000003,87.15714285714284,0.38235294117647056,10,0.16666666666666666,0.5,0.0,0.4,0.3,0.11764705882352941,0
660271,FF,4-Seam FB,Fastball,784,0.27793696275071633,0.7220630372492837,0.42207792207792205,0.3751078409090909,84.44510638297874,0.5344387755102041,179,0.23376623376623376,0.3220338983050847,0.1883116883116883,0.11731843575418995,0.2849162011173184,0.12372448979591837,7
660271,CH,Changeup,Offspeed,338,0.40131578947368424,0.5986842105263157,0.5063291139240507,0.38927395238095236,85.95060240963855,0.34615384615384615,88,0.31645569620253167,0.38636363636363635,0.189873417721519,0.09090909090909091,0.2840909090909091,0.1804733727810651,3
660271,SI,Sinker,Fastball,288,0.2248062015503876,0.7751937984496124,0.8235294117647058,0.538539012987013,89.22808988764045,0.5034722222222222,81,0.39705882352941174,0.48148148148148145,0.4264705882352941,0.12345679012345678,0.12345679012345678,0.10069444444444445,8
660271,SL,Slider,Breaking,288,0.3916083916083916,0.6083916083916083,0.40298507462686567,0.34195459740259737,84.39512195121951,0.4097222222222222,79,0.208955223880597,0.3291139240506329,0.19402985074626866,0.12658227848101267,0.2911392405063291,0.19444444444444445,2
660271,FC,Cutter,Fastball,201,0.24444444444444444,0.7555555555555555,0.7560975609756098,0.5241798333333333,87.35076923076923,0.5024875621890548,50,0.36585365853658536,0.4489795918367347,0.3902439024390244,0.12,0.14,0.10945273631840796,4
660271,CU,Curveball,Breaking,179,0.4105263157894737,0.5894736842105264,0.23076923076923078,0.2714663636363636,84.08125,0.37988826815642457,44,0.15384615384615385,0.22727272727272727,0.07692307692307693,0.09090909090909091,0.38636363636363635,0.21787709497206703,1
660271,ST,Sweeper,Breaking,165,0.3291139240506329,0.6708860759493671,0.6382978723404256,0.36244101960784314,85.60192307692309,0.4727272727272727,51,0.2978723404255319,0.35294117647058826,0.34042553191489366,0.058823529411764705,0.23529411764705882,0.15757575757575756,4
660271,FS,Splitter,Offspeed,88,0.3333333333333333,0.6666666666666667,0.47368421052631576,0.259688,79.71818181818182,0.25,21,0.2631578947368421,0.3333333333333333,0.21052631578947367,0.09523809523809523,0.3333333333333333,0.1590909090909091,1
660271,KC,Knuckle-Curve,Breaking,46,0.2727272727272727,0.7272727272727273,0.2727272727272727,0.5482123076923077,91.7875,0.41304347826086957,13,0.2727272727272727,0.38461538461538464,0.0,0.15384615384615385,0.07692307692307693,0.13043478260869565,0
660644,FF,4-Seam FB,Fastball,37,0.25,0.75,0.25,0.196076,65.76,0.40540540540540543,11,0.25,0.4,0.0,0.18181818181818182,0.18181818181818182,0.10810810810810811,0
660670,FF,4-Seam FB,Fastball,666,0.31092436974789917,0.6890756302521008,0.35714285714285715,0.32864767701863357,82.458547008547,0.4774774774774775,163,0.20714285714285716,0.3148148148148148,0.15,0.1165644171779141,0.25766871165644173,0.16666666666666666,5
660670,SI,Sinker,Fastball,309,0.17582417582417584,0.8241758241758241,0.651685393258427,0.46963377777777787,82.46187050359713,0.5436893203883495,100,0.33707865168539325,0.4,0.31460674157303375,0.08,0.07,0.10355987055016182,8
660670,FC,Cutter,Fastball,206,0.3269230769230769,0.6730769230769231,0.2,0.34329767441860465,79.15409836065574,0.4077669902912621,45,0.17142857142857143,0.35555555555555557,0.02857142857142858,0.2222222222222222,0.2,0.1650485436893204,0
660670,SL,Slider,Breaking,200,0.3023255813953488,0.6976744186046512,0.4,0.3160153488372093,79.68363636363637,0.39,43,0.34285714285714286,0.4418604651162791,0.05714285714285716,0.16279069767441862,0.16279069767441862,0.13,0
660670,CH,Changeup,Offspeed,173,0.35443037974683544,0.6455696202531646,0.4358974358974359,0.3043752380952381,84.8,0.34104046242774566,44,0.2564102564102564,0.3181818181818182,0.17948717948717952,0.09090909090909091,0.29545454545454547,0.16184971098265896,1
660670,ST,Sweeper,Breaking,169,0.3508771929824561,0.6491228070175439,0.4857142857142857,0.3918921052631579,91.34,0.33136094674556216,40,0.2,0.3,0.2857142857142857,0.125,0.275,0.11834319526627218,3
660670,CU,Curveball,Breaking,88,0.20833333333333334,0.7916666666666666,0.7142857142857143,0.39442857142857146,86.96470588235294,0.42045454545454547,14,0.2857142857142857,0.2857142857142857,0.4285714285714286,0.0,0.42857142857142855,0.056818181818181816,2
660670,FS,Splitter,Offspeed,58,0.3125,0.6875,0.5,0.41500000000000004,78.85714285714286,0.4827586206896552,18,0.2222222222222222,0.2222222222222222,0.2777777777777778,0.0,0.2777777777777778,0.1724137931034483,1
660688,FF,4-Seam FB,Fastball,341,0.08854166666666667,0.9114583333333334,0.42718446601941745,0.3231310769230769,84.69467455621302,0.5483870967741935,113,0.2524271844660194,0.3125,0.17475728155339804,0.061946902654867256,0.05309734513274336,0.04985337243401759,3
660688,CH,Changeup,Offspeed,190,0.22935779816513763,0.7706422018348624,0.375,0.20557746031746033,81.39999999999999,0.4105263157894737,65,0.234375,0.24615384615384617,0.140625,0.015384615384615385,0.12307692307692308,0.13157894736842105,2
660688,SI,Sinker,Fastball,161,0.09210526315789473,0.9078947368421053,0.4,0.35060188679245285,89.77647058823528,0.5217391304347826,55,0.34,0.4,0.06,0.09090909090909091,0.03636363636363636,0.043478260869565216,0
660688,SL,Slider,Breaking,155,0.17391304347826086,0.8260869565217391,0.4444444444444444,0.2757802264150943,79.24366197183097,0.5225806451612903,55,0.3148148148148148,0.32727272727272727,0.1296296296296296,0.0,0.14545454545454545,0.1032258064516129,1
660688,FC,Cutter,Fastball,89,0.06818181818181818,0.9318181818181819,0.8125,0.3580400000000001,83.42682926829268,0.5168539325842697,19,0.375,0.42105263157894735,0.4375,0.10526315789473684,0.10526315789473684,0.033707865168539325,2
660688,CU,Curveball,Breaking,88,0.125,0.875,0.17647058823529413,0.21441176470588233,76.91923076923078,0.5,19,0.17647058823529413,0.16666666666666666,0.0,0.0,0.15789473684210525,0.045454545454545456,0
660688,ST,Sweeper,Breaking,83,0.21052631578947367,0.7894736842105263,0.5,0.2510167619047619,79.77307692307691,0.5060240963855421,22,0.2,0.22727272727272727,0.3,0.0,0.22727272727272727,0.0963855421686747,2
660688,FS,Splitter,Offspeed,44,0.16,0.84,0.47058823529411764,0.25041,77.51428571428572,0.45454545454545453,18,0.29411764705882354,0.3333333333333333,0.1764705882352941,0.05555555555555555,0.16666666666666666,0.09090909090909091,0
660710,FF,4-Seam FB,Fastball,101,0.16279069767441862,0.8372093023255813,0.65,0.42663130434782603,85.27058823529411,0.5148514851485149,26,0.2,0.36,0.45,0.19230769230769232,0.19230769230769232,0.06930693069306931,3
660710,SI,Sinker,Fastball,73,0.10526315789473684,0.8947368421052632,0.2857142857142857,0.21105882352941177,84.21,0.6027397260273972,21,0.09523809523809523,0.09523809523809523,0.19047619047619047,0.0,0.09523809523809523,0.0547945205479452,1
660710,SL,Slider,Breaking,73,0.2777777777777778,0.7222222222222222,0.21052631578947367,0.17496899999999999,74.10000000000001,0.410958904109589,20,0.10526315789473684,0.15,0.10526315789473684,0.05,0.3,0.136986301369863,0
660710,ST,Sweeper,Breaking,45,0.4,0.6,0.36363636363636365,0.23282553846153847,82.72222222222223,0.35555555555555557,13,0.2727272727272727,0.38461538461538464,0.09090909090909094,0.07692307692307693,0.46153846153846156,0.13333333333333333,0
660710,CH,Changeup,Offspeed,37,0.42857142857142855,0.5714285714285714,0.0,0.183095,68.28571428571429,0.35135135135135137,5,0.0,0.2,0.0,0.2,0.4,0.16216216216216217,0
660821,FF,4-Seam FB,Fastball,436,0.28695652173913044,0.7130434782608696,0.45054945054945056,0.30580507526881723,82.86792452830187,0.5206422018348624,100,0.2857142857142857,0.32,0.16483516483516486,0.05,0.29,0.15137614678899083,3
660821,SI,Sinker,Fastball,174,0.20930232558139536,0.7906976744186046,0.42857142857142855,0.28582471111111113,83.18571428571428,0.603448275862069,47,0.3333333333333333,0.3617021276595745,0.09523809523809523,0.0425531914893617,0.23404255319148937,0.10344827586206896,0
660821,CH,Changeup,Offspeed,148,0.3188405797101449,0.6811594202898551,0.25,0.3220367741935484,79.50454545454545,0.2635135135135135,32,0.21428571428571427,0.3125,0.035714285714285726,0.125,0.125,0.14864864864864866,0
660821,FC,Cutter,Fastball,129,0.2878787878787879,0.7121212121212122,0.8076923076923077,0.4214266666666667,84.66444444444444,0.4806201550387597,30,0.38461538461538464,0.4666666666666667,0.4230769230769231,0.13333333333333333,0.13333333333333333,0.14728682170542637,3
660821,SL,Slider,Breaking,107,0.3787878787878788,0.6212121212121212,0.2413793103448276,0.343327,84.74871794871794,0.40186915887850466,33,0.1724137931034483,0.2727272727272727,0.06896551724137931,0.06060606060606061,0.2727272727272727,0.2336448598130841,0
660821,FS,Splitter,Offspeed,80,0.20930232558139536,0.7906976744186046,0.4,0.2895985714285714,80.36785714285715,0.35,16,0.26666666666666666,0.3125,0.13333333333333336,0.0625,0.125,0.1125,0
660821,ST,Sweeper,Breaking,69,0.2727272727272727,0.7272727272727273,0.125,0.30082928000000003,79.6608695652174,0.37681159420289856,26,0.125,0.19230769230769232,0.0,0.038461538461538464,0.3076923076923077,0.13043478260869565,0
660821,CU,Curveball,Breaking,68,0.32558139534883723,0.6744186046511628,0.48,0.3815655384615384,87.79629629629629,0.27941176470588236,27,0.2,0.25925925925925924,0.27999999999999997,0.0,0.2222222222222222,0.20588235294117646,2
660821,KC,Knuckle-Curve,Breaking,28,0.35294117647058826,0.6470588235294117,0.2857142857142857,0.21335679999999999,81.96000000000001,0.42857142857142855,15,0.21428571428571427,0.26666666666666666,0.07142857142857142,0.0,0.4,0.21428571428571427,0
660844,FF,4-Seam FB,Fastball,256,0.125,0.875,0.18867924528301888,0.2797454285714286,82.18311688311688,0.51953125,66,0.16981132075471697,0.3076923076923077,0.01886792452830191,0.13636363636363635,0.24242424242424243,0.046875,0
660844,FC,Cutter,Fastball,98,0.20588235294117646,0.7941176470588236,0.46153846153846156,0.1727984615384615,77.43333333333332,0.5,15,0.23076923076923078,0.26666666666666666,0.23076923076923078,0.06666666666666667,0.26666666666666666,0.07142857142857142,0
660844,SI,Sinker,Fastball,98,0.20512820512820512,0.7948717948717949,0.2,0.2662856,81.26666666666667,0.7040816326530612,30,0.16,0.27586206896551724,0.04000000000000001,0.13333333333333333,0.26666666666666666,0.08163265306122448,0
660844,CH,Changeup,Offspeed,82,0.26666666666666666,0.7333333333333334,0.2,0.23123500000000002,75.25882352941177,0.4024390243902439,17,0.2,0.29411764705882354,0.0,0.11764705882352941,0.23529411764705882,0.0975609756097561,0
660844,SL,Slider,Breaking,71,0.5769230769230769,0.42307692307692313,0.0,0.162115,76.53333333333333,0.36619718309859156,15,0.0,0.26666666666666666,0.0,0.26666666666666666,0.3333333333333333,0.2112676056338028,0
660844,CU,Curveball,Breaking,47,0.3,0.7,0.0,0.1458704,67.42857142857143,0.5106382978723404,5,0.0,0.2,0.0,0.0,0.8,0.06382978723404255,0
660844,ST,Sweeper,Breaking,39,0.25,0.75,0.14285714285714285,0.2717975,67.28888888888888,0.5128205128205128,8,0.14285714285714285,0.25,0.0,0.125,0.25,0.07692307692307693,0
661388,FF,4-Seam FB,Fastball,627,0.18181818181818182,0.8181818181818181,0.40145985401459855,0.3418154025974026,86.2516806722689,0.5055821371610846,158,0.23357664233576642,0.3291139240506329,0.16788321167883213,0.12025316455696203,0.11392405063291139,0.08931419457735247,6
661388,SI,Sinker,Fastball,465,0.10084033613445378,0.8991596638655462,0.5035460992907801,0.3607809806451613,87.3413793103448,0.567741935483871,160,0.3404255319148936,0.4,0.16312056737588648,0.09375,0.04375,0.05161290322580645,4
661388,SL,Slider,Breaking,358,0.29605263157894735,0.7039473684210527,0.25316455696202533,0.30413292682926835,83.81470588235294,0.4748603351955307,85,0.21518987341772153,0.25882352941176473,0.037974683544303806,0.058823529411764705,0.2235294117647059,0.12569832402234637,1
661388,ST,Sweeper,Breaking,255,0.2692307692307692,0.7307692307692308,0.3387096774193548,0.2691536363636364,82.0,0.39215686274509803,66,0.16129032258064516,0.19696969696969696,0.17741935483870966,0.045454545454545456,0.22727272727272727,0.10980392156862745,2
661388,FC,Cutter,Fastball,190,0.21,0.79,0.7818181818181819,0.4018537931034482,84.356,0.48947368421052634,59,0.4,0.4406779661016949,0.38181818181818183,0.06779661016949153,0.11864406779661017,0.11052631578947368,6
661388,CH,Changeup,Offspeed,184,0.24444444444444444,0.7555555555555555,0.32653061224489793,0.2894890909090909,85.534375,0.42391304347826086,55,0.2857142857142857,0.34545454545454546,0.040816326530612235,0.09090909090909091,0.16363636363636364,0.11956521739130435,0
661388,CU,Curveball,Breaking,116,0.3023255813953488,0.6976744186046512,0.20833333333333334,0.2273953103448276,76.37692307692308,0.3448275862068966,29,0.16666666666666666,0.27586206896551724,0.041666666666666685,0.06896551724137931,0.3793103448275862,0.11206896551724138,0
661388,FS,Splitter,Offspeed,70,0.358974358974359,0.641025641025641,0.3888888888888889,0.30333578947368417,86.66666666666667,0.35714285714285715,19,0.2222222222222222,0.2631578947368421,0.16666666666666669,0.05263157894736842,0.3684210526315789,0.2,1
661388,KC,Knuckle-Curve,Breaking,33,0.35714285714285715,0.6428571428571428,0.7142857142857143,0.4258571428571428,80.42857142857143,0.36363636363636365,7,0.5714285714285714,0.5714285714285714,0.1428571428571429,0.0,0.2857142857142857,0.15151515151515152,0
661531,FF,4-Seam FB,Fastball,106,0.3148148148148148,0.6851851851851851,0.7037037037037037,0.3838992307692308,83.63714285714286,0.6132075471698113,28,0.3333333333333333,0.35714285714285715,0.3703703703703704,0.03571428571428571,0.2857142857142857,0.16037735849056603,3
661531,SI,Sinker,Fastball,74,0.24242424242424243,0.7575757575757576,0.07142857142857142,0.30289200000000005,81.73478260869565,0.6216216216216216,15,0.07142857142857142,0.13333333333333333,0.0,0.06666666666666667,0.13333333333333333,0.10810810810810811,0
661531,ST,Sweeper,Breaking,44,0.34782608695652173,0.6521739130434783,0.0,0.07949999999999999,79.37272727272726,0.4318181818181818,12,0.0,0.0,0.0,0.0,0.3333333333333333,0.18181818181818182,0
661531,CH,Changeup,Offspeed,43,0.25,0.75,0.5454545454545454,0.19536363636363638,81.8875,0.32558139534883723,11,0.2727272727272727,0.2727272727272727,0.2727272727272727,0.0,0.09090909090909091,0.13953488372093023,1
661531,FC,Cutter,Fastball,30,0.26666666666666666,0.7333333333333334,0.4444444444444444,0.332669,84.12727272727274,0.5,10,0.1111111111111111,0.2,0.3333333333333333,0.0,0.3,0.13333333333333333,1
661531,SL,Slider,Breaking,25,0.6666666666666666,0.33333333333333337,0.0,0.247676,89.0,0.36,6,0.0,0.16666666666666666,0.0,0.16666666666666666,0.5,0.24,0
662139,FF,4-Seam FB,Fastball,650,0.23324396782841822,0.7667560321715818,0.3618421052631579,0.3002178881987578,82.89733840304183,0.5046153846153846,170,0.17763157894736842,0.2603550295857988,0.1842105263157895,0.1,0.2411764705882353,0.13384615384615384,6
662139,SI,Sinker,Fastball,349,0.12727272727272726,0.8727272727272728,0.45977011494252873,0.3081096888888889,81.50518518518518,0.5243553008595988,92,0.3103448275862069,0.34782608695652173,0.14942528735632182,0.043478260869565216,0.14130434782608695,0.06017191977077364,3
662139,SL,Slider,Breaking,276,0.25165562913907286,0.7483443708609272,0.375,0.24458853333333339,78.9843137254902,0.44565217391304346,76,0.20833333333333334,0.25,0.16666666666666666,0.05263157894736842,0.21052631578947367,0.13768115942028986,2
662139,FC,Cutter,Fastball,192,0.18627450980392157,0.8137254901960784,0.24489795918367346,0.2246604347826087,80.45263157894736,0.4739583333333333,51,0.20408163265306123,0.21568627450980393,0.040816326530612235,0.0196078431372549,0.11764705882352941,0.09895833333333333,0
662139,CH,Changeup,Offspeed,178,0.2336448598130841,0.7663551401869159,0.36363636363636365,0.2934050344827586,77.74102564102564,0.33146067415730335,59,0.23636363636363636,0.288135593220339,0.1272727272727273,0.05084745762711865,0.2033898305084746,0.1404494382022472,2
662139,CU,Curveball,Breaking,164,0.21518987341772153,0.7848101265822784,0.16666666666666666,0.22378800000000001,77.69090909090909,0.4329268292682927,40,0.1111111111111111,0.2,0.05555555555555555,0.1,0.25,0.10365853658536585,0
662139,ST,Sweeper,Breaking,146,0.22807017543859648,0.7719298245614035,0.35,0.32144363636363643,74.725,0.3767123287671233,22,0.3,0.36363636363636365,0.04999999999999999,0.09090909090909091,0.22727272727272727,0.08904109589041095,0
662139,FS,Splitter,Offspeed,64,0.3611111111111111,0.6388888888888888,0.4444444444444444,0.35202235294117645,83.05909090909091,0.328125,19,0.2777777777777778,0.3157894736842105,0.16666666666666663,0.05263157894736842,0.21052631578947367,0.203125,0
662139,KC,Knuckle-Curve,Breaking,39,0.3888888888888889,0.6111111111111112,0.3333333333333333,0.25822,76.9125,0.48717948717948717,8,0.3333333333333333,0.5,0.0,0.25,0.25,0.1794871794871795,0
663330,FF,4-Seam FB,Fastball,193,0.2808988764044944,0.7191011235955056,0.3333333333333333,0.3459952666666667,84.46393442622951,0.5492227979274611,62,0.2549019607843137,0.3870967741935484,0.0784313725490196,0.12903225806451613,0.24193548387096775,0.12953367875647667,0
663330,CH,Changeup,Offspeed,139,0.3333333333333333,0.6666666666666667,0.35135135135135137,0.30832352941176466,84.37826086956521,0.3597122302158273,37,0.24324324324324326,0.24324324324324326,0.10810810810810811,0.0,0.2972972972972973,0.18705035971223022,1
663330,SL,Slider,Breaking,123,0.5081967213114754,0.4918032786885246,0.2608695652173913,0.14122347826086956,83.8037037037037,0.4146341463414634,26,0.08695652173913043,0.19230769230769232,0.17391304347826086,0.11538461538461539,0.5769230769230769,0.25203252032520324,1
663330,SI,Sinker,Fastball,87,0.16666666666666666,0.8333333333333334,0.6666666666666666,0.5741366666666666,84.31935483870967,0.5517241379310345,27,0.23809523809523808,0.4074074074074074,0.42857142857142855,0.2222222222222222,0.14814814814814814,0.08045977011494253,3
663330,CU,Curveball,Breaking,64,0.34782608695652173,0.6521739130434783,0.3333333333333333,0.1459090909090909,77.31666666666666,0.421875,12,0.25,0.25,0.08333333333333331,0.0,0.5833333333333334,0.125,0
663330,ST,Sweeper,Breaking,60,0.5517241379310345,0.4482758620689655,0.4,0.2757618181818182,82.75833333333334,0.4,11,0.1,0.18181818181818182,0.30000000000000004,0.09090909090909091,0.5454545454545454,0.26666666666666666,1
663330,FC,Cutter,Fastball,49,0.23076923076923078,0.7692307692307692,0.4166666666666667,0.3697793333333334,85.14500000000001,0.5510204081632653,13,0.25,0.3076923076923077,0.16666666666666669,0.0,0.23076923076923078,0.12244897959183673,0
663368,FF,4-Seam FB,Fastball,160,0.24691358024691357,0.7530864197530864,0.21052631578947367,0.1913035,78.53846153846153,0.5875,42,0.13157894736842105,0.1951219512195122,0.07894736842105263,0.07142857142857142,0.21428571428571427,0.125,0
663368,CH,Changeup,Offspeed,76,0.24242424242424243,0.7575757575757576,0.23529411764705882,0.17786666666666667,77.74000000000001,0.2631578947368421,17,0.17647058823529413,0.17647058823529413,0.05882352941176469,0.0,0.23529411764705882,0.10526315789473684,0
663368,SI,Sinker,Fastball,66,0.045454545454545456,0.9545454545454546,0.7142857142857143,0.5672140000000001,82.905,0.5303030303030303,11,0.42857142857142855,0.6,0.28571428571428575,0.2727272727272727,0.09090909090909091,0.015151515151515152,0
663368,FC,Cutter,Fastball,45,0.1111111111111111,0.8888888888888888,0.2222222222222222,0.23587600000000003,82.32000000000001,0.4888888888888889,11,0.2222222222222222,0.36363636363636365,0.0,0.18181818181818182,0.09090909090909091,0.044444444444444446,0
663368,CU,Curveball,Breaking,34,0.14285714285714285,0.8571428571428572,0.125,0.3044866666666667,82.0,0.5588235294117647,9,0.125,0.2222222222222222,0.0,0.1111111111111111,0.2222222222222222,0.058823529411764705,0
663368,SL,Slider,Breaking,34,0.5,0.5,0.5,0.35697563636363633,89.3,0.29411764705882354,12,0.2,0.3333333333333333,0.3,0.08333333333333333,0.4166666666666667,0.17647058823529413,1
663457,FF,4-Seam FB,Fastball,421,0.16770186335403728,0.8322981366459627,0.5058823529411764,0.42204653846153845,88.42578125,0.5534441805225653,104,0.2823529411764706,0.40384615384615385,0.22352941176470587,0.17307692307692307,0.25,0.06413301662707839,4
663457,SI,Sinker,Fastball,244,0.06976744186046512,0.9302325581395349,0.3673469387755102,0.35297966101694916,84.84933333333335,0.5532786885245902,61,0.2653061224489796,0.38333333333333336,0.10204081632653061,0.16393442622950818,0.08196721311475409,0.02459016393442623,1
663457,SL,Slider,Breaking,171,0.3148148148148148,0.6851851851851851,0.25806451612903225,0.2965751351351351,84.77575757575757,0.4678362573099415,37,0.1935483870967742,0.32432432432432434,0.06451612903225806,0.16216216216216217,0.2972972972972973,0.09941520467836257,0
663457,CH,Changeup,Offspeed,169,0.1643835616438356,0.8356164383561644,0.19047619047619047,0.2623391666666667,80.46491228070175,0.38461538461538464,48,0.14285714285714285,0.25,0.047619047619047616,0.125,0.125,0.07100591715976332,0
663457,FC,Cutter,Fastball,104,0.23529411764705882,0.7647058823529411,0.2857142857142857,0.23951727272727272,85.01470588235294,0.5961538461538461,22,0.23809523809523808,0.2727272727272727,0.047619047619047616,0.045454545454545456,0.18181818181818182,0.11538461538461539,0
663457,CU,Curveball,Breaking,97,0.20833333333333334,0.7916666666666666,0.6875,0.39412500000000006,84.72352941176472,0.41237113402061853,16,0.3125,0.3125,0.375,0.0,0.375,0.05154639175257732,2
663457,ST,Sweeper,Breaking,72,0.2727272727272727,0.7272727272727273,0.6666666666666666,0.4489114285714285,93.85384615384615,0.5277777777777778,14,0.3333333333333333,0.42857142857142855,0.3333333333333333,0.14285714285714285,0.2857142857142857,0.08333333333333333,1
663457,FS,Splitter,Offspeed,64,0.2413793103448276,0.7586206896551724,0.2631578947368421,0.24357894736842106,82.9952380952381,0.4375,19,0.21052631578947367,0.21052631578947367,0.05263157894736842,0.0,0.2631578947368421,0.109375,0
663494,FF,4-Seam FB,Fastball,294,0.18840579710144928,0.8115942028985508,0.4067796610169492,0.3580164571428571,82.02818181818182,0.5136054421768708,70,0.2542372881355932,0.37142857142857144,0.15254237288135597,0.14285714285714285,0.18571428571428572,0.08843537414965986,3
663494,SI,Sinker,Fastball,138,0.14545454545454545,0.8545454545454545,0.36,0.3281694193548387,81.09,0.5507246376811594,33,0.24,0.375,0.12,0.15151515151515152,0.06060606060606061,0.057971014492753624,1
663494,CH,Changeup,Offspeed,86,0.3023255813953488,0.6976744186046512,0.2,0.19492,76.62,0.4069767441860465,25,0.16,0.16,0.04000000000000001,0.0,0.32,0.1511627906976744,0
663494,SL,Slider,Breaking,66,0.28125,0.71875,0.1875,0.20261058823529413,72.03,0.4696969696969697,17,0.1875,0.23529411764705882,0.0,0.058823529411764705,0.35294117647058826,0.13636363636363635,0
663494,CU,Curveball,Breaking,61,0.09523809523809523,0.9047619047619048,0.42857142857142855,0.20796125,78.95294117647059,0.5409836065573771,16,0.2857142857142857,0.3125,0.14285714285714285,0.0625,0.125,0.03278688524590164,0
663494,ST,Sweeper,Breaking,47,0.3157894736842105,0.6842105263157895,0.18181818181818182,0.28236500000000003,81.61666666666666,0.425531914893617,12,0.18181818181818182,0.25,0.0,0.08333333333333333,0.16666666666666666,0.1276595744680851,0
663494,FC,Cutter,Fastball,43,0.3888888888888889,0.6111111111111112,0.5555555555555556,0.2647777777777778,89.47999999999999,0.5348837209302325,9,0.3333333333333333,0.3333333333333333,0.22222222222222227,0.0,0.4444444444444444,0.16279069767441862,0
663538,FF,4-Seam FB,Fastball,714,0.06701030927835051,0.9329896907216495,0.3069306930693069,0.3206752,82.69455587392551,0.5602240896358543,226,0.22772277227722773,0.29646017699115046,0.0792079207920792,0.084070796460177,0.061946902654867256,0.036414565826330535,3
663538,SI,Sinker,Fastball,572,0.04247104247104247,0.9575289575289575,0.36024844720496896,0.3484221860465116,82.57179487179486,0.5437062937062938,177,0.2981366459627329,0.3559322033898305,0.06211180124223603,0.06779661016949153,0.04519774011299435,0.019230769230769232,1
663538,SL,Slider,Breaking,356,0.22972972972972974,0.7702702702702703,0.4567901234567901,0.28698624390243904,80.65555555555555,0.4550561797752809,87,0.30864197530864196,0.3488372093023256,0.14814814814814814,0.04597701149425287,0.13793103448275862,0.09550561797752809,2
663538,ST,Sweeper,Breaking,220,0.11627906976744186,0.8837209302325582,0.6,0.3216034782608696,75.96527777777777,0.42727272727272725,47,0.37777777777777777,0.40425531914893614,0.2222222222222222,0.0425531914893617,0.10638297872340426,0.045454545454545456,2
663538,CH,Changeup,Offspeed,219,0.22950819672131148,0.7704918032786885,0.1864406779661017,0.2829300327868853,78.48977272727274,0.3242009132420091,63,0.15254237288135594,0.19047619047619047,0.033898305084745756,0.031746031746031744,0.14285714285714285,0.1278538812785388,0
663538,FC,Cutter,Fastball,181,0.13414634146341464,0.8658536585365854,0.36363636363636365,0.33810091666666664,81.05072463768116,0.5138121546961326,50,0.29545454545454547,0.36,0.06818181818181818,0.06,0.08,0.06077348066298342,0
663538,CU,Curveball,Breaking,124,0.1,0.9,0.28,0.29816846153846155,79.49767441860466,0.532258064516129,27,0.2,0.2222222222222222,0.08000000000000002,0.037037037037037035,0.1111111111111111,0.04032258064516129,0
663538,FS,Splitter,Offspeed,52,0.34615384615384615,0.6538461538461539,0.7,0.32227272727272727,83.88666666666667,0.36538461538461536,11,0.4,0.36363636363636365,0.29999999999999993,0.0,0.2727272727272727,0.17307692307692307,1
663538,KC,Knuckle-Curve,Breaking,36,0.25,0.75,0.25,0.34607319999999997,76.9090909090909,0.5277777777777778,10,0.25,0.4,0.0,0.1,0.2,0.1111111111111111,0
663586,FF,4-Seam FB,Fastball,813,0.33249370277078083,0.6675062972292192,0.35638297872340424,0.3177321553398058,85.11203319502074,0.4747847478474785,215,0.2074468085106383,0.30697674418604654,0.14893617021276595,0.11627906976744186,0.3488372093023256,0.16236162361623616,8
663586,SI,Sinker,Fastball,406,0.13744075829383887,0.8625592417061612,0.4095238095238095,0.3070898275862069,84.79101796407184,0.5640394088669951,119,0.24761904761904763,0.3277310924369748,0.16190476190476188,0.06722689075630252,0.15126050420168066,0.07142857142857142,3
663586,ST,Sweeper,Breaking,320,0.3708609271523179,0.6291390728476821,0.36363636363636365,0.28634605714285716,81.90813953488372,0.4125,72,0.24242424242424243,0.3055555555555556,0.12121212121212122,0.05555555555555555,0.4027777777777778,0.175,1
663586,SL,Slider,Breaking,301,0.3698630136986301,0.6301369863013699,0.3382352941176471,0.26585577464788734,82.50454545454545,0.48172757475083056,72,0.23529411764705882,0.25,0.10294117647058826,0.027777777777777776,0.2916666666666667,0.17940199335548174,1
663586,CH,Changeup,Offspeed,245,0.3706896551724138,0.6293103448275862,0.2909090909090909,0.23495068965517243,84.3909090909091,0.3224489795918367,59,0.23636363636363636,0.2711864406779661,0.054545454545454536,0.05084745762711865,0.3389830508474576,0.17551020408163265,0
663586,FC,Cutter,Fastball,223,0.35964912280701755,0.6403508771929824,0.5365853658536586,0.3709312380952381,85.05373134328357,0.4977578475336323,44,0.21951219512195122,0.2727272727272727,0.3170731707317074,0.045454545454545456,0.3409090909090909,0.18385650224215247,4
663586,CU,Curveball,Breaking,123,0.2978723404255319,0.7021276595744681,0.5,0.3394947826086957,83.02727272727273,0.3089430894308943,23,0.22727272727272727,0.2608695652173913,0.2727272727272727,0.043478260869565216,0.34782608695652173,0.11382113821138211,2
663586,FS,Splitter,Offspeed,71,0.39473684210526316,0.6052631578947368,0.5333333333333333,0.264147,88.94285714285714,0.352112676056338,16,0.2,0.25,0.3333333333333333,0.0,0.4375,0.2112676056338028,1
663586,KC,Knuckle-Curve,Breaking,43,0.5652173913043478,0.4347826086956522,0.08333333333333333,0.19534,80.38000000000001,0.2558139534883721,14,0.08333333333333333,0.21428571428571427,0.0,0.14285714285714285,0.42857142857142855,0.3023255813953488,0
663604,FF,4-Seam FB,Fastball,148,0.32786885245901637,0.6721311475409837,0.28,0.2721712,82.86052631578949,0.5,31,0.2,0.3548387096774194,0.08000000000000002,0.1935483870967742,0.4838709677419355,0.13513513513513514,0
663604,SI,Sinker,Fastball,101,0.19607843137254902,0.803921568627451,0.20833333333333334,0.22707263157894736,80.6078947368421,0.6138613861386139,26,0.20833333333333334,0.24,0.0,0.038461538461538464,0.11538461538461539,0.09900990099009901,0
663604,SL,Slider,Breaking,78,0.32432432432432434,0.6756756756756757,0.4,0.1983157894736842,76.17272727272727,0.41025641025641024,21,0.35,0.35,0.050000000000000044,0.0,0.38095238095238093,0.15384615384615385,0
663604,CH,Changeup,Offspeed,67,0.525,0.475,0.25,0.19142533333333336,78.01764705882353,0.3880597014925373,17,0.125,0.17647058823529413,0.125,0.058823529411764705,0.29411764705882354,0.31343283582089554,0
663604,FC,Cutter,Fastball,49,0.15,0.85,1.0,0.46519714285714286,75.88125,0.5306122448979592,8,0.5714285714285714,0.625,0.4285714285714286,0.125,0.0,0.061224489795918366,1
663604,ST,Sweeper,Breaking,48,0.2608695652173913,0.7391304347826086,0.45454545454545453,0.2602123076923077,76.83571428571429,0.4375,13,0.36363636363636365,0.46153846153846156,0.09090909090909088,0.15384615384615385,0.3076923076923077,0.125,0
663611,FF,4-Seam FB,Fastball,66,0.05555555555555555,0.9444444444444444,0.42857142857142855,0.3425475,84.44375000000001,0.5757575757575758,16,0.35714285714285715,0.4375,0.0714285714285714,0.125,0.0,0.030303030303030304,0
663611,SI,Sinker,Fastball,48,0.0,1.0,0.2857142857142857,0.28188894117647056,82.37619047619049,0.5625,17,0.2857142857142857,0.4117647058823529,0.0,0.11764705882352941,0.0,0.0,0
663611,SL,Slider,Breaking,48,0.16,0.84,0.42857142857142855,0.384076,79.44761904761904,0.5208333333333334,10,0.2857142857142857,0.4,0.14285714285714285,0.2,0.1,0.08333333333333333,0
663616,FF,4-Seam FB,Fastball,484,0.13025210084033614,0.8697478991596639,0.49295774647887325,0.3602862337662337,84.53246073298429,0.5351239669421488,158,0.33098591549295775,0.3987341772151899,0.1619718309859155,0.10126582278481013,0.06962025316455696,0.0640495867768595,4
663616,SI,Sinker,Fastball,255,0.16666666666666666,0.8333333333333334,0.5576923076923077,0.4061837931034482,85.48765432098766,0.5294117647058824,62,0.3076923076923077,0.3898305084745763,0.25,0.11290322580645161,0.0967741935483871,0.06666666666666667,3
663616,CH,Changeup,Offspeed,244,0.36538461538461536,0.6346153846153846,0.22448979591836735,0.21435519999999997,81.03934426229507,0.3319672131147541,51,0.16326530612244897,0.19607843137254902,0.06122448979591838,0.0392156862745098,0.2549019607843137,0.1557377049180328,0
663616,SL,Slider,Breaking,224,0.43157894736842106,0.5684210526315789,0.4722222222222222,0.30710706976744184,82.85192307692309,0.4732142857142857,43,0.25,0.37209302325581395,0.2222222222222222,0.11627906976744186,0.27906976744186046,0.18303571428571427,2
663616,CU,Curveball,Breaking,139,0.3448275862068966,0.6551724137931034,0.4,0.31562455172413795,80.46756756756756,0.4244604316546763,33,0.26666666666666666,0.3333333333333333,0.13333333333333336,0.06060606060606061,0.2727272727272727,0.14388489208633093,1
663616,ST,Sweeper,Breaking,130,0.4090909090909091,0.5909090909090908,0.5,0.34088999999999997,87.016,0.5538461538461539,27,0.25,0.3333333333333333,0.25,0.1111111111111111,0.4444444444444444,0.13846153846153847,2
663616,FC,Cutter,Fastball,114,0.13333333333333333,0.8666666666666667,0.391304347826087,0.3430447142857143,81.74166666666666,0.4824561403508772,30,0.21739130434782608,0.4,0.1739130434782609,0.2,0.1,0.05263157894736842,1
663616,FS,Splitter,Offspeed,105,0.49019607843137253,0.5098039215686274,0.2916666666666667,0.26959,85.18076923076923,0.3142857142857143,28,0.125,0.25,0.16666666666666669,0.14285714285714285,0.35714285714285715,0.23809523809523808,1
663616,KC,Knuckle-Curve,Breaking,42,0.3333333333333333,0.6666666666666667,0.38461538461538464,0.1604615384615385,84.51176470588236,0.40476190476190477,13,0.23076923076923078,0.23076923076923078,0.15384615384615385,0.0,0.3076923076923077,0.21428571428571427,0
663624,FF,4-Seam FB,Fastball,30,0.2777777777777778,0.7222222222222222,0.16666666666666666,0.34946000000000005,82.10769230769232,0.4666666666666667,7,0.16666666666666666,0.2857142857142857,0.0,0.14285714285714285,0.2857142857142857,0.16666666666666666,0
663624,SI,Sinker,Fastball,25,0.0,1.0,0.5,0.895,82.19,0.52,2,0.5,0.5,0.0,0.0,0.5,0.0,0
663647,FF,4-Seam FB,Fastball,282,0.19852941176470587,0.8014705882352942,0.19718309859154928,0.28019220779220777,85.24607843137254,0.4787234042553192,83,0.14084507042253522,0.26506024096385544,0.056338028169014065,0.14457831325301204,0.1686746987951807,0.09574468085106383,1
663647,SI,Sinker,Fastball,209,0.13541666666666666,0.8645833333333334,0.48214285714285715,0.38640326530612246,88.17671232876712,0.583732057416268,60,0.23214285714285715,0.2833333333333333,0.25,0.06666666666666667,0.11666666666666667,0.06220095693779904,4
663647,ST,Sweeper,Breaking,113,0.36,0.64,0.20689655172413793,0.2043448275862069,80.703125,0.40707964601769914,29,0.1724137931034483,0.1724137931034483,0.03448275862068964,0.0,0.3103448275862069,0.1592920353982301,0
663647,SL,Slider,Breaking,96,0.34146341463414637,0.6585365853658536,0.04,0.31378276923076925,85.09629629629632,0.4895833333333333,26,0.04,0.07692307692307693,0.0,0.0,0.2692307692307692,0.14583333333333334,0
663647,CU,Curveball,Breaking,68,0.3333333333333333,0.6666666666666667,0.0,0.16576470588235295,82.93076923076924,0.47058823529411764,18,0.0,0.0,0.0,0.0,0.3888888888888889,0.10294117647058823,0
663647,FC,Cutter,Fastball,68,0.23529411764705882,0.7647058823529411,0.058823529411764705,0.17710188235294116,79.724,0.5588235294117647,19,0.058823529411764705,0.15789473684210525,0.0,0.05263157894736842,0.15789473684210525,0.11764705882352941,0
663647,CH,Changeup,Offspeed,62,0.35714285714285715,0.6428571428571428,0.23076923076923078,0.32775000000000004,80.75625000000002,0.3387096774193548,13,0.23076923076923078,0.23076923076923078,0.0,0.0,0.15384615384615385,0.16129032258064516,0
663656,FF,4-Seam FB,Fastball,749,0.2,0.8,0.43315508021390375,0.3688348679245283,84.94597315436242,0.5607476635514018,220,0.25133689839572193,0.3470319634703196,0.18181818181818182,0.12727272727272726,0.16818181818181818,0.1041388518024032,8
663656,SL,Slider,Breaking,371,0.2832369942196532,0.7167630057803468,0.2878787878787879,0.3103311351351351,81.07008547008547,0.4609164420485175,80,0.16666666666666666,0.3,0.12121212121212124,0.1375,0.1875,0.1320754716981132,2
663656,CH,Changeup,Offspeed,362,0.2655367231638418,0.7344632768361582,0.29411764705882354,0.24575450549450553,80.98320000000001,0.3701657458563536,94,0.18823529411764706,0.25806451612903225,0.10588235294117648,0.0851063829787234,0.1595744680851064,0.1298342541436464,2
663656,SI,Sinker,Fastball,338,0.07865168539325842,0.9213483146067416,0.37037037037037035,0.33987440860215057,83.74189189189188,0.5739644970414202,96,0.2222222222222222,0.3333333333333333,0.14814814814814814,0.14583333333333334,0.125,0.04142011834319527,2
663656,FC,Cutter,Fastball,209,0.1588785046728972,0.8411214953271028,0.5106382978723404,0.3517428,79.8235294117647,0.5885167464114832,50,0.3617021276595745,0.4,0.1489361702127659,0.06,0.18,0.08133971291866028,1
663656,ST,Sweeper,Breaking,163,0.2962962962962963,0.7037037037037037,0.72,0.35279666666666665,81.54054054054055,0.4294478527607362,30,0.28,0.4,0.43999999999999995,0.16666666666666666,0.36666666666666664,0.09815950920245399,2
663656,CU,Curveball,Breaking,162,0.25862068965517243,0.7413793103448276,0.20833333333333334,0.3366426666666667,78.6575,0.3888888888888889,31,0.20833333333333334,0.3548387096774194,0.0,0.1935483870967742,0.1935483870967742,0.09259259259259259,0
663656,FS,Splitter,Offspeed,105,0.32075471698113206,0.679245283018868,0.2,0.23378869565217394,78.01142857142858,0.29523809523809524,23,0.2,0.30434782608695654,0.0,0.13043478260869565,0.08695652173913043,0.1619047619047619,0
663656,KC,Knuckle-Curve,Breaking,38,0.21428571428571427,0.7857142857142857,0.5,0.48585272727272727,89.47,0.42105263157894735,11,0.3,0.36363636363636365,0.2,0.09090909090909091,0.0,0.07894736842105263,0
663662,FF,4-Seam FB,Fastball,31,0.2222222222222222,0.7777777777777778,0.2857142857142857,0.37262500000000004,76.43076923076923,0.5483870967741935,8,0.2857142857142857,0.25,0.0,0.0,0.25,0.12903225806451613,0
663662,SI,Sinker,Fastball,28,0.125,0.875,0.0,0.049999999999999996,78.78571428571429,0.5,3,0.0,0.0,0.0,0.0,0.3333333333333333,0.03571428571428571,0
663697,FF,4-Seam FB,Fastball,99,0.07317073170731707,0.926829268292683,0.38461538461538464,0.3310719999999999,80.49117647058823,0.5454545454545454,31,0.23076923076923078,0.3548387096774194,0.15384615384615385,0.12903225806451613,0.12903225806451613,0.030303030303030304,1
663697,SI,Sinker,Fastball,54,0.19047619047619047,0.8095238095238095,0.07142857142857142,0.34132085714285715,86.89999999999999,0.46296296296296297,19,0.07142857142857142,0.3157894736842105,0.0,0.21052631578947367,0.15789473684210525,0.07407407407407407,0
663697,SL,Slider,Breaking,33,0.5714285714285714,0.4285714285714286,0.0,0.07833333333333332,52.06666666666666,0.3333333333333333,3,0.0,0.0,0.0,0.0,0.6666666666666666,0.12121212121212122,0
663697,CH,Changeup,Offspeed,26,0.3076923076923077,0.6923076923076923,0.6666666666666666,0.24119999999999994,82.375,0.5,6,0.16666666666666666,0.16666666666666666,0.5,0.0,0.3333333333333333,0.15384615384615385,1
663698,FF,4-Seam FB,Fastball,155,0.2375,0.7625,0.1935483870967742,0.30692497297297294,80.51929824561404,0.5096774193548387,38,0.16129032258064516,0.3157894736842105,0.03225806451612903,0.10526315789473684,0.21052631578947367,0.12258064516129032,0
663698,SI,Sinker,Fastball,95,0.10526315789473684,0.8947368421052632,0.55,0.35524177777777777,80.83870967741935,0.6105263157894737,21,0.35,0.38095238095238093,0.20000000000000007,0.0,0.047619047619047616,0.042105263157894736,1
663698,CH,Changeup,Offspeed,74,0.4,0.6,0.4,0.29973799999999995,81.61666666666666,0.25675675675675674,23,0.2,0.30434782608695654,0.2,0.08695652173913043,0.30434782608695654,0.1891891891891892,1
663698,SL,Slider,Breaking,58,0.4,0.6,0.25,0.2547592727272727,85.58666666666667,0.41379310344827586,23,0.1,0.17391304347826086,0.15,0.0,0.391304347826087,0.20689655172413793,1
663698,FC,Cutter,Fastball,48,0.4074074074074074,0.5925925925925926,0.16666666666666666,0.27947885714285714,76.86666666666666,0.4791666666666667,7,0.16666666666666666,0.2857142857142857,0.0,0.0,0.14285714285714285,0.22916666666666666,0
663698,ST,Sweeper,Breaking,43,0.37037037037037035,0.6296296296296297,0.7272727272727273,0.34967040000000005,76.2375,0.3953488372093023,13,0.2727272727272727,0.38461538461538464,0.4545454545454546,0.0,0.5384615384615384,0.23255813953488372,1
663698,CU,Curveball,Breaking,30,0.3,0.7,0.5,0.300676,76.24285714285715,0.43333333333333335,5,0.5,0.6,0.0,0.2,0.4,0.1,0
663728,FF,4-Seam FB,Fastball,848,0.28728070175438597,0.7127192982456141,0.30952380952380953,0.3051883282051282,87.06777408637875,0.46108490566037735,202,0.1488095238095238,0.27860696517412936,0.16071428571428573,0.14356435643564355,0.3217821782178218,0.1544811320754717,7
663728,CH,Changeup,Offspeed,317,0.36129032258064514,0.6387096774193548,0.30158730158730157,0.3162373134328358,81.16629213483145,0.35331230283911674,68,0.2222222222222222,0.27941176470588236,0.07936507936507936,0.07352941176470588,0.2647058823529412,0.17665615141955837,1
663728,SL,Slider,Breaking,256,0.3986013986013986,0.6013986013986015,0.5,0.25452303030303036,88.13896103896104,0.44921875,67,0.1774193548387097,0.22388059701492538,0.3225806451612903,0.05970149253731343,0.417910447761194,0.22265625,6
663728,FC,Cutter,Fastball,247,0.3142857142857143,0.6857142857142857,0.3617021276595745,0.271738,83.43033707865168,0.44534412955465585,52,0.1702127659574468,0.25,0.1914893617021277,0.09615384615384616,0.2692307692307692,0.17813765182186234,3
663728,CU,Curveball,Breaking,172,0.35384615384615387,0.6461538461538461,0.13793103448275862,0.27705513513513513,81.22368421052632,0.3023255813953488,38,0.10344827586206896,0.3157894736842105,0.034482758620689655,0.21052631578947367,0.2631578947368421,0.13372093023255813,0
663728,SI,Sinker,Fastball,166,0.16901408450704225,0.8309859154929577,0.7272727272727273,0.45403380952380956,85.48235294117647,0.5481927710843374,43,0.3333333333333333,0.46511627906976744,0.393939393939394,0.20930232558139536,0.16279069767441862,0.07228915662650602,3
663728,ST,Sweeper,Breaking,133,0.3484848484848485,0.6515151515151515,0.1111111111111111,0.2264769090909091,78.87317073170732,0.44360902255639095,22,0.05555555555555555,0.22727272727272727,0.05555555555555555,0.13636363636363635,0.5,0.17293233082706766,0
663728,FS,Splitter,Offspeed,111,0.34,0.6599999999999999,0.3181818181818182,0.3472325925925926,81.37000000000002,0.3063063063063063,28,0.22727272727272727,0.39285714285714285,0.09090909090909091,0.21428571428571427,0.25,0.15315315315315314,0
663728,KC,Knuckle-Curve,Breaking,58,0.5416666666666666,0.45833333333333337,0.7142857142857143,0.42856769230769226,89.89090909090909,0.3793103448275862,15,0.2857142857142857,0.3333333333333333,0.4285714285714286,0.06666666666666667,0.5333333333333333,0.22413793103448276,2
663743,FF,4-Seam FB,Fastball,295,0.1524390243902439,0.8475609756097561,0.43209876543209874,0.2671876626506024,80.59461538461538,0.5457627118644067,89,0.2716049382716049,0.32954545454545453,0.16049382716049382,0.0449438202247191,0.14606741573033707,0.0847457627118644,2
663743,SI,Sinker,Fastball,244,0.03875968992248062,0.9612403100775194,0.4025974025974026,0.32329631578947365,80.00701754385965,0.5081967213114754,84,0.2597402597402597,0.3048780487804878,0.1428571428571429,0.05952380952380952,0.08333333333333333,0.020491803278688523,3
663743,SL,Slider,Breaking,164,0.3263157894736842,0.6736842105263158,0.30434782608695654,0.23814634782608696,84.8639344262295,0.4268292682926829,49,0.15217391304347827,0.1875,0.15217391304347827,0.02040816326530612,0.16326530612244897,0.18902439024390244,2
663743,CH,Changeup,Offspeed,135,0.3150684931506849,0.6849315068493151,0.38461538461538464,0.2037595,80.45217391304348,0.37037037037037035,41,0.3076923076923077,0.3170731707317073,0.07692307692307693,0.024390243902439025,0.24390243902439024,0.17037037037037037,0
663743,FC,Cutter,Fastball,114,0.11666666666666667,0.8833333333333333,0.32142857142857145,0.27322785714285713,82.84693877551021,0.5350877192982456,30,0.25,0.27586206896551724,0.07142857142857145,0.03333333333333333,0.03333333333333333,0.06140350877192982,0
663743,ST,Sweeper,Breaking,96,0.16129032258064516,0.8387096774193549,0.17647058823529413,0.2217628888888889,78.82608695652173,0.375,19,0.11764705882352941,0.21052631578947367,0.05882352941176472,0.05263157894736842,0.15789473684210525,0.052083333333333336,0
663743,CU,Curveball,Breaking,72,0.25,0.75,0.5454545454545454,0.3965754285714285,82.78333333333335,0.3888888888888889,14,0.45454545454545453,0.5714285714285714,0.09090909090909088,0.0,0.07142857142857142,0.08333333333333333,0
663757,FF,4-Seam FB,Fastball,681,0.13013698630136986,0.8698630136986302,0.4407894736842105,0.39951100591715977,86.79625,0.5345080763582967,179,0.23026315789473684,0.3389830508474576,0.21052631578947367,0.13966480446927373,0.11173184357541899,0.055800293685756244,8
663757,SI,Sinker,Fastball,357,0.07746478873239436,0.9225352112676056,0.39080459770114945,0.32911722772277235,86.42916666666666,0.5574229691876751,106,0.22988505747126436,0.3584905660377358,0.16091954022988508,0.16981132075471697,0.1509433962264151,0.03081232492997199,3
663757,SL,Slider,Breaking,221,0.3333333333333333,0.6666666666666667,0.5142857142857142,0.3727595454545455,84.15238095238094,0.45248868778280543,46,0.2571428571428571,0.41304347826086957,0.2571428571428571,0.21739130434782608,0.2608695652173913,0.09954751131221719,2
663757,CH,Changeup,Offspeed,198,0.26373626373626374,0.7362637362637363,0.5106382978723404,0.3106151020408163,81.97796610169492,0.4393939393939394,50,0.23404255319148937,0.28,0.276595744680851,0.06,0.22,0.12121212121212122,3
663757,FC,Cutter,Fastball,166,0.19444444444444445,0.8055555555555556,0.14285714285714285,0.2965774358974359,82.13636363636364,0.5,39,0.11428571428571428,0.20512820512820512,0.028571428571428567,0.10256410256410256,0.15384615384615385,0.08433734939759036,0
663757,ST,Sweeper,Breaking,146,0.2916666666666667,0.7083333333333333,0.4666666666666667,0.30971,84.8529411764706,0.4931506849315068,34,0.23333333333333334,0.29411764705882354,0.23333333333333334,0.08823529411764706,0.29411764705882354,0.0958904109589041,2
663757,CU,Curveball,Breaking,145,0.09375,0.90625,0.23529411764705882,0.24637529411764708,83.58928571428571,0.45517241379310347,18,0.23529411764705882,0.2777777777777778,0.0,0.05555555555555555,0.2222222222222222,0.020689655172413793,0
663757,FS,Splitter,Offspeed,84,0.40540540540540543,0.5945945945945945,0.0,0.148669,86.19500000000001,0.42857142857142855,21,0.0,0.047619047619047616,0.0,0.047619047619047616,0.42857142857142855,0.17857142857142858,0
663757,KC,Knuckle-Curve,Breaking,29,0.36363636363636365,0.6363636363636364,0.3333333333333333,0.13983333333333334,79.5,0.3793103448275862,6,0.16666666666666666,0.16666666666666666,0.16666666666666666,0.0,0.6666666666666666,0.13793103448275862,0
663837,FF,4-Seam FB,Fastball,364,0.18181818181818182,0.8181818181818181,0.28,0.30813324999999997,83.56805555555555,0.5521978021978022,84,0.16,0.23170731707317074,0.12000000000000002,0.08333333333333333,0.20238095238095238,0.09340659340659341,1
663837,SI,Sinker,Fastball,248,0.11578947368421053,0.8842105263157894,0.3090909090909091,0.3569046666666667,84.23896103896104,0.5564516129032258,63,0.2,0.2857142857142857,0.10909090909090907,0.1111111111111111,0.09523809523809523,0.04435483870967742,1
663837,SL,Slider,Breaking,158,0.2375,0.7625,0.3829787234042553,0.29933333333333334,86.88275862068966,0.5,47,0.2127659574468085,0.2127659574468085,0.1702127659574468,0.0,0.1702127659574468,0.12025316455696203,2
663837,CH,Changeup,Offspeed,130,0.2222222222222222,0.7777777777777778,0.375,0.266920606060606,78.04782608695652,0.3923076923076923,35,0.21875,0.22857142857142856,0.15625,0.02857142857142857,0.11428571428571428,0.1076923076923077,1
663837,ST,Sweeper,Breaking,84,0.10714285714285714,0.8928571428571429,0.40625,0.24207142857142855,78.89148936170213,0.5476190476190477,32,0.25,0.25,0.15625,0.0,0.09375,0.07142857142857142,0
663837,FC,Cutter,Fastball,79,0.20588235294117646,0.7941176470588236,0.5882352941176471,0.43754857142857145,82.5608695652174,0.4430379746835443,22,0.35294117647058826,0.45454545454545453,0.23529411764705882,0.18181818181818182,0.13636363636363635,0.08860759493670886,1
663837,CU,Curveball,Breaking,61,0.2692307692307692,0.7307692307692308,0.25,0.19089875,77.92222222222223,0.47540983606557374,18,0.1875,0.2222222222222222,0.0625,0.05555555555555555,0.4444444444444444,0.11475409836065574,0
663853,FF,4-Seam FB,Fastball,90,0.2641509433962264,0.7358490566037736,0.4583333333333333,0.3041352,81.08108108108108,0.5444444444444444,25,0.3333333333333333,0.36,0.125,0.04,0.32,0.15555555555555556,0
663853,SI,Sinker,Fastball,43,0.29411764705882354,0.7058823529411764,0.1,0.3413943333333333,84.80909090909091,0.46511627906976744,12,0.1,0.25,0.0,0.08333333333333333,0.25,0.11627906976744186,0
663853,CH,Changeup,Offspeed,37,0.35294117647058826,0.6470588235294117,0.0,0.12714285714285714,69.34285714285714,0.2702702702702703,7,0.0,0.0,0.0,0.0,0.2857142857142857,0.16216216216216217,0
663853,ST,Sweeper,Breaking,32,0.6153846153846154,0.3846153846153846,0.0,0.26145066666666666,66.975,0.28125,3,0.0,0.3333333333333333,0.0,0.0,0.3333333333333333,0.25,0
663853,FC,Cutter,Fastball,31,0.3125,0.6875,0.4,0.43667999999999996,84.65454545454546,0.4838709677419355,7,0.2,0.42857142857142855,0.2,0.2857142857142857,0.14285714285714285,0.16129032258064516,0
663853,SL,Slider,Breaking,25,0.3333333333333333,0.6666666666666667,0.5,0.3349311111111111,80.45454545454547,0.56,9,0.125,0.2222222222222222,0.375,0.1111111111111111,0.1111111111111111,0.24,1
663886,FF,4-Seam FB,Fastball,580,0.2264808362369338,0.7735191637630662,0.4365079365079365,0.3750097777777778,84.94685990338164,0.5672413793103448,142,0.23809523809523808,0.31690140845070425,0.19841269841269843,0.09859154929577464,0.2887323943661972,0.11206896551724138,6
663886,SI,Sinker,Fastball,324,0.15436241610738255,0.8456375838926175,0.6395348837209303,0.44708241666666665,86.3591304347826,0.5493827160493827,102,0.38372093023255816,0.46078431372549017,0.2558139534883721,0.12745098039215685,0.14705882352941177,0.07098765432098765,5
663886,SL,Slider,Breaking,322,0.36231884057971014,0.6376811594202898,0.3582089552238806,0.24867940298507463,80.74939759036144,0.468944099378882,72,0.19402985074626866,0.23943661971830985,0.16417910447761191,0.05555555555555555,0.375,0.15527950310559005,3
663886,ST,Sweeper,Breaking,221,0.35,0.65,0.3409090909090909,0.25267264,78.944,0.40271493212669685,51,0.20454545454545456,0.3137254901960784,0.13636363636363633,0.11764705882352941,0.29411764705882354,0.12669683257918551,1
663886,CH,Changeup,Offspeed,192,0.2891566265060241,0.7108433734939759,0.1388888888888889,0.21866410256410254,84.052,0.4375,42,0.1111111111111111,0.21428571428571427,0.02777777777777779,0.11904761904761904,0.3333333333333333,0.125,0
663886,FC,Cutter,Fastball,162,0.2676056338028169,0.7323943661971831,0.2857142857142857,0.315125641025641,82.77446808510639,0.5493827160493827,41,0.17142857142857143,0.2682926829268293,0.11428571428571427,0.12195121951219512,0.14634146341463414,0.11728395061728394,1
663886,CU,Curveball,Breaking,101,0.34146341463414637,0.6585365853658536,0.3157894736842105,0.22472273684210523,78.71304347826087,0.43564356435643564,21,0.2631578947368421,0.3333333333333333,0.05263157894736842,0.047619047619047616,0.47619047619047616,0.13861386138613863,0
663886,FS,Splitter,Offspeed,67,0.5333333333333333,0.4666666666666667,0.15384615384615385,0.10367,80.13636363636364,0.40298507462686567,14,0.07692307692307693,0.14285714285714285,0.07692307692307693,0.07142857142857142,0.5714285714285714,0.23880597014925373,0
663967,FF,4-Seam FB,Fastball,46,0.06666666666666667,0.9333333333333333,0.25,0.3461971428571428,81.13571428571429,0.45652173913043476,9,0.125,0.2222222222222222,0.125,0.1111111111111111,0.0,0.021739130434782608,0
663968,FF,4-Seam FB,Fastball,653,0.2328767123287671,0.7671232876712328,0.33858267716535434,0.2847223941605839,81.02007722007723,0.5283307810107197,147,0.2440944881889764,0.32867132867132864,0.09448818897637795,0.08163265306122448,0.2925170068027211,0.13016845329249618,2
663968,CH,Changeup,Offspeed,231,0.2550335570469799,0.7449664429530201,0.2714285714285714,0.23717781249999997,74.13529411764706,0.3333333333333333,71,0.2714285714285714,0.28169014084507044,0.0,0.014084507042253521,0.18309859154929578,0.1645021645021645,0
663968,SI,Sinker,Fastball,226,0.1794871794871795,0.8205128205128205,0.35714285714285715,0.3009525714285714,81.80689655172414,0.5575221238938053,66,0.26785714285714285,0.35384615384615387,0.0892857142857143,0.10606060606060606,0.13636363636363635,0.09292035398230089,0
663968,SL,Slider,Breaking,190,0.19327731092436976,0.8067226890756303,0.35714285714285715,0.30723369491525426,78.40107526881721,0.4052631578947368,61,0.25,0.3114754098360656,0.10714285714285715,0.01639344262295082,0.18032786885245902,0.12105263157894737,2
663968,FC,Cutter,Fastball,167,0.11650485436893204,0.883495145631068,0.4090909090909091,0.30983066666666664,79.86463414634146,0.5329341317365269,45,0.2727272727272727,0.28888888888888886,0.1363636363636364,0.022222222222222223,0.1111111111111111,0.0718562874251497,1
663968,CU,Curveball,Breaking,124,0.2112676056338028,0.7887323943661972,0.37142857142857144,0.24098228571428573,75.0695652173913,0.3548387096774194,36,0.3142857142857143,0.3333333333333333,0.05714285714285716,0.027777777777777776,0.16666666666666666,0.12096774193548387,0
663968,ST,Sweeper,Breaking,107,0.18333333333333332,0.8166666666666667,0.5454545454545454,0.3029211891891892,80.97555555555556,0.4485981308411215,37,0.36363636363636365,0.40540540540540543,0.18181818181818177,0.02702702702702703,0.16216216216216217,0.102803738317757,0
663968,FS,Splitter,Offspeed,56,0.32432432432432434,0.6756756756756757,0.14285714285714285,0.23392857142857143,73.72083333333333,0.35714285714285715,14,0.14285714285714285,0.14285714285714285,0.0,0.0,0.14285714285714285,0.21428571428571427,0
663993,FF,4-Seam FB,Fastball,817,0.1934673366834171,0.8065326633165829,0.38011695906432746,0.3510518241758242,82.20524590163934,0.5324357405140759,194,0.2631578947368421,0.328125,0.11695906432748537,0.08762886597938144,0.21649484536082475,0.09424724602203183,4
663993,SI,Sinker,Fastball,220,0.15053763440860216,0.8494623655913979,0.33962264150943394,0.4070251147540984,87.21891891891892,0.5409090909090909,66,0.20754716981132076,0.3484848484848485,0.13207547169811318,0.16666666666666666,0.15151515151515152,0.06363636363636363,2
663993,CH,Changeup,Offspeed,168,0.2222222222222222,0.7777777777777778,0.4772727272727273,0.29551583333333337,81.53859649122806,0.4226190476190476,49,0.25,0.2653061224489796,0.2272727272727273,0.04081632653061224,0.16326530612244897,0.10714285714285714,2
663993,CU,Curveball,Breaking,130,0.2708333333333333,0.7291666666666667,0.18181818181818182,0.2389104,81.98275862068965,0.4307692307692308,25,0.13636363636363635,0.2,0.04545454545454547,0.08,0.36,0.1,0
663993,FC,Cutter,Fastball,126,0.19047619047619047,0.8095238095238095,0.8,0.376238064516129,80.96000000000001,0.5317460317460317,31,0.36666666666666664,0.3870967741935484,0.4333333333333334,0.03225806451612903,0.1935483870967742,0.09523809523809523,3
663993,SL,Slider,Breaking,125,0.3,0.7,0.6774193548387096,0.24947933333333336,83.03783783783783,0.464,32,0.25806451612903225,0.28125,0.4193548387096774,0.03125,0.3125,0.144,4
663993,ST,Sweeper,Breaking,121,0.41304347826086957,0.5869565217391304,0.2777777777777778,0.164138,83.32083333333334,0.4132231404958678,20,0.16666666666666666,0.25,0.11111111111111113,0.1,0.5,0.15702479338842976,0
663993,FS,Splitter,Offspeed,62,0.21428571428571427,0.7857142857142857,0.5,0.36699999999999994,83.0111111111111,0.3548387096774194,14,0.21428571428571427,0.21428571428571427,0.2857142857142857,0.0,0.35714285714285715,0.0967741935483871,1
663993,KC,Knuckle-Curve,Breaking,28,0.18181818181818182,0.8181818181818181,2.0,0.741676,84.69999999999999,0.4642857142857143,6,0.6,0.6666666666666666,1.4,0.16666666666666666,0.0,0.07142857142857142,2
664023,FF,4-Seam FB,Fastball,966,0.27680798004987534,0.7231920199501247,0.3930635838150289,0.29392308457711447,82.5912087912088,0.5041407867494824,209,0.18497109826589594,0.32211538461538464,0.20809248554913298,0.1674641148325359,0.3492822966507177,0.11490683229813664,8
664023,CH,Changeup,Offspeed,521,0.3671497584541063,0.6328502415458936,0.21621621621621623,0.24016741379310344,79.6048,0.4107485604606526,123,0.13513513513513514,0.21311475409836064,0.08108108108108109,0.08943089430894309,0.2845528455284553,0.14587332053742802,1
664023,SL,Slider,Breaking,281,0.3219178082191781,0.678082191780822,0.4838709677419355,0.32589361194029853,81.65280898876405,0.47686832740213525,69,0.27419354838709675,0.3382352941176471,0.20967741935483875,0.07246376811594203,0.2753623188405797,0.16725978647686832,3
664023,SI,Sinker,Fastball,273,0.17117117117117117,0.8288288288288288,0.4067796610169492,0.3647365714285714,84.73695652173913,0.5641025641025641,71,0.2542372881355932,0.38028169014084506,0.15254237288135597,0.16901408450704225,0.19718309859154928,0.0695970695970696,2
664023,FC,Cutter,Fastball,199,0.24489795918367346,0.7551020408163265,0.7631578947368421,0.429892090909091,84.9095238095238,0.5226130653266332,45,0.3157894736842105,0.4,0.44736842105263164,0.1111111111111111,0.2222222222222222,0.12060301507537688,5
664023,CU,Curveball,Breaking,192,0.4166666666666667,0.5833333333333333,0.4857142857142857,0.3312780512820513,80.66530612244897,0.4375,40,0.22857142857142856,0.325,0.2571428571428571,0.075,0.425,0.18229166666666666,2
664023,ST,Sweeper,Breaking,138,0.30434782608695654,0.6956521739130435,0.6571428571428571,0.33453000000000005,81.90227272727272,0.47101449275362317,38,0.3142857142857143,0.3684210526315789,0.34285714285714286,0.07894736842105263,0.2631578947368421,0.15217391304347827,3
664023,FS,Splitter,Offspeed,112,0.2549019607843137,0.7450980392156863,0.4583333333333333,0.31751857142857143,79.46486486486488,0.4375,28,0.3333333333333333,0.42857142857142855,0.125,0.14285714285714285,0.17857142857142858,0.11607142857142858,1
664023,KC,Knuckle-Curve,Breaking,54,0.5,0.5,0.375,0.39712433333333336,82.44444444444444,0.35185185185185186,12,0.25,0.5,0.125,0.25,0.25,0.16666666666666666,0
664034,FF,4-Seam FB,Fastball,715,0.3008130081300813,0.6991869918699187,0.4222222222222222,0.30712583647798747,82.24514767932489,0.47132867132867134,164,0.2518518518518518,0.3619631901840491,0.1703703703703704,0.12804878048780488,0.2682926829268293,0.15524475524475526,5
664034,SI,Sinker,Fastball,356,0.14893617021276595,0.851063829787234,0.5348837209302325,0.3959704175824176,83.60133333333334,0.5533707865168539,98,0.3372093023255814,0.3958333333333333,0.19767441860465113,0.05102040816326531,0.061224489795918366,0.07865168539325842,4
664034,SL,Slider,Breaking,222,0.3208955223880597,0.6791044776119404,0.5483870967741935,0.3253793103448276,84.15632183908046,0.47297297297297297,62,0.25806451612903225,0.25806451612903225,0.29032258064516125,0.0,0.24193548387096775,0.19369369369369369,5
664034,ST,Sweeper,Breaking,201,0.22115384615384615,0.7788461538461539,0.5121951219512195,0.30290049999999996,81.13150684931507,0.39800995024875624,49,0.24390243902439024,0.32653061224489793,0.2682926829268293,0.08163265306122448,0.20408163265306123,0.11442786069651742,3
664034,FC,Cutter,Fastball,160,0.3111111111111111,0.6888888888888889,0.42857142857142855,0.36546764705882356,81.62807017543858,0.45,36,0.2857142857142857,0.37142857142857144,0.14285714285714285,0.1388888888888889,0.19444444444444445,0.175,1
664034,CH,Changeup,Offspeed,156,0.3333333333333333,0.6666666666666667,0.7142857142857143,0.33034865306122446,88.8377049180328,0.38461538461538464,52,0.3877551020408163,0.4230769230769231,0.326530612244898,0.019230769230769232,0.2692307692307692,0.21153846153846154,4
664034,CU,Curveball,Breaking,118,0.3770491803278688,0.6229508196721312,0.3448275862068966,0.18123716129032258,86.49142857142859,0.4406779661016949,31,0.2413793103448276,0.25806451612903225,0.10344827586206898,0.0,0.2903225806451613,0.19491525423728814,0
664034,FS,Splitter,Offspeed,55,0.3611111111111111,0.6388888888888888,0.5384615384615384,0.3100833333333333,87.26818181818183,0.4,13,0.38461538461538464,0.38461538461538464,0.1538461538461538,0.0,0.23076923076923078,0.23636363636363636,0
664034,KC,Knuckle-Curve,Breaking,26,0.25,0.75,0.6,0.5577253333333334,84.175,0.2692307692307692,6,0.6,0.6666666666666666,0.0,0.0,0.16666666666666666,0.11538461538461539,0
664040,FF,4-Seam FB,Fastball,713,0.33641975308641975,0.6635802469135803,0.6074074074074074,0.40101582278481007,85.41225490196078,0.49368863955119213,164,0.2518518518518518,0.36809815950920244,0.35555555555555557,0.15853658536585366,0.29878048780487804,0.15287517531556802,14
664040,SL,Slider,Breaking,430,0.4346153846153846,0.5653846153846154,0.40384615384615385,0.22641453846153844,83.3437037037037,0.43023255813953487,108,0.19230769230769232,0.21296296296296297,0.21153846153846154,0.018518518518518517,0.3888888888888889,0.2627906976744186,6
664040,SI,Sinker,Fastball,382,0.18902439024390244,0.8109756097560976,0.39080459770114945,0.3523856565656566,87.10409836065574,0.5314136125654451,99,0.2988505747126437,0.37373737373737376,0.09195402298850575,0.1111111111111111,0.1414141414141414,0.08115183246073299,1
664040,CH,Changeup,Offspeed,310,0.3684210526315789,0.631578947368421,0.5,0.36557711627906975,81.004,0.3580645161290323,87,0.2692307692307692,0.3218390804597701,0.23076923076923078,0.06896551724137931,0.2413793103448276,0.2032258064516129,5
664040,ST,Sweeper,Breaking,273,0.4444444444444444,0.5555555555555556,0.22,0.17021423076923078,80.98235294117647,0.40293040293040294,53,0.08,0.1320754716981132,0.14,0.05660377358490566,0.49056603773584906,0.21978021978021978,2
664040,FC,Cutter,Fastball,241,0.2932330827067669,0.7067669172932332,0.6481481481481481,0.39320754098360655,83.80357142857143,0.5311203319502075,62,0.35185185185185186,0.43548387096774194,0.2962962962962963,0.12903225806451613,0.1935483870967742,0.16182572614107885,4
664040,CU,Curveball,Breaking,148,0.3582089552238806,0.6417910447761195,0.75,0.3869832558139535,85.73684210526316,0.4391891891891892,43,0.4166666666666667,0.4883720930232558,0.3333333333333333,0.13953488372093023,0.2558139534883721,0.16216216216216217,2
664040,FS,Splitter,Offspeed,89,0.4339622641509434,0.5660377358490566,0.25925925925925924,0.2210152,78.63461538461537,0.3595505617977528,28,0.25925925925925924,0.2857142857142857,0.0,0.03571428571428571,0.35714285714285715,0.25842696629213485,0
664040,KC,Knuckle-Curve,Breaking,62,0.3888888888888889,0.6111111111111112,0.3333333333333333,0.24799999999999997,80.325,0.5645161290322581,18,0.2777777777777778,0.2777777777777778,0.055555555555555525,0.0,0.3333333333333333,0.22580645161290322,0
664056,FF,4-Seam FB,Fastball,134,0.24285714285714285,0.7571428571428571,0.3333333333333333,0.25430727272727277,84.99607843137254,0.5298507462686567,34,0.13333333333333333,0.23529411764705882,0.19999999999999998,0.11764705882352941,0.23529411764705882,0.12686567164179105,2
664056,SI,Sinker,Fastball,74,0.11428571428571428,0.8857142857142857,0.29411764705882354,0.3181111111111111,84.38387096774193,0.5540540540540541,18,0.23529411764705882,0.2222222222222222,0.05882352941176472,0.0,0.05555555555555555,0.05405405405405406,0
664056,SL,Slider,Breaking,64,0.5,0.5,0.55,0.34563157894736846,88.76666666666667,0.515625,20,0.25,0.25,0.30000000000000004,0.0,0.4,0.25,1
664056,ST,Sweeper,Breaking,39,0.4782608695652174,0.5217391304347826,0.0,0.13521636363636366,78.46666666666667,0.358974358974359,11,0.0,0.09090909090909091,0.0,0.09090909090909091,0.36363636363636365,0.28205128205128205,0
664056,CH,Changeup,Offspeed,38,0.34782608695652173,0.6521739130434783,0.4,0.28969999999999996,77.27692307692308,0.3157894736842105,10,0.3,0.3,0.10000000000000003,0.0,0.5,0.21052631578947367,0
664056,FC,Cutter,Fastball,36,0.22727272727272727,0.7727272727272727,0.0,0.27999999999999997,77.71333333333334,0.5,7,0.0,0.0,0.0,0.0,0.2857142857142857,0.1388888888888889,0
664059,FF,4-Seam FB,Fastball,98,0.15555555555555556,0.8444444444444444,0.18181818181818182,0.21346105263157897,81.57499999999999,0.5408163265306123,27,0.18181818181818182,0.3333333333333333,0.0,0.18518518518518517,0.18518518518518517,0.07142857142857142,0
664059,SL,Slider,Breaking,31,0.46153846153846156,0.5384615384615384,0.125,0.07042857142857142,72.27142857142857,0.3548387096774194,9,0.125,0.2222222222222222,0.0,0.1111111111111111,0.4444444444444444,0.1935483870967742,0
664059,CH,Changeup,Offspeed,30,0.5,0.5,0.2857142857142857,0.27016666666666667,76.17142857142856,0.36666666666666664,7,0.14285714285714285,0.14285714285714285,0.14285714285714285,0.0,0.42857142857142855,0.23333333333333334,0
664068,SI,Sinker,Fastball,28,0.125,0.875,0.25,0.0,80.74285714285715,0.4642857142857143,5,0.25,0.4,0.0,0.2,0.2,0.03571428571428571,0
664238,FF,4-Seam FB,Fastball,55,0.15384615384615385,0.8461538461538461,0.0,0.36212666666666665,80.145,0.45454545454545453,13,0.0,0.3076923076923077,0.0,0.3076923076923077,0.15384615384615385,0.07272727272727272,0
664238,SL,Slider,Breaking,25,0.5714285714285714,0.4285714285714286,0.0,0.1155,92.46666666666668,0.36,5,0.0,0.0,0.0,0.0,0.6,0.16,0
664702,FF,4-Seam FB,Fastball,404,0.0962566844919786,0.9037433155080214,0.34951456310679613,0.32387107142857147,81.09254658385095,0.551980198019802,119,0.2621359223300971,0.3333333333333333,0.08737864077669905,0.10084033613445378,0.10084033613445378,0.04455445544554455,1
664702,SI,Sinker,Fastball,280,0.040983606557377046,0.9590163934426229,0.3472222222222222,0.357849037037037,81.31517857142856,0.5892857142857143,82,0.2638888888888889,0.35365853658536583,0.08333333333333331,0.10975609756097561,0.04878048780487805,0.017857142857142856,0
664702,SL,Slider,Breaking,192,0.2328767123287671,0.7671232876712328,0.11904761904761904,0.17600926829268296,75.80384615384615,0.4947916666666667,45,0.11904761904761904,0.13953488372093023,0.0,0.022222222222222223,0.26666666666666666,0.08854166666666667,0
664702,CH,Changeup,Offspeed,119,0.15555555555555556,0.8444444444444444,0.4444444444444444,0.22444444444444447,77.52972972972974,0.3445378151260504,27,0.18518518518518517,0.18518518518518517,0.25925925925925924,0.0,0.18518518518518517,0.058823529411764705,1
664702,ST,Sweeper,Breaking,103,0.22580645161290322,0.7741935483870968,0.3125,0.17591,77.24347826086957,0.4368932038834951,18,0.1875,0.2222222222222222,0.125,0.05555555555555555,0.16666666666666666,0.06796116504854369,0
664702,FC,Cutter,Fastball,94,0.13953488372093023,0.8604651162790697,0.5,0.2843352,77.47428571428571,0.5531914893617021,26,0.375,0.4,0.125,0.038461538461538464,0.11538461538461539,0.06382978723404255,0
664702,CU,Curveball,Breaking,51,0.3,0.7,0.2857142857142857,0.2792857142857143,83.25714285714285,0.39215686274509803,7,0.2857142857142857,0.2857142857142857,0.0,0.0,0.42857142857142855,0.058823529411764705,0
664728,FF,4-Seam FB,Fastball,453,0.12376237623762376,0.8762376237623762,0.4421052631578947,0.2596771485148515,78.3604938271605,0.5099337748344371,111,0.2631578947368421,0.330188679245283,0.17894736842105263,0.08108108108108109,0.2072072072072072,0.05518763796909492,4
664728,SI,Sinker,Fastball,165,0.11842105263157894,0.881578947368421,0.17777777777777778,0.27867691666666666,81.05737704918033,0.5272727272727272,50,0.17777777777777778,0.26,0.0,0.08,0.16,0.05454545454545454,0
664728,CH,Changeup,Offspeed,115,0.30985915492957744,0.6901408450704225,0.19047619047619047,0.20166000000000003,80.59565217391305,0.40869565217391307,45,0.14285714285714285,0.1590909090909091,0.047619047619047616,0.022222222222222223,0.3111111111111111,0.19130434782608696,0
664728,SL,Slider,Breaking,107,0.2631578947368421,0.736842105263158,0.5833333333333334,0.30891276923076927,84.02162162162162,0.4672897196261682,27,0.2916666666666667,0.34615384615384615,0.2916666666666667,0.037037037037037035,0.18518518518518517,0.14018691588785046,2
664728,FC,Cutter,Fastball,101,0.09433962264150944,0.9056603773584906,0.2903225806451613,0.25294413793103443,85.79333333333332,0.5643564356435643,33,0.25806451612903225,0.28125,0.03225806451612906,0.030303030303030304,0.09090909090909091,0.04950495049504951,0
664728,ST,Sweeper,Breaking,94,0.17142857142857143,0.8285714285714285,0.2,0.13452000000000003,75.34,0.5,27,0.12,0.12,0.08000000000000002,0.0,0.4444444444444444,0.06382978723404255,0
664728,CU,Curveball,Breaking,76,0.32432432432432434,0.6756756756756757,0.1111111111111111,0.20646555555555557,81.80499999999999,0.34210526315789475,19,0.1111111111111111,0.15789473684210525,0.0,0.05263157894736842,0.3157894736842105,0.15789473684210525,0
664728,FS,Splitter,Offspeed,43,0.15384615384615385,0.8461538461538461,0.5384615384615384,0.4464166666666667,86.11818181818181,0.46511627906976744,13,0.46153846153846156,0.46153846153846156,0.07692307692307687,0.0,0.07692307692307693,0.09302325581395349,0
664731,FF,4-Seam FB,Fastball,57,0.28,0.72,0.5833333333333334,0.2663755555555556,84.21764705882353,0.5614035087719298,13,0.25,0.3076923076923077,0.33333333333333337,0.07692307692307693,0.23076923076923078,0.12280701754385964,1
664731,SI,Sinker,Fastball,50,0.05,0.95,0.1111111111111111,0.3271725,74.11176470588235,0.6,15,0.1111111111111111,0.3076923076923077,0.0,0.2,0.13333333333333333,0.02,0
664731,SL,Slider,Breaking,29,0.5384615384615384,0.46153846153846156,0.0,0.02666666666666667,70.76666666666667,0.27586206896551724,4,0.0,0.0,0.0,0.0,0.75,0.2413793103448276,0
664761,FF,4-Seam FB,Fastball,732,0.1685082872928177,0.8314917127071824,0.4074074074074074,0.3340874754098361,83.84510489510488,0.5505464480874317,189,0.24691358024691357,0.3422459893048128,0.16049382716049382,0.10582010582010581,0.15873015873015872,0.08333333333333333,6
664761,SI,Sinker,Fastball,529,0.08085106382978724,0.9191489361702128,0.3049645390070922,0.3430993806451613,86.10388349514564,0.5519848771266541,159,0.2198581560283688,0.3018867924528302,0.08510638297872339,0.09433962264150944,0.10062893081761007,0.035916824196597356,2
664761,SL,Slider,Breaking,324,0.22727272727272727,0.7727272727272727,0.3448275862068966,0.31080629213483146,84.0081081081081,0.404320987654321,90,0.25287356321839083,0.26666666666666666,0.09195402298850575,0.022222222222222223,0.15555555555555556,0.10802469135802469,1
664761,ST,Sweeper,Breaking,206,0.20512820512820512,0.7948717948717949,0.2222222222222222,0.29237782608695645,84.87627118644069,0.441747572815534,49,0.15555555555555556,0.16666666666666666,0.06666666666666665,0.02040816326530612,0.22448979591836735,0.07766990291262135,0
664761,FC,Cutter,Fastball,202,0.15217391304347827,0.8478260869565217,0.4727272727272727,0.32197258181818184,84.91818181818182,0.5297029702970297,60,0.34545454545454546,0.4,0.12727272727272726,0.06666666666666667,0.11666666666666667,0.06930693069306931,2
664761,CH,Changeup,Offspeed,160,0.24285714285714285,0.7571428571428571,0.5526315789473685,0.35023978947368417,82.7795918367347,0.36875,41,0.2894736842105263,0.34146341463414637,0.26315789473684215,0.04878048780487805,0.14634146341463414,0.10625,2
664761,CU,Curveball,Breaking,111,0.0975609756097561,0.9024390243902439,0.24,0.21865777777777776,82.95588235294117,0.46846846846846846,27,0.2,0.25925925925925924,0.03999999999999998,0.07407407407407407,0.1111111111111111,0.036036036036036036,0
664761,FS,Splitter,Offspeed,56,0.1875,0.8125,0.7222222222222222,0.38235294117647056,83.68260869565216,0.39285714285714285,18,0.3888888888888889,0.3888888888888889,0.3333333333333333,0.0,0.1111111111111111,0.10714285714285714,1
664761,KC,Knuckle-Curve,Breaking,25,0.38461538461538464,0.6153846153846154,1.0,0.4847253333333333,81.48333333333333,0.36,6,0.4,0.5,0.6,0.0,0.16666666666666666,0.2,1
664770,FF,4-Seam FB,Fastball,641,0.1620795107033639,0.8379204892966361,0.3409090909090909,0.3040846808510638,80.7647509578544,0.5585023400936038,152,0.2878787878787879,0.35374149659863946,0.05303030303030298,0.09210526315789473,0.16447368421052633,0.08268330733229329,2
664770,SI,Sinker,Fastball,356,0.1111111111111111,0.8888888888888888,0.24390243902439024,0.24370310112359553,81.43925925925926,0.5617977528089888,93,0.1951219512195122,0.2717391304347826,0.04878048780487804,0.06451612903225806,0.15053763440860216,0.05056179775280899,0
664770,CH,Changeup,Offspeed,179,0.15789473684210525,0.8421052631578947,0.5625,0.296834347826087,79.23648648648648,0.35195530726256985,49,0.3125,0.32653061224489793,0.25,0.02040816326530612,0.08163265306122448,0.08379888268156424,3
664770,FC,Cutter,Fastball,179,0.16666666666666666,0.8333333333333334,0.2972972972972973,0.30537846153846154,78.39324324324323,0.5251396648044693,40,0.2972972972972973,0.3333333333333333,0.0,0.05,0.075,0.0893854748603352,0
664770,SL,Slider,Breaking,166,0.21176470588235294,0.788235294117647,0.4318181818181818,0.35573152,80.515625,0.463855421686747,51,0.2727272727272727,0.37254901960784315,0.15909090909090912,0.0784313725490196,0.13725490196078433,0.10843373493975904,2
664770,CU,Curveball,Breaking,114,0.16981132075471697,0.8301886792452831,0.5161290322580645,0.269011,80.02093023255813,0.42105263157894735,32,0.3225806451612903,0.34375,0.1935483870967742,0.0,0.15625,0.07894736842105263,1
664770,FS,Splitter,Offspeed,73,0.14634146341463414,0.8536585365853658,0.4782608695652174,0.2691904761904762,76.92727272727274,0.2602739726027397,23,0.43478260869565216,0.43478260869565216,0.043478260869565244,0.0,0.13043478260869565,0.0821917808219178,0
664770,ST,Sweeper,Breaking,68,0.20689655172413793,0.7931034482758621,0.5384615384615384,0.28717,82.39090909090909,0.4117647058823529,14,0.23076923076923078,0.26666666666666666,0.30769230769230765,0.07142857142857142,0.21428571428571427,0.08823529411764706,1
664774,FF,4-Seam FB,Fastball,279,0.2692307692307692,0.7307692307692308,0.2926829268292683,0.31553592592592594,81.09014084507044,0.4946236559139785,56,0.17073170731707318,0.39285714285714285,0.12195121951219509,0.26785714285714285,0.19642857142857142,0.1003584229390681,1
664774,SI,Sinker,Fastball,92,0.02702702702702703,0.972972972972973,0.5263157894736842,0.3278872727272727,83.82424242424241,0.6195652173913043,24,0.2631578947368421,0.4166666666666667,0.2631578947368421,0.20833333333333334,0.16666666666666666,0.010869565217391304,1
664774,FC,Cutter,Fastball,80,0.30303030303030304,0.696969696969697,0.5333333333333333,0.28350000000000003,80.45217391304348,0.625,15,0.3333333333333333,0.3333333333333333,0.2,0.0,0.26666666666666666,0.125,1
664774,CH,Changeup,Offspeed,78,0.4375,0.5625,0.42105263157894735,0.15724333333333332,81.76249999999999,0.3333333333333333,21,0.2631578947368421,0.3333333333333333,0.15789473684210525,0.09523809523809523,0.42857142857142855,0.1794871794871795,1
664774,SL,Slider,Breaking,62,0.32,0.6799999999999999,0.3684210526315789,0.17975000000000002,84.13125000000001,0.25806451612903225,19,0.15789473684210525,0.15789473684210525,0.21052631578947367,0.0,0.3684210526315789,0.12903225806451613,1
664774,ST,Sweeper,Breaking,42,0.15789473684210525,0.8421052631578947,0.0,0.1682975,79.60666666666667,0.4523809523809524,8,0.0,0.125,0.0,0.125,0.375,0.07142857142857142,0
664774,CU,Curveball,Breaking,41,0.08333333333333333,0.9166666666666666,0.8,0.21480000000000002,76.0,0.4146341463414634,5,0.2,0.2,0.6000000000000001,0.0,0.0,0.024390243902439025,1
664774,FS,Splitter,Offspeed,27,0.15384615384615385,0.8461538461538461,0.5714285714285714,0.3504285714285715,81.96000000000001,0.4444444444444444,7,0.42857142857142855,0.42857142857142855,0.14285714285714285,0.0,0.0,0.07407407407407407,0
664954,FF,4-Seam FB,Fastball,305,0.16993464052287582,0.8300653594771241,0.5205479452054794,0.29625205128205134,83.60163934426231,0.49836065573770494,83,0.2602739726027397,0.32098765432098764,0.2602739726027397,0.08433734939759036,0.21686746987951808,0.08524590163934426,5
664954,SI,Sinker,Fastball,122,0.1076923076923077,0.8923076923076922,0.5555555555555556,0.3668844102564102,83.19811320754717,0.5901639344262295,40,0.3611111111111111,0.425,0.19444444444444448,0.075,0.05,0.05737704918032787,1
664954,SL,Slider,Breaking,98,0.21052631578947367,0.7894736842105263,0.2727272727272727,0.30201809523809525,79.15609756097561,0.6020408163265306,24,0.22727272727272727,0.25,0.04545454545454544,0.041666666666666664,0.125,0.12244897959183673,0
664954,CH,Changeup,Offspeed,87,0.20833333333333334,0.7916666666666666,0.4,0.25927933333333336,85.87777777777777,0.45977011494252873,32,0.23333333333333334,0.25,0.16666666666666669,0.03125,0.1875,0.11494252873563218,0
664954,ST,Sweeper,Breaking,72,0.2,0.8,0.5882352941176471,0.11894117647058824,77.85185185185185,0.5555555555555556,18,0.23529411764705882,0.23529411764705882,0.35294117647058826,0.0,0.2777777777777778,0.09722222222222222,1
664954,FC,Cutter,Fastball,65,0.13513513513513514,0.8648648648648649,0.05263157894736842,0.2372777777777778,85.46666666666667,0.5692307692307692,19,0.05263157894736842,0.05263157894736842,0.0,0.0,0.05263157894736842,0.07692307692307693,0
664954,CU,Curveball,Breaking,47,0.22727272727272727,0.7727272727272727,0.0,0.19733333333333333,72.12500000000001,0.3617021276595745,13,0.0,0.0,0.0,0.0,0.23076923076923078,0.10638297872340426,0
664954,FS,Splitter,Offspeed,34,0.1111111111111111,0.8888888888888888,0.3333333333333333,0.40360000000000007,80.28,0.35294117647058826,6,0.16666666666666666,0.16666666666666666,0.16666666666666666,0.0,0.0,0.058823529411764705,0
664954,KC,Knuckle-Curve,Breaking,26,0.3333333333333333,0.6666666666666667,0.0,0.10285714285714286,73.74444444444444,0.38461538461538464,7,0.0,0.0,0.0,0.0,0.42857142857142855,0.19230769230769232,0
664983,FF,4-Seam FB,Fastball,613,0.125,0.875,0.5813953488372093,0.36978691712707185,78.86258278145695,0.5073409461663948,195,0.3372093023255814,0.39267015706806285,0.24418604651162795,0.08205128205128205,0.13333333333333333,0.0734094616639478,8
664983,SL,Slider,Breaking,296,0.34545454545454546,0.6545454545454545,0.30666666666666664,0.23261827848101269,82.01752577319587,0.42905405405405406,82,0.21333333333333335,0.25609756097560976,0.0933333333333333,0.036585365853658534,0.3048780487804878,0.19256756756756757,0
664983,SI,Sinker,Fastball,283,0.15819209039548024,0.8418079096045198,0.5742574257425742,0.3514196504854369,80.79253731343285,0.6219081272084805,107,0.36633663366336633,0.40186915887850466,0.20792079207920788,0.037383177570093455,0.102803738317757,0.0989399293286219,3
664983,CH,Changeup,Offspeed,209,0.25,0.75,0.328125,0.25566738461538463,76.18953488372092,0.41626794258373206,65,0.21875,0.23076923076923078,0.109375,0.015384615384615385,0.18461538461538463,0.14832535885167464,1
664983,CU,Curveball,Breaking,171,0.21686746987951808,0.7831325301204819,0.35,0.29527034146341463,78.74909090909091,0.4093567251461988,44,0.25,0.29545454545454547,0.09999999999999998,0.022727272727272728,0.06818181818181818,0.10526315789473684,0
664983,FC,Cutter,Fastball,165,0.2,0.8,0.4090909090909091,0.3409580444444445,75.61014492753624,0.4666666666666667,49,0.3181818181818182,0.375,0.09090909090909094,0.04081632653061224,0.12244897959183673,0.12121212121212122,0
664983,ST,Sweeper,Breaking,165,0.2891566265060241,0.7108433734939759,0.5405405405405406,0.32640473684210525,78.52830188679245,0.34545454545454546,38,0.2972972972972973,0.3157894736842105,0.24324324324324326,0.02631578947368421,0.18421052631578946,0.14545454545454545,1
664983,FS,Splitter,Offspeed,54,0.3,0.7,0.8571428571428571,0.36967,80.14736842105262,0.3333333333333333,15,0.35714285714285715,0.4,0.49999999999999994,0.06666666666666667,0.13333333333333333,0.16666666666666666,2
664983,KC,Knuckle-Curve,Breaking,44,0.4583333333333333,0.5416666666666667,0.09090909090909091,0.16977777777777778,77.89090909090909,0.36363636363636365,11,0.09090909090909091,0.09090909090909091,0.0,0.0,0.36363636363636365,0.25,0
665019,FF,4-Seam FB,Fastball,835,0.24700239808153476,0.7529976019184652,0.4725274725274725,0.3011195510204082,85.59419795221844,0.5281437125748503,201,0.22527472527472528,0.29,0.24725274725274723,0.07960199004975124,0.24875621890547264,0.12335329341317365,13
665019,SI,Sinker,Fastball,341,0.13812154696132597,0.861878453038674,0.37254901960784315,0.3336260186915888,85.04563758389261,0.6011730205278593,110,0.2647058823529412,0.3181818181818182,0.10784313725490197,0.05454545454545454,0.06363636363636363,0.07331378299120235,0
665019,SL,Slider,Breaking,292,0.3037974683544304,0.6962025316455696,0.603448275862069,0.3596047096774194,84.0031914893617,0.4349315068493151,63,0.25862068965517243,0.30158730158730157,0.3448275862068965,0.047619047619047616,0.2857142857142857,0.1643835616438356,5
665019,CH,Changeup,Offspeed,231,0.22935779816513763,0.7706422018348624,0.4262295081967213,0.395959344262295,86.12250000000002,0.3463203463203463,65,0.29508196721311475,0.3384615384615385,0.13114754098360654,0.06153846153846154,0.13846153846153847,0.10822510822510822,1
665019,CU,Curveball,Breaking,162,0.2894736842105263,0.7105263157894737,0.40476190476190477,0.3237611818181818,86.84339622641511,0.4382716049382716,46,0.19047619047619047,0.2608695652173913,0.2142857142857143,0.06521739130434782,0.32608695652173914,0.13580246913580246,2
665019,FC,Cutter,Fastball,149,0.2857142857142857,0.7142857142857143,0.6176470588235294,0.4411139393939394,83.72553191489362,0.5033557046979866,37,0.29411764705882354,0.32432432432432434,0.3235294117647059,0.05405405405405406,0.24324324324324326,0.1342281879194631,2
665019,ST,Sweeper,Breaking,147,0.26865671641791045,0.7313432835820896,0.34375,0.20737529411764707,76.9911111111111,0.4489795918367347,36,0.15625,0.20588235294117646,0.1875,0.05555555555555555,0.3888888888888889,0.12244897959183673,2
665019,FS,Splitter,Offspeed,92,0.2391304347826087,0.7608695652173914,0.4583333333333333,0.3731893333333333,86.13548387096775,0.358695652173913,27,0.16666666666666666,0.25925925925925924,0.29166666666666663,0.07407407407407407,0.14814814814814814,0.11956521739130435,2
665019,KC,Knuckle-Curve,Breaking,32,0.35714285714285715,0.6428571428571428,1.2857142857142858,0.45816899999999994,91.11428571428573,0.375,8,0.42857142857142855,0.5,0.8571428571428572,0.0,0.375,0.15625,1
665052,FF,4-Seam FB,Fastball,344,0.313953488372093,0.686046511627907,0.7878787878787878,0.48349523287671237,88.42053571428572,0.5348837209302325,77,0.3181818181818182,0.4155844155844156,0.46969696969696967,0.12987012987012986,0.2987012987012987,0.1569767441860465,10
665052,CH,Changeup,Offspeed,202,0.5353535353535354,0.46464646464646464,0.3269230769230769,0.23595692307692312,78.02558139534884,0.2722772277227723,54,0.1346153846153846,0.16666666666666666,0.19230769230769232,0.037037037037037035,0.4444444444444444,0.2623762376237624,3
665052,SL,Slider,Breaking,167,0.4835164835164835,0.5164835164835164,0.3829787234042553,0.34079800000000005,85.85333333333332,0.49101796407185627,52,0.2765957446808511,0.34615384615384615,0.10638297872340424,0.09615384615384616,0.34615384615384615,0.2634730538922156,1
665052,SI,Sinker,Fastball,137,0.18421052631578946,0.8157894736842105,0.5263157894736842,0.4552357142857143,84.67321428571428,0.5474452554744526,43,0.3684210526315789,0.4418604651162791,0.15789473684210525,0.11627906976744186,0.046511627906976744,0.10218978102189781,2
665052,FC,Cutter,Fastball,114,0.2727272727272727,0.7272727272727273,0.375,0.36681685714285717,85.385,0.4824561403508772,29,0.2916666666666667,0.41379310344827586,0.08333333333333331,0.13793103448275862,0.06896551724137931,0.13157894736842105,0
665052,ST,Sweeper,Breaking,107,0.45454545454545453,0.5454545454545454,0.3333333333333333,0.25443965217391307,77.76190476190476,0.4766355140186916,24,0.19047619047619047,0.2916666666666667,0.14285714285714285,0.08333333333333333,0.4583333333333333,0.18691588785046728,1
665052,CU,Curveball,Breaking,90,0.28125,0.71875,0.47368421052631576,0.35678633333333337,83.61,0.35555555555555557,24,0.2631578947368421,0.4166666666666667,0.21052631578947367,0.16666666666666666,0.16666666666666666,0.1,1
665052,FS,Splitter,Offspeed,57,0.45161290322580644,0.5483870967741935,0.14285714285714285,0.16176923076923075,76.41875,0.2982456140350877,14,0.14285714285714285,0.14285714285714285,0.0,0.0,0.5,0.24561403508771928,0
665161,FF,4-Seam FB,Fastball,398,0.20833333333333334,0.7916666666666666,0.5533980582524272,0.40081663157894737,84.36,0.5050251256281407,114,0.33980582524271846,0.40350877192982454,0.2135922330097087,0.07017543859649122,0.21929824561403508,0.11306532663316583,4
665161,SI,Sinker,Fastball,350,0.1348314606741573,0.8651685393258427,0.5,0.3594611485148515,85.22720588235293,0.5085714285714286,101,0.32978723404255317,0.37623762376237624,0.17021276595744683,0.039603960396039604,0.0594059405940594,0.06857142857142857,4
665161,SL,Slider,Breaking,299,0.4148936170212766,0.5851063829787234,0.41025641025641024,0.2804369195402299,81.57352941176471,0.44481605351170567,87,0.20512820512820512,0.27586206896551724,0.20512820512820512,0.08045977011494253,0.2988505747126437,0.2608695652173913,4
665161,CH,Changeup,Offspeed,194,0.4,0.6,0.24324324324324326,0.2475183,80.92692307692307,0.3865979381443299,41,0.16216216216216217,0.2,0.08108108108108109,0.024390243902439025,0.2682926829268293,0.20618556701030927,0
665161,ST,Sweeper,Breaking,189,0.4230769230769231,0.5769230769230769,0.5581395348837209,0.22782681818181819,78.94,0.4126984126984127,44,0.23255813953488372,0.25,0.32558139534883723,0.022727272727272728,0.38636363636363635,0.2328042328042328,4
665161,FC,Cutter,Fastball,139,0.2911392405063291,0.7088607594936709,0.6,0.47359388888888887,83.79056603773584,0.5035971223021583,36,0.34285714285714286,0.3611111111111111,0.2571428571428571,0.027777777777777776,0.05555555555555555,0.16546762589928057,3
665161,CU,Curveball,Breaking,88,0.5306122448979592,0.4693877551020408,0.36666666666666664,0.18561662499999998,84.05,0.36363636363636365,32,0.16666666666666666,0.21875,0.19999999999999998,0.03125,0.53125,0.29545454545454547,2
665161,FS,Splitter,Offspeed,66,0.5483870967741935,0.4516129032258065,0.6153846153846154,0.3708842857142857,86.46153846153847,0.30303030303030304,14,0.38461538461538464,0.42857142857142855,0.23076923076923078,0.07142857142857142,0.5,0.25757575757575757,1
665161,KC,Knuckle-Curve,Breaking,25,0.5555555555555556,0.4444444444444444,0.16666666666666666,0.19166666666666668,75.9857142857143,0.28,6,0.16666666666666666,0.16666666666666666,0.0,0.0,0.3333333333333333,0.4,0
665487,FF,4-Seam FB,Fastball,696,0.20496894409937888,0.7950310559006211,0.49710982658959535,0.4160705360824742,89.09750000000001,0.5373563218390804,200,0.2832369942196532,0.375,0.21387283236994215,0.12,0.19,0.09482758620689655,7
665487,SI,Sinker,Fastball,559,0.15725806451612903,0.842741935483871,0.4172661870503597,0.36762655696202534,86.0949494949495,0.518783542039356,158,0.30935251798561153,0.37341772151898733,0.1079136690647482,0.08227848101265822,0.12658227848101267,0.06976744186046512,3
665487,SL,Slider,Breaking,366,0.3727810650887574,0.6272189349112426,0.5473684210526316,0.36522710679611653,84.094,0.45081967213114754,105,0.30526315789473685,0.37142857142857144,0.24210526315789477,0.0761904761904762,0.24761904761904763,0.1721311475409836,7
665487,CH,Changeup,Offspeed,273,0.32558139534883723,0.6744186046511628,0.47540983606557374,0.34343292307692314,81.66962025316455,0.3516483516483517,65,0.2786885245901639,0.3076923076923077,0.19672131147540983,0.046153846153846156,0.23076923076923078,0.15384615384615385,3
665487,ST,Sweeper,Breaking,242,0.297029702970297,0.7029702970297029,0.3968253968253968,0.29690139393939396,84.41060606060607,0.4090909090909091,68,0.23809523809523808,0.2835820895522388,0.15873015873015872,0.04411764705882353,0.23529411764705882,0.12396694214876033,2
665487,FC,Cutter,Fastball,192,0.28865979381443296,0.711340206185567,0.5833333333333334,0.46435824561403505,85.8625,0.5520833333333334,57,0.3958333333333333,0.49122807017543857,0.18750000000000006,0.15789473684210525,0.08771929824561403,0.14583333333333334,1
665487,CU,Curveball,Breaking,127,0.38333333333333336,0.6166666666666667,0.4782608695652174,0.4073208695652174,85.72058823529412,0.3779527559055118,24,0.30434782608695654,0.3333333333333333,0.17391304347826086,0.041666666666666664,0.3333333333333333,0.18110236220472442,1
665487,FS,Splitter,Offspeed,69,0.4074074074074074,0.5925925925925926,0.0,0.19656250000000003,84.01666666666667,0.34782608695652173,16,0.0,0.0,0.0,0.0,0.375,0.15942028985507245,0
665487,KC,Knuckle-Curve,Breaking,38,0.23529411764705882,0.7647058823529411,0.6666666666666666,0.4983000000000001,88.06666666666666,0.42105263157894735,10,0.2222222222222222,0.2,0.4444444444444444,0.0,0.0,0.10526315789473684,1
665489,SI,Sinker,Fastball,552,0.0942622950819672,0.9057377049180328,0.45323741007194246,0.3540624150943396,87.43943661971831,0.5307971014492754,162,0.34532374100719426,0.42592592592592593,0.1079136690647482,0.11728395061728394,0.04938271604938271,0.041666666666666664,3
665489,FF,4-Seam FB,Fastball,551,0.1722689075630252,0.8277310924369747,0.4649122807017544,0.34762747967479674,84.61510416666665,0.49183303085299457,126,0.3333333333333333,0.3888888888888889,0.13157894736842107,0.0873015873015873,0.15079365079365079,0.07441016333938294,2
665489,SL,Slider,Breaking,314,0.27450980392156865,0.7254901960784313,0.14634146341463414,0.27942283146067415,79.4509433962264,0.37261146496815284,90,0.13414634146341464,0.2,0.012195121951219495,0.06666666666666667,0.2,0.1337579617834395,0
665489,FC,Cutter,Fastball,217,0.2,0.8,0.21568627450980393,0.301755,83.23375000000001,0.46543778801843316,58,0.09803921568627451,0.20689655172413793,0.11764705882352942,0.1206896551724138,0.15517241379310345,0.0967741935483871,2
665489,CH,Changeup,Offspeed,191,0.297029702970297,0.7029702970297029,0.4074074074074074,0.3478239285714286,86.52753623188407,0.3298429319371728,57,0.3148148148148148,0.3508771929824561,0.09259259259259256,0.05263157894736842,0.10526315789473684,0.15706806282722513,1
665489,ST,Sweeper,Breaking,187,0.23655913978494625,0.7634408602150538,0.39655172413793105,0.2855601935483871,83.71470588235294,0.40106951871657753,63,0.27586206896551724,0.2903225806451613,0.12068965517241381,0.015873015873015872,0.1746031746031746,0.11764705882352941,1
665489,CU,Curveball,Breaking,100,0.2222222222222222,0.7777777777777778,0.5652173913043478,0.4879441481481482,80.73170731707317,0.38,27,0.30434782608695654,0.4074074074074074,0.26086956521739124,0.1111111111111111,0.07407407407407407,0.12,1
665489,FS,Splitter,Offspeed,54,0.23333333333333334,0.7666666666666666,0.1875,0.2594341176470588,87.11904761904762,0.4444444444444444,17,0.125,0.17647058823529413,0.0625,0.058823529411764705,0.17647058823529413,0.12962962962962962,0
665489,KC,Knuckle-Curve,Breaking,33,0.5,0.5,0.16666666666666666,0.2698333333333333,85.25555555555555,0.5757575757575758,12,0.16666666666666666,0.16666666666666666,0.0,0.0,0.4166666666666667,0.2727272727272727,0
665506,FF,4-Seam FB,Fastball,30,0.14285714285714285,0.8571428571428572,0.0,0.16866666666666666,74.89090909090909,0.36666666666666664,7,0.0,0.2857142857142857,0.0,0.2857142857142857,0.14285714285714285,0.06666666666666667,0
665561,FF,4-Seam FB,Fastball,184,0.11235955056179775,0.8876404494382022,0.24390243902439024,0.21157779999999998,81.47702702702703,0.5597826086956522,44,0.0975609756097561,0.1590909090909091,0.14634146341463414,0.045454545454545456,0.06818181818181818,0.05434782608695652,2
665561,SL,Slider,Breaking,57,0.35714285714285715,0.6428571428571428,0.08333333333333333,0.20212290909090908,79.57647058823531,0.43859649122807015,13,0.08333333333333333,0.15384615384615385,0.0,0.0,0.38461538461538464,0.17543859649122806,0
665561,CH,Changeup,Offspeed,50,0.2857142857142857,0.7142857142857143,0.0,0.08433333333333333,77.36923076923077,0.44,12,0.0,0.0,0.0,0.0,0.5,0.16,0
665561,SI,Sinker,Fastball,33,0.07142857142857142,0.9285714285714286,0.16666666666666666,0.2998,85.12307692307692,0.5454545454545454,13,0.16666666666666666,0.23076923076923078,0.0,0.07692307692307693,0.07692307692307693,0.030303030303030304,0
665561,CU,Curveball,Breaking,32,0.0,1.0,0.2857142857142857,0.29300000000000004,88.5,0.375,7,0.2857142857142857,0.2857142857142857,0.0,0.0,0.14285714285714285,0.0,0
665561,FC,Cutter,Fastball,31,0.05263157894736842,0.9473684210526316,0.0,0.12114285714285715,74.3625,0.6129032258064516,8,0.0,0.0,0.0,0.0,0.0,0.03225806451612903,0
665742,FF,4-Seam FB,Fastball,438,0.23880597014925373,0.7611940298507462,0.5714285714285714,0.45651823008849557,90.14822695035463,0.547945205479452,118,0.2761904761904762,0.3559322033898305,0.2952380952380952,0.11016949152542373,0.16101694915254236,0.1095890410958904,9
665742,SI,Sinker,Fastball,420,0.17391304347826086,0.8260869565217391,0.5116279069767442,0.4224916363636364,88.06338028169014,0.5357142857142857,102,0.29069767441860467,0.39603960396039606,0.22093023255813954,0.13725490196078433,0.10784313725490197,0.0761904761904762,6
665742,SL,Slider,Breaking,276,0.2,0.8,0.375,0.3874671186440678,86.47611940298506,0.43478260869565216,60,0.22916666666666666,0.38333333333333336,0.14583333333333334,0.2,0.15,0.06521739130434782,2
665742,CH,Changeup,Offspeed,204,0.14772727272727273,0.8522727272727273,0.5,0.3804355555555556,83.97142857142858,0.3627450980392157,54,0.32,0.37037037037037035,0.18,0.07407407407407407,0.09259259259259259,0.06372549019607843,2
665742,ST,Sweeper,Breaking,151,0.23333333333333334,0.7666666666666666,0.6153846153846154,0.44855581395348837,87.25853658536585,0.423841059602649,44,0.28205128205128205,0.36363636363636365,0.33333333333333337,0.11363636363636363,0.18181818181818182,0.09271523178807947,3
665742,CU,Curveball,Breaking,139,0.2608695652173913,0.7391304347826086,0.5172413793103449,0.34631687499999997,82.53030303030303,0.38848920863309355,33,0.20689655172413793,0.2727272727272727,0.31034482758620696,0.09090909090909091,0.21212121212121213,0.08633093525179857,3
665742,FC,Cutter,Fastball,125,0.21739130434782608,0.782608695652174,0.6666666666666666,0.4123866666666667,81.54857142857142,0.464,25,0.3333333333333333,0.48,0.3333333333333333,0.24,0.16,0.08,2
665742,FS,Splitter,Offspeed,88,0.2702702702702703,0.7297297297297297,0.15,0.298636,81.36923076923077,0.4318181818181818,25,0.15,0.32,0.0,0.2,0.16,0.11363636363636363,0
665742,KC,Knuckle-Curve,Breaking,37,0.16666666666666666,0.8333333333333334,0.6,0.5598228571428571,74.13000000000001,0.40540540540540543,7,0.6,0.7142857142857143,0.0,0.2857142857142857,0.0,0.05405405405405406,0
665750,FF,4-Seam FB,Fastball,687,0.22590361445783133,0.7740963855421686,0.3125,0.2953503797468354,81.29237288135593,0.5065502183406113,171,0.1875,0.2916666666666667,0.125,0.1286549707602339,0.2222222222222222,0.1091703056768559,4
665750,CH,Changeup,Offspeed,305,0.25161290322580643,0.7483870967741936,0.375,0.23904243243243245,71.81320754716981,0.3442622950819672,76,0.2916666666666667,0.32894736842105265,0.08333333333333331,0.05263157894736842,0.2631578947368421,0.12786885245901639,0
665750,SL,Slider,Breaking,206,0.29245283018867924,0.7075471698113207,0.4117647058823529,0.2725484615384616,79.71538461538462,0.41262135922330095,56,0.19607843137254902,0.2545454545454545,0.2156862745098039,0.07142857142857142,0.375,0.15048543689320387,2
665750,SI,Sinker,Fastball,202,0.17647058823529413,0.8235294117647058,0.40384615384615385,0.3595769491525424,81.91756756756756,0.5841584158415841,61,0.28846153846153844,0.38333333333333336,0.11538461538461542,0.13114754098360656,0.19672131147540983,0.0891089108910891,1
665750,FC,Cutter,Fastball,160,0.15384615384615385,0.8461538461538461,0.41025641025641024,0.3097652380952381,80.57288135593221,0.56875,44,0.23076923076923078,0.2857142857142857,0.17948717948717946,0.06818181818181818,0.13636363636363635,0.075,0
665750,CU,Curveball,Breaking,151,0.3548387096774194,0.6451612903225806,0.4,0.2337541935483871,78.52941176470588,0.423841059602649,32,0.16666666666666666,0.1935483870967742,0.23333333333333336,0.03125,0.40625,0.1456953642384106,2
665750,ST,Sweeper,Breaking,123,0.38181818181818183,0.6181818181818182,0.14814814814814814,0.12754828571428573,81.19285714285715,0.45528455284552843,28,0.1111111111111111,0.14285714285714285,0.037037037037037035,0.0,0.39285714285714285,0.17073170731707318,0
665750,FS,Splitter,Offspeed,81,0.275,0.725,0.3888888888888889,0.22805555555555557,74.59565217391305,0.30864197530864196,19,0.3333333333333333,0.3333333333333333,0.05555555555555558,0.0,0.21052631578947367,0.13580246913580246,0
665804,FF,4-Seam FB,Fastball,279,0.19310344827586207,0.806896551724138,0.5303030303030303,0.3192354705882353,84.58157894736841,0.5197132616487455,75,0.2878787878787879,0.36486486486486486,0.24242424242424238,0.09333333333333334,0.21333333333333335,0.1003584229390681,4
665804,SI,Sinker,Fastball,192,0.15853658536585366,0.8414634146341463,0.5294117647058824,0.3911415,85.15,0.4947916666666667,44,0.29411764705882354,0.45454545454545453,0.23529411764705882,0.11363636363636363,0.1590909090909091,0.06770833333333333,2
665804,SL,Slider,Breaking,181,0.36666666666666664,0.6333333333333333,0.4,0.31011436734693876,78.26603773584907,0.4088397790055249,54,0.24444444444444444,0.34615384615384615,0.15555555555555559,0.09259259259259259,0.2962962962962963,0.18232044198895028,2
665804,ST,Sweeper,Breaking,129,0.3728813559322034,0.6271186440677966,0.25,0.22577866666666666,78.24705882352941,0.3798449612403101,25,0.125,0.16,0.125,0.0,0.48,0.17054263565891473,1
665804,CH,Changeup,Offspeed,93,0.39285714285714285,0.6071428571428572,0.2608695652173913,0.170125,79.85862068965517,0.34408602150537637,24,0.21739130434782608,0.20833333333333334,0.043478260869565216,0.0,0.4583333333333333,0.23655913978494625,0
665804,FC,Cutter,Fastball,84,0.3157894736842105,0.6842105263157895,0.2727272727272727,0.2523027692307692,79.696,0.4523809523809524,27,0.18181818181818182,0.3333333333333333,0.09090909090909088,0.14814814814814814,0.14814814814814814,0.14285714285714285,0
665804,CU,Curveball,Breaking,44,0.09090909090909091,0.9090909090909091,0.2857142857142857,0.06371428571428571,81.3375,0.36363636363636365,8,0.14285714285714285,0.14285714285714285,0.14285714285714285,0.0,0.25,0.022727272727272728,0
665828,FF,4-Seam FB,Fastball,52,0.3103448275862069,0.6896551724137931,0.36363636363636365,0.17800000000000002,80.45294117647057,0.5384615384615384,12,0.2727272727272727,0.2727272727272727,0.09090909090909094,0.0,0.25,0.17307692307692307,0
665833,FF,4-Seam FB,Fastball,516,0.2576419213973799,0.74235807860262,0.5142857142857142,0.3945285765765766,85.24805194805195,0.5465116279069767,122,0.3333333333333333,0.4132231404958678,0.18095238095238092,0.11475409836065574,0.27049180327868855,0.11434108527131782,5
665833,SL,Slider,Breaking,260,0.42452830188679247,0.5754716981132075,0.3584905660377358,0.3114857627118644,84.10175438596491,0.35384615384615387,61,0.24528301886792453,0.3442622950819672,0.1132075471698113,0.13114754098360656,0.3442622950819672,0.17307692307692307,2
665833,SI,Sinker,Fastball,248,0.21348314606741572,0.7865168539325843,0.3584905660377358,0.35896630508474575,88.9377049180328,0.5483870967741935,61,0.2830188679245283,0.3770491803278688,0.07547169811320753,0.11475409836065574,0.32786885245901637,0.07661290322580645,0
665833,CH,Changeup,Offspeed,237,0.4954128440366973,0.5045871559633027,0.46551724137931033,0.31065967741935485,83.30576923076923,0.33755274261603374,64,0.25862068965517243,0.328125,0.2068965517241379,0.09375,0.359375,0.22784810126582278,3
665833,ST,Sweeper,Breaking,141,0.38181818181818183,0.6181818181818182,0.7,0.35751529411764704,86.45483870967743,0.425531914893617,34,0.3333333333333333,0.4117647058823529,0.36666666666666664,0.11764705882352941,0.4117647058823529,0.14893617021276595,3
665833,FC,Cutter,Fastball,121,0.27586206896551724,0.7241379310344828,0.8571428571428571,0.4931564444444445,82.31842105263159,0.5454545454545454,27,0.38095238095238093,0.5185185185185185,0.47619047619047616,0.14814814814814814,0.14814814814814814,0.1322314049586777,3
665833,CU,Curveball,Breaking,115,0.5,0.5,0.4666666666666667,0.24556666666666663,81.68695652173913,0.3130434782608696,30,0.16666666666666666,0.16666666666666666,0.30000000000000004,0.0,0.5666666666666667,0.20869565217391303,3
665833,FS,Splitter,Offspeed,81,0.5588235294117647,0.4411764705882353,0.25,0.161235,82.25833333333333,0.2962962962962963,18,0.0625,0.16666666666666666,0.1875,0.1111111111111111,0.4444444444444444,0.2345679012345679,1
665833,KC,Knuckle-Curve,Breaking,49,0.36363636363636365,0.6363636363636364,0.6666666666666666,0.5295316666666666,87.08461538461538,0.2653061224489796,13,0.25,0.3076923076923077,0.41666666666666663,0.07692307692307693,0.23076923076923078,0.16326530612244897,1
665861,FF,4-Seam FB,Fastball,98,0.2903225806451613,0.7096774193548387,0.3333333333333333,0.36036,78.1547619047619,0.5408163265306123,21,0.2777777777777778,0.38095238095238093,0.055555555555555525,0.14285714285714285,0.09523809523809523,0.1836734693877551,0
665861,SL,Slider,Breaking,41,0.34782608695652173,0.6521739130434783,0.2,0.2686725,77.52142857142857,0.3902439024390244,11,0.2,0.2727272727272727,0.0,0.09090909090909091,0.2727272727272727,0.1951219512195122,0
665861,SI,Sinker,Fastball,39,0.05263157894736842,0.9473684210526316,0.25,0.2838333333333333,69.50588235294119,0.5641025641025641,10,0.25,0.3333333333333333,0.0,0.0,0.1,0.02564102564102564,0
665861,ST,Sweeper,Breaking,27,0.26666666666666666,0.7333333333333334,0.3333333333333333,0.2926666666666667,73.08000000000001,0.4444444444444444,9,0.3333333333333333,0.3333333333333333,0.0,0.0,0.2222222222222222,0.14814814814814814,0
665862,FF,4-Seam FB,Fastball,705,0.22121212121212122,0.7787878787878788,0.32075471698113206,0.3014271186440678,86.13429752066116,0.4950354609929078,181,0.20754716981132076,0.29120879120879123,0.1132075471698113,0.11049723756906077,0.27071823204419887,0.10354609929078014,5
665862,SL,Slider,Breaking,298,0.42105263157894735,0.5789473684210527,0.546875,0.2875951428571429,83.94246575342466,0.4463087248322148,71,0.21875,0.29577464788732394,0.328125,0.09859154929577464,0.352112676056338,0.18791946308724833,6
665862,SI,Sinker,Fastball,277,0.21138211382113822,0.7886178861788617,0.5614035087719298,0.4101828196721311,83.68414634146342,0.5379061371841155,68,0.38596491228070173,0.4852941176470588,0.17543859649122806,0.14705882352941177,0.16176470588235295,0.09386281588447654,2
665862,CH,Changeup,Offspeed,252,0.35135135135135137,0.6486486486486487,0.45614035087719296,0.28928406779661014,83.9359375,0.3611111111111111,60,0.24561403508771928,0.2833333333333333,0.21052631578947367,0.05,0.2833333333333333,0.15476190476190477,3
665862,FC,Cutter,Fastball,187,0.3972602739726027,0.6027397260273972,0.3333333333333333,0.37189470588235296,84.51282051282051,0.4919786096256685,36,0.25,0.4411764705882353,0.08333333333333331,0.25,0.2222222222222222,0.15508021390374332,0
665862,CU,Curveball,Breaking,184,0.43956043956043955,0.5604395604395604,0.3018867924528302,0.193315,82.99583333333334,0.483695652173913,54,0.1320754716981132,0.14814814814814814,0.16981132075471697,0.018518518518518517,0.4444444444444444,0.21739130434782608,2
665862,ST,Sweeper,Breaking,157,0.2911392405063291,0.7088607594936709,0.4523809523809524,0.24866227272727273,84.77799999999999,0.5095541401273885,45,0.2619047619047619,0.3111111111111111,0.19047619047619047,0.06666666666666667,0.3111111111111111,0.1464968152866242,1
665862,FS,Splitter,Offspeed,116,0.45098039215686275,0.5490196078431373,0.058823529411764705,0.11881250000000002,81.336,0.3017241379310345,18,0.058823529411764705,0.1111111111111111,0.0,0.05555555555555555,0.4444444444444444,0.19827586206896552,0
665862,KC,Knuckle-Curve,Breaking,48,0.2777777777777778,0.7222222222222222,0.14285714285714285,0.2922975,83.43636363636364,0.4791666666666667,9,0.14285714285714285,0.3333333333333333,0.0,0.2222222222222222,0.4444444444444444,0.10416666666666667,0
665877,FF,4-Seam FB,Fastball,472,0.1341991341991342,0.8658008658008658,0.4326923076923077,0.26761356521739127,84.22879581151832,0.5444915254237288,121,0.25,0.31932773109243695,0.1826923076923077,0.09917355371900827,0.10743801652892562,0.06567796610169492,4
665877,SI,Sinker,Fastball,308,0.06504065040650407,0.9349593495934959,0.42857142857142855,0.36548289999999994,84.2909090909091,0.5811688311688312,86,0.3246753246753247,0.37209302325581395,0.10389610389610388,0.06976744186046512,0.05813953488372093,0.025974025974025976,1
665877,SL,Slider,Breaking,204,0.16176470588235295,0.8382352941176471,0.2727272727272727,0.26290260869565213,80.48363636363636,0.47549019607843135,49,0.1590909090909091,0.22448979591836735,0.11363636363636362,0.08163265306122448,0.16326530612244897,0.05392156862745098,1
665877,ST,Sweeper,Breaking,161,0.16279069767441862,0.8372093023255813,0.14285714285714285,0.18905054545454547,76.65151515151516,0.4161490683229814,26,0.14285714285714285,0.24,0.0,0.07692307692307693,0.34615384615384615,0.043478260869565216,0
665877,CH,Changeup,Offspeed,154,0.16666666666666666,0.8333333333333334,0.2777777777777778,0.3054573684210526,81.808,0.44155844155844154,38,0.2777777777777778,0.2894736842105263,0.0,0.02631578947368421,0.07894736842105263,0.07142857142857142,0
665877,FC,Cutter,Fastball,127,0.23214285714285715,0.7678571428571428,0.18518518518518517,0.2600048275862069,78.71951219512194,0.49606299212598426,31,0.14814814814814814,0.23333333333333334,0.037037037037037035,0.0967741935483871,0.1935483870967742,0.10236220472440945,0
665877,CU,Curveball,Breaking,113,0.1,0.9,0.35,0.32120000000000004,77.66153846153847,0.5221238938053098,21,0.3,0.3,0.04999999999999999,0.0,0.19047619047619047,0.02654867256637168,0
665923,FF,4-Seam FB,Fastball,330,0.2949640287769784,0.7050359712230216,0.5333333333333333,0.32040272222222227,76.8906976744186,0.503030303030303,76,0.26666666666666666,0.42105263157894735,0.26666666666666666,0.17105263157894737,0.27631578947368424,0.12424242424242424,4
665923,SI,Sinker,Fastball,190,0.1927710843373494,0.8072289156626506,0.15151515151515152,0.3154804651162791,75.3322033898305,0.5526315789473685,45,0.12121212121212122,0.32558139534883723,0.030303030303030304,0.1111111111111111,0.2,0.08421052631578947,0
665923,SL,Slider,Breaking,115,0.42424242424242425,0.5757575757575757,0.375,0.16384588235294117,76.93529411764706,0.45217391304347826,35,0.21875,0.2571428571428571,0.15625,0.05714285714285714,0.45714285714285713,0.24347826086956523,0
665923,CH,Changeup,Offspeed,112,0.3333333333333333,0.6666666666666667,0.3793103448275862,0.3150035,73.84594594594594,0.26785714285714285,33,0.3103448275862069,0.36363636363636365,0.06896551724137928,0.06060606060606061,0.24242424242424243,0.17857142857142858,0
665923,ST,Sweeper,Breaking,106,0.3392857142857143,0.6607142857142857,0.5769230769230769,0.3123596923076923,77.71428571428571,0.36792452830188677,27,0.3076923076923077,0.3333333333333333,0.26923076923076916,0.0,0.3333333333333333,0.1792452830188679,2
665923,FC,Cutter,Fastball,87,0.4222222222222222,0.5777777777777777,0.17647058823529413,0.21831844444444445,70.17826086956522,0.41379310344827586,20,0.11764705882352941,0.21052631578947367,0.05882352941176472,0.05,0.4,0.21839080459770116,0
665923,CU,Curveball,Breaking,56,0.16,0.84,0.0,0.2383932307692308,72.83529411764707,0.5,13,0.0,0.23076923076923078,0.0,0.15384615384615385,0.23076923076923078,0.07142857142857142,0
665923,FS,Splitter,Offspeed,25,0.5882352941176471,0.4117647058823529,0.0,0.0,69.82857142857144,0.48,6,0.0,0.0,0.0,0.0,1.0,0.4,0
665926,FF,4-Seam FB,Fastball,622,0.23796791443850268,0.7620320855614973,0.43884892086330934,0.27372086486486485,81.13117870722434,0.5321543408360129,150,0.26618705035971224,0.31543624161073824,0.1726618705035971,0.04,0.19333333333333333,0.14308681672025725,4
665926,SI,Sinker,Fastball,335,0.16292134831460675,0.8370786516853932,0.37037037037037035,0.32281687912087914,80.09846153846154,0.5582089552238806,95,0.2962962962962963,0.3617021276595745,0.07407407407407407,0.07368421052631578,0.10526315789473684,0.08656716417910448,0
665926,SL,Slider,Breaking,219,0.2956521739130435,0.7043478260869565,0.203125,0.22479141176470588,76.53243243243244,0.4520547945205479,69,0.1875,0.2463768115942029,0.015625,0.028985507246376812,0.2463768115942029,0.1552511415525114,0
665926,CH,Changeup,Offspeed,192,0.3008849557522124,0.6991150442477876,0.3018867924528302,0.24660292307692308,78.28918918918919,0.3489583333333333,54,0.22641509433962265,0.24074074074074073,0.07547169811320753,0.0,0.24074074074074073,0.17708333333333334,1
665926,FC,Cutter,Fastball,153,0.18085106382978725,0.8191489361702128,0.3333333333333333,0.27542857142857147,78.77777777777777,0.5098039215686274,37,0.25,0.25,0.08333333333333331,0.0,0.10810810810810811,0.1111111111111111,1
665926,ST,Sweeper,Breaking,141,0.3023255813953488,0.6976744186046512,0.3235294117647059,0.25908488888888886,78.32181818181817,0.41843971631205673,37,0.17647058823529413,0.24324324324324326,0.14705882352941177,0.0,0.21621621621621623,0.18439716312056736,1
665926,CU,Curveball,Breaking,120,0.22033898305084745,0.7796610169491526,0.8333333333333334,0.3506197037037037,82.175,0.36666666666666664,28,0.375,0.39285714285714285,0.45833333333333337,0.03571428571428571,0.07142857142857142,0.10833333333333334,3
665926,FS,Splitter,Offspeed,57,0.3783783783783784,0.6216216216216216,0.2,0.238,77.02608695652174,0.3333333333333333,20,0.2,0.2,0.0,0.0,0.3,0.24561403508771928,0
665926,KC,Knuckle-Curve,Breaking,41,0.25806451612903225,0.7419354838709677,0.4375,0.28375,78.405,0.43902439024390244,16,0.25,0.25,0.1875,0.0,0.1875,0.1951219512195122,0
665953,FF,4-Seam FB,Fastball,224,0.21428571428571427,0.7857142857142857,0.7076923076923077,0.44959846153846156,86.99029126213593,0.5758928571428571,71,0.3076923076923077,0.36619718309859156,0.4,0.08450704225352113,0.14084507042253522,0.13392857142857142,7
665953,CH,Changeup,Offspeed,156,0.4647887323943662,0.5352112676056338,0.2413793103448276,0.25280322580645165,78.08571428571429,0.28846153846153844,34,0.10344827586206896,0.23529411764705882,0.13793103448275862,0.14705882352941177,0.35294117647058826,0.21153846153846154,1
665953,SL,Slider,Breaking,121,0.5,0.5,0.34782608695652173,0.3353797142857143,91.76666666666667,0.38016528925619836,30,0.17391304347826086,0.36666666666666664,0.17391304347826086,0.2,0.36666666666666664,0.2396694214876033,1
665953,ST,Sweeper,Breaking,115,0.49019607843137253,0.5098039215686274,0.24,0.19478088888888892,83.40769230769232,0.40869565217391307,28,0.16,0.25,0.07999999999999999,0.03571428571428571,0.42857142857142855,0.21739130434782608,0
665953,SI,Sinker,Fastball,112,0.18518518518518517,0.8148148148148149,0.5172413793103449,0.380403125,87.95,0.5625,35,0.3103448275862069,0.42857142857142855,0.20689655172413796,0.17142857142857143,0.02857142857142857,0.08928571428571429,1
665953,CU,Curveball,Breaking,83,0.28125,0.71875,0.5,0.42572028571428566,82.87272727272726,0.42168674698795183,15,0.4166666666666667,0.5333333333333333,0.08333333333333331,0.06666666666666667,0.2,0.10843373493975904,0
665953,FC,Cutter,Fastball,61,0.1724137931034483,0.8275862068965517,0.35294117647058826,0.25161058823529414,81.8875,0.3770491803278688,19,0.29411764705882354,0.3333333333333333,0.05882352941176472,0.05263157894736842,0.05263157894736842,0.08196721311475409,0
665953,FS,Splitter,Offspeed,37,0.4583333333333333,0.5416666666666667,0.5,0.0662857142857143,85.83846153846154,0.4594594594594595,8,0.125,0.125,0.375,0.0,0.75,0.2972972972972973,1
665966,FF,4-Seam FB,Fastball,471,0.3541666666666667,0.6458333333333333,0.08235294117647059,0.2220835744680851,80.30140845070423,0.5265392781316348,104,0.058823529411764705,0.18181818181818182,0.023529411764705882,0.09615384615384616,0.38461538461538464,0.18046709129511676,0
665966,SL,Slider,Breaking,207,0.4473684210526316,0.5526315789473684,0.15384615384615385,0.21081661538461535,81.80701754385964,0.4251207729468599,57,0.1346153846153846,0.19298245614035087,0.019230769230769246,0.03508771929824561,0.38596491228070173,0.2463768115942029,0
665966,SI,Sinker,Fastball,190,0.1,0.9,0.28,0.3294570566037736,81.70649350649352,0.5789473684210527,57,0.22,0.30357142857142855,0.060000000000000026,0.07017543859649122,0.10526315789473684,0.04736842105263158,1
665966,FC,Cutter,Fastball,100,0.44,0.56,0.375,0.35531844444444444,84.31200000000001,0.57,19,0.375,0.47368421052631576,0.0,0.10526315789473684,0.21052631578947367,0.22,0
665966,ST,Sweeper,Breaking,77,0.3157894736842105,0.6842105263157895,0.631578947368421,0.20589473684210527,80.56521739130434,0.37662337662337664,20,0.2631578947368421,0.25,0.3684210526315789,0.0,0.45,0.15584415584415584,2
665966,CH,Changeup,Offspeed,72,0.3181818181818182,0.6818181818181819,0.25,0.26013142857142857,86.28214285714286,0.375,22,0.2,0.2727272727272727,0.04999999999999999,0.09090909090909091,0.22727272727272727,0.19444444444444445,0
665966,CU,Curveball,Breaking,50,0.2916666666666667,0.7083333333333333,0.42857142857142855,0.5838571428571429,77.05882352941177,0.44,8,0.2857142857142857,0.2857142857142857,0.14285714285714285,0.0,0.375,0.14,0
666018,FF,4-Seam FB,Fastball,1159,0.2513274336283186,0.7486725663716813,0.38571428571428573,0.3421165950413223,84.8211970074813,0.5159620362381363,250,0.24285714285714285,0.344,0.14285714285714288,0.128,0.248,0.12251941328731665,7
666018,SI,Sinker,Fastball,369,0.14375,0.85625,0.43478260869565216,0.34129184761904763,84.85354330708662,0.5257452574525745,108,0.30434782608695654,0.39814814814814814,0.13043478260869562,0.12037037037037036,0.24074074074074073,0.06233062330623306,2
666018,SL,Slider,Breaking,295,0.24793388429752067,0.7520661157024793,0.5142857142857142,0.2999223243243243,82.29124999999999,0.43389830508474575,76,0.22857142857142856,0.2894736842105263,0.2857142857142857,0.06578947368421052,0.32894736842105265,0.1016949152542373,6
666018,CH,Changeup,Offspeed,244,0.16,0.84,0.4492753623188406,0.3315271428571428,81.32475247524752,0.36065573770491804,75,0.2463768115942029,0.2972972972972973,0.20289855072463767,0.06666666666666667,0.13333333333333333,0.08196721311475409,3
666018,FC,Cutter,Fastball,221,0.27049180327868855,0.7295081967213115,0.509090909090909,0.38347954098360654,85.70224719101124,0.5294117647058824,61,0.38181818181818183,0.4426229508196721,0.1272727272727272,0.08196721311475409,0.21311475409836064,0.1493212669683258,1
666018,CU,Curveball,Breaking,146,0.26785714285714285,0.7321428571428572,0.46875,0.38304948571428576,82.43076923076923,0.3904109589041096,35,0.28125,0.3142857142857143,0.1875,0.02857142857142857,0.34285714285714286,0.10273972602739725,2
666018,ST,Sweeper,Breaking,123,0.20833333333333334,0.7916666666666666,0.6,0.4452530322580645,85.32,0.4065040650406504,31,0.36,0.45161290322580644,0.24,0.0967741935483871,0.25806451612903225,0.08130081300813008,2
666018,FS,Splitter,Offspeed,94,0.16666666666666666,0.8333333333333334,0.2857142857142857,0.28776357142857145,79.14418604651162,0.3617021276595745,29,0.25,0.27586206896551724,0.0357142857142857,0.034482758620689655,0.13793103448275862,0.09574468085106383,0
666018,KC,Knuckle-Curve,Breaking,47,0.26666666666666666,0.7333333333333334,0.2,0.19853520000000002,82.17777777777778,0.48936170212765956,11,0.2,0.2727272727272727,0.0,0.0,0.36363636363636365,0.0851063829787234,0
666023,FF,4-Seam FB,Fastball,344,0.22105263157894736,0.7789473684210526,0.36363636363636365,0.28487219277108433,82.34074074074074,0.5174418604651163,89,0.2077922077922078,0.29069767441860467,0.15584415584415584,0.0898876404494382,0.20224719101123595,0.12209302325581395,2
666023,SI,Sinker,Fastball,199,0.12264150943396226,0.8773584905660378,0.35714285714285715,0.29848898245614036,83.92790697674418,0.5728643216080402,63,0.25,0.3114754098360656,0.10714285714285715,0.06349206349206349,0.1111111111111111,0.06532663316582915,1
666023,SL,Slider,Breaking,174,0.39759036144578314,0.6024096385542168,0.16666666666666666,0.23507435897435897,79.95555555555556,0.4425287356321839,43,0.1388888888888889,0.23255813953488372,0.027777777777777762,0.11627906976744186,0.3023255813953488,0.1896551724137931,0
666023,ST,Sweeper,Breaking,89,0.40476190476190477,0.5952380952380952,0.2631578947368421,0.26802,74.25454545454545,0.38202247191011235,20,0.21052631578947367,0.25,0.05263157894736842,0.05,0.35,0.19101123595505617,0
666023,CH,Changeup,Offspeed,85,0.5,0.5,0.25,0.2087124705882353,81.86315789473683,0.27058823529411763,19,0.1875,0.3157894736842105,0.0625,0.10526315789473684,0.3684210526315789,0.2235294117647059,0
666023,FC,Cutter,Fastball,71,0.23404255319148937,0.7659574468085106,0.23529411764705882,0.2705211111111111,77.95,0.4788732394366197,19,0.17647058823529413,0.2222222222222222,0.05882352941176469,0.05263157894736842,0.10526315789473684,0.15492957746478872,0
666023,CU,Curveball,Breaking,58,0.34782608695652173,0.6521739130434783,0.4444444444444444,0.16840000000000002,81.89333333333333,0.3620689655172414,11,0.1111111111111111,0.18181818181818182,0.3333333333333333,0.09090909090909091,0.09090909090909091,0.13793103448275862,1
666126,FF,4-Seam FB,Fastball,460,0.1232876712328767,0.8767123287671232,0.5058823529411764,0.3662173195876288,82.93478260869566,0.4956521739130435,102,0.3058823529411765,0.4158415841584158,0.19999999999999996,0.1568627450980392,0.0784313725490196,0.058695652173913045,4
666126,SI,Sinker,Fastball,289,0.19327731092436976,0.8067226890756303,0.3448275862068966,0.3101046567164179,83.21685393258427,0.5743944636678201,67,0.20689655172413793,0.29850746268656714,0.13793103448275865,0.1044776119402985,0.14925373134328357,0.07958477508650519,0
666126,CH,Changeup,Offspeed,200,0.2857142857142857,0.7142857142857143,0.2830188679245283,0.2415421052631579,80.57536231884059,0.465,58,0.18867924528301888,0.25862068965517243,0.09433962264150941,0.08620689655172414,0.1206896551724138,0.14,1
666126,SL,Slider,Breaking,161,0.25925925925925924,0.7407407407407407,0.45652173913043476,0.3021965833333333,84.22542372881357,0.5093167701863354,50,0.34782608695652173,0.4,0.10869565217391303,0.02,0.22,0.13043478260869565,1
666126,FC,Cutter,Fastball,113,0.2830188679245283,0.7169811320754718,0.625,0.3570952,82.91428571428571,0.46017699115044247,27,0.25,0.25925925925925924,0.375,0.037037037037037035,0.1111111111111111,0.13274336283185842,3
666126,CU,Curveball,Breaking,105,0.32608695652173914,0.6739130434782609,0.18181818181818182,0.14186363636363636,82.87407407407407,0.37142857142857144,22,0.13636363636363635,0.13636363636363635,0.04545454545454547,0.0,0.2727272727272727,0.14285714285714285,0
666126,FS,Splitter,Offspeed,89,0.21951219512195122,0.7804878048780488,0.28,0.32395833333333335,78.01333333333334,0.4044943820224719,25,0.16,0.16,0.12000000000000002,0.0,0.2,0.10112359550561797,1
666126,ST,Sweeper,Breaking,87,0.43478260869565216,0.5652173913043479,0.18181818181818182,0.26258952380952383,78.74166666666666,0.47126436781609193,23,0.13636363636363635,0.17391304347826086,0.04545454545454547,0.043478260869565216,0.4782608695652174,0.22988505747126436,0
666126,KC,Knuckle-Curve,Breaking,44,0.30434782608695654,0.6956521739130435,0.5,0.24214285714285713,84.2125,0.4318181818181818,14,0.42857142857142855,0.42857142857142855,0.07142857142857145,0.0,0.2857142857142857,0.1590909090909091,0
666139,FF,4-Seam FB,Fastball,568,0.3504823151125402,0.6495176848874598,0.45454545454545453,0.2987997358490566,82.45674157303371,0.5246478873239436,111,0.26262626262626265,0.33636363636363636,0.19191919191919188,0.09009009009009009,0.40540540540540543,0.19190140845070422,5
666139,SI,Sinker,Fastball,193,0.21904761904761905,0.780952380952381,0.2553191489361702,0.2838533333333333,81.3263157894737,0.616580310880829,54,0.1702127659574468,0.23076923076923078,0.08510638297872339,0.07407407407407407,0.2222222222222222,0.11917098445595854,1
666139,CH,Changeup,Offspeed,175,0.25,0.75,0.358974358974359,0.30370285714285716,77.24499999999999,0.34285714285714286,43,0.2564102564102564,0.32558139534883723,0.10256410256410259,0.09302325581395349,0.11627906976744186,0.12571428571428572,1
666139,SL,Slider,Breaking,163,0.41836734693877553,0.5816326530612245,0.375,0.20177142857142857,83.09811320754719,0.4233128834355828,40,0.175,0.175,0.2,0.0,0.425,0.25153374233128833,2
666139,FC,Cutter,Fastball,117,0.33783783783783783,0.6621621621621622,0.42857142857142855,0.3054055172413793,83.38888888888889,0.47863247863247865,30,0.17857142857142858,0.23333333333333334,0.24999999999999997,0.06666666666666667,0.23333333333333334,0.21367521367521367,2
666139,ST,Sweeper,Breaking,104,0.32075471698113206,0.679245283018868,0.21739130434782608,0.2978158571428572,81.55483870967741,0.4423076923076923,28,0.17391304347826086,0.32142857142857145,0.043478260869565216,0.10714285714285714,0.32142857142857145,0.16346153846153846,0
666139,CU,Curveball,Breaking,84,0.29545454545454547,0.7045454545454546,0.47619047619047616,0.2611578947368421,82.9448275862069,0.32142857142857145,22,0.23809523809523808,0.22727272727272727,0.23809523809523808,0.0,0.2727272727272727,0.15476190476190477,1
666139,FS,Splitter,Offspeed,79,0.375,0.625,0.4666666666666667,0.3677586666666667,76.55925925925928,0.379746835443038,16,0.26666666666666666,0.3125,0.2,0.0625,0.25,0.22784810126582278,1
666152,FF,4-Seam FB,Fastball,497,0.14096916299559473,0.8590308370044053,0.44144144144144143,0.3299495081967213,79.58360655737704,0.5492957746478874,133,0.3063063063063063,0.40310077519379844,0.13513513513513514,0.13533834586466165,0.13533834586466165,0.06438631790744467,3
666152,SI,Sinker,Fastball,253,0.13675213675213677,0.8632478632478633,0.49019607843137253,0.400772524590164,77.68876404494382,0.5691699604743083,65,0.39215686274509803,0.5,0.0980392156862745,0.13846153846153847,0.1076923076923077,0.06324110671936758,1
666152,SL,Slider,Breaking,241,0.39473684210526316,0.6052631578947368,0.4074074074074074,0.2113952,77.69000000000001,0.45228215767634855,59,0.25925925925925924,0.2857142857142857,0.14814814814814814,0.03389830508474576,0.3050847457627119,0.18672199170124482,0
666152,FC,Cutter,Fastball,151,0.11842105263157894,0.881578947368421,0.3157894736842105,0.20529179487179489,74.2032786885246,0.543046357615894,43,0.23684210526315788,0.275,0.07894736842105263,0.046511627906976744,0.20930232558139536,0.059602649006622516,0
666152,CH,Changeup,Offspeed,140,0.3333333333333333,0.6666666666666667,0.26666666666666666,0.2345303448275862,73.94285714285714,0.3,32,0.23333333333333334,0.25806451612903225,0.033333333333333326,0.03125,0.28125,0.15,0
666152,ST,Sweeper,Breaking,115,0.3137254901960784,0.6862745098039216,0.125,0.13216666666666665,75.32592592592593,0.5043478260869565,24,0.041666666666666664,0.041666666666666664,0.08333333333333334,0.0,0.4166666666666667,0.1391304347826087,0
666152,CU,Curveball,Breaking,79,0.3333333333333333,0.6666666666666667,0.14285714285714285,0.08107692307692306,73.62666666666668,0.379746835443038,14,0.14285714285714285,0.14285714285714285,0.0,0.0,0.5714285714285714,0.11392405063291139,0
666152,FS,Splitter,Offspeed,67,0.2857142857142857,0.7142857142857143,0.05555555555555555,0.20044444444444448,73.78750000000001,0.3880597014925373,18,0.05555555555555555,0.05555555555555555,0.0,0.0,0.3333333333333333,0.14925373134328357,0
666152,KC,Knuckle-Curve,Breaking,25,0.1,0.9,0.0,0.1386,80.27142857142857,0.4,5,0.0,0.0,0.0,0.0,0.2,0.04,0
666160,FF,4-Seam FB,Fastball,410,0.29343629343629346,0.7065637065637065,0.5636363636363636,0.2942992857142857,84.0551724137931,0.5536585365853659,115,0.24545454545454545,0.26956521739130435,0.3181818181818181,0.034782608695652174,0.2956521739130435,0.18536585365853658,9
666160,CH,Changeup,Offspeed,241,0.3129251700680272,0.6870748299319728,0.37681159420289856,0.23798529411764704,82.50652173913043,0.35269709543568467,71,0.2318840579710145,0.22535211267605634,0.14492753623188406,0.0,0.28169014084507044,0.1908713692946058,2
666160,SL,Slider,Breaking,188,0.37142857142857144,0.6285714285714286,0.38636363636363635,0.23549174468085107,80.20307692307692,0.4521276595744681,50,0.18181818181818182,0.22,0.20454545454545453,0.04,0.3,0.2074468085106383,2
666160,SI,Sinker,Fastball,185,0.1262135922330097,0.8737864077669903,0.45,0.32705587096774197,83.03333333333333,0.5567567567567567,64,0.31666666666666665,0.359375,0.13333333333333336,0.03125,0.0625,0.07027027027027027,1
666160,FC,Cutter,Fastball,149,0.24468085106382978,0.7553191489361702,0.47058823529411764,0.2806694117647059,83.42647058823529,0.48322147651006714,36,0.23529411764705882,0.2777777777777778,0.23529411764705882,0.05555555555555555,0.1111111111111111,0.15436241610738255,2
666160,ST,Sweeper,Breaking,138,0.3974358974358974,0.6025641025641026,0.631578947368421,0.2665535,84.30652173913043,0.34782608695652173,41,0.23684210526315788,0.2926829268292683,0.39473684210526316,0.07317073170731707,0.4634146341463415,0.2246376811594203,3
666160,CU,Curveball,Breaking,114,0.41509433962264153,0.5849056603773585,0.48148148148148145,0.37995066666666666,88.70384615384616,0.4298245614035088,31,0.14814814814814814,0.25806451612903225,0.3333333333333333,0.12903225806451613,0.4838709677419355,0.19298245614035087,3
666160,FS,Splitter,Offspeed,77,0.39622641509433965,0.6037735849056604,0.2857142857142857,0.22894608695652172,76.64666666666666,0.45454545454545453,23,0.2857142857142857,0.34782608695652173,0.0,0.08695652173913043,0.391304347826087,0.2727272727272727,0
666160,KC,Knuckle-Curve,Breaking,37,0.36363636363636365,0.6363636363636364,0.0,0.1366725,75.20714285714287,0.2702702702702703,8,0.0,0.125,0.0,0.125,0.625,0.21621621621621623,0
666163,FF,4-Seam FB,Fastball,34,0.21052631578947367,0.7894736842105263,0.0,0.055400000000000005,74.14999999999999,0.5588235294117647,10,0.0,0.0,0.0,0.0,0.3,0.11764705882352941,0
666176,FF,4-Seam FB,Fastball,717,0.23399014778325122,0.7660098522167488,0.4425287356321839,0.34872614736842106,83.46907216494846,0.5202231520223152,193,0.2471264367816092,0.30569948186528495,0.19540229885057472,0.06217616580310881,0.23834196891191708,0.13249651324965134,9
666176,SI,Sinker,Fastball,517,0.19047619047619047,0.8095238095238095,0.328125,0.33900088571428577,83.54684210526315,0.5241779497098646,142,0.21875,0.29577464788732394,0.109375,0.04929577464788732,0.11267605633802817,0.09284332688588008,3
666176,SL,Slider,Breaking,430,0.38288288288288286,0.6171171171171171,0.29213483146067415,0.22359954545454547,80.6796875,0.3697674418604651,93,0.21348314606741572,0.22826086956521738,0.07865168539325842,0.021505376344086023,0.3225806451612903,0.19767441860465115,1
666176,ST,Sweeper,Breaking,270,0.3380281690140845,0.6619718309859155,0.4915254237288136,0.2970354193548387,82.24761904761904,0.3962962962962963,66,0.2711864406779661,0.3384615384615385,0.22033898305084748,0.045454545454545456,0.36363636363636365,0.17777777777777778,2
666176,CH,Changeup,Offspeed,257,0.40131578947368424,0.5986842105263157,0.42028985507246375,0.31567342857142855,87.16296296296296,0.35797665369649806,72,0.2318840579710145,0.2638888888888889,0.18840579710144925,0.041666666666666664,0.3055555555555556,0.23735408560311283,4
666176,FC,Cutter,Fastball,196,0.2621359223300971,0.7378640776699029,0.2702702702702703,0.39651748837209305,82.81194029850745,0.5255102040816326,44,0.2702702702702703,0.36363636363636365,0.0,0.11363636363636363,0.13636363636363635,0.1377551020408163,0
666176,CU,Curveball,Breaking,126,0.2835820895522388,0.7164179104477613,0.7666666666666667,0.38501173333333333,83.99318181818182,0.4444444444444444,31,0.3333333333333333,0.3548387096774194,0.4333333333333334,0.0,0.2903225806451613,0.15079365079365079,3
666176,FS,Splitter,Offspeed,62,0.2631578947368421,0.736842105263158,0.125,0.25743247058823526,84.3107142857143,0.5967741935483871,17,0.125,0.17647058823529413,0.0,0.0,0.35294117647058826,0.16129032258064516,0
666176,KC,Knuckle-Curve,Breaking,35,0.3125,0.6875,0.6666666666666666,0.5145714285714286,86.41111111111111,0.37142857142857144,9,0.3333333333333333,0.3333333333333333,0.3333333333333333,0.0,0.5555555555555556,0.14285714285714285,1
666181,FF,4-Seam FB,Fastball,170,0.2261904761904762,0.7738095238095238,0.4318181818181818,0.3587666666666666,82.58275862068965,0.6352941176470588,50,0.20454545454545456,0.3,0.22727272727272727,0.12,0.24,0.11176470588235295,2
666181,CH,Changeup,Offspeed,115,0.48936170212765956,0.5106382978723405,0.35294117647058826,0.19683176470588237,77.84375,0.33043478260869563,20,0.17647058823529413,0.3,0.17647058823529413,0.15,0.45,0.2,1
666181,CU,Curveball,Breaking,82,0.5666666666666667,0.43333333333333335,0.13333333333333333,0.24894449999999999,91.23636363636363,0.2804878048780488,18,0.13333333333333333,0.2777777777777778,0.0,0.1111111111111111,0.3888888888888889,0.2073170731707317,0
666181,SI,Sinker,Fastball,40,0.14285714285714285,0.8571428571428572,0.5,0.7500175,83.37777777777778,0.425,11,0.5,0.7,0.0,0.36363636363636365,0.0,0.05,0
666181,SL,Slider,Breaking,38,0.3684210526315789,0.631578947368421,0.0,0.082338,82.17272727272729,0.4473684210526316,12,0.0,0.08333333333333333,0.0,0.08333333333333333,0.5,0.18421052631578946,0
666181,ST,Sweeper,Breaking,32,0.45454545454545453,0.5454545454545454,0.0,0.09380000000000001,75.06,0.40625,5,0.0,0.0,0.0,0.0,0.6,0.15625,0
666181,FC,Cutter,Fastball,29,0.2857142857142857,0.7142857142857143,0.16666666666666666,0.41856333333333334,81.82857142857144,0.7241379310344828,7,0.16666666666666666,0.2857142857142857,0.0,0.14285714285714285,0.14285714285714285,0.13793103448275862,0
666182,FF,4-Seam FB,Fastball,755,0.15566037735849056,0.8443396226415094,0.38461538461538464,0.33513426751592357,83.43353293413173,0.48344370860927155,163,0.25874125874125875,0.34355828220858897,0.1258741258741259,0.1165644171779141,0.2331288343558282,0.08741721854304636,3
666182,SI,Sinker,Fastball,645,0.11071428571428571,0.8892857142857142,0.28104575163398693,0.2832768,84.74094827586208,0.5333333333333333,168,0.2222222222222222,0.2916666666666667,0.05882352941176472,0.08333333333333333,0.1488095238095238,0.04806201550387597,2
666182,SL,Slider,Breaking,355,0.2537313432835821,0.7462686567164178,0.6020408163265306,0.388009,82.24758620689656,0.4084507042253521,105,0.35714285714285715,0.38095238095238093,0.24489795918367346,0.047619047619047616,0.1619047619047619,0.14366197183098592,5
666182,ST,Sweeper,Breaking,254,0.36363636363636365,0.6363636363636364,0.45454545454545453,0.3115429850746268,78.99431818181819,0.42913385826771655,68,0.24242424242424243,0.25,0.2121212121212121,0.014705882352941176,0.27941176470588236,0.2047244094488189,3
666182,CH,Changeup,Offspeed,218,0.208,0.792,0.3382352941176471,0.30012191780821923,79.86842105263158,0.38073394495412843,76,0.27941176470588236,0.32894736842105265,0.05882352941176472,0.07894736842105263,0.14473684210526316,0.11926605504587157,0
666182,FC,Cutter,Fastball,150,0.12,0.88,0.5294117647058824,0.4088217142857143,82.87384615384615,0.4533333333333333,36,0.2647058823529412,0.3055555555555556,0.2647058823529412,0.05555555555555555,0.05555555555555555,0.06,3
666182,CU,Curveball,Breaking,147,0.19718309859154928,0.8028169014084507,0.4358974358974359,0.37826181818181825,82.65,0.3945578231292517,44,0.2564102564102564,0.3181818181818182,0.17948717948717952,0.09090909090909091,0.13636363636363635,0.09523809523809523,2
666182,FS,Splitter,Offspeed,77,0.30952380952380953,0.6904761904761905,0.2916666666666667,0.3695666153846154,84.09285714285714,0.4025974025974026,26,0.2916666666666667,0.34615384615384615,0.0,0.038461538461538464,0.19230769230769232,0.16883116883116883,0
666182,KC,Knuckle-Curve,Breaking,38,0.2916666666666667,0.7083333333333333,0.4,0.27852375,81.775,0.34210526315789475,16,0.2,0.25,0.2,0.0625,0.1875,0.18421052631578946,1
666185,FF,4-Seam FB,Fastball,34,0.4375,0.5625,0.5555555555555556,0.03133333333333333,87.475,0.6764705882352942,9,0.2222222222222222,0.2222222222222222,0.33333333333333337,0.0,0.5555555555555556,0.20588235294117646,1
666211,FF,4-Seam FB,Fastball,413,0.3300970873786408,0.6699029126213591,0.41304347826086957,0.34199912871287125,83.8641791044776,0.5205811138014528,106,0.1956521739130435,0.3018867924528302,0.21739130434782608,0.12264150943396226,0.33962264150943394,0.16464891041162227,5
666211,CH,Changeup,Offspeed,156,0.43023255813953487,0.5697674418604651,0.2222222222222222,0.2153995652173913,80.01702127659574,0.358974358974359,46,0.2222222222222222,0.2391304347826087,0.0,0.021739130434782608,0.30434782608695654,0.23717948717948717,0
666211,SL,Slider,Breaking,126,0.5789473684210527,0.42105263157894735,0.3076923076923077,0.22018937931034482,87.66086956521738,0.4603174603174603,30,0.15384615384615385,0.26666666666666666,0.15384615384615385,0.1,0.43333333333333335,0.2619047619047619,1
666211,SI,Sinker,Fastball,102,0.20512820512820512,0.7948717948717949,0.48,0.32959,83.18620689655172,0.5784313725490197,30,0.24,0.3448275862068966,0.24,0.13333333333333333,0.2,0.0784313725490196,1
666211,ST,Sweeper,Breaking,101,0.3191489361702128,0.6808510638297872,0.08333333333333333,0.1537352,80.85862068965515,0.5346534653465347,25,0.08333333333333333,0.12,0.0,0.04,0.16,0.1485148514851485,0
666211,FC,Cutter,Fastball,98,0.37735849056603776,0.6226415094339622,0.6153846153846154,0.5233677647058823,77.88571428571427,0.5408163265306123,19,0.3076923076923077,0.5263157894736842,0.3076923076923077,0.2631578947368421,0.10526315789473684,0.20408163265306123,1
666211,CU,Curveball,Breaking,81,0.5333333333333333,0.4666666666666667,0.7333333333333333,0.33146125,78.68571428571428,0.3333333333333333,16,0.3333333333333333,0.375,0.39999999999999997,0.0625,0.5,0.19753086419753085,1
666211,FS,Splitter,Offspeed,41,0.48,0.52,0.16666666666666666,0.07963636363636363,73.63846153846154,0.5121951219512195,12,0.08333333333333333,0.08333333333333333,0.08333333333333333,0.0,0.5833333333333334,0.2926829268292683,0
666211,KC,Knuckle-Curve,Breaking,25,0.4,0.6,0.16666666666666666,0.22790742857142857,82.10000000000001,0.4,7,0.16666666666666666,0.2857142857142857,0.0,0.0,0.2857142857142857,0.16,0
666310,FF,4-Seam FB,Fastball,131,0.10144927536231885,0.8985507246376812,0.17647058823529413,0.35004451612903226,82.96393442622951,0.5877862595419847,38,0.08823529411764706,0.15789473684210525,0.08823529411764706,0.07894736842105263,0.18421052631578946,0.05343511450381679,1
666310,SL,Slider,Breaking,77,0.20512820512820512,0.7948717948717949,0.05263157894736842,0.29532,87.08666666666664,0.35064935064935066,21,0.05263157894736842,0.14285714285714285,0.0,0.09523809523809523,0.23809523809523808,0.1038961038961039,0
666310,SI,Sinker,Fastball,72,0.030303030303030304,0.9696969696969697,0.5714285714285714,0.32122999999999996,82.49032258064516,0.5555555555555556,16,0.42857142857142855,0.5,0.14285714285714285,0.125,0.125,0.013888888888888888,0
666310,CH,Changeup,Offspeed,65,0.25925925925925924,0.7407407407407407,0.8181818181818182,0.33367090909090913,83.1263157894737,0.3076923076923077,12,0.2727272727272727,0.3333333333333333,0.5454545454545455,0.08333333333333333,0.25,0.1076923076923077,2
666310,FC,Cutter,Fastball,57,0.16,0.84,0.3333333333333333,0.21763636363636366,75.87,0.45614035087719296,12,0.25,0.25,0.08333333333333331,0.0,0.5,0.07017543859649122,0
666310,CU,Curveball,Breaking,44,0.07692307692307693,0.9230769230769231,0.14285714285714285,0.3265633333333333,69.33,0.5454545454545454,8,0.14285714285714285,0.25,0.0,0.125,0.125,0.022727272727272728,0
666310,ST,Sweeper,Breaking,37,0.35714285714285715,0.6428571428571428,0.0,0.0,84.21111111111111,0.35135135135135137,3,0.0,0.0,0.0,0.0,1.0,0.13513513513513514,0
666397,FF,4-Seam FB,Fastball,443,0.10919540229885058,0.8908045977011494,0.23529411764705882,0.3617548888888889,84.22312925170067,0.5214446952595937,99,0.2,0.31313131313131315,0.03529411764705881,0.1414141414141414,0.18181818181818182,0.04288939051918736,0
666397,CH,Changeup,Offspeed,151,0.3333333333333333,0.6666666666666667,0.17073170731707318,0.25817,82.29285714285714,0.4370860927152318,45,0.17073170731707318,0.24444444444444444,0.0,0.08888888888888889,0.2222222222222222,0.1456953642384106,0
666397,SL,Slider,Breaking,135,0.5272727272727272,0.4727272727272728,0.32,0.3124924137931035,81.10000000000001,0.4888888888888889,31,0.16,0.3225806451612903,0.16,0.1935483870967742,0.5483870967741935,0.21481481481481482,1
666397,SI,Sinker,Fastball,130,0.06,0.94,0.5357142857142857,0.4402548387096774,85.49148936170212,0.5923076923076923,35,0.32142857142857145,0.45714285714285713,0.21428571428571425,0.2,0.14285714285714285,0.023076923076923078,1
666397,FC,Cutter,Fastball,113,0.21739130434782608,0.782608695652174,0.4,0.3266264,80.74666666666666,0.504424778761062,27,0.25,0.4444444444444444,0.15000000000000002,0.25925925925925924,0.2962962962962963,0.08849557522123894,1
666397,CU,Curveball,Breaking,93,0.3103448275862069,0.6896551724137931,0.4,0.27960999999999997,83.46666666666665,0.41935483870967744,18,0.26666666666666666,0.3888888888888889,0.13333333333333336,0.16666666666666666,0.3333333333333333,0.0967741935483871,0
666397,ST,Sweeper,Breaking,81,0.29411764705882354,0.7058823529411764,0.2916666666666667,0.34607822222222223,81.57619047619048,0.5185185185185185,27,0.20833333333333334,0.2962962962962963,0.08333333333333334,0.07407407407407407,0.3333333333333333,0.12345679012345678,0
666397,FS,Splitter,Offspeed,47,0.38095238095238093,0.6190476190476191,1.3333333333333333,0.49273000000000006,84.2125,0.40425531914893614,7,0.5,0.5714285714285714,0.8333333333333333,0.14285714285714285,0.2857142857142857,0.1702127659574468,1
666397,KC,Knuckle-Curve,Breaking,36,0.38461538461538464,0.6153846153846154,0.2,0.27640000000000003,86.57142857142857,0.4166666666666667,5,0.2,0.2,0.0,0.0,0.4,0.1388888888888889,0
666464,SI,Sinker,Fastball,51,0.16666666666666666,0.8333333333333334,0.42857142857142855,0.1782,83.24285714285715,0.5294117647058824,7,0.2857142857142857,0.2857142857142857,0.14285714285714285,0.0,0.14285714285714285,0.058823529411764705,0
666464,FF,4-Seam FB,Fastball,47,0.10714285714285714,0.8928571428571429,0.2,0.15725,81.29166666666667,0.5957446808510638,5,0.2,0.2,0.0,0.0,0.2,0.06382978723404255,0
666464,CH,Changeup,Offspeed,29,0.3157894736842105,0.6842105263157895,0.1,0.26804222222222224,75.71538461538461,0.41379310344827586,11,0.1,0.18181818181818182,0.0,0.09090909090909091,0.2727272727272727,0.20689655172413793,0
666464,ST,Sweeper,Breaking,29,0.1875,0.8125,0.42857142857142855,0.23760000000000003,78.0153846153846,0.3793103448275862,7,0.2857142857142857,0.2857142857142857,0.14285714285714285,0.0,0.14285714285714285,0.10344827586206896,0
666624,FF,4-Seam FB,Fastball,144,0.3235294117647059,0.6764705882352942,0.05555555555555555,0.1977861052631579,82.99318181818182,0.5486111111111112,43,0.05555555555555555,0.20930232558139536,0.0,0.13953488372093023,0.32558139534883723,0.1527777777777778,0
666624,SL,Slider,Breaking,63,0.41379310344827586,0.5862068965517242,0.25,0.20350000000000001,80.33749999999999,0.4444444444444444,12,0.25,0.25,0.0,0.0,0.3333333333333333,0.19047619047619047,0
666624,SI,Sinker,Fastball,55,0.13043478260869565,0.8695652173913043,0.13333333333333333,0.17539875,86.10526315789474,0.4909090909090909,18,0.13333333333333333,0.23529411764705882,0.0,0.1111111111111111,0.1111111111111111,0.05454545454545454,0
666624,ST,Sweeper,Breaking,54,0.3333333333333333,0.6666666666666667,0.25,0.16572727272727272,74.17333333333333,0.5370370370370371,12,0.16666666666666666,0.16666666666666666,0.08333333333333334,0.0,0.3333333333333333,0.14814814814814814,0
666624,CH,Changeup,Offspeed,39,0.6153846153846154,0.3846153846153846,0.5384615384615384,0.19725,83.11250000000001,0.3333333333333333,13,0.3076923076923077,0.3076923076923077,0.23076923076923073,0.0,0.5384615384615384,0.41025641025641024,0
666624,CU,Curveball,Breaking,27,0.4,0.6,0.0,0.18450000000000003,65.45,0.2222222222222222,4,0.0,0.0,0.0,0.0,0.25,0.14814814814814814,0
666969,FF,4-Seam FB,Fastball,355,0.33544303797468356,0.6645569620253164,0.2923076923076923,0.30735651428571426,85.29700000000001,0.5014084507042254,74,0.23076923076923078,0.32432432432432434,0.06153846153846154,0.08108108108108109,0.33783783783783783,0.14929577464788732,1
666969,SI,Sinker,Fastball,226,0.1927710843373494,0.8072289156626506,0.3,0.32805428571428574,88.04516129032258,0.5088495575221239,62,0.16,0.3064516129032258,0.13999999999999999,0.16129032258064516,0.1935483870967742,0.07079646017699115,2
666969,SL,Slider,Breaking,173,0.3764705882352941,0.6235294117647059,0.4782608695652174,0.24327739130434783,86.42391304347827,0.3930635838150289,48,0.21739130434782608,0.25,0.26086956521739135,0.041666666666666664,0.375,0.18497109826589594,3
666969,ST,Sweeper,Breaking,116,0.3333333333333333,0.6666666666666667,0.39285714285714285,0.23259674074074074,81.9315789473684,0.3706896551724138,31,0.17857142857142858,0.25806451612903225,0.21428571428571427,0.06451612903225806,0.3870967741935484,0.16379310344827586,2
666969,CH,Changeup,Offspeed,104,0.4666666666666667,0.5333333333333333,0.2631578947368421,0.15652941176470586,83.24285714285715,0.36538461538461536,19,0.15789473684210525,0.15789473684210525,0.10526315789473684,0.0,0.3684210526315789,0.20192307692307693,0
666969,FC,Cutter,Fastball,66,0.2857142857142857,0.7142857142857143,0.3,0.38785272727272724,81.475,0.6212121212121212,12,0.3,0.3333333333333333,0.0,0.08333333333333333,0.16666666666666666,0.12121212121212122,0
666969,CU,Curveball,Breaking,51,0.5,0.5,0.5,0.3741830769230769,86.89166666666667,0.35294117647058826,13,0.25,0.3076923076923077,0.25,0.07692307692307693,0.3076923076923077,0.2549019607843137,1
666969,FS,Splitter,Offspeed,48,0.35714285714285715,0.6428571428571428,0.5384615384615384,0.3825475,83.34285714285716,0.4791666666666667,16,0.3076923076923077,0.375,0.23076923076923073,0.125,0.375,0.20833333333333334,0
666971,FF,4-Seam FB,Fastball,188,0.19,0.81,0.2708333333333333,0.2851348148148148,83.11486486486487,0.5212765957446809,54,0.22916666666666666,0.3148148148148148,0.04166666666666666,0.1111111111111111,0.16666666666666666,0.10106382978723404,0
666971,SI,Sinker,Fastball,156,0.10227272727272728,0.8977272727272727,0.30434782608695654,0.31369408,85.16388888888889,0.5897435897435898,50,0.17391304347826086,0.2,0.13043478260869568,0.0,0.06,0.057692307692307696,1
666971,SL,Slider,Breaking,105,0.34615384615384615,0.6538461538461539,0.25,0.2712948387096774,81.22424242424243,0.3333333333333333,31,0.17857142857142858,0.25806451612903225,0.07142857142857142,0.0967741935483871,0.25806451612903225,0.17142857142857143,0
666971,CH,Changeup,Offspeed,91,0.36538461538461536,0.6346153846153846,0.3103448275862069,0.19134482758620688,80.82499999999999,0.3516483516483517,29,0.1724137931034483,0.1724137931034483,0.13793103448275862,0.0,0.3103448275862069,0.2087912087912088,1
666971,ST,Sweeper,Breaking,63,0.25925925925925924,0.7407407407407407,0.2222222222222222,0.15109999999999998,82.49444444444444,0.3492063492063492,10,0.1111111111111111,0.1,0.1111111111111111,0.0,0.4,0.1111111111111111,0
666971,FC,Cutter,Fastball,55,0.21875,0.78125,0.4117647058823529,0.34794117647058825,83.62,0.43636363636363634,17,0.4117647058823529,0.4117647058823529,0.0,0.0,0.11764705882352941,0.12727272727272726,0
666971,FS,Splitter,Offspeed,32,0.6,0.4,0.2,0.1446,70.5142857142857,0.3125,5,0.2,0.2,0.0,0.0,0.6,0.375,0
667472,FF,4-Seam FB,Fastball,471,0.23618090452261306,0.7638190954773869,0.3229166666666667,0.26211954716981134,83.7911111111111,0.49469214437367304,114,0.20833333333333334,0.32456140350877194,0.11458333333333334,0.14035087719298245,0.3157894736842105,0.09978768577494693,3
667472,SI,Sinker,Fastball,283,0.11965811965811966,0.8803418803418803,0.4918032786885246,0.36687761194029855,82.3868131868132,0.5936395759717314,72,0.3442622950819672,0.4305555555555556,0.14754098360655737,0.1388888888888889,0.1527777777777778,0.04946996466431095,2
667472,SL,Slider,Breaking,187,0.275,0.725,0.37777777777777777,0.30938608695652176,85.01818181818182,0.48128342245989303,47,0.26666666666666666,0.2978723404255319,0.1111111111111111,0.0425531914893617,0.2127659574468085,0.11764705882352941,1
667472,CH,Changeup,Offspeed,141,0.2535211267605634,0.7464788732394366,0.3125,0.38829483870967746,84.10888888888888,0.36879432624113473,35,0.28125,0.34285714285714286,0.03125,0.08571428571428572,0.2,0.1276595744680851,0
667472,ST,Sweeper,Breaking,121,0.20833333333333334,0.7916666666666666,0.37037037037037035,0.27834868965517245,77.06285714285714,0.4793388429752066,30,0.2962962962962963,0.36666666666666664,0.07407407407407407,0.06666666666666667,0.3,0.08264462809917356,0
667472,FC,Cutter,Fastball,101,0.32558139534883723,0.6744186046511628,0.14285714285714285,0.3704143157894737,78.64615384615384,0.4752475247524752,19,0.14285714285714285,0.3684210526315789,0.0,0.21052631578947367,0.21052631578947367,0.13861386138613863,0
667472,CU,Curveball,Breaking,91,0.06666666666666667,0.9333333333333333,0.4444444444444444,0.2438,79.41818181818182,0.3626373626373626,19,0.2777777777777778,0.3157894736842105,0.16666666666666663,0.0,0.21052631578947367,0.02197802197802198,1
667472,FS,Splitter,Offspeed,29,0.26666666666666666,0.7333333333333334,0.0,0.15576857142857142,82.41250000000001,0.3103448275862069,7,0.0,0.14285714285714285,0.0,0.14285714285714285,0.42857142857142855,0.13793103448275862,0
667670,FF,4-Seam FB,Fastball,178,0.34782608695652173,0.6521739130434783,0.5714285714285714,0.354350596491228,84.15614035087718,0.5280898876404494,58,0.1836734693877551,0.29310344827586204,0.3877551020408163,0.10344827586206896,0.39655172413793105,0.1797752808988764,6
667670,SI,Sinker,Fastball,158,0.0945945945945946,0.9054054054054054,0.4666666666666667,0.3775330434782609,83.90327868852458,0.5822784810126582,49,0.28888888888888886,0.3469387755102041,0.1777777777777778,0.08163265306122448,0.10204081632653061,0.04430379746835443,2
667670,SL,Slider,Breaking,140,0.5492957746478874,0.45070422535211263,0.4827586206896552,0.21271428571428572,78.50967741935484,0.3357142857142857,29,0.3103448275862069,0.3103448275862069,0.1724137931034483,0.0,0.3448275862068966,0.2785714285714286,1
667670,ST,Sweeper,Breaking,108,0.43636363636363634,0.5636363636363637,0.0,0.30937555555555557,84.91724137931035,0.46296296296296297,30,0.0,0.1,0.0,0.1,0.26666666666666666,0.2222222222222222,0
667670,CH,Changeup,Offspeed,88,0.46,0.54,0.30434782608695654,0.19706571428571426,81.3125,0.42045454545454547,24,0.17391304347826086,0.20833333333333334,0.13043478260869568,0.041666666666666664,0.5,0.26136363636363635,1
667670,FC,Cutter,Fastball,45,0.23809523809523808,0.7619047619047619,0.875,0.3977142857142857,87.33999999999999,0.4444444444444444,8,0.5,0.5,0.375,0.0,0.125,0.1111111111111111,1
667670,CU,Curveball,Breaking,26,0.42857142857142855,0.5714285714285714,0.25,0.367476,98.325,0.46153846153846156,6,0.25,0.3333333333333333,0.0,0.16666666666666666,0.16666666666666666,0.11538461538461539,0
668227,FF,4-Seam FB,Fastball,813,0.30133333333333334,0.6986666666666667,0.39215686274509803,0.35614118032786884,85.61991701244814,0.4981549815498155,195,0.2222222222222222,0.3711340206185567,0.16993464052287582,0.17435897435897435,0.2923076923076923,0.13899138991389914,6
668227,SI,Sinker,Fastball,556,0.19811320754716982,0.8018867924528301,0.53,0.42955230000000005,84.74935897435897,0.5503597122302158,128,0.34,0.484375,0.19,0.1171875,0.1328125,0.07553956834532374,4
668227,SL,Slider,Breaking,405,0.3073170731707317,0.6926829268292682,0.574468085106383,0.2912315876288659,82.25555555555556,0.4271604938271605,98,0.3191489361702128,0.3469387755102041,0.25531914893617025,0.02040816326530612,0.25510204081632654,0.15555555555555556,5
668227,CH,Changeup,Offspeed,310,0.23076923076923078,0.7692307692307692,0.4583333333333333,0.33132480000000003,79.72727272727273,0.4032258064516129,80,0.3055555555555556,0.375,0.15277777777777773,0.075,0.1625,0.11612903225806452,2
668227,ST,Sweeper,Breaking,255,0.232,0.768,0.5217391304347826,0.33527704109589035,84.3288888888889,0.3843137254901961,76,0.2608695652173913,0.3157894736842105,0.2608695652173913,0.05263157894736842,0.18421052631578946,0.11372549019607843,5
668227,FC,Cutter,Fastball,211,0.2608695652173913,0.7391304347826086,0.5526315789473685,0.36142663414634146,81.57910447761195,0.4976303317535545,42,0.34210526315789475,0.40476190476190477,0.21052631578947373,0.07142857142857142,0.11904761904761904,0.11374407582938388,2
668227,CU,Curveball,Breaking,144,0.22388059701492538,0.7761194029850746,0.5,0.31761230000000007,82.17254901960784,0.3958333333333333,40,0.2777777777777778,0.35,0.2222222222222222,0.075,0.25,0.10416666666666667,2
668227,FS,Splitter,Offspeed,71,0.3333333333333333,0.6666666666666667,0.29411764705882354,0.24156484210526313,84.3111111111111,0.2676056338028169,19,0.11764705882352941,0.21052631578947367,0.17647058823529413,0.05263157894736842,0.3684210526315789,0.14084507042253522,1
668227,KC,Knuckle-Curve,Breaking,38,0.29411764705882354,0.7058823529411764,0.5,0.33896,73.70909090909089,0.5526315789473685,6,0.25,0.5,0.25,0.3333333333333333,0.16666666666666666,0.13157894736842105,0
668670,FF,4-Seam FB,Fastball,247,0.2396694214876033,0.7603305785123967,0.38181818181818183,0.25295066666666666,84.99166666666667,0.5222672064777328,66,0.18181818181818182,0.30303030303030304,0.2,0.15151515151515152,0.30303030303030304,0.11740890688259109,3
668670,SL,Slider,Breaking,118,0.45454545454545453,0.5454545454545454,0.08695652173913043,0.1654997037037037,81.48181818181818,0.4406779661016949,28,0.043478260869565216,0.18518518518518517,0.043478260869565216,0.10714285714285714,0.32142857142857145,0.1694915254237288,0
668670,SI,Sinker,Fastball,108,0.1111111111111111,0.8888888888888888,0.36,0.4211173333333333,79.93488372093023,0.5555555555555556,32,0.24,0.3225806451612903,0.12,0.125,0.125,0.05555555555555555,1
668670,FC,Cutter,Fastball,80,0.28,0.72,0.15384615384615385,0.3251013333333333,76.6375,0.525,17,0.15384615384615385,0.3333333333333333,0.0,0.23529411764705882,0.17647058823529413,0.0875,0
668670,CH,Changeup,Offspeed,57,0.45,0.55,0.16666666666666666,0.20333692307692308,83.41111111111111,0.3508771929824561,13,0.16666666666666666,0.23076923076923078,0.0,0.07692307692307693,0.46153846153846156,0.15789473684210525,0
668670,ST,Sweeper,Breaking,54,0.17647058823529413,0.8235294117647058,0.3333333333333333,0.290138,77.32142857142857,0.4444444444444444,10,0.2222222222222222,0.3,0.1111111111111111,0.1,0.2,0.05555555555555555,0
668670,CU,Curveball,Breaking,39,0.21428571428571427,0.7857142857142857,0.42857142857142855,0.1566725,72.16,0.48717948717948717,8,0.14285714285714285,0.25,0.2857142857142857,0.125,0.75,0.07692307692307693,0
668709,FF,4-Seam FB,Fastball,574,0.19047619047619047,0.8095238095238095,0.47101449275362317,0.3866094409937888,84.5928888888889,0.578397212543554,164,0.2028985507246377,0.3170731707317073,0.2681159420289855,0.14634146341463414,0.17682926829268292,0.0975609756097561,10
668709,CH,Changeup,Offspeed,360,0.4090909090909091,0.5909090909090908,0.37662337662337664,0.3170637647058823,78.98350515463918,0.4083333333333333,87,0.22077922077922077,0.3023255813953488,0.15584415584415587,0.10344827586206896,0.27586206896551724,0.2,3
668709,SI,Sinker,Fastball,309,0.13333333333333333,0.8666666666666667,0.3918918918918919,0.3923684705882353,84.43275862068967,0.5242718446601942,88,0.28378378378378377,0.3977272727272727,0.10810810810810811,0.1590909090909091,0.09090909090909091,0.06472491909385113,2
668709,SL,Slider,Breaking,254,0.3508771929824561,0.6491228070175439,0.423728813559322,0.24581926153846154,82.52222222222223,0.44881889763779526,65,0.22033898305084745,0.2923076923076923,0.20338983050847456,0.07692307692307693,0.3076923076923077,0.15748031496062992,3
668709,ST,Sweeper,Breaking,176,0.3275862068965517,0.6724137931034483,0.3793103448275862,0.2760543783783784,81.01666666666667,0.4715909090909091,37,0.1724137931034483,0.35135135135135137,0.2068965517241379,0.1891891891891892,0.2972972972972973,0.10795454545454546,1
668709,CU,Curveball,Breaking,171,0.33962264150943394,0.6603773584905661,0.6666666666666666,0.41548773333333333,85.41935483870968,0.39766081871345027,31,0.25,0.41935483870967744,0.41666666666666663,0.1935483870967742,0.25806451612903225,0.10526315789473684,3
668709,FC,Cutter,Fastball,145,0.15942028985507245,0.8405797101449275,0.5517241379310345,0.38876645161290324,84.38392857142857,0.5793103448275863,31,0.20689655172413793,0.25806451612903225,0.3448275862068966,0.06451612903225806,0.16129032258064516,0.07586206896551724,3
668709,FS,Splitter,Offspeed,114,0.38095238095238093,0.6190476190476191,0.14285714285714285,0.20835935483870968,79.4102564102564,0.4473684210526316,32,0.10714285714285714,0.1875,0.03571428571428571,0.09375,0.375,0.21052631578947367,0
668715,FF,4-Seam FB,Fastball,435,0.27835051546391754,0.7216494845360825,0.43157894736842106,0.34226553846153845,85.2224,0.49885057471264366,110,0.18947368421052632,0.3,0.24210526315789474,0.10909090909090909,0.2818181818181818,0.12413793103448276,7
668715,SI,Sinker,Fastball,395,0.18072289156626506,0.8192771084337349,0.4418604651162791,0.36585134693877547,84.28067226890757,0.5772151898734177,105,0.2558139534883721,0.375,0.18604651162790697,0.1523809523809524,0.14285714285714285,0.0759493670886076,4
668715,SL,Slider,Breaking,193,0.31683168316831684,0.6831683168316831,0.3953488372093023,0.37202651162790695,86.43584905660379,0.40932642487046633,46,0.20930232558139536,0.2608695652173913,0.18604651162790695,0.06521739130434782,0.17391304347826086,0.16580310880829016,2
668715,ST,Sweeper,Breaking,171,0.2,0.8,0.34210526315789475,0.2839038823529412,85.23653846153846,0.42105263157894735,41,0.21052631578947367,0.2682926829268293,0.13157894736842107,0.04878048780487805,0.24390243902439024,0.08771929824561403,0
668715,CH,Changeup,Offspeed,143,0.3157894736842105,0.6842105263157895,0.42105263157894735,0.22581085714285715,82.24318181818181,0.43356643356643354,40,0.18421052631578946,0.2,0.23684210526315788,0.025,0.325,0.16783216783216784,3
668715,FC,Cutter,Fastball,98,0.2127659574468085,0.7872340425531915,0.56,0.3894066666666666,82.4625,0.5918367346938775,27,0.4,0.4444444444444444,0.16000000000000003,0.07407407407407407,0.18518518518518517,0.10204081632653061,1
668715,CU,Curveball,Breaking,94,0.23529411764705882,0.7647058823529411,0.3157894736842105,0.2759375,84.62105263157895,0.40425531914893614,19,0.2631578947368421,0.2631578947368421,0.05263157894736842,0.0,0.2631578947368421,0.0851063829787234,0
668715,FS,Splitter,Offspeed,38,0.17647058823529413,0.8235294117647058,0.875,0.604919,83.10769230769232,0.4473684210526316,9,0.625,0.6666666666666666,0.25,0.0,0.0,0.07894736842105263,0
668723,FF,4-Seam FB,Fastball,467,0.27615062761506276,0.7238493723849373,0.3977272727272727,0.30648670588235294,79.96727272727273,0.5396145610278372,105,0.2159090909090909,0.3238095238095238,0.1818181818181818,0.12380952380952381,0.29523809523809524,0.14132762312633834,4
668723,SI,Sinker,Fastball,205,0.09375,0.90625,0.34615384615384615,0.31198235714285716,83.66785714285714,0.5219512195121951,62,0.25,0.3548387096774194,0.09615384615384615,0.11290322580645161,0.14516129032258066,0.04390243902439024,1
668723,SL,Slider,Breaking,125,0.359375,0.640625,0.2857142857142857,0.4160292307692307,82.99,0.416,31,0.07142857142857142,0.13333333333333333,0.21428571428571427,0.06451612903225806,0.22580645161290322,0.184,2
668723,CH,Changeup,Offspeed,104,0.20833333333333334,0.7916666666666666,0.9615384615384616,0.42516846153846155,84.38823529411764,0.38461538461538464,27,0.46153846153846156,0.48148148148148145,0.5,0.037037037037037035,0.14814814814814814,0.09615384615384616,3
668723,FC,Cutter,Fastball,81,0.14634146341463414,0.8536585365853658,0.6,0.40676181818181817,79.1029411764706,0.5925925925925926,22,0.4,0.45454545454545453,0.19999999999999996,0.09090909090909091,0.18181818181818182,0.07407407407407407,1
668723,CU,Curveball,Breaking,73,0.28125,0.71875,0.36363636363636365,0.29623809523809524,77.92727272727274,0.3698630136986301,22,0.22727272727272727,0.22727272727272727,0.13636363636363638,0.0,0.36363636363636365,0.1232876712328767,1
668723,ST,Sweeper,Breaking,63,0.25,0.75,0.1111111111111111,0.12322222222222222,74.58,0.38095238095238093,10,0.1111111111111111,0.2,0.0,0.1,0.3,0.09523809523809523,0
668800,FF,4-Seam FB,Fastball,99,0.2708333333333333,0.7291666666666667,0.25,0.18693250000000003,81.71764705882353,0.5252525252525253,25,0.08333333333333333,0.12,0.16666666666666669,0.04,0.28,0.13131313131313133,1
668800,SI,Sinker,Fastball,54,0.125,0.875,0.2,0.18979630769230768,84.49473684210527,0.6111111111111112,16,0.2,0.25,0.0,0.0,0.125,0.05555555555555555,0
668800,CH,Changeup,Offspeed,44,0.25806451612903225,0.7419354838709677,0.35294117647058826,0.2418125,79.35,0.3181818181818182,17,0.23529411764705882,0.23529411764705882,0.11764705882352944,0.0,0.23529411764705882,0.18181818181818182,0
668800,SL,Slider,Breaking,39,0.23809523809523808,0.7619047619047619,0.2857142857142857,0.32813323076923073,87.75,0.48717948717948717,16,0.2857142857142857,0.375,0.0,0.0625,0.0625,0.1282051282051282,0
668800,ST,Sweeper,Breaking,25,0.625,0.375,2.0,0.9221173333333333,90.56666666666668,0.32,4,0.6666666666666666,0.75,1.3333333333333335,0.0,0.25,0.2,1
668804,FF,4-Seam FB,Fastball,726,0.19832402234636873,0.8016759776536313,0.5942857142857143,0.410033125,87.3934306569343,0.581267217630854,200,0.35428571428571426,0.4271356783919598,0.24000000000000005,0.115,0.2,0.09779614325068871,8
668804,CH,Changeup,Offspeed,451,0.2879581151832461,0.7120418848167539,0.37254901960784315,0.3162513027522936,81.98661417322836,0.37472283813747226,112,0.23529411764705882,0.29464285714285715,0.13725490196078433,0.07142857142857142,0.14285714285714285,0.12195121951219512,2
668804,SL,Slider,Breaking,385,0.4301675977653631,0.5698324022346368,0.25675675675675674,0.2805570947368421,84.6808988764045,0.42077922077922075,96,0.14864864864864866,0.3368421052631579,0.10810810810810809,0.19791666666666666,0.375,0.2,1
668804,SI,Sinker,Fastball,375,0.16339869281045752,0.8366013071895425,0.3783783783783784,0.41230980645161286,87.869918699187,0.5653333333333334,94,0.28378378378378377,0.425531914893617,0.09459459459459463,0.19148936170212766,0.13829787234042554,0.06666666666666667,1
668804,FC,Cutter,Fastball,250,0.2553191489361702,0.7446808510638299,0.37254901960784315,0.4011997090909091,81.16063829787234,0.572,59,0.21568627450980393,0.3220338983050847,0.1568627450980392,0.1016949152542373,0.15254237288135594,0.144,2
668804,CU,Curveball,Breaking,245,0.36134453781512604,0.6386554621848739,0.42857142857142855,0.33311925,81.77826086956522,0.3673469387755102,65,0.25,0.328125,0.17857142857142855,0.09230769230769231,0.3076923076923077,0.17551020408163265,2
668804,ST,Sweeper,Breaking,181,0.3815789473684211,0.618421052631579,0.35,0.3411160816326531,87.11794871794872,0.4585635359116022,50,0.225,0.38,0.12499999999999997,0.12,0.38,0.16022099447513813,1
668804,FS,Splitter,Offspeed,90,0.2972972972972973,0.7027027027027026,0.4375,0.25226666666666664,81.88636363636364,0.32222222222222224,17,0.25,0.29411764705882354,0.1875,0.058823529411764705,0.23529411764705882,0.12222222222222222,0
668804,KC,Knuckle-Curve,Breaking,54,0.41379310344827586,0.5862068965517242,0.21428571428571427,0.21202533333333334,79.58125,0.4444444444444444,15,0.21428571428571427,0.26666666666666666,0.0,0.06666666666666667,0.3333333333333333,0.2222222222222222,0
668885,FF,4-Seam FB,Fastball,449,0.07389162561576355,0.9261083743842364,0.41509433962264153,0.3548569180327869,82.13502824858757,0.5434298440979956,126,0.29245283018867924,0.40476190476190477,0.12264150943396229,0.14285714285714285,0.10317460317460317,0.0334075723830735,2
668885,SI,Sinker,Fastball,305,0.13445378151260504,0.865546218487395,0.3181818181818182,0.3223834,82.65555555555557,0.5737704918032787,82,0.2878787878787879,0.4146341463414634,0.030303030303030276,0.17073170731707318,0.12195121951219512,0.05245901639344262,0
668885,SL,Slider,Breaking,186,0.33766233766233766,0.6623376623376623,0.16666666666666666,0.1917218181818182,79.54042553191489,0.44623655913978494,47,0.11904761904761904,0.19148936170212766,0.047619047619047616,0.06382978723404255,0.2765957446808511,0.13978494623655913,0
668885,CH,Changeup,Offspeed,145,0.36065573770491804,0.639344262295082,0.125,0.17345235294117647,70.94444444444444,0.38620689655172413,34,0.125,0.14705882352941177,0.0,0.029411764705882353,0.3235294117647059,0.15172413793103448,0
668885,FC,Cutter,Fastball,115,0.26,0.74,0.375,0.3727682758620689,81.134375,0.43478260869565216,32,0.2916666666666667,0.46875,0.08333333333333331,0.25,0.15625,0.11304347826086956,0
668885,ST,Sweeper,Breaking,101,0.3333333333333333,0.6666666666666667,0.5217391304347826,0.3370281600000001,79.26363636363637,0.43564356435643564,25,0.30434782608695654,0.36,0.21739130434782605,0.0,0.28,0.1188118811881188,1
668885,CU,Curveball,Breaking,92,0.38095238095238093,0.6190476190476191,0.3076923076923077,0.22226755555555552,70.42999999999999,0.41304347826086957,19,0.15384615384615385,0.3888888888888889,0.15384615384615385,0.10526315789473684,0.47368421052631576,0.08695652173913043,0
668901,FF,4-Seam FB,Fastball,303,0.27586206896551724,0.7241379310344828,0.463768115942029,0.3256746849315068,86.24464285714286,0.5544554455445545,76,0.2463768115942029,0.3026315789473684,0.21739130434782608,0.06578947368421052,0.23684210526315788,0.15841584158415842,5
668901,SI,Sinker,Fastball,185,0.13,0.87,0.34615384615384615,0.29903911111111114,81.87283950617285,0.5621621621621622,55,0.19230769230769232,0.23636363636363636,0.15384615384615383,0.03636363636363636,0.05454545454545454,0.07027027027027027,2
668901,SL,Slider,Breaking,169,0.4634146341463415,0.5365853658536586,0.425,0.35184,83.1046511627907,0.378698224852071,43,0.175,0.23255813953488372,0.25,0.06976744186046512,0.3953488372093023,0.22485207100591717,3
668901,CH,Changeup,Offspeed,154,0.3617021276595745,0.6382978723404256,0.48936170212765956,0.3031686956521739,82.62407407407409,0.42207792207792205,50,0.23404255319148937,0.26,0.2553191489361702,0.04,0.28,0.22077922077922077,3
668901,ST,Sweeper,Breaking,101,0.375,0.625,0.18518518518518517,0.20247999999999997,80.52352941176471,0.504950495049505,27,0.1111111111111111,0.1111111111111111,0.07407407407407407,0.0,0.25925925925925924,0.2079207920792079,0
668901,CU,Curveball,Breaking,82,0.3,0.7,0.3333333333333333,0.31757216666666666,87.21481481481482,0.4024390243902439,24,0.23809523809523808,0.2916666666666667,0.09523809523809523,0.041666666666666664,0.3333333333333333,0.14634146341463414,0
668901,FC,Cutter,Fastball,56,0.3,0.7,0.5,0.3466917647058823,83.25714285714287,0.5357142857142857,18,0.3125,0.3888888888888889,0.1875,0.1111111111111111,0.05555555555555555,0.16071428571428573,1
668901,FS,Splitter,Offspeed,39,0.4782608695652174,0.5217391304347826,0.18181818181818182,0.2642816666666667,81.21818181818182,0.23076923076923078,12,0.09090909090909091,0.16666666666666666,0.09090909090909091,0.08333333333333333,0.3333333333333333,0.28205128205128205,0
668904,FF,4-Seam FB,Fastball,606,0.25252525252525254,0.7474747474747474,0.3082706766917293,0.27562632352941174,84.6359813084112,0.5264026402640264,145,0.19548872180451127,0.2620689655172414,0.11278195488721804,0.08275862068965517,0.2413793103448276,0.12376237623762376,2
668904,SL,Slider,Breaking,327,0.36470588235294116,0.6352941176470588,0.35,0.2663572444444445,81.33366336633664,0.40061162079510704,93,0.1875,0.27956989247311825,0.16249999999999998,0.10752688172043011,0.3118279569892473,0.18960244648318042,3
668904,SI,Sinker,Fastball,313,0.21341463414634146,0.7865853658536586,0.5421686746987951,0.4343132413793103,87.01344537815126,0.5814696485623003,90,0.3132530120481928,0.35555555555555557,0.22891566265060237,0.05555555555555555,0.12222222222222222,0.11182108626198083,6
668904,CH,Changeup,Offspeed,221,0.415929203539823,0.584070796460177,0.24489795918367346,0.23582224,80.14067796610169,0.3393665158371041,52,0.14285714285714285,0.19230769230769232,0.10204081632653061,0.038461538461538464,0.34615384615384615,0.21266968325791855,1
668904,ST,Sweeper,Breaking,219,0.375,0.625,0.39285714285714285,0.282432,83.38615384615385,0.410958904109589,58,0.25,0.27586206896551724,0.14285714285714285,0.034482758620689655,0.27586206896551724,0.1917808219178082,1
668904,FC,Cutter,Fastball,184,0.38,0.62,0.4,0.370188,81.26666666666667,0.5271739130434783,41,0.2857142857142857,0.34146341463414637,0.11428571428571432,0.0975609756097561,0.14634146341463414,0.20652173913043478,0
668904,CU,Curveball,Breaking,102,0.4146341463414634,0.5853658536585367,0.36363636363636365,0.21542636363636367,85.58749999999999,0.3431372549019608,23,0.22727272727272727,0.2608695652173913,0.13636363636363638,0.043478260869565216,0.43478260869565216,0.16666666666666666,1
668904,FS,Splitter,Offspeed,59,0.3225806451612903,0.6774193548387097,0.2,0.32558625,83.295,0.4576271186440678,17,0.13333333333333333,0.17647058823529413,0.06666666666666668,0.058823529411764705,0.23529411764705882,0.1694915254237288,0
668904,KC,Knuckle-Curve,Breaking,34,0.6875,0.3125,0.3333333333333333,0.19119714285714284,79.575,0.3235294117647059,7,0.16666666666666666,0.2857142857142857,0.16666666666666666,0.14285714285714285,0.5714285714285714,0.3235294117647059,0
668930,FF,4-Seam FB,Fastball,972,0.2414486921529175,0.7585513078470825,0.4093567251461988,0.34146091428571423,84.35739130434783,0.551440329218107,213,0.25146198830409355,0.3886255924170616,0.15789473684210525,0.1784037558685446,0.29577464788732394,0.12345679012345678,6
668930,SI,Sinker,Fastball,470,0.13,0.87,0.5638297872340425,0.38718422018348625,84.41158536585365,0.5574468085106383,113,0.3191489361702128,0.41818181818181815,0.24468085106382975,0.1415929203539823,0.18584070796460178,0.05531914893617021,3
668930,SL,Slider,Breaking,367,0.30985915492957744,0.6901408450704225,0.38372093023255816,0.34545852631578955,83.55652173913043,0.4768392370572207,103,0.22093023255813954,0.3163265306122449,0.16279069767441862,0.11650485436893204,0.2621359223300971,0.11989100817438691,3
668930,CH,Changeup,Offspeed,324,0.23076923076923078,0.7692307692307692,0.36923076923076925,0.2748897142857143,76.56483516483516,0.35802469135802467,72,0.2,0.2676056338028169,0.16923076923076924,0.08333333333333333,0.2222222222222222,0.09259259259259259,2
668930,FC,Cutter,Fastball,194,0.1927710843373494,0.8072289156626506,0.7368421052631579,0.4267931707317073,83.3265625,0.4793814432989691,42,0.3684210526315789,0.42857142857142855,0.3684210526315789,0.09523809523809523,0.11904761904761904,0.08247422680412371,3
668930,ST,Sweeper,Breaking,189,0.2413793103448276,0.7586206896551724,0.5588235294117647,0.3254773684210526,83.24634146341464,0.4708994708994709,38,0.23529411764705882,0.2894736842105263,0.3235294117647059,0.07894736842105263,0.2894736842105263,0.07407407407407407,3
668930,CU,Curveball,Breaking,179,0.2222222222222222,0.7777777777777778,0.46153846153846156,0.3226285,85.84358974358973,0.4692737430167598,42,0.28205128205128205,0.3333333333333333,0.17948717948717952,0.07142857142857142,0.3333333333333333,0.0670391061452514,2
668930,FS,Splitter,Offspeed,149,0.3888888888888889,0.6111111111111112,0.27906976744186046,0.28238086956521735,79.24285714285713,0.3288590604026846,47,0.23255813953488372,0.2978723404255319,0.046511627906976744,0.0851063829787234,0.2978723404255319,0.18791946308724833,0
668930,KC,Knuckle-Curve,Breaking,41,0.06666666666666667,0.9333333333333333,0.5555555555555556,0.34199999999999997,92.30000000000001,0.4634146341463415,9,0.5555555555555556,0.5555555555555556,0.0,0.0,0.1111111111111111,0.024390243902439025,0
668939,FF,4-Seam FB,Fastball,555,0.11428571428571428,0.8857142857142857,0.5304347826086957,0.32401039370078744,85.14139534883722,0.5441441441441441,133,0.2956521739130435,0.3684210526315789,0.2347826086956522,0.11278195488721804,0.14285714285714285,0.05045045045045045,5
668939,CH,Changeup,Offspeed,270,0.20610687022900764,0.7938931297709924,0.2597402597402597,0.30078658227848104,80.15263157894736,0.3592592592592593,81,0.23376623376623376,0.25925925925925924,0.025974025974025955,0.037037037037037035,0.13580246913580246,0.1,0
668939,SI,Sinker,Fastball,267,0.13541666666666666,0.8645833333333334,0.3389830508474576,0.3613852307692308,85.3240506329114,0.5168539325842697,67,0.1864406779661017,0.2835820895522388,0.15254237288135591,0.11940298507462686,0.13432835820895522,0.04868913857677903,2
668939,SL,Slider,Breaking,170,0.23076923076923078,0.7692307692307692,0.48717948717948717,0.3394718,82.54255319148935,0.43529411764705883,44,0.2564102564102564,0.3409090909090909,0.23076923076923078,0.09090909090909091,0.18181818181818182,0.08823529411764706,1
668939,CU,Curveball,Breaking,143,0.17391304347826086,0.8260869565217391,0.28,0.25458230769230766,79.20526315789475,0.40559440559440557,28,0.16,0.25,0.12000000000000002,0.10714285714285714,0.21428571428571427,0.055944055944055944,1
668939,ST,Sweeper,Breaking,132,0.17391304347826086,0.8260869565217391,0.21739130434782608,0.2586408333333333,83.75263157894737,0.5227272727272727,24,0.17391304347826086,0.20833333333333334,0.043478260869565216,0.041666666666666664,0.25,0.06060606060606061,0
668939,FC,Cutter,Fastball,108,0.19148936170212766,0.8085106382978724,1.0526315789473684,0.49033999999999994,83.51764705882354,0.5,22,0.42105263157894735,0.5,0.631578947368421,0.13636363636363635,0.18181818181818182,0.08333333333333333,3
668939,FS,Splitter,Offspeed,60,0.17391304347826086,0.8260869565217391,0.3333333333333333,0.294183076923077,78.27222222222223,0.31666666666666665,13,0.16666666666666666,0.23076923076923078,0.16666666666666666,0.07692307692307693,0.15384615384615385,0.06666666666666667,0
668939,KC,Knuckle-Curve,Breaking,32,0.2222222222222222,0.7777777777777778,0.0,0.10983333333333334,85.98333333333333,0.3125,6,0.0,0.0,0.0,0.0,0.5,0.0625,0
668942,FF,4-Seam FB,Fastball,141,0.16216216216216217,0.8378378378378378,0.3076923076923077,0.26224749999999997,83.18196721311476,0.5531914893617021,46,0.23076923076923078,0.32608695652173914,0.07692307692307693,0.13043478260869565,0.13043478260869565,0.0851063829787234,0
668942,CH,Changeup,Offspeed,80,0.2857142857142857,0.7142857142857143,0.3,0.18957894736842104,74.821875,0.45,20,0.15,0.15,0.15,0.0,0.25,0.175,1
668942,SI,Sinker,Fastball,74,0.125,0.875,0.16666666666666666,0.14450000000000002,84.12424242424242,0.5945945945945946,25,0.16666666666666666,0.16666666666666666,0.0,0.0,0.08,0.06756756756756757,0
668942,CU,Curveball,Breaking,39,0.2,0.8,0.3333333333333333,0.10316666666666667,80.14000000000001,0.3333333333333333,6,0.3333333333333333,0.3333333333333333,0.0,0.0,0.16666666666666666,0.07692307692307693,0
668942,FC,Cutter,Fastball,30,0.23076923076923078,0.7692307692307692,1.0,0.1787142857142857,76.65,0.5333333333333333,8,0.42857142857142855,0.5,0.5714285714285714,0.125,0.25,0.1,1
668942,ST,Sweeper,Breaking,26,0.2,0.8,0.0,0.35767040000000005,74.5125,0.4230769230769231,7,0.0,0.16666666666666666,0.0,0.0,0.0,0.07692307692307693,0
668942,SL,Slider,Breaking,25,0.2727272727272727,0.7272727272727273,0.4,0.4235,74.475,0.36,5,0.4,0.4,0.0,0.0,0.2,0.12,0
668952,FF,4-Seam FB,Fastball,294,0.22875816993464052,0.7712418300653595,0.5657894736842105,0.3708753846153846,87.13571428571427,0.5714285714285714,83,0.25,0.3048780487804878,0.3157894736842105,0.07228915662650602,0.25301204819277107,0.11904761904761904,6
668952,SI,Sinker,Fastball,173,0.2222222222222222,0.7777777777777778,0.37254901960784315,0.2955864,83.759375,0.6184971098265896,57,0.27450980392156865,0.3508771929824561,0.0980392156862745,0.08771929824561403,0.10526315789473684,0.11560693641618497,1
668952,SL,Slider,Breaking,146,0.38271604938271603,0.617283950617284,0.18181818181818182,0.2810621176470588,78.79333333333332,0.4315068493150685,36,0.15151515151515152,0.2222222222222222,0.030303030303030304,0.05555555555555555,0.19444444444444445,0.21232876712328766,0
668952,ST,Sweeper,Breaking,141,0.3055555555555556,0.6944444444444444,0.26666666666666666,0.2443924137931035,78.63478260869564,0.4397163120567376,31,0.2,0.22580645161290322,0.06666666666666665,0.03225806451612903,0.2903225806451613,0.15602836879432624,0
668952,CH,Changeup,Offspeed,102,0.37254901960784315,0.6274509803921569,0.09090909090909091,0.23768521739130435,76.94,0.4019607843137255,24,0.09090909090909091,0.16666666666666666,0.0,0.08333333333333333,0.20833333333333334,0.18627450980392157,0
668952,FC,Cutter,Fastball,92,0.3829787234042553,0.6170212765957447,0.8461538461538461,0.367076,80.56,0.43478260869565216,17,0.38461538461538464,0.5,0.4615384615384615,0.17647058823529413,0.17647058823529413,0.1956521739130435,1
668952,CU,Curveball,Breaking,67,0.4,0.6,0.23809523809523808,0.2090765217391304,73.52857142857142,0.44776119402985076,23,0.19047619047619047,0.2608695652173913,0.047619047619047616,0.08695652173913043,0.30434782608695654,0.208955223880597,0
669003,FF,4-Seam FB,Fastball,749,0.3008849557522124,0.6991150442477876,0.3374233128834356,0.3403915111111111,85.0103139013453,0.5714285714285714,190,0.2085889570552147,0.31382978723404253,0.12883435582822086,0.12631578947368421,0.37894736842105264,0.13618157543391188,3
669003,SI,Sinker,Fastball,301,0.20869565217391303,0.7913043478260869,0.4126984126984127,0.40390533333333334,85.46499999999999,0.5415282392026578,80,0.36507936507936506,0.48717948717948717,0.047619047619047616,0.15,0.2,0.07973421926910298,0
669003,SL,Slider,Breaking,300,0.44525547445255476,0.5547445255474452,0.375,0.33536379220779217,85.5661971830986,0.49,82,0.19444444444444445,0.2804878048780488,0.18055555555555555,0.0975609756097561,0.34146341463414637,0.20333333333333334,2
669003,CH,Changeup,Offspeed,251,0.5533980582524272,0.44660194174757284,0.28,0.2712362264150943,82.82142857142857,0.36254980079681276,55,0.22,0.2777777777777778,0.060000000000000026,0.07272727272727272,0.32727272727272727,0.22709163346613545,0
669003,FC,Cutter,Fastball,177,0.41304347826086957,0.5869565217391304,0.7878787878787878,0.5041745454545454,85.354,0.5084745762711864,36,0.3939393939393939,0.42857142857142855,0.3939393939393939,0.05555555555555555,0.2777777777777778,0.21468926553672316,2
669003,ST,Sweeper,Breaking,133,0.4,0.6,0.78125,0.401448275862069,83.44545454545454,0.43609022556390975,33,0.4375,0.4375,0.34375,0.0,0.3333333333333333,0.16541353383458646,2
669003,CU,Curveball,Breaking,123,0.3148148148148148,0.6851851851851851,0.35714285714285715,0.29835912500000006,85.25833333333334,0.3821138211382114,32,0.21428571428571427,0.3125,0.14285714285714288,0.09375,0.34375,0.13821138211382114,1
669003,FS,Splitter,Offspeed,114,0.4909090909090909,0.509090909090909,0.05,0.19803619047619048,81.13333333333333,0.2719298245614035,22,0.05,0.13636363636363635,0.0,0.09090909090909091,0.3181818181818182,0.23684210526315788,0
669003,KC,Knuckle-Curve,Breaking,31,0.25,0.75,0.8,0.5017618181818182,89.48181818181818,0.45161290322580644,11,0.4,0.45454545454545453,0.4,0.09090909090909091,0.18181818181818182,0.12903225806451613,1
669004,FF,4-Seam FB,Fastball,245,0.35658914728682173,0.6434108527131783,0.4166666666666667,0.24267878571428572,84.81866666666666,0.4775510204081633,58,0.1875,0.30357142857142855,0.22916666666666669,0.1206896551724138,0.3448275862068966,0.18775510204081633,3
669004,SL,Slider,Breaking,77,0.325,0.675,0.38461538461538464,0.29138023529411766,82.87916666666666,0.5064935064935064,17,0.23076923076923078,0.4117647058823529,0.15384615384615385,0.11764705882352941,0.29411764705882354,0.16883116883116883,0
669004,CH,Changeup,Offspeed,62,0.3548387096774194,0.6451612903225806,0.25,0.39834,80.27058823529413,0.2903225806451613,14,0.25,0.35714285714285715,0.0,0.14285714285714285,0.2857142857142857,0.1774193548387097,0
669004,CU,Curveball,Breaking,58,0.4666666666666667,0.5333333333333333,0.0,0.04970000000000001,84.5,0.3448275862068966,10,0.0,0.0,0.0,0.0,0.6,0.1206896551724138,0
669004,SI,Sinker,Fastball,51,0.35,0.65,0.3076923076923077,0.4153195,95.55000000000001,0.5882352941176471,16,0.23076923076923078,0.375,0.07692307692307693,0.125,0.375,0.13725490196078433,0
669004,ST,Sweeper,Breaking,42,0.16666666666666666,0.8333333333333334,0.6,0.2961254545454546,84.57142857142857,0.5,11,0.2,0.2727272727272727,0.39999999999999997,0.09090909090909091,0.36363636363636365,0.07142857142857142,1
669004,FC,Cutter,Fastball,32,0.2727272727272727,0.7272727272727273,0.0,0.3661266666666667,83.3,0.375,3,0.0,0.3333333333333333,0.0,0.3333333333333333,0.0,0.09375,0
669016,FF,4-Seam FB,Fastball,727,0.17571059431524547,0.8242894056847545,0.4539877300613497,0.34482942528735633,82.73377049180327,0.547455295735901,178,0.3312883435582822,0.38202247191011235,0.1226993865030675,0.07865168539325842,0.19101123595505617,0.09353507565337002,5
669016,SI,Sinker,Fastball,258,0.1037037037037037,0.8962962962962963,0.4875,0.4008586352941177,84.78547008547008,0.5968992248062015,89,0.2875,0.3522727272727273,0.2,0.06741573033707865,0.0898876404494382,0.05426356589147287,4
669016,SL,Slider,Breaking,253,0.3188405797101449,0.6811594202898551,0.4383561643835616,0.30087513513513514,83.10117647058824,0.43478260869565216,75,0.2191780821917808,0.24,0.2191780821917808,0.02666666666666667,0.30666666666666664,0.17391304347826086,3
669016,CH,Changeup,Offspeed,235,0.38016528925619836,0.6198347107438016,0.25396825396825395,0.2396856666666667,77.54637681159421,0.3446808510638298,66,0.15873015873015872,0.19696969696969696,0.09523809523809523,0.045454545454545456,0.3181818181818182,0.19574468085106383,2
669016,ST,Sweeper,Breaking,208,0.4368932038834951,0.5631067961165048,0.24,0.17728196078431374,79.04814814814816,0.44711538461538464,52,0.16,0.17307692307692307,0.07999999999999999,0.019230769230769232,0.5,0.21634615384615385,1
669016,CU,Curveball,Breaking,176,0.24358974358974358,0.7564102564102564,0.7272727272727273,0.3263074285714286,79.46727272727274,0.42045454545454547,37,0.36363636363636365,0.40540540540540543,0.36363636363636365,0.08108108108108109,0.2972972972972973,0.10795454545454546,3
669016,FC,Cutter,Fastball,170,0.2553191489361702,0.7446808510638299,0.38235294117647056,0.24480529411764707,79.40793650793651,0.49411764705882355,36,0.29411764705882354,0.3142857142857143,0.08823529411764702,0.027777777777777776,0.25,0.1411764705882353,0
669016,FS,Splitter,Offspeed,96,0.2653061224489796,0.7346938775510203,0.25806451612903225,0.20561290322580644,81.81470588235294,0.3645833333333333,32,0.1935483870967742,0.1875,0.06451612903225806,0.0,0.1875,0.13541666666666666,0
669016,KC,Knuckle-Curve,Breaking,34,0.47058823529411764,0.5294117647058824,0.1111111111111111,0.12744444444444444,73.87777777777778,0.3235294117647059,9,0.1111111111111111,0.1111111111111111,0.0,0.0,0.6666666666666666,0.23529411764705882,0
669065,FF,4-Seam FB,Fastball,667,0.3028571428571429,0.6971428571428571,0.33974358974358976,0.3028664137931035,85.11528384279477,0.5247376311844077,174,0.21794871794871795,0.2988505747126437,0.1217948717948718,0.08620689655172414,0.3045977011494253,0.15892053973013492,4
669065,CH,Changeup,Offspeed,272,0.4444444444444444,0.5555555555555556,0.45454545454545453,0.29106088235294125,86.31923076923077,0.33455882352941174,69,0.24242424242424243,0.2753623188405797,0.2121212121212121,0.043478260869565216,0.391304347826087,0.25,2
669065,SI,Sinker,Fastball,234,0.21818181818181817,0.7818181818181819,0.47058823529411764,0.3749267540983606,83.04459459459459,0.47435897435897434,63,0.23529411764705882,0.38095238095238093,0.23529411764705882,0.1746031746031746,0.1746031746031746,0.10256410256410256,2
669065,SL,Slider,Breaking,208,0.4260869565217391,0.5739130434782609,0.5849056603773585,0.3686492459016394,83.25322580645161,0.4807692307692308,61,0.22641509433962265,0.3114754098360656,0.3584905660377358,0.08196721311475409,0.39344262295081966,0.23557692307692307,5
669065,FC,Cutter,Fastball,155,0.30120481927710846,0.6987951807228916,0.4666666666666667,0.3300072,85.84,0.43870967741935485,36,0.3,0.4166666666666667,0.16666666666666669,0.1388888888888889,0.1388888888888889,0.16129032258064516,1
669065,ST,Sweeper,Breaking,135,0.3888888888888889,0.6111111111111112,0.4,0.31905248484848486,81.08461538461539,0.43703703703703706,33,0.2,0.24242424242424243,0.2,0.030303030303030304,0.3939393939393939,0.2074074074074074,1
669065,CU,Curveball,Breaking,112,0.2916666666666667,0.7083333333333333,0.7307692307692307,0.42702812903225806,87.32499999999999,0.3482142857142857,31,0.3076923076923077,0.41935483870967744,0.423076923076923,0.12903225806451613,0.2903225806451613,0.125,3
669065,FS,Splitter,Offspeed,102,0.576271186440678,0.423728813559322,0.5,0.2850823076923077,88.18181818181819,0.3235294117647059,27,0.25,0.3333333333333333,0.25,0.1111111111111111,0.48148148148148145,0.3333333333333333,1
669065,KC,Knuckle-Curve,Breaking,41,0.4444444444444444,0.5555555555555556,0.8181818181818182,0.37302933333333327,84.97857142857141,0.3902439024390244,13,0.2727272727272727,0.3333333333333333,0.5454545454545455,0.0,0.38461538461538464,0.2926829268292683,2
669087,FF,4-Seam FB,Fastball,52,0.35714285714285715,0.6428571428571428,0.25,0.11141666666666668,84.33333333333333,0.5192307692307693,13,0.16666666666666666,0.23076923076923078,0.08333333333333334,0.07692307692307693,0.46153846153846156,0.19230769230769232,0
669127,FF,4-Seam FB,Fastball,475,0.2918454935622318,0.7081545064377682,0.5142857142857142,0.3618929917355372,86.59746835443038,0.4863157894736842,122,0.21904761904761905,0.319672131147541,0.2952380952380952,0.12295081967213115,0.3360655737704918,0.1431578947368421,9
669127,SL,Slider,Breaking,313,0.34210526315789475,0.6578947368421053,0.4305555555555556,0.3359051794871796,83.89791666666666,0.3769968051118211,80,0.2916666666666667,0.3625,0.1388888888888889,0.075,0.225,0.16613418530351437,2
669127,SI,Sinker,Fastball,297,0.12666666666666668,0.8733333333333333,0.5375,0.3919122857142857,86.07666666666667,0.5824915824915825,87,0.325,0.3793103448275862,0.21249999999999997,0.06896551724137931,0.12643678160919541,0.06397306397306397,4
669127,ST,Sweeper,Breaking,210,0.3211009174311927,0.6788990825688073,0.375,0.3197777959183673,81.04285714285714,0.3523809523809524,52,0.16666666666666666,0.23076923076923078,0.20833333333333334,0.057692307692307696,0.21153846153846154,0.16666666666666666,3
669127,CH,Changeup,Offspeed,184,0.28846153846153844,0.7115384615384616,0.2553191489361702,0.22989130434782606,79.99850746268656,0.3532608695652174,48,0.23404255319148937,0.23404255319148937,0.021276595744680826,0.0,0.14583333333333334,0.16304347826086957,0
669127,FC,Cutter,Fastball,170,0.3626373626373626,0.6373626373626373,0.4864864864864865,0.38740349999999996,84.74814814814815,0.5,40,0.2702702702702703,0.325,0.21621621621621623,0.075,0.2,0.19411764705882353,2
669127,CU,Curveball,Breaking,75,0.2903225806451613,0.7096774193548387,0.4117647058823529,0.39814000000000005,92.0,0.5066666666666667,19,0.29411764705882354,0.3684210526315789,0.11764705882352938,0.10526315789473684,0.2631578947368421,0.12,0
669127,FS,Splitter,Offspeed,41,0.3333333333333333,0.6666666666666667,0.8181818181818182,0.3181818181818182,80.33125,0.4146341463414634,11,0.2727272727272727,0.2727272727272727,0.5454545454545455,0.0,0.2727272727272727,0.1951219512195122,2
669127,KC,Knuckle-Curve,Breaking,29,0.5,0.5,1.0,0.520938,90.39999999999999,0.27586206896551724,10,0.4444444444444444,0.5,0.5555555555555556,0.1,0.4,0.20689655172413793,1
669134,FF,4-Seam FB,Fastball,256,0.21428571428571427,0.7857142857142857,0.4264705882352941,0.3317774285714286,87.66213592233011,0.484375,79,0.27941176470588236,0.379746835443038,0.14705882352941174,0.13924050632911392,0.189873417721519,0.1171875,2
669134,SI,Sinker,Fastball,192,0.16279069767441862,0.8372093023255813,0.5116279069767442,0.42066595918367344,82.66666666666667,0.5625,51,0.3023255813953488,0.4117647058823529,0.2093023255813954,0.13725490196078433,0.09803921568627451,0.07291666666666667,2
669134,SL,Slider,Breaking,176,0.36486486486486486,0.6351351351351351,0.5172413793103449,0.3241250588235294,81.6767441860465,0.4772727272727273,35,0.2413793103448276,0.37142857142857144,0.27586206896551724,0.14285714285714285,0.22857142857142856,0.1534090909090909,2
669134,ST,Sweeper,Breaking,113,0.3584905660377358,0.6415094339622642,0.16,0.14665408,75.090625,0.36283185840707965,26,0.12,0.15384615384615385,0.04000000000000001,0.0,0.38461538461538464,0.168141592920354,0
669134,CH,Changeup,Offspeed,106,0.26,0.74,0.4375,0.3227644444444444,76.87741935483871,0.39622641509433965,18,0.375,0.4444444444444444,0.0625,0.1111111111111111,0.2777777777777778,0.12264150943396226,0
669134,FC,Cutter,Fastball,83,0.2631578947368421,0.736842105263158,0.4375,0.3640428571428571,77.69642857142857,0.4939759036144578,21,0.1875,0.38095238095238093,0.25,0.23809523809523808,0.19047619047619047,0.12048192771084337,1
669134,CU,Curveball,Breaking,78,0.3548387096774194,0.6451612903225806,0.3125,0.21159777777777777,79.84285714285714,0.3974358974358974,18,0.25,0.3333333333333333,0.0625,0.1111111111111111,0.3888888888888889,0.14102564102564102,0
669208,FF,4-Seam FB,Fastball,36,0.4,0.6,0.2,0.282595,73.81111111111112,0.4444444444444444,6,0.2,0.3333333333333333,0.0,0.16666666666666666,0.3333333333333333,0.2222222222222222,0
669221,FF,4-Seam FB,Fastball,145,0.16901408450704225,0.8309859154929577,0.23076923076923078,0.29012238095238096,83.6896551724138,0.6482758620689655,42,0.1282051282051282,0.19047619047619047,0.10256410256410259,0.07142857142857142,0.2619047619047619,0.08275862068965517,1
669221,SI,Sinker,Fastball,83,0.18604651162790697,0.813953488372093,0.125,0.32309047619047615,76.62424242424241,0.5060240963855421,21,0.125,0.3333333333333333,0.0,0.23809523809523808,0.09523809523809523,0.0963855421686747,0
669221,SL,Slider,Breaking,60,0.5185185185185185,0.4814814814814815,0.6666666666666666,0.15225,78.80833333333334,0.35,12,0.3333333333333333,0.3333333333333333,0.3333333333333333,0.0,0.5,0.23333333333333334,1
669221,FC,Cutter,Fastball,39,0.18181818181818182,0.8181818181818181,0.8,0.3462,84.38666666666667,0.48717948717948717,10,0.4,0.4,0.4,0.0,0.1,0.10256410256410256,1
669221,ST,Sweeper,Breaking,35,0.5333333333333333,0.4666666666666667,0.14285714285714285,0.2095475,76.03333333333335,0.2571428571428571,8,0.14285714285714285,0.25,0.0,0.125,0.5,0.22857142857142856,0
669221,CH,Changeup,Offspeed,34,0.6666666666666666,0.33333333333333337,0.0,0.22675111111111113,83.3,0.23529411764705882,9,0.0,0.2222222222222222,0.0,0.2222222222222222,0.5555555555555556,0.29411764705882354,0
669224,FF,4-Seam FB,Fastball,478,0.20434782608695654,0.7956521739130434,0.39,0.32405147967479675,85.69942857142857,0.5376569037656904,123,0.21,0.34959349593495936,0.18000000000000002,0.17073170731707318,0.21951219512195122,0.09832635983263599,5
669224,SL,Slider,Breaking,227,0.3888888888888889,0.6111111111111112,0.14,0.1925321568627451,84.80163934426228,0.44052863436123346,54,0.08,0.1320754716981132,0.06000000000000001,0.05555555555555555,0.4074074074074074,0.18502202643171806,1
669224,CH,Changeup,Offspeed,201,0.3854166666666667,0.6145833333333333,0.20930232558139536,0.2678726086956522,78.30000000000001,0.4129353233830846,47,0.18604651162790697,0.2391304347826087,0.023255813953488386,0.06382978723404255,0.2553191489361702,0.18407960199004975,0
669224,SI,Sinker,Fastball,200,0.16326530612244897,0.8367346938775511,0.4262295081967213,0.3519083076923077,83.17162162162163,0.595,70,0.22950819672131148,0.3188405797101449,0.1967213114754098,0.11428571428571428,0.2,0.08,3
669224,FC,Cutter,Fastball,131,0.2,0.8,0.7916666666666666,0.5462534666666667,84.04901960784314,0.5343511450381679,31,0.375,0.5161290322580645,0.41666666666666663,0.16129032258064516,0.0967741935483871,0.09923664122137404,3
669224,CU,Curveball,Breaking,126,0.2926829268292683,0.7073170731707317,0.3125,0.22598666666666667,70.34814814814816,0.30952380952380953,19,0.125,0.2631578947368421,0.1875,0.15789473684210525,0.3684210526315789,0.09523809523809523,1
669224,ST,Sweeper,Breaking,118,0.39215686274509803,0.607843137254902,0.25,0.15558333333333332,79.97857142857144,0.4406779661016949,25,0.125,0.12,0.125,0.0,0.52,0.1694915254237288,1
669224,FS,Splitter,Offspeed,88,0.4418604651162791,0.5581395348837209,0.0,0.21417599999999998,80.04545454545455,0.29545454545454547,22,0.0,0.19047619047619047,0.0,0.18181818181818182,0.3181818181818182,0.2159090909090909,0
669224,KC,Knuckle-Curve,Breaking,32,0.2727272727272727,0.7272727272727273,0.0,0.04025,87.42857142857143,0.34375,4,0.0,0.0,0.0,0.0,0.25,0.09375,0
669236,FF,4-Seam FB,Fastball,311,0.2111111111111111,0.7888888888888889,0.4696969696969697,0.3401217647058823,85.51567164179104,0.5787781350482315,73,0.21212121212121213,0.2777777777777778,0.25757575757575757,0.0821917808219178,0.2191780821917808,0.12218649517684887,5
669236,SL,Slider,Breaking,208,0.38095238095238093,0.6190476190476191,0.4166666666666667,0.28858271186440676,83.5418918918919,0.4519230769230769,65,0.2,0.203125,0.21666666666666667,0.015384615384615385,0.27692307692307694,0.23076923076923078,4
669236,SI,Sinker,Fastball,159,0.07526881720430108,0.9247311827956989,0.48,0.266924,83.10125,0.5723270440251572,51,0.3,0.3137254901960784,0.18,0.0,0.058823529411764705,0.0440251572327044,2
669236,CH,Changeup,Offspeed,113,0.4426229508196721,0.5573770491803278,0.21875,0.24101151515151517,84.25161290322582,0.336283185840708,33,0.21875,0.24242424242424243,0.0,0.030303030303030304,0.30303030303030304,0.23893805309734514,0
669236,ST,Sweeper,Breaking,107,0.24561403508771928,0.7543859649122807,0.4230769230769231,0.3014945185185185,80.34722222222223,0.4953271028037383,27,0.2692307692307692,0.2962962962962963,0.15384615384615385,0.0,0.1111111111111111,0.1308411214953271,1
669236,FC,Cutter,Fastball,101,0.2962962962962963,0.7037037037037037,0.48,0.3412952,84.5027027027027,0.504950495049505,26,0.36,0.38461538461538464,0.12,0.038461538461538464,0.3076923076923077,0.15841584158415842,0
669236,CU,Curveball,Breaking,75,0.45714285714285713,0.5428571428571429,0.045454545454545456,0.10872727272727273,79.27777777777777,0.48,22,0.045454545454545456,0.045454545454545456,0.0,0.0,0.4090909090909091,0.21333333333333335,0
669236,FS,Splitter,Offspeed,26,0.23076923076923078,0.7692307692307692,0.4,0.2994,91.85999999999999,0.2692307692307692,5,0.2,0.2,0.2,0.0,0.2,0.11538461538461539,0
669242,FF,4-Seam FB,Fastball,425,0.21212121212121213,0.7878787878787878,0.2857142857142857,0.25585980799999997,81.53750000000001,0.5105882352941177,126,0.1875,0.264,0.0982142857142857,0.07142857142857142,0.24603174603174602,0.0988235294117647,1
669242,CH,Changeup,Offspeed,168,0.2289156626506024,0.7710843373493976,0.32608695652173914,0.28262510638297866,83.68518518518519,0.35714285714285715,47,0.30434782608695654,0.3191489361702128,0.021739130434782594,0.02127659574468085,0.14893617021276595,0.1130952380952381,0
669242,SL,Slider,Breaking,147,0.33766233766233766,0.6623376623376623,0.41379310344827586,0.3723184444444445,80.86734693877551,0.4489795918367347,38,0.20689655172413793,0.3611111111111111,0.20689655172413793,0.0,0.23684210526315788,0.17687074829931973,2
669242,SI,Sinker,Fastball,115,0.043478260869565216,0.9565217391304348,0.5185185185185185,0.4127356470588235,89.865,0.5565217391304348,35,0.37037037037037035,0.5142857142857142,0.14814814814814814,0.2,0.08571428571428572,0.017391304347826087,1
669242,FC,Cutter,Fastball,110,0.09803921568627451,0.9019607843137255,0.7307692307692307,0.41188306666666663,82.63409090909092,0.5272727272727272,30,0.3076923076923077,0.4,0.423076923076923,0.1,0.06666666666666667,0.045454545454545456,3
669242,CU,Curveball,Breaking,109,0.4358974358974359,0.5641025641025641,0.10526315789473684,0.17198723809523808,78.7,0.3669724770642202,21,0.10526315789473684,0.19047619047619047,0.0,0.047619047619047616,0.38095238095238093,0.1559633027522936,0
669242,ST,Sweeper,Breaking,64,0.1875,0.8125,0.25,0.2398442352941176,76.9076923076923,0.4375,17,0.25,0.29411764705882354,0.0,0.0,0.11764705882352941,0.09375,0
669242,FS,Splitter,Offspeed,46,0.3076923076923077,0.6923076923076923,1.0,0.413909090909091,87.8,0.4782608695652174,11,0.45454545454545453,0.45454545454545453,0.5454545454545454,0.0,0.2727272727272727,0.17391304347826086,1
669257,FF,4-Seam FB,Fastball,386,0.175,0.825,0.421875,0.44982439024390247,85.91219512195123,0.5233160621761658,84,0.234375,0.4166666666666667,0.1875,0.23809523809523808,0.20238095238095238,0.07253886010362694,3
669257,SI,Sinker,Fastball,212,0.09183673469387756,0.9081632653061225,0.52,0.4744424137931034,86.6,0.6132075471698113,60,0.34,0.4,0.18,0.11666666666666667,0.13333333333333333,0.04245283018867924,2
669257,SL,Slider,Breaking,182,0.1951219512195122,0.8048780487804879,0.29545454545454547,0.28120306976744186,80.41935483870968,0.5,46,0.20454545454545456,0.2391304347826087,0.09090909090909091,0.021739130434782608,0.17391304347826086,0.08791208791208792,1
669257,ST,Sweeper,Breaking,130,0.2549019607843137,0.7450980392156863,0.3793103448275862,0.24358620689655172,79.03783783783783,0.36923076923076925,30,0.3103448275862069,0.3,0.06896551724137928,0.0,0.16666666666666666,0.1,0
669257,CH,Changeup,Offspeed,117,0.1111111111111111,0.8888888888888888,0.6956521739130435,0.4145904,81.29230769230769,0.36752136752136755,25,0.30434782608695654,0.36,0.3913043478260869,0.08,0.16,0.042735042735042736,3
669257,CU,Curveball,Breaking,83,0.30434782608695654,0.6956521739130435,0.18181818181818182,0.24060657142857142,77.46666666666667,0.43373493975903615,15,0.09090909090909091,0.3333333333333333,0.09090909090909091,0.2,0.3333333333333333,0.08433734939759036,0
669257,FC,Cutter,Fastball,78,0.19444444444444445,0.8055555555555556,0.14285714285714285,0.4371830769230769,83.47037037037036,0.5897435897435898,15,0.14285714285714285,0.2,0.0,0.06666666666666667,0.06666666666666667,0.08974358974358974,0
669257,FS,Splitter,Offspeed,25,0.3076923076923077,0.6923076923076923,0.14285714285714285,0.16428571428571428,79.9625,0.24,7,0.14285714285714285,0.14285714285714285,0.0,0.0,0.2857142857142857,0.16,0
669288,FF,4-Seam FB,Fastball,31,0.23076923076923078,0.7692307692307692,0.125,0.3000475,79.58888888888889,0.41935483870967744,9,0.125,0.2222222222222222,0.0,0.1111111111111111,0.2222222222222222,0.0967741935483871,0
669289,FF,4-Seam FB,Fastball,93,0.1836734693877551,0.8163265306122449,0.391304347826087,0.24464705882352944,84.76216216216217,0.5698924731182796,25,0.21739130434782608,0.20833333333333334,0.1739130434782609,0.0,0.16,0.0967741935483871,1
669289,SI,Sinker,Fastball,43,0.15789473684210525,0.8421052631578947,0.4,0.540625,84.68571428571428,0.4883720930232558,10,0.3,0.3,0.10000000000000003,0.0,0.0,0.06976744186046512,0
669289,SL,Slider,Breaking,40,0.08333333333333333,0.9166666666666666,0.6153846153846154,0.365,78.58500000000001,0.575,13,0.46153846153846156,0.46153846153846156,0.15384615384615385,0.0,0.07692307692307693,0.05,0
669289,CH,Changeup,Offspeed,28,0.08333333333333333,0.9166666666666666,0.0,0.10266666666666668,74.72727272727273,0.39285714285714285,6,0.0,0.0,0.0,0.0,0.0,0.03571428571428571,0
669289,FC,Cutter,Fastball,25,0.3,0.7,0.14285714285714285,0.29984500000000003,82.14999999999999,0.48,10,0.14285714285714285,0.3333333333333333,0.0,0.2,0.3,0.12,0
669326,FF,4-Seam FB,Fastball,110,0.4426229508196721,0.5573770491803278,0.041666666666666664,0.13650636363636365,67.37333333333335,0.5363636363636364,27,0.041666666666666664,0.14814814814814814,0.0,0.1111111111111111,0.4444444444444444,0.24545454545454545,0
669326,SI,Sinker,Fastball,52,0.18518518518518517,0.8148148148148149,0.5,0.36882533333333334,79.775,0.5576923076923077,18,0.375,0.4444444444444444,0.125,0.1111111111111111,0.05555555555555555,0.09615384615384616,0
669326,SL,Slider,Breaking,39,0.45,0.55,0.2857142857142857,0.26275000000000004,74.55555555555556,0.4358974358974359,8,0.2857142857142857,0.2857142857142857,0.0,0.0,0.25,0.23076923076923078,0
669326,CH,Changeup,Offspeed,33,0.42105263157894735,0.5789473684210527,0.25,0.19711111111111113,82.84444444444443,0.3333333333333333,12,0.25,0.25,0.0,0.0,0.4166666666666667,0.24242424242424243,0
669326,ST,Sweeper,Breaking,29,0.5,0.5,0.1111111111111111,0.11685714285714287,76.17999999999999,0.4482758620689655,9,0.1111111111111111,0.1111111111111111,0.0,0.0,0.4444444444444444,0.2413793103448276,0
669326,CU,Curveball,Breaking,25,0.5,0.5,0.0,0.13233999999999999,68.96000000000001,0.32,8,0.0,0.14285714285714285,0.0,0.125,0.5,0.24,0
669357,FF,4-Seam FB,Fastball,468,0.3443396226415094,0.6556603773584906,0.4444444444444444,0.35231729166666664,86.34883720930233,0.5149572649572649,100,0.2345679012345679,0.37,0.20987654320987653,0.18,0.28,0.15598290598290598,5
669357,CH,Changeup,Offspeed,220,0.48360655737704916,0.5163934426229508,0.1694915254237288,0.19568476190476192,80.7344827586207,0.37272727272727274,64,0.1016949152542373,0.14285714285714285,0.06779661016949151,0.046875,0.359375,0.2681818181818182,1
669357,SI,Sinker,Fastball,128,0.25862068965517243,0.7413793103448276,0.4642857142857143,0.3448754838709678,83.8525,0.53125,32,0.21428571428571427,0.28125,0.25,0.09375,0.1875,0.1171875,2
669357,SL,Slider,Breaking,121,0.3380281690140845,0.6619718309859155,0.28,0.3252984615384615,83.64,0.4049586776859504,27,0.24,0.2962962962962963,0.040000000000000036,0.07407407407407407,0.25925925925925924,0.19834710743801653,0
669357,FC,Cutter,Fastball,104,0.30612244897959184,0.6938775510204082,0.4782608695652174,0.34056521739130435,87.18484848484849,0.5673076923076923,24,0.34782608695652173,0.375,0.13043478260869568,0.041666666666666664,0.2916666666666667,0.14423076923076922,1
669357,CU,Curveball,Breaking,79,0.4,0.6,0.1111111111111111,0.182026,78.7764705882353,0.4050632911392405,23,0.1111111111111111,0.30434782608695654,0.0,0.21739130434782608,0.391304347826087,0.1518987341772152,0
669357,ST,Sweeper,Breaking,78,0.4473684210526316,0.5526315789473684,0.2,0.18736000000000003,77.52222222222221,0.46153846153846156,17,0.13333333333333333,0.23529411764705882,0.06666666666666668,0.11764705882352941,0.4117647058823529,0.21794871794871795,0
669357,FS,Splitter,Offspeed,58,0.48484848484848486,0.5151515151515151,0.0,0.1442142857142857,84.03846153846153,0.4827586206896552,15,0.0,0.0,0.0,0.0,0.5333333333333333,0.27586206896551724,0
669364,FF,4-Seam FB,Fastball,701,0.13043478260869565,0.8695652173913043,0.5436241610738255,0.373336511627907,83.10449438202247,0.5520684736091298,179,0.348993288590604,0.43575418994413406,0.19463087248322147,0.1452513966480447,0.1005586592178771,0.05991440798858773,3
669364,CH,Changeup,Offspeed,367,0.3270440251572327,0.6729559748427674,0.2625,0.26361840909090906,75.69166666666666,0.329700272479564,91,0.2625,0.3333333333333333,0.0,0.0989010989010989,0.17582417582417584,0.14168937329700274,0
669364,SI,Sinker,Fastball,357,0.06134969325153374,0.9386503067484663,0.38613861386138615,0.3293264285714286,81.48085106382979,0.5518207282913166,115,0.31683168316831684,0.3893805309734513,0.06930693069306931,0.10434782608695652,0.08695652173913043,0.028011204481792718,1
669364,SL,Slider,Breaking,294,0.2366412213740458,0.7633587786259541,0.296875,0.2736742028985507,78.56666666666666,0.4489795918367347,69,0.234375,0.2753623188405797,0.0625,0.057971014492753624,0.21739130434782608,0.1054421768707483,1
669364,FC,Cutter,Fastball,186,0.1111111111111111,0.8888888888888888,0.28888888888888886,0.26640844444444445,85.61166666666666,0.5591397849462365,46,0.2,0.21739130434782608,0.08888888888888885,0.021739130434782608,0.08695652173913043,0.04838709677419355,1
669364,CU,Curveball,Breaking,166,0.2647058823529412,0.7352941176470589,0.18181818181818182,0.2867708108108108,75.41555555555556,0.3373493975903614,37,0.18181818181818182,0.2702702702702703,0.0,0.10810810810810811,0.21621621621621623,0.10843373493975904,0
669364,ST,Sweeper,Breaking,145,0.22413793103448276,0.7758620689655172,0.3448275862068966,0.27624742857142853,79.84736842105262,0.4689655172413793,36,0.20689655172413793,0.3611111111111111,0.13793103448275865,0.19444444444444445,0.3055555555555556,0.0896551724137931,0
669364,FS,Splitter,Offspeed,84,0.09090909090909091,0.9090909090909091,0.35,0.23878000000000005,74.50344827586207,0.3333333333333333,21,0.3,0.3333333333333333,0.04999999999999999,0.047619047619047616,0.0,0.03571428571428571,0
669364,KC,Knuckle-Curve,Breaking,42,0.25,0.75,0.0,0.17074999999999999,82.6,0.40476190476190477,5,0.0,0.0,0.0,0.0,0.2,0.07142857142857142,0
669369,FF,4-Seam FB,Fastball,88,0.3076923076923077,0.6923076923076923,0.3333333333333333,0.1859021052631579,73.45,0.5340909090909091,23,0.2222222222222222,0.36363636363636365,0.1111111111111111,0.17391304347826086,0.34782608695652173,0.13636363636363635,0
669369,CH,Changeup,Offspeed,31,0.26666666666666666,0.7333333333333334,0.16666666666666666,0.16699999999999998,74.21111111111111,0.3548387096774194,6,0.16666666666666666,0.16666666666666666,0.0,0.0,0.16666666666666666,0.12903225806451613,0
669369,SL,Slider,Breaking,31,0.3888888888888889,0.6111111111111112,0.8333333333333334,0.236,84.7,0.45161290322580644,8,0.5,0.5,0.33333333333333337,0.125,0.125,0.22580645161290322,0
669369,SI,Sinker,Fastball,28,0.4,0.6,0.0,0.1595,79.03333333333333,0.5357142857142857,5,0.0,0.2,0.0,0.2,0.2,0.14285714285714285,0
669384,FF,4-Seam FB,Fastball,59,0.18518518518518517,0.8148148148148149,0.5333333333333333,0.26784,84.05238095238094,0.5932203389830508,17,0.4,0.47058823529411764,0.1333333333333333,0.11764705882352941,0.058823529411764705,0.0847457627118644,0
669384,SI,Sinker,Fastball,26,0.0,1.0,0.0,0.2497975,81.75714285714287,0.7692307692307693,9,0.0,0.1111111111111111,0.0,0.1111111111111111,0.1111111111111111,0.0,0
669392,FF,4-Seam FB,Fastball,204,0.14736842105263157,0.8526315789473684,0.5238095238095238,0.3533684,77.31818181818181,0.47058823529411764,53,0.38095238095238093,0.49019607843137253,0.1428571428571429,0.16981132075471697,0.20754716981132076,0.06862745098039216,1
669392,SI,Sinker,Fastball,158,0.19047619047619047,0.8095238095238095,0.3888888888888889,0.3429916363636364,77.16222222222223,0.5822784810126582,44,0.3611111111111111,0.45454545454545453,0.02777777777777779,0.13636363636363635,0.13636363636363635,0.0759493670886076,0
669392,SL,Slider,Breaking,99,0.35135135135135137,0.6486486486486487,0.42857142857142855,0.2726081818181818,78.92727272727274,0.43434343434343436,22,0.3333333333333333,0.36363636363636365,0.09523809523809523,0.045454545454545456,0.4090909090909091,0.13131313131313133,0
669392,CH,Changeup,Offspeed,51,0.34375,0.65625,0.5454545454545454,0.36709090909090913,73.99285714285713,0.45098039215686275,11,0.36363636363636365,0.36363636363636365,0.18181818181818177,0.0,0.18181818181818182,0.21568627450980393,0
669392,FC,Cutter,Fastball,44,0.1875,0.8125,0.4,0.48873000000000005,70.63000000000001,0.38636363636363635,7,0.4,0.5,0.0,0.14285714285714285,0.14285714285714285,0.06818181818181818,0
669392,ST,Sweeper,Breaking,42,0.5,0.5,0.45454545454545453,0.18999999999999997,77.32222222222222,0.4523809523809524,11,0.18181818181818182,0.18181818181818182,0.2727272727272727,0.0,0.5454545454545454,0.21428571428571427,1
669392,CU,Curveball,Breaking,41,0.21428571428571427,0.7857142857142857,0.2,0.2766,72.53,0.4634146341463415,10,0.2,0.2,0.0,0.0,0.3,0.07317073170731707,0
669392,FS,Splitter,Offspeed,30,0.47368421052631576,0.5263157894736843,0.0,0.16082,66.54444444444444,0.36666666666666664,9,0.0,0.1111111111111111,0.0,0.1111111111111111,0.4444444444444444,0.3,0
669394,FF,4-Seam FB,Fastball,596,0.2887323943661972,0.7112676056338028,0.432258064516129,0.34729971764705886,88.36938775510205,0.4949664429530201,177,0.2,0.2994350282485876,0.23225806451612901,0.11864406779661017,0.3050847457627119,0.13758389261744966,10
669394,SL,Slider,Breaking,472,0.45217391304347826,0.5478260869565217,0.36,0.2545294444444445,82.9563025210084,0.4067796610169492,112,0.21,0.2857142857142857,0.15,0.09821428571428571,0.25892857142857145,0.22033898305084745,4
669394,SI,Sinker,Fastball,439,0.17142857142857143,0.8285714285714285,0.5346534653465347,0.38961659649122804,84.3898734177215,0.510250569476082,117,0.31683168316831684,0.4017094017094017,0.21782178217821785,0.11965811965811966,0.10256410256410256,0.08200455580865604,6
669394,ST,Sweeper,Breaking,270,0.34507042253521125,0.6549295774647887,0.39436619718309857,0.26082853333333333,80.80588235294118,0.4148148148148148,75,0.2676056338028169,0.29333333333333333,0.1267605633802817,0.04,0.30666666666666664,0.1814814814814815,1
669394,CH,Changeup,Offspeed,240,0.460431654676259,0.539568345323741,0.417910447761194,0.30568869565217394,80.39861111111111,0.4166666666666667,72,0.208955223880597,0.25,0.208955223880597,0.05555555555555555,0.3472222222222222,0.26666666666666666,4
669394,FC,Cutter,Fastball,179,0.2926829268292683,0.7073170731707317,0.3870967741935484,0.3279969696969697,82.13035714285715,0.4245810055865922,36,0.25806451612903225,0.3611111111111111,0.12903225806451613,0.1388888888888889,0.1388888888888889,0.1340782122905028,1
669394,CU,Curveball,Breaking,89,0.3333333333333333,0.6666666666666667,0.43478260869565216,0.353723,82.01428571428572,0.4606741573033708,24,0.21739130434782608,0.25,0.21739130434782608,0.0,0.375,0.15730337078651685,1
669394,FS,Splitter,Offspeed,50,0.4666666666666667,0.5333333333333333,0.36363636363636365,0.1088181818181818,86.19333333333334,0.32,11,0.09090909090909091,0.09090909090909091,0.2727272727272727,0.0,0.45454545454545453,0.28,1
669394,KC,Knuckle-Curve,Breaking,27,0.6666666666666666,0.33333333333333337,1.0,0.3600704,92.73333333333333,0.2962962962962963,5,0.25,0.4,0.75,0.0,0.6,0.2222222222222222,1
669397,FF,4-Seam FB,Fastball,227,0.2621359223300971,0.7378640776699029,0.44,0.26138981132075473,76.80416666666666,0.5770925110132159,60,0.26,0.3559322033898305,0.18,0.13333333333333333,0.2833333333333333,0.11894273127753303,2
669397,SI,Sinker,Fastball,122,0.08620689655172414,0.9137931034482758,0.39473684210526316,0.2720726315789474,83.11458333333333,0.5573770491803278,41,0.2894736842105263,0.325,0.10526315789473684,0.04878048780487805,0.024390243902439025,0.040983606557377046,1
669397,SL,Slider,Breaking,65,0.3055555555555556,0.6944444444444444,0.14285714285714285,0.17114285714285712,77.6608695652174,0.5538461538461539,16,0.14285714285714285,0.13333333333333333,0.0,0.0,0.25,0.16923076923076924,0
669397,ST,Sweeper,Breaking,60,0.3076923076923077,0.6923076923076923,0.3076923076923077,0.1709537142857143,71.10000000000001,0.4166666666666667,14,0.3076923076923077,0.35714285714285715,0.0,0.0,0.35714285714285715,0.13333333333333333,0
669397,FC,Cutter,Fastball,55,0.20689655172413793,0.7931034482758621,0.5333333333333333,0.2787870588235294,83.68181818181819,0.45454545454545453,17,0.4,0.4117647058823529,0.1333333333333333,0.058823529411764705,0.058823529411764705,0.10909090909090909,0
669397,CH,Changeup,Offspeed,34,0.3,0.7,0.45454545454545453,0.20809090909090908,77.02307692307691,0.5,11,0.2727272727272727,0.2727272727272727,0.18181818181818182,0.0,0.18181818181818182,0.17647058823529413,0
669397,CU,Curveball,Breaking,28,0.3333333333333333,0.6666666666666667,0.0,0.014333333333333332,74.06666666666666,0.25,4,0.0,0.0,0.0,0.0,0.5,0.07142857142857142,0
669398,FF,4-Seam FB,Fastball,53,0.17647058823529413,0.8235294117647058,0.07692307692307693,0.31176923076923074,85.87307692307692,0.6226415094339622,13,0.07692307692307693,0.07692307692307693,0.0,0.0,0.3076923076923077,0.11320754716981132,0
669477,FF,4-Seam FB,Fastball,419,0.16595744680851063,0.8340425531914893,0.37719298245614036,0.34098887719298243,85.22127659574468,0.5011933174224343,120,0.23684210526315788,0.26666666666666666,0.14035087719298248,0.03333333333333333,0.16666666666666666,0.09307875894988067,4
669477,SI,Sinker,Fastball,311,0.0945945945945946,0.9054054054054054,0.39325842696629215,0.37905902127659574,84.16874999999999,0.5659163987138264,98,0.2696629213483146,0.3163265306122449,0.12359550561797755,0.030612244897959183,0.10204081632653061,0.04501607717041801,3
669477,SL,Slider,Breaking,226,0.3140495867768595,0.6859504132231404,0.3050847457627119,0.26820689655172414,84.90384615384616,0.4557522123893805,59,0.2033898305084746,0.2033898305084746,0.1016949152542373,0.0,0.3050847457627119,0.168141592920354,1
669477,ST,Sweeper,Breaking,167,0.2111111111111111,0.7888888888888889,0.7872340425531915,0.47780340425531914,82.85147058823529,0.4550898203592814,49,0.40425531914893614,0.42857142857142855,0.3829787234042554,0.04081632653061224,0.16326530612244897,0.11377245508982035,5
669477,FC,Cutter,Fastball,122,0.17333333333333334,0.8266666666666667,0.7407407407407407,0.3497704,82.42666666666666,0.5409836065573771,31,0.4074074074074074,0.45161290322580644,0.3333333333333333,0.06451612903225806,0.12903225806451613,0.10655737704918032,2
669477,CH,Changeup,Offspeed,110,0.2903225806451613,0.7096774193548387,0.7931034482758621,0.4588406896551724,81.2625,0.45454545454545453,30,0.3448275862068966,0.36666666666666664,0.4482758620689655,0.03333333333333333,0.16666666666666666,0.16363636363636364,4
669477,CU,Curveball,Breaking,77,0.3157894736842105,0.6842105263157895,0.26666666666666666,0.26608624999999997,77.31153846153846,0.44155844155844154,16,0.13333333333333333,0.1875,0.13333333333333333,0.0625,0.3125,0.15584415584415584,0
669477,KC,Knuckle-Curve,Breaking,30,0.4375,0.5625,0.8571428571428571,0.3231428571428571,95.6125,0.4666666666666667,7,0.2857142857142857,0.2857142857142857,0.5714285714285714,0.0,0.5714285714285714,0.23333333333333334,1
669477,FS,Splitter,Offspeed,25,0.5833333333333334,0.41666666666666663,0.0,0.0,68.85,0.36,5,0.0,0.0,0.0,0.0,1.0,0.28,0
669699,FF,4-Seam FB,Fastball,109,0.234375,0.765625,0.4444444444444444,0.30644000000000005,83.69782608695652,0.6146788990825688,31,0.25925925925925924,0.3103448275862069,0.18518518518518517,0.06451612903225806,0.12903225806451613,0.13761467889908258,1
669699,SL,Slider,Breaking,46,0.4375,0.5625,0.09523809523809523,0.19057142857142856,86.16470588235295,0.41304347826086957,22,0.09523809523809523,0.09090909090909091,0.0,0.0,0.36363636363636365,0.30434782608695654,0
669699,FC,Cutter,Fastball,35,0.08333333333333333,0.9166666666666666,0.4444444444444444,0.3015555555555556,81.67,0.4,9,0.3333333333333333,0.3333333333333333,0.1111111111111111,0.0,0.0,0.05714285714285714,0
669699,CU,Curveball,Breaking,32,0.21052631578947367,0.7894736842105263,0.14285714285714285,0.185,76.77999999999999,0.59375,7,0.14285714285714285,0.14285714285714285,0.0,0.0,0.14285714285714285,0.125,0
669701,FF,4-Seam FB,Fastball,300,0.19014084507042253,0.8098591549295775,0.3870967741935484,0.32078517647058824,82.25185185185185,0.55,73,0.24193548387096775,0.3287671232876712,0.14516129032258063,0.1095890410958904,0.1917808219178082,0.09,2
669701,SI,Sinker,Fastball,170,0.12162162162162163,0.8783783783783784,0.20512820512820512,0.3146128205128205,79.04166666666667,0.5705882352941176,48,0.1794871794871795,0.26666666666666666,0.025641025641025633,0.10416666666666667,0.16666666666666666,0.052941176470588235,0
669701,CH,Changeup,Offspeed,141,0.2714285714285714,0.7285714285714286,0.1111111111111111,0.2341715789473684,75.72127659574468,0.3900709219858156,40,0.08333333333333333,0.175,0.027777777777777776,0.1,0.225,0.1347517730496454,0
669701,SL,Slider,Breaking,118,0.3333333333333333,0.6666666666666667,0.2608695652173913,0.21744833333333333,78.16285714285715,0.4067796610169492,26,0.13043478260869565,0.23076923076923078,0.13043478260869565,0.11538461538461539,0.3076923076923077,0.16101694915254236,1
669701,FC,Cutter,Fastball,104,0.2857142857142857,0.7142857142857143,0.3684210526315789,0.34869142857142854,79.446875,0.4807692307692308,23,0.3684210526315789,0.4782608695652174,0.0,0.17391304347826086,0.17391304347826086,0.1346153846153846,0
669701,CU,Curveball,Breaking,80,0.39285714285714285,0.6071428571428572,0.3076923076923077,0.17018307692307694,79.39375,0.3375,14,0.23076923076923078,0.2857142857142857,0.07692307692307693,0.07142857142857142,0.42857142857142855,0.1375,0
669701,ST,Sweeper,Breaking,71,0.38235294117647056,0.6176470588235294,0.7142857142857143,0.22729013333333334,85.64444444444445,0.39436619718309857,16,0.2857142857142857,0.375,0.4285714285714286,0.0625,0.5,0.18309859154929578,2
669701,FS,Splitter,Offspeed,36,0.05,0.95,0.25,0.15274999999999997,75.75555555555555,0.3888888888888889,12,0.16666666666666666,0.16666666666666666,0.08333333333333334,0.0,0.08333333333333333,0.027777777777777776,0
669701,KC,Knuckle-Curve,Breaking,32,0.25,0.75,1.0,0.4435,85.01249999999999,0.625,5,0.25,0.4,0.75,0.2,0.2,0.09375,1
669707,FF,4-Seam FB,Fastball,401,0.13541666666666666,0.8645833333333334,0.35185185185185186,0.2810554128440367,82.21509433962265,0.5461346633416458,118,0.25925925925925924,0.3103448275862069,0.09259259259259262,0.06779661016949153,0.211864406779661,0.06483790523690773,1
669707,SI,Sinker,Fastball,272,0.15447154471544716,0.8455284552845528,0.32,0.33223259770114943,82.95384615384614,0.5845588235294118,90,0.21333333333333335,0.33707865168539325,0.10666666666666666,0.12222222222222222,0.14444444444444443,0.06985294117647059,1
669707,SL,Slider,Breaking,183,0.3561643835616438,0.6438356164383562,0.1875,0.23391588235294117,78.58571428571429,0.4207650273224044,36,0.1875,0.25,0.0,0.08333333333333333,0.2777777777777778,0.14207650273224043,0
669707,ST,Sweeper,Breaking,151,0.3064516129032258,0.6935483870967742,0.24242424242424243,0.2938643157894737,81.06829268292684,0.48344370860927155,38,0.21212121212121213,0.3157894736842105,0.030303030303030304,0.07894736842105263,0.2631578947368421,0.12582781456953643,0
669707,CH,Changeup,Offspeed,139,0.2898550724637681,0.7101449275362319,0.34146341463414637,0.31092097560975607,79.57954545454545,0.3669064748201439,43,0.2682926829268293,0.3023255813953488,0.07317073170731708,0.046511627906976744,0.18604651162790697,0.14388489208633093,1
669707,FC,Cutter,Fastball,127,0.2833333333333333,0.7166666666666667,0.09090909090909091,0.1797619047619048,79.95882352941175,0.5118110236220472,23,0.09090909090909091,0.09090909090909091,0.0,0.0,0.08695652173913043,0.13385826771653545,0
669707,CU,Curveball,Breaking,64,0.34615384615384615,0.6538461538461539,0.26666666666666666,0.25315866666666664,81.40625,0.421875,16,0.2,0.25,0.06666666666666665,0.0625,0.375,0.140625,0
669720,FF,4-Seam FB,Fastball,84,0.1590909090909091,0.8409090909090909,0.65,0.3421333333333333,86.69444444444443,0.5238095238095238,20,0.4,0.4,0.25,0.0,0.15,0.08333333333333333,1
669720,SL,Slider,Breaking,72,0.3170731707317073,0.6829268292682926,0.21739130434782608,0.2917121739130435,85.79583333333333,0.4583333333333333,24,0.21739130434782608,0.25,0.0,0.041666666666666664,0.20833333333333334,0.18055555555555555,0
669720,CH,Changeup,Offspeed,56,0.4444444444444444,0.5555555555555556,0.42857142857142855,0.2535,75.55499999999999,0.5,15,0.35714285714285715,0.3333333333333333,0.0714285714285714,0.0,0.2,0.2857142857142857,0
669720,SI,Sinker,Fastball,56,0.21875,0.78125,0.3333333333333333,0.4232666666666667,85.8625,0.5178571428571429,18,0.2777777777777778,0.2777777777777778,0.055555555555555525,0.0,0.1111111111111111,0.125,0
669720,ST,Sweeper,Breaking,50,0.4827586206896552,0.5172413793103448,0.5,0.17770000000000002,79.3142857142857,0.38,12,0.25,0.25,0.25,0.0,0.4166666666666667,0.28,1
669720,FC,Cutter,Fastball,35,0.7,0.30000000000000004,0.125,0.2587685714285714,84.92,0.42857142857142855,9,0.125,0.2222222222222222,0.0,0.1111111111111111,0.4444444444444444,0.4,0
669720,CU,Curveball,Breaking,33,0.35714285714285715,0.6428571428571428,0.2857142857142857,0.0786,82.53333333333333,0.48484848484848486,7,0.14285714285714285,0.14285714285714285,0.14285714285714285,0.0,0.42857142857142855,0.15151515151515152,0
669743,FF,4-Seam FB,Fastball,307,0.2109375,0.7890625,0.4375,0.3596170666666667,79.4627659574468,0.48859934853420195,66,0.2916666666666667,0.48484848484848486,0.14583333333333331,0.24242424242424243,0.15151515151515152,0.08794788273615635,0
669743,SI,Sinker,Fastball,189,0.0875,0.9125,0.24444444444444444,0.21116900000000002,79.6859375,0.6137566137566137,49,0.17777777777777778,0.22448979591836735,0.06666666666666665,0.04081632653061224,0.12244897959183673,0.037037037037037035,1
669743,SL,Slider,Breaking,129,0.23333333333333334,0.7666666666666666,0.24242424242424243,0.23467976470588237,77.2195652173913,0.4883720930232558,36,0.18181818181818182,0.25,0.06060606060606061,0.05555555555555555,0.25,0.10852713178294573,0
669743,FC,Cutter,Fastball,74,0.16,0.84,0.16666666666666666,0.3663844,75.7235294117647,0.527027027027027,12,0.16666666666666666,0.5833333333333334,0.0,0.3333333333333333,0.16666666666666666,0.05405405405405406,0
669743,ST,Sweeper,Breaking,66,0.08695652173913043,0.9130434782608696,0.25,0.3272741333333334,82.37647058823529,0.42424242424242425,15,0.25,0.4,0.0,0.13333333333333333,0.2,0.030303030303030304,0
669743,CH,Changeup,Offspeed,64,0.2,0.8,0.3333333333333333,0.18408333333333335,80.85882352941177,0.296875,13,0.3333333333333333,0.3076923076923077,0.0,0.0,0.15384615384615385,0.078125,0
669743,CU,Curveball,Breaking,40,0.25,0.75,0.42857142857142855,0.22342857142857145,71.69166666666668,0.35,7,0.42857142857142855,0.42857142857142855,0.0,0.0,0.5714285714285714,0.1,0
669899,FF,4-Seam FB,Fastball,126,0.4057971014492754,0.5942028985507246,0.08695652173913043,0.17685153846153845,81.98421052631578,0.5,26,0.08695652173913043,0.19230769230769232,0.0,0.11538461538461539,0.4230769230769231,0.2222222222222222,0
669899,SL,Slider,Breaking,29,0.1111111111111111,0.8888888888888888,0.8571428571428571,0.5231971428571429,82.41428571428571,0.3793103448275862,8,0.2857142857142857,0.375,0.5714285714285714,0.125,0.125,0.06896551724137931,1
669899,CH,Changeup,Offspeed,27,0.16666666666666666,0.8333333333333334,0.375,0.311625,78.47777777777779,0.4074074074074074,8,0.25,0.25,0.125,0.0,0.25,0.07407407407407407,0
669911,FF,4-Seam FB,Fastball,41,0.25,0.75,0.2,0.358638,84.03333333333333,0.6585365853658537,11,0.2,0.2727272727272727,0.0,0.09090909090909091,0.2727272727272727,0.12195121951219512,0
670032,FF,4-Seam FB,Fastball,339,0.16129032258064516,0.8387096774193549,0.3939393939393939,0.25182707692307693,81.0298611111111,0.5899705014749262,75,0.2727272727272727,0.30434782608695654,0.12121212121212122,0.04,0.13333333333333333,0.08849557522123894,1
670032,SI,Sinker,Fastball,161,0.14102564102564102,0.858974358974359,0.42857142857142855,0.3331754594594595,77.84754098360656,0.5217391304347826,42,0.37142857142857144,0.4358974358974359,0.057142857142857106,0.07142857142857142,0.11904761904761904,0.06832298136645963,0
670032,SL,Slider,Breaking,147,0.24324324324324326,0.7567567567567568,0.20689655172413793,0.29505675,73.02549019607842,0.4897959183673469,37,0.20689655172413793,0.34285714285714286,0.0,0.08108108108108109,0.24324324324324326,0.12244897959183673,0
670032,CH,Changeup,Offspeed,125,0.22580645161290322,0.7741935483870968,0.175,0.19625641025641025,74.18297872340426,0.416,41,0.175,0.17073170731707318,0.0,0.0,0.14634146341463414,0.112,0
670032,FC,Cutter,Fastball,78,0.10869565217391304,0.8913043478260869,0.3103448275862069,0.35658500000000004,80.65128205128204,0.48717948717948717,31,0.3103448275862069,0.3333333333333333,0.0,0.03225806451612903,0.03225806451612903,0.0641025641025641,0
670032,ST,Sweeper,Breaking,68,0.15789473684210525,0.8421052631578947,0.16666666666666666,0.150569,77.6,0.45588235294117646,21,0.16666666666666666,0.2,0.0,0.047619047619047616,0.23809523809523808,0.08823529411764706,0
670032,CU,Curveball,Breaking,63,0.3103448275862069,0.6896551724137931,0.25,0.236904705882353,79.3578947368421,0.4444444444444444,17,0.25,0.29411764705882354,0.0,0.058823529411764705,0.35294117647058826,0.14285714285714285,0
670032,FS,Splitter,Offspeed,30,0.1875,0.8125,0.36363636363636365,0.23344600000000001,76.96923076923078,0.4,13,0.36363636363636365,0.4166666666666667,0.0,0.0,0.15384615384615385,0.1,0
670042,FF,4-Seam FB,Fastball,334,0.34054054054054056,0.6594594594594594,0.5697674418604651,0.4110648510638298,86.22743362831858,0.5209580838323353,100,0.2558139534883721,0.35353535353535354,0.313953488372093,0.1,0.26,0.18862275449101795,7
670042,CH,Changeup,Offspeed,212,0.49206349206349204,0.5079365079365079,0.36363636363636365,0.2990247826086957,77.66140350877193,0.37264150943396224,47,0.22727272727272727,0.2765957446808511,0.13636363636363638,0.06382978723404255,0.3617021276595745,0.29245283018867924,2
670042,SI,Sinker,Fastball,123,0.24615384615384617,0.7538461538461538,0.4827586206896552,0.38911538461538464,83.35957446808511,0.6016260162601627,31,0.2413793103448276,0.26666666666666666,0.2413793103448276,0.0,0.1935483870967742,0.13008130081300814,1
670042,SL,Slider,Breaking,122,0.4857142857142857,0.5142857142857142,0.32142857142857145,0.26537006896551724,83.63571428571429,0.4180327868852459,30,0.21428571428571427,0.26666666666666666,0.10714285714285718,0.03333333333333333,0.36666666666666664,0.2786885245901639,1
670042,CU,Curveball,Breaking,102,0.4358974358974359,0.5641025641025641,0.47058823529411764,0.33515680000000003,83.4,0.37254901960784315,18,0.23529411764705882,0.2777777777777778,0.23529411764705882,0.0,0.4444444444444444,0.16666666666666666,1
670042,FC,Cutter,Fastball,102,0.2727272727272727,0.7272727272727273,0.7931034482758621,0.42559561290322584,85.20270270270271,0.5098039215686274,34,0.3448275862068966,0.4411764705882353,0.4482758620689655,0.058823529411764705,0.17647058823529413,0.14705882352941177,4
670042,ST,Sweeper,Breaking,85,0.5365853658536586,0.46341463414634143,0.4230769230769231,0.29196,85.04210526315791,0.47058823529411764,27,0.2692307692307692,0.25925925925925924,0.15384615384615385,0.0,0.4074074074074074,0.25882352941176473,1
670042,FS,Splitter,Offspeed,57,0.5428571428571428,0.4571428571428572,0.0,0.06171428571428572,78.5,0.2982456140350877,15,0.0,0.0,0.0,0.0,0.6,0.3333333333333333,0
670042,KC,Knuckle-Curve,Breaking,34,0.5,0.5,0.0,0.12733333333333333,86.81666666666668,0.47058823529411764,5,0.0,0.0,0.0,0.0,0.8,0.17647058823529413,0
670097,FF,4-Seam FB,Fastball,102,0.30952380952380953,0.6904761904761905,0.2222222222222222,0.242864,79.88571428571427,0.5098039215686274,25,0.16666666666666666,0.32,0.05555555555555555,0.16,0.32,0.12745098039215685,0
670097,SI,Sinker,Fastball,56,0.2962962962962963,0.7037037037037037,0.25,0.23426444444444444,79.65294117647058,0.6071428571428571,10,0.25,0.3333333333333333,0.0,0.1,0.4,0.14285714285714285,0
670097,ST,Sweeper,Breaking,35,0.16666666666666666,0.8333333333333334,0.0,0.47975200000000007,69.07499999999999,0.42857142857142855,5,0.0,0.4,0.0,0.4,0.2,0.05714285714285714,0
670097,FC,Cutter,Fastball,28,0.29411764705882354,0.7058823529411764,0.14285714285714285,0.14585714285714288,82.67999999999999,0.5,7,0.14285714285714285,0.14285714285714285,0.0,0.0,0.14285714285714285,0.17857142857142858,0
670097,CH,Changeup,Offspeed,25,0.3333333333333333,0.6666666666666667,0.3333333333333333,0.34448285714285715,80.54285714285713,0.28,7,0.16666666666666666,0.2857142857142857,0.16666666666666666,0.14285714285714285,0.2857142857142857,0.16,0
670156,FF,4-Seam FB,Fastball,50,0.09090909090909091,0.9090909090909091,0.25,0.25572153846153844,84.205,0.58,13,0.25,0.3076923076923077,0.0,0.07692307692307693,0.15384615384615385,0.04,0
670224,FF,4-Seam FB,Fastball,65,0.36585365853658536,0.6341463414634146,0.08333333333333333,0.2052685714285714,78.9090909090909,0.6,14,0.08333333333333333,0.21428571428571427,0.0,0.14285714285714285,0.42857142857142855,0.23076923076923078,0
670224,CH,Changeup,Offspeed,30,0.5384615384615384,0.46153846153846156,0.4,0.20579999999999998,74.72,0.3333333333333333,5,0.4,0.4,0.0,0.0,0.4,0.23333333333333334,0
670231,FF,4-Seam FB,Fastball,197,0.18478260869565216,0.8152173913043479,0.5348837209302325,0.3631255319148936,80.25,0.5329949238578681,49,0.3023255813953488,0.375,0.2325581395348837,0.10204081632653061,0.20408163265306123,0.08629441624365482,1
670231,SI,Sinker,Fastball,92,0.23333333333333334,0.7666666666666666,0.11764705882352941,0.27470952380952385,78.02272727272727,0.5434782608695652,24,0.11764705882352941,0.3181818181818182,0.0,0.20833333333333334,0.20833333333333334,0.07608695652173914,0
670231,FC,Cutter,Fastball,84,0.19444444444444445,0.8055555555555556,0.5,0.36077294117647063,86.78846153846153,0.5595238095238095,19,0.25,0.3684210526315789,0.25,0.15789473684210525,0.10526315789473684,0.08333333333333333,1
670231,SL,Slider,Breaking,70,0.3548387096774194,0.6451612903225806,0.36363636363636365,0.25357999999999997,72.41176470588235,0.35714285714285715,13,0.09090909090909091,0.16666666666666666,0.2727272727272727,0.07692307692307693,0.46153846153846156,0.15714285714285714,1
670231,ST,Sweeper,Breaking,67,0.16,0.84,0.45454545454545453,0.40476181818181817,85.11111111111111,0.373134328358209,12,0.18181818181818182,0.25,0.2727272727272727,0.08333333333333333,0.08333333333333333,0.05970149253731343,1
670231,CH,Changeup,Offspeed,66,0.3793103448275862,0.6206896551724138,0.65,0.27606571428571425,82.18235294117646,0.4090909090909091,21,0.3,0.3333333333333333,0.35000000000000003,0.047619047619047616,0.3333333333333333,0.16666666666666666,2
670231,CU,Curveball,Breaking,48,0.29411764705882354,0.7058823529411764,0.2857142857142857,0.2780714285714286,84.49166666666666,0.4375,14,0.21428571428571427,0.21428571428571427,0.07142857142857142,0.0,0.2857142857142857,0.10416666666666667,0
670242,FF,4-Seam FB,Fastball,215,0.38461538461538464,0.6153846153846154,0.3488372093023256,0.23085121951219512,81.46290322580646,0.5720930232558139,50,0.20930232558139536,0.32,0.13953488372093023,0.14,0.34,0.20930232558139536,2
670242,SI,Sinker,Fastball,90,0.13953488372093023,0.8604651162790697,0.45,0.43607264,81.59729729729729,0.5222222222222223,25,0.25,0.4,0.2,0.08,0.16,0.06666666666666667,1
670242,CH,Changeup,Offspeed,70,0.5526315789473685,0.4473684210526315,0.23529411764705882,0.2766329411764706,77.04666666666667,0.2571428571428571,19,0.17647058823529413,0.2631578947368421,0.05882352941176469,0.10526315789473684,0.3684210526315789,0.3,0
670242,SL,Slider,Breaking,61,0.5483870967741935,0.4516129032258065,0.1875,0.25798258823529413,83.0,0.45901639344262296,18,0.125,0.2222222222222222,0.0625,0.0,0.3888888888888889,0.2786885245901639,0
670242,ST,Sweeper,Breaking,52,0.7083333333333334,0.29166666666666663,0.3076923076923077,0.15741666666666668,71.96666666666665,0.5,13,0.07692307692307693,0.07692307692307693,0.23076923076923078,0.0,0.9230769230769231,0.3269230769230769,1
670242,CU,Curveball,Breaking,45,0.4090909090909091,0.5909090909090908,0.2857142857142857,0.31119714285714284,84.57272727272728,0.4,8,0.14285714285714285,0.25,0.14285714285714285,0.125,0.5,0.2,0
670242,FC,Cutter,Fastball,38,0.36363636363636365,0.6363636363636364,0.875,0.36366666666666664,83.925,0.5263157894736842,8,0.375,0.375,0.5,0.0,0.25,0.21052631578947367,1
670242,FS,Splitter,Offspeed,26,0.5555555555555556,0.4444444444444444,0.25,0.20687499999999998,77.9,0.46153846153846156,8,0.25,0.25,0.0,0.0,0.25,0.38461538461538464,0
670541,FF,4-Seam FB,Fastball,832,0.18384401114206128,0.8161559888579387,0.6291390728476821,0.48960402222222227,86.11879432624113,0.5084134615384616,183,0.2781456953642384,0.3989071038251366,0.3509933774834437,0.15846994535519127,0.16939890710382513,0.07932692307692307,13
670541,SI,Sinker,Fastball,401,0.08641975308641975,0.9135802469135803,0.5625,0.43187640000000005,88.83453237410072,0.5211970074812967,113,0.3541666666666667,0.45132743362831856,0.20833333333333331,0.13274336283185842,0.1504424778761062,0.034912718204488775,5
670541,CH,Changeup,Offspeed,345,0.19886363636363635,0.8011363636363636,0.5333333333333333,0.3679227368421052,83.93382352941177,0.30434782608695654,97,0.3111111111111111,0.36082474226804123,0.2222222222222222,0.07216494845360824,0.17525773195876287,0.10144927536231885,6
670541,SL,Slider,Breaking,276,0.2781954887218045,0.7218045112781954,0.6029411764705882,0.4053818082191781,85.35595238095237,0.35507246376811596,74,0.3235294117647059,0.36486486486486486,0.2794117647058823,0.05405405405405406,0.21621621621621623,0.13405797101449277,5
670541,FC,Cutter,Fastball,265,0.18095238095238095,0.819047619047619,0.7169811320754716,0.5455659661016949,88.18780487804878,0.4716981132075472,62,0.33962264150943394,0.43548387096774194,0.3773584905660377,0.12903225806451613,0.14516129032258066,0.07169811320754717,5
670541,ST,Sweeper,Breaking,194,0.23076923076923078,0.7692307692307692,0.4473684210526316,0.38514491666666667,84.17457627118644,0.41237113402061853,48,0.18421052631578946,0.3125,0.26315789473684215,0.10416666666666667,0.25,0.09278350515463918,3
670541,CU,Curveball,Breaking,172,0.3194444444444444,0.6805555555555556,0.6428571428571429,0.5061020909090909,86.77291666666667,0.36627906976744184,47,0.30952380952380953,0.3617021276595745,0.33333333333333337,0.06382978723404255,0.2765957446808511,0.13372093023255813,4
670541,FS,Splitter,Offspeed,117,0.24528301886792453,0.7547169811320755,0.4666666666666667,0.29848588235294116,80.94473684210527,0.3247863247863248,34,0.4,0.47058823529411764,0.06666666666666665,0.11764705882352941,0.20588235294117646,0.1111111111111111,0
670541,KC,Knuckle-Curve,Breaking,40,0.23076923076923078,0.7692307692307692,0.8,0.5745633333333333,89.43333333333334,0.35,6,0.6,0.6666666666666666,0.20000000000000007,0.16666666666666666,0.16666666666666666,0.075,0
670623,FF,4-Seam FB,Fastball,750,0.11046511627906977,0.8895348837209303,0.4716981132075472,0.33525455135135135,84.31746575342464,0.5293333333333333,187,0.25157232704402516,0.3582887700534759,0.22012578616352202,0.11229946524064172,0.11764705882352941,0.050666666666666665,9
670623,SI,Sinker,Fastball,620,0.06382978723404255,0.9361702127659575,0.5271317829457365,0.36135090445859874,85.87068273092369,0.5838709677419355,159,0.31007751937984496,0.4276729559748428,0.21705426356589153,0.13836477987421383,0.05660377358490566,0.02903225806451613,6
670623,SL,Slider,Breaking,450,0.22085889570552147,0.7791411042944785,0.32894736842105265,0.27548790476190477,80.27083333333333,0.3888888888888889,85,0.19736842105263158,0.27058823529411763,0.13157894736842107,0.07058823529411765,0.23529411764705882,0.08,1
670623,CH,Changeup,Offspeed,290,0.23357664233576642,0.7664233576642336,0.3333333333333333,0.2804570625,81.49583333333332,0.4,67,0.23333333333333334,0.30303030303030304,0.09999999999999998,0.07462686567164178,0.16417910447761194,0.1103448275862069,1
670623,FC,Cutter,Fastball,267,0.1346153846153846,0.8653846153846154,0.6666666666666666,0.4110102857142858,80.93452380952381,0.49063670411985016,49,0.3888888888888889,0.5306122448979592,0.27777777777777773,0.20408163265306123,0.061224489795918366,0.052434456928838954,3
670623,ST,Sweeper,Breaking,237,0.2358490566037736,0.7641509433962264,0.5,0.2862266666666667,81.85774647887324,0.4008438818565401,45,0.25,0.3111111111111111,0.25,0.08888888888888889,0.17777777777777778,0.10548523206751055,3
670623,CU,Curveball,Breaking,189,0.18309859154929578,0.8169014084507042,0.25806451612903225,0.2332024,80.2392156862745,0.30687830687830686,35,0.16129032258064516,0.22857142857142856,0.0967741935483871,0.02857142857142857,0.2857142857142857,0.06878306878306878,1
670623,FS,Splitter,Offspeed,88,0.1951219512195122,0.8048780487804879,0.5217391304347826,0.3161304347826087,79.896875,0.32954545454545453,23,0.391304347826087,0.391304347826087,0.13043478260869562,0.0,0.21739130434782608,0.09090909090909091,1
670623,KC,Knuckle-Curve,Breaking,42,0.30434782608695654,0.6956521739130435,0.1111111111111111,0.27355555555555555,74.59333333333333,0.2619047619047619,10,0.1111111111111111,0.1111111111111111,0.0,0.0,0.2,0.16666666666666666,0
670764,FF,4-Seam FB,Fastball,654,0.20192307692307693,0.7980769230769231,0.37583892617449666,0.27278094674556214,81.8955947136564,0.5152905198776758,179,0.22818791946308725,0.3236994219653179,0.1476510067114094,0.12290502793296089,0.22346368715083798,0.0963302752293578,2
670764,SI,Sinker,Fastball,220,0.11650485436893204,0.883495145631068,0.27586206896551724,0.31818495522388063,84.19166666666668,0.5636363636363636,68,0.25862068965517243,0.3582089552238806,0.017241379310344807,0.11764705882352941,0.058823529411764705,0.05454545454545454,0
670764,CH,Changeup,Offspeed,190,0.31958762886597936,0.6804123711340206,0.14583333333333334,0.14636760000000001,71.15272727272728,0.37894736842105264,50,0.14583333333333334,0.16,0.0,0.02,0.36,0.1631578947368421,0
670764,FC,Cutter,Fastball,165,0.136986301369863,0.863013698630137,0.4594594594594595,0.30633902439024385,78.82881355932203,0.48484848484848486,43,0.40540540540540543,0.47619047619047616,0.05405405405405406,0.11627906976744186,0.11627906976744186,0.06060606060606061,0
670764,SL,Slider,Breaking,165,0.3220338983050847,0.6779661016949152,0.14814814814814814,0.17721475,70.55945945945946,0.4727272727272727,35,0.1111111111111111,0.24242424242424243,0.037037037037037035,0.11428571428571428,0.4,0.11515151515151516,0
670764,CU,Curveball,Breaking,129,0.25,0.75,0.09090909090909091,0.2076725,70.06666666666668,0.4186046511627907,26,0.09090909090909091,0.2,0.0,0.11538461538461539,0.38461538461538464,0.06976744186046512,0
670764,ST,Sweeper,Breaking,75,0.19047619047619047,0.8095238095238095,0.2,0.19514433333333334,67.57857142857144,0.5333333333333333,13,0.1,0.25,0.1,0.07692307692307693,0.38461538461538464,0.05333333333333334,0
670764,FS,Splitter,Offspeed,65,0.6666666666666666,0.33333333333333337,0.3333333333333333,0.1544907692307692,71.52857142857142,0.2923076923076923,14,0.25,0.3076923076923077,0.08333333333333331,0.07142857142857142,0.5714285714285714,0.2153846153846154,0
670764,KC,Knuckle-Curve,Breaking,39,0.08333333333333333,0.9166666666666666,0.2857142857142857,0.2014225,78.8,0.5128205128205128,8,0.2857142857142857,0.375,0.0,0.125,0.125,0.02564102564102564,0
670770,FF,4-Seam FB,Fastball,435,0.15760869565217392,0.842391304347826,0.2803738317757009,0.2517817857142857,81.20612244897958,0.5448275862068965,122,0.17757009345794392,0.26666666666666666,0.10280373831775699,0.10655737704918032,0.1885245901639344,0.06666666666666667,3
670770,SI,Sinker,Fastball,160,0.06349206349206349,0.9365079365079365,0.4,0.37407037837837837,82.27173913043478,0.55625,48,0.3,0.4166666666666667,0.10000000000000003,0.125,0.0625,0.025,0
670770,CH,Changeup,Offspeed,150,0.5068493150684932,0.4931506849315068,0.02857142857142857,0.12182588888888889,77.6,0.32,37,0.02857142857142857,0.08108108108108109,0.0,0.02702702702702703,0.40540540540540543,0.24666666666666667,0
670770,CU,Curveball,Breaking,82,0.3076923076923077,0.6923076923076923,0.38461538461538464,0.25369200000000003,84.12666666666668,0.4268292682926829,15,0.15384615384615385,0.2,0.23076923076923078,0.06666666666666667,0.26666666666666666,0.0975609756097561,1
670770,SL,Slider,Breaking,65,0.3076923076923077,0.6923076923076923,0.14285714285714285,0.28300494117647057,82.81666666666666,0.47692307692307695,17,0.14285714285714285,0.29411764705882354,0.0,0.058823529411764705,0.23529411764705882,0.12307692307692308,0
670770,FC,Cutter,Fastball,57,0.16,0.84,0.3333333333333333,0.2847586666666667,78.705,0.45614035087719296,17,0.26666666666666666,0.3125,0.06666666666666665,0.058823529411764705,0.17647058823529413,0.07017543859649122,0
670770,FS,Splitter,Offspeed,57,0.41935483870967744,0.5806451612903225,0.5,0.2973,77.18,0.49122807017543857,11,0.3,0.3,0.2,0.0,0.2727272727272727,0.22807017543859648,0
670770,ST,Sweeper,Breaking,49,0.36363636363636365,0.6363636363636364,0.14285714285714285,0.15224142857142856,70.27499999999999,0.3877551020408163,15,0.14285714285714285,0.2,0.0,0.06666666666666667,0.5333333333333333,0.16326530612244897,0
671056,FF,4-Seam FB,Fastball,769,0.14168937329700274,0.8583106267029973,0.38596491228070173,0.327048717948718,83.95723905723905,0.5266579973992198,199,0.21637426900584794,0.32663316582914576,0.1695906432748538,0.11557788944723618,0.21105527638190955,0.06762028608582575,7
671056,SI,Sinker,Fastball,636,0.11462450592885376,0.8853754940711462,0.4375,0.38407815384615385,83.20679611650485,0.5377358490566038,145,0.24107142857142858,0.41379310344827586,0.19642857142857142,0.13793103448275862,0.12413793103448276,0.04559748427672956,5
671056,SL,Slider,Breaking,366,0.3216374269005848,0.6783625730994152,0.4342105263157895,0.3876866666666666,83.89203539823008,0.4426229508196721,90,0.2894736842105263,0.3888888888888889,0.14473684210526316,0.08888888888888889,0.16666666666666666,0.15027322404371585,2
671056,ST,Sweeper,Breaking,310,0.2366412213740458,0.7633587786259541,0.35064935064935066,0.27901111627906977,83.4360824742268,0.4096774193548387,88,0.24675324675324675,0.3068181818181818,0.1038961038961039,0.056818181818181816,0.2159090909090909,0.1,2
671056,CH,Changeup,Offspeed,301,0.3178294573643411,0.6821705426356589,0.3333333333333333,0.32341311111111115,84.22151898734177,0.38205980066445183,73,0.2222222222222222,0.3287671232876712,0.1111111111111111,0.1095890410958904,0.2602739726027397,0.1362126245847176,2
671056,FC,Cutter,Fastball,207,0.1717171717171717,0.8282828282828283,0.35714285714285715,0.3188781395348837,84.175,0.5120772946859904,44,0.30952380952380953,0.3409090909090909,0.047619047619047616,0.045454545454545456,0.11363636363636363,0.0821256038647343,0
671056,CU,Curveball,Breaking,199,0.2289156626506024,0.7710843373493976,0.3333333333333333,0.28452859574468087,82.74333333333334,0.4371859296482412,48,0.21428571428571427,0.2916666666666667,0.11904761904761904,0.0625,0.20833333333333334,0.09547738693467336,1
671056,FS,Splitter,Offspeed,52,0.391304347826087,0.6086956521739131,0.5454545454545454,0.3122138181818182,83.27142857142859,0.3269230769230769,12,0.2727272727272727,0.3333333333333333,0.2727272727272727,0.0,0.3333333333333333,0.17307692307692307,1
671056,KC,Knuckle-Curve,Breaking,28,0.42857142857142855,0.5714285714285714,0.375,0.19712499999999997,82.45714285714284,0.32142857142857145,8,0.25,0.25,0.125,0.0,0.375,0.21428571428571427,0
671083,FF,4-Seam FB,Fastball,74,0.2,0.8,0.09090909090909091,0.3236528571428572,79.79629629629629,0.5675675675675675,14,0.09090909090909091,0.2857142857142857,0.0,0.21428571428571427,0.35714285714285715,0.0945945945945946,0
671083,SI,Sinker,Fastball,38,0.14285714285714285,0.8571428571428572,0.2,0.2784352,82.38125000000001,0.47368421052631576,11,0.2,0.2727272727272727,0.0,0.0,0.09090909090909091,0.07894736842105263,0
671083,CH,Changeup,Offspeed,36,0.6153846153846154,0.3846153846153846,0.1111111111111111,0.07066666666666666,59.1,0.3611111111111111,9,0.1111111111111111,0.1111111111111111,0.0,0.0,0.7777777777777778,0.2222222222222222,0
671083,SL,Slider,Breaking,30,0.36363636363636365,0.6363636363636364,0.0,0.007,87.85000000000001,0.43333333333333335,5,0.0,0.2,0.0,0.2,0.0,0.13333333333333333,0
671155,FF,4-Seam FB,Fastball,32,0.4,0.6,0.625,0.253876,86.225,0.5625,9,0.5,0.5555555555555556,0.125,0.1111111111111111,0.3333333333333333,0.1875,0
671218,FF,4-Seam FB,Fastball,537,0.34962406015037595,0.650375939849624,0.3644859813084112,0.2984663247863248,85.33435582822086,0.5176908752327747,119,0.205607476635514,0.2857142857142857,0.1588785046728972,0.10084033613445378,0.3949579831932773,0.17318435754189945,2
671218,SI,Sinker,Fastball,423,0.17452830188679244,0.8254716981132075,0.47058823529411764,0.33129640366972474,82.89638554216867,0.5295508274231678,112,0.30392156862745096,0.35714285714285715,0.16666666666666669,0.044642857142857144,0.13392857142857142,0.08747044917257683,3
671218,SL,Slider,Breaking,219,0.3508771929824561,0.6491228070175439,0.5769230769230769,0.3909835555555556,84.45072463768116,0.3881278538812785,55,0.34615384615384615,0.38181818181818183,0.23076923076923073,0.03636363636363636,0.23636363636363636,0.182648401826484,3
671218,CH,Changeup,Offspeed,150,0.25925925925925924,0.7407407407407407,0.25,0.31542533333333334,83.67924528301887,0.38666666666666666,47,0.20454545454545456,0.2553191489361702,0.04545454545454544,0.06382978723404255,0.2765957446808511,0.14,0
671218,ST,Sweeper,Breaking,145,0.3194444444444444,0.6805555555555556,0.2619047619047619,0.22568500000000002,83.02553191489362,0.41379310344827586,46,0.14285714285714285,0.1956521739130435,0.11904761904761907,0.06521739130434782,0.32608695652173914,0.15862068965517243,1
671218,FC,Cutter,Fastball,144,0.2857142857142857,0.7142857142857143,0.16,0.40612076923076923,82.4125,0.5,29,0.12,0.20689655172413793,0.04000000000000001,0.10344827586206896,0.20689655172413793,0.1388888888888889,0
671218,CU,Curveball,Breaking,80,0.23684210526315788,0.7631578947368421,0.7083333333333334,0.5197391304347826,88.32500000000002,0.55,24,0.2916666666666667,0.2916666666666667,0.4166666666666667,0.0,0.2916666666666667,0.1125,3
671218,FS,Splitter,Offspeed,39,0.45454545454545453,0.5454545454545454,1.0,0.3841666666666666,83.37,0.358974358974359,7,0.42857142857142855,0.42857142857142855,0.5714285714285714,0.0,0.42857142857142855,0.2564102564102564,1
671218,KC,Knuckle-Curve,Breaking,33,0.375,0.625,0.0,0.26739666666666667,74.04444444444444,0.24242424242424243,6,0.0,0.16666666666666666,0.0,0.16666666666666666,0.5,0.18181818181818182,0
671277,FF,4-Seam FB,Fastball,474,0.16853932584269662,0.8314606741573034,0.48623853211009177,0.3892038938053097,85.12216748768472,0.5590717299578059,117,0.27522935779816515,0.3247863247863248,0.21100917431192662,0.06837606837606838,0.1623931623931624,0.0949367088607595,5
671277,CH,Changeup,Offspeed,357,0.26288659793814434,0.7371134020618557,0.4854368932038835,0.2892573076923077,82.37445255474454,0.36134453781512604,106,0.24271844660194175,0.25471698113207547,0.24271844660194175,0.018867924528301886,0.2169811320754717,0.14285714285714285,7
671277,SI,Sinker,Fastball,313,0.11612903225806452,0.8838709677419355,0.5681818181818182,0.3565415384615384,86.28120300751881,0.549520766773163,94,0.32954545454545453,0.3723404255319149,0.2386363636363637,0.06382978723404255,0.09574468085106383,0.05750798722044728,5
671277,SL,Slider,Breaking,288,0.2891566265060241,0.7108433734939759,0.4186046511627907,0.328589156626506,82.07727272727273,0.3854166666666667,91,0.2558139534883721,0.2967032967032967,0.16279069767441862,0.054945054945054944,0.24175824175824176,0.16666666666666666,3
671277,CU,Curveball,Breaking,181,0.2857142857142857,0.7142857142857143,0.6595744680851063,0.3704751111111111,85.88039215686274,0.3370165745856354,48,0.3404255319148936,0.3541666666666667,0.3191489361702127,0.020833333333333332,0.25,0.12154696132596685,3
671277,FC,Cutter,Fastball,159,0.1511627906976744,0.8488372093023255,0.6666666666666666,0.33225,84.36911764705883,0.4716981132075472,33,0.30303030303030304,0.30303030303030304,0.3636363636363636,0.0,0.030303030303030304,0.08176100628930817,3
671277,FS,Splitter,Offspeed,126,0.18181818181818182,0.8181818181818181,0.10526315789473684,0.17013513513513515,84.07708333333333,0.373015873015873,38,0.07894736842105263,0.07894736842105263,0.02631578947368421,0.0,0.18421052631578946,0.09523809523809523,0
671277,ST,Sweeper,Breaking,90,0.2,0.8,1.15,0.564,87.44,0.4777777777777778,22,0.45,0.42857142857142855,0.7,0.0,0.22727272727272727,0.1,4
671277,KC,Knuckle-Curve,Breaking,56,0.36,0.64,0.2727272727272727,0.30425090909090907,88.51428571428572,0.19642857142857142,13,0.18181818181818182,0.3076923076923077,0.09090909090909088,0.15384615384615385,0.3076923076923077,0.16071428571428573,0
671289,FF,4-Seam FB,Fastball,307,0.09259259259259259,0.9074074074074074,0.5,0.3482166666666666,80.84233576642336,0.5407166123778502,79,0.38571428571428573,0.44871794871794873,0.11428571428571427,0.0379746835443038,0.10126582278481013,0.048859934853420196,1
671289,SI,Sinker,Fastball,250,0.03389830508474576,0.9661016949152542,0.2,0.3423598461538461,78.81634615384615,0.512,82,0.15384615384615385,0.3037974683544304,0.046153846153846156,0.06097560975609756,0.06097560975609756,0.016,1
671289,SL,Slider,Breaking,144,0.22388059701492538,0.7761194029850746,0.39473684210526316,0.29625025641025643,83.52045454545454,0.4444444444444444,40,0.2631578947368421,0.3,0.13157894736842107,0.05,0.225,0.10416666666666667,1
671289,ST,Sweeper,Breaking,99,0.09433962264150944,0.9056603773584906,0.15625,0.2549375,79.84222222222222,0.5050505050505051,33,0.15625,0.15625,0.0,0.0,0.06060606060606061,0.050505050505050504,0
671289,CH,Changeup,Offspeed,87,0.19230769230769232,0.8076923076923077,0.2692307692307692,0.23911538461538465,80.01052631578948,0.41379310344827586,28,0.23076923076923078,0.25925925925925924,0.038461538461538436,0.0,0.07142857142857142,0.11494252873563218,0
671289,FC,Cutter,Fastball,67,0.25806451612903225,0.7419354838709677,0.2,0.17370000000000002,78.65789473684211,0.40298507462686567,11,0.2,0.2,0.0,0.0,0.45454545454545453,0.11940298507462686,0
671289,CU,Curveball,Breaking,35,0.2,0.8,0.2,0.2756,84.91,0.5142857142857142,5,0.2,0.2,0.0,0.0,0.2,0.08571428571428572,0
671655,FF,4-Seam FB,Fastball,30,0.21428571428571427,0.7857142857142857,0.5714285714285714,0.285,87.02727272727273,0.6666666666666666,7,0.2857142857142857,0.2857142857142857,0.2857142857142857,0.0,0.2857142857142857,0.1,0
671732,FF,4-Seam FB,Fastball,763,0.2796833773087071,0.7203166226912929,0.4444444444444444,0.3632433450292397,83.97065637065637,0.5517693315858454,176,0.2569444444444444,0.37572254335260113,0.1875,0.1534090909090909,0.30113636363636365,0.13892529488859764,6
671732,SI,Sinker,Fastball,367,0.12804878048780488,0.8719512195121951,0.21176470588235294,0.2872625806451613,82.87669172932331,0.5776566757493188,94,0.16470588235294117,0.24468085106382978,0.047058823529411764,0.09574468085106383,0.22340425531914893,0.05722070844686648,1
671732,CH,Changeup,Offspeed,286,0.3235294117647059,0.6764705882352942,0.3492063492063492,0.2768387692307693,77.86588235294118,0.3531468531468531,68,0.2857142857142857,0.3235294117647059,0.06349206349206349,0.058823529411764705,0.1323529411764706,0.15384615384615385,1
671732,SL,Slider,Breaking,237,0.39,0.61,0.48936170212765956,0.37126909090909094,85.15535714285716,0.43037974683544306,57,0.2765957446808511,0.40350877192982454,0.21276595744680848,0.17543859649122806,0.3684210526315789,0.16455696202531644,2
671732,FC,Cutter,Fastball,199,0.20408163265306123,0.7959183673469388,0.5909090909090909,0.3979895652173913,81.6361111111111,0.5125628140703518,49,0.25,0.32653061224489793,0.34090909090909094,0.10204081632653061,0.14285714285714285,0.10050251256281408,4
671732,ST,Sweeper,Breaking,146,0.32786885245901637,0.6721311475409837,0.48484848484848486,0.27932606060606063,80.21428571428571,0.4589041095890411,35,0.24242424242424243,0.2857142857142857,0.24242424242424243,0.05714285714285714,0.3142857142857143,0.136986301369863,2
671732,CU,Curveball,Breaking,133,0.3333333333333333,0.6666666666666667,0.3,0.2217491428571429,79.82173913043479,0.3609022556390977,22,0.15,0.22727272727272727,0.15,0.045454545454545456,0.5909090909090909,0.10526315789473684,0
671732,FS,Splitter,Offspeed,99,0.3333333333333333,0.6666666666666667,0.34615384615384615,0.2965271428571429,79.35384615384615,0.35353535353535354,29,0.11538461538461539,0.17857142857142858,0.23076923076923075,0.06896551724137931,0.2413793103448276,0.1414141414141414,2
671732,KC,Knuckle-Curve,Breaking,45,0.25,0.75,0.3,0.213,82.07500000000002,0.4,10,0.3,0.3,0.0,0.0,0.2,0.08888888888888889,0
671739,FF,4-Seam FB,Fastball,578,0.21172638436482086,0.7882736156351792,0.5086206896551724,0.38450544000000003,85.66396396396397,0.4913494809688581,130,0.3103448275862069,0.3700787401574803,0.19827586206896547,0.08461538461538462,0.17692307692307693,0.11245674740484429,4
671739,SI,Sinker,Fastball,434,0.1324200913242009,0.8675799086757991,0.3865546218487395,0.34953728925619837,84.00965909090908,0.5645161290322581,129,0.33613445378151263,0.3779527559055118,0.05042016806722688,0.05426356589147287,0.07751937984496124,0.06682027649769585,0
671739,SL,Slider,Breaking,265,0.2891566265060241,0.7108433734939759,0.5454545454545454,0.3320337078651685,84.88504672897197,0.41509433962264153,90,0.2727272727272727,0.2696629213483146,0.2727272727272727,0.0,0.2,0.1811320754716981,5
671739,CH,Changeup,Offspeed,249,0.3087248322147651,0.6912751677852349,0.41025641025641024,0.3117371428571429,83.28775510204082,0.3614457831325301,80,0.2948717948717949,0.3125,0.11538461538461536,0.025,0.15,0.18473895582329317,2
671739,ST,Sweeper,Breaking,215,0.2706766917293233,0.7293233082706767,0.5714285714285714,0.3234676,83.51086956521739,0.4790697674418605,73,0.3,0.3150684931506849,0.2714285714285714,0.0136986301369863,0.2328767123287671,0.16744186046511628,5
671739,FC,Cutter,Fastball,178,0.2,0.8,0.42857142857142855,0.3581042857142857,82.45205479452055,0.43820224719101125,44,0.23809523809523808,0.2558139534883721,0.19047619047619047,0.022727272727272728,0.06818181818181818,0.11235955056179775,2
671739,CU,Curveball,Breaking,153,0.34408602150537637,0.6559139784946236,0.34146341463414637,0.22621428571428576,81.14150943396227,0.4117647058823529,43,0.17073170731707318,0.16279069767441862,0.17073170731707318,0.0,0.4418604651162791,0.20915032679738563,2
671739,FS,Splitter,Offspeed,85,0.3148148148148148,0.6851851851851851,0.72,0.41291666666666665,80.64242424242425,0.32941176470588235,25,0.32,0.32,0.39999999999999997,0.0,0.32,0.2,3
671739,KC,Knuckle-Curve,Breaking,38,0.4583333333333333,0.5416666666666667,0.09090909090909091,0.1069090909090909,78.5923076923077,0.23684210526315788,11,0.09090909090909091,0.09090909090909091,0.0,0.0,0.45454545454545453,0.2894736842105263,0
671739,SV,Slurve,Breaking,26,0.3333333333333333,0.6666666666666667,1.0,0.4415714285714286,94.60000000000001,0.23076923076923078,7,0.42857142857142855,0.42857142857142855,0.5714285714285714,0.0,0.2857142857142857,0.15384615384615385,1
671976,FF,4-Seam FB,Fastball,566,0.22895622895622897,0.771043771043771,0.5037037037037037,0.3627766622516556,80.99905213270144,0.5335689045936396,160,0.2740740740740741,0.37579617834394907,0.22962962962962957,0.11875,0.16875,0.12014134275618374,5
671976,SI,Sinker,Fastball,277,0.14285714285714285,0.8571428571428572,0.3076923076923077,0.3028093333333334,79.19912280701753,0.5631768953068592,88,0.23076923076923078,0.3103448275862069,0.07692307692307693,0.06818181818181818,0.09090909090909091,0.07581227436823104,1
671976,CH,Changeup,Offspeed,211,0.24390243902439024,0.7560975609756098,0.3392857142857143,0.2877389285714286,80.77999999999999,0.45023696682464454,58,0.26785714285714285,0.29310344827586204,0.07142857142857145,0.034482758620689655,0.20689655172413793,0.14218009478672985,1
671976,SL,Slider,Breaking,209,0.3089430894308943,0.6910569105691057,0.5,0.21702983050847457,81.5632911392405,0.47368421052631576,61,0.25,0.26666666666666666,0.25,0.03278688524590164,0.26229508196721313,0.18181818181818182,2
671976,CU,Curveball,Breaking,169,0.27380952380952384,0.7261904761904762,0.21052631578947367,0.25302009523809527,81.25090909090909,0.4437869822485207,43,0.13157894736842105,0.23255813953488372,0.07894736842105263,0.06976744186046512,0.32558139534883723,0.13609467455621302,0
671976,FC,Cutter,Fastball,168,0.14942528735632185,0.8505747126436781,0.6111111111111112,0.3711535813953489,82.73913043478261,0.5059523809523809,43,0.3611111111111111,0.46511627906976744,0.25000000000000006,0.11627906976744186,0.13953488372093023,0.07738095238095238,1
671976,ST,Sweeper,Breaking,90,0.175,0.825,1.0666666666666667,0.32804575,78.46896551724136,0.4888888888888889,17,0.4666666666666667,0.5294117647058824,0.6,0.058823529411764705,0.17647058823529413,0.07777777777777778,2
671976,FS,Splitter,Offspeed,75,0.3953488372093023,0.6046511627906976,0.45454545454545453,0.3384285714285714,78.6,0.37333333333333335,22,0.36363636363636365,0.36363636363636365,0.09090909090909088,0.0,0.18181818181818182,0.22666666666666666,0
671976,KC,Knuckle-Curve,Breaking,34,0.15789473684210525,0.8421052631578947,0.16666666666666666,0.4034788571428571,80.15333333333334,0.47058823529411764,7,0.16666666666666666,0.2857142857142857,0.0,0.0,0.0,0.08823529411764706,0
672012,FF,4-Seam FB,Fastball,49,0.21428571428571427,0.7857142857142857,0.3333333333333333,0.07300000000000001,81.89545454545456,0.5510204081632653,9,0.2222222222222222,0.2222222222222222,0.1111111111111111,0.0,0.2222222222222222,0.12244897959183673,0
672016,FF,4-Seam FB,Fastball,151,0.2191780821917808,0.7808219178082192,0.23529411764705882,0.248121875,82.02340425531915,0.5364238410596026,40,0.17647058823529413,0.28205128205128205,0.05882352941176469,0.125,0.25,0.10596026490066225,0
672016,SI,Sinker,Fastball,71,0.36363636363636365,0.6363636363636364,0.11764705882352941,0.16757666666666665,74.78125,0.5774647887323944,18,0.11764705882352941,0.16666666666666666,0.0,0.05555555555555555,0.3333333333333333,0.16901408450704225,0
672016,SL,Slider,Breaking,55,0.5,0.5,0.14285714285714285,0.11472727272727273,83.80000000000001,0.34545454545454546,15,0.14285714285714285,0.14285714285714285,0.0,0.0,0.4,0.2545454545454545,0
672016,CH,Changeup,Offspeed,41,0.47058823529411764,0.5294117647058824,0.09090909090909091,0.214938,83.5,0.34146341463414637,13,0.09090909090909091,0.23076923076923078,0.0,0.15384615384615385,0.3076923076923077,0.1951219512195122,0
672016,ST,Sweeper,Breaking,29,0.25,0.75,0.0,0.0,73.1,0.41379310344827586,3,0.0,0.0,0.0,0.0,0.3333333333333333,0.06896551724137931,0
672016,CU,Curveball,Breaking,25,0.6666666666666666,0.33333333333333337,0.0,0.15123,83.2,0.32,8,0.0,0.125,0.0,0.125,0.625,0.24,0
672275,FF,4-Seam FB,Fastball,452,0.23873873873873874,0.7612612612612613,0.3894736842105263,0.3605463551401869,83.0474025974026,0.5376106194690266,115,0.23157894736842105,0.34210526315789475,0.15789473684210525,0.14782608695652175,0.3130434782608696,0.1172566371681416,4
672275,SI,Sinker,Fastball,199,0.12244897959183673,0.8775510204081632,0.3111111111111111,0.3101048979591837,84.09240506329112,0.5728643216080402,49,0.2,0.24489795918367346,0.1111111111111111,0.061224489795918366,0.16326530612244897,0.06030150753768844,1
672275,CH,Changeup,Offspeed,193,0.29,0.71,0.2727272727272727,0.2363103703703704,82.3969696969697,0.39378238341968913,57,0.14545454545454545,0.17543859649122806,0.12727272727272726,0.03508771929824561,0.19298245614035087,0.15025906735751296,2
672275,SL,Slider,Breaking,152,0.3333333333333333,0.6666666666666667,0.47368421052631576,0.27173684210526317,84.27115384615385,0.4276315789473684,39,0.3157894736842105,0.3157894736842105,0.15789473684210525,0.0,0.3076923076923077,0.19078947368421054,2
672275,FC,Cutter,Fastball,105,0.23728813559322035,0.7627118644067796,0.2727272727272727,0.31925619047619047,84.96904761904763,0.5714285714285714,23,0.18181818181818182,0.21739130434782608,0.09090909090909088,0.043478260869565216,0.17391304347826086,0.13333333333333333,0
672275,CU,Curveball,Breaking,101,0.40476190476190477,0.5952380952380952,0.25,0.2585377777777778,82.425,0.36633663366336633,30,0.125,0.27586206896551724,0.125,0.16666666666666666,0.3333333333333333,0.16831683168316833,1
672275,ST,Sweeper,Breaking,79,0.40625,0.59375,0.17647058823529413,0.2649635294117647,83.74736842105263,0.3670886075949367,18,0.11764705882352941,0.16666666666666666,0.05882352941176472,0.05555555555555555,0.3333333333333333,0.16455696202531644,0
672275,FS,Splitter,Offspeed,64,0.375,0.625,0.15384615384615385,0.266,77.66111111111111,0.328125,13,0.15384615384615385,0.15384615384615385,0.0,0.0,0.23076923076923078,0.1875,0
672275,KC,Knuckle-Curve,Breaking,37,0.25,0.75,0.375,0.436928,87.76,0.40540540540540543,9,0.375,0.4444444444444444,0.0,0.0,0.2222222222222222,0.10810810810810811,0
672284,FF,4-Seam FB,Fastball,100,0.21052631578947367,0.7894736842105263,0.23076923076923078,0.47133,84.04814814814814,0.51,20,0.23076923076923078,0.5,0.0,0.35,0.25,0.08,0
672284,CH,Changeup,Offspeed,75,0.5121951219512195,0.4878048780487805,0.3181818181818182,0.29242434782608695,85.46842105263158,0.44,24,0.18181818181818182,0.25,0.13636363636363635,0.08333333333333333,0.375,0.28,1
672284,SL,Slider,Breaking,54,0.5333333333333333,0.4666666666666667,0.1875,0.30315384615384616,85.25833333333333,0.37037037037037035,16,0.125,0.125,0.0625,0.0,0.4375,0.2962962962962963,0
672284,SI,Sinker,Fastball,44,0.14285714285714285,0.8571428571428572,0.1111111111111111,0.37863800000000003,84.8529411764706,0.5227272727272727,10,0.1111111111111111,0.2,0.0,0.1,0.1,0.06818181818181818,0
672284,FC,Cutter,Fastball,32,0.6363636363636364,0.36363636363636365,0.25,0.01,71.16666666666667,0.40625,5,0.25,0.4,0.0,0.2,0.6,0.21875,0
672284,ST,Sweeper,Breaking,30,0.4444444444444444,0.5555555555555556,0.5,0.44687599999999994,77.14000000000001,0.4,5,0.5,0.6,0.0,0.2,0.2,0.13333333333333333,0
672356,FF,4-Seam FB,Fastball,209,0.4444444444444444,0.5555555555555556,0.21153846153846154,0.156008085106383,81.93818181818183,0.5119617224880383,54,0.21153846153846154,0.24074074074074073,0.0,0.037037037037037035,0.46296296296296297,0.22966507177033493,0
672356,SI,Sinker,Fastball,103,0.20454545454545456,0.7954545454545454,0.2777777777777778,0.29689058823529413,80.53793103448275,0.49514563106796117,22,0.2777777777777778,0.4090909090909091,0.0,0.18181818181818182,0.13636363636363635,0.08737864077669903,0
672356,SL,Slider,Breaking,101,0.5,0.5,0.5,0.365769,87.9090909090909,0.43564356435643564,23,0.18181818181818182,0.21739130434782608,0.3181818181818182,0.043478260869565216,0.34782608695652173,0.2376237623762376,2
672356,ST,Sweeper,Breaking,71,0.5405405405405406,0.45945945945945943,0.47619047619047616,0.28171428571428575,84.675,0.4084507042253521,21,0.2857142857142857,0.2857142857142857,0.19047619047619047,0.0,0.47619047619047616,0.28169014084507044,1
672356,CH,Changeup,Offspeed,51,0.6666666666666666,0.33333333333333337,0.23076923076923078,0.15984615384615383,84.73333333333332,0.39215686274509803,14,0.23076923076923078,0.2857142857142857,0.0,0.07142857142857142,0.5714285714285714,0.43137254901960786,0
672356,CU,Curveball,Breaking,32,0.4117647058823529,0.5882352941176471,1.1111111111111112,0.649888888888889,86.15,0.375,10,0.4444444444444444,0.5,0.6666666666666667,0.0,0.3,0.21875,2
672386,SI,Sinker,Fastball,358,0.10135135135135136,0.8986486486486487,0.4177215189873418,0.32302505747126437,82.6296875,0.5614525139664804,91,0.34177215189873417,0.4175824175824176,0.07594936708860761,0.12087912087912088,0.0989010989010989,0.04189944134078212,1
672386,FF,4-Seam FB,Fastball,320,0.2204724409448819,0.7795275590551181,0.4883720930232558,0.33375872340425533,84.37912087912088,0.509375,51,0.27906976744186046,0.39215686274509803,0.20930232558139533,0.1568627450980392,0.27450980392156865,0.0875,3
672386,SL,Slider,Breaking,167,0.1839080459770115,0.8160919540229885,0.46296296296296297,0.3269803921568628,83.89285714285714,0.46107784431137727,55,0.3148148148148148,0.32727272727272727,0.14814814814814814,0.01818181818181818,0.09090909090909091,0.09580838323353294,2
672386,FC,Cutter,Fastball,116,0.0392156862745098,0.9607843137254902,0.3793103448275862,0.35521885714285717,82.98163265306121,0.5689655172413793,36,0.1724137931034483,0.3333333333333333,0.2068965517241379,0.19444444444444445,0.0,0.017241379310344827,2
672386,ST,Sweeper,Breaking,103,0.25925925925925924,0.7407407407407407,0.4666666666666667,0.14896666666666666,82.15882352941175,0.39805825242718446,32,0.16666666666666666,0.15625,0.30000000000000004,0.0,0.21875,0.13592233009708737,3
672386,CH,Changeup,Offspeed,88,0.16666666666666666,0.8333333333333334,0.3333333333333333,0.2970833333333333,84.6970588235294,0.375,24,0.2916666666666667,0.2916666666666667,0.04166666666666663,0.0,0.041666666666666664,0.07954545454545454,0
672386,CU,Curveball,Breaking,77,0.26666666666666666,0.7333333333333334,0.21052631578947367,0.247119,80.08500000000001,0.4025974025974026,20,0.15789473684210525,0.2,0.05263157894736842,0.05,0.25,0.1038961038961039,0
672515,FF,4-Seam FB,Fastball,719,0.15,0.85,0.5846153846153846,0.40839482926829274,83.2448132780083,0.48956884561891517,167,0.33076923076923076,0.45180722891566266,0.2538461538461539,0.18562874251497005,0.16766467065868262,0.06258692628650904,7
672515,SI,Sinker,Fastball,489,0.03867403314917127,0.9613259668508287,0.5520833333333334,0.4200543157894736,84.97749999999999,0.5807770961145194,117,0.40625,0.5042735042735043,0.14583333333333337,0.1623931623931624,0.042735042735042736,0.014314928425357873,2
672515,SL,Slider,Breaking,374,0.2064516129032258,0.7935483870967742,0.3835616438356164,0.26619921052631584,81.56810344827586,0.4117647058823529,78,0.2191780821917808,0.24358974358974358,0.1643835616438356,0.038461538461538464,0.19230769230769232,0.0855614973262032,3
672515,ST,Sweeper,Breaking,214,0.18604651162790697,0.813953488372093,0.6304347826086957,0.3922444166666666,84.6923076923077,0.43457943925233644,49,0.391304347826087,0.40816326530612246,0.2391304347826087,0.02040816326530612,0.1836734693877551,0.07476635514018691,2
672515,CH,Changeup,Offspeed,205,0.14814814814814814,0.8518518518518519,0.4230769230769231,0.3396448571428571,84.40116279069767,0.3853658536585366,56,0.2692307692307692,0.30357142857142855,0.15384615384615385,0.03571428571428571,0.125,0.07804878048780488,2
672515,FC,Cutter,Fastball,185,0.1746031746031746,0.8253968253968254,0.53125,0.39084777777777785,83.9,0.4864864864864865,37,0.3125,0.40540540540540543,0.21875,0.13513513513513514,0.02702702702702703,0.05945945945945946,1
672515,CU,Curveball,Breaking,134,0.23076923076923078,0.7692307692307692,0.20833333333333334,0.23109407999999998,83.56750000000001,0.34328358208955223,26,0.16666666666666666,0.19230769230769232,0.041666666666666685,0.0,0.3076923076923077,0.08955223880597014,0
672515,FS,Splitter,Offspeed,70,0.2857142857142857,0.7142857142857143,0.47058823529411764,0.25861894736842106,81.9090909090909,0.3,19,0.29411764705882354,0.3684210526315789,0.1764705882352941,0.10526315789473684,0.21052631578947367,0.14285714285714285,1
672580,FF,4-Seam FB,Fastball,399,0.125,0.875,0.41935483870967744,0.36158392156862745,85.35,0.5739348370927319,105,0.3225806451612903,0.4,0.09677419354838712,0.11428571428571428,0.11428571428571428,0.05263157894736842,1
672580,SI,Sinker,Fastball,324,0.07258064516129033,0.9274193548387096,0.2911392405063291,0.3237206818181818,86.66851851851852,0.5771604938271605,90,0.189873417721519,0.2777777777777778,0.10126582278481011,0.1111111111111111,0.13333333333333333,0.027777777777777776,1
672580,ST,Sweeper,Breaking,155,0.27450980392156865,0.7254901960784313,0.2857142857142857,0.24728564102564102,78.84285714285714,0.33548387096774196,39,0.17142857142857143,0.23076923076923078,0.11428571428571427,0.07692307692307693,0.28205128205128205,0.09032258064516129,1
672580,SL,Slider,Breaking,145,0.19642857142857142,0.8035714285714286,0.32432432432432434,0.25962526315789475,83.59545454545454,0.4689655172413793,39,0.2702702702702703,0.3076923076923077,0.05405405405405406,0.05128205128205128,0.20512820512820512,0.07586206896551724,0
672580,FC,Cutter,Fastball,137,0.17543859649122806,0.8245614035087719,0.4482758620689655,0.319535625,84.63829787234043,0.5255474452554745,32,0.27586206896551724,0.34375,0.1724137931034483,0.09375,0.125,0.072992700729927,0
672580,CH,Changeup,Offspeed,74,0.07142857142857142,0.9285714285714286,0.4444444444444444,0.1775625,76.12499999999999,0.35135135135135137,19,0.2777777777777778,0.3157894736842105,0.16666666666666663,0.05263157894736842,0.0,0.02702702702702703,0
672580,CU,Curveball,Breaking,57,0.15,0.85,0.7142857142857143,0.41695571428571426,86.27058823529411,0.3508771929824561,15,0.42857142857142855,0.4666666666666667,0.28571428571428575,0.06666666666666667,0.13333333333333333,0.05263157894736842,0
672613,FF,4-Seam FB,Fastball,61,0.19444444444444445,0.8055555555555556,0.4117647058823529,0.20866666666666667,82.28965517241377,0.639344262295082,17,0.23529411764705882,0.23529411764705882,0.1764705882352941,0.0,0.23529411764705882,0.11475409836065574,0
672640,FF,4-Seam FB,Fastball,604,0.1169811320754717,0.8830188679245283,0.5970149253731343,0.4219051156462585,86.53612334801763,0.5496688741721855,151,0.3656716417910448,0.4304635761589404,0.2313432835820895,0.09933774834437085,0.09933774834437085,0.05132450331125828,6
672640,SI,Sinker,Fastball,495,0.06796116504854369,0.9320388349514563,0.4789915966386555,0.4313869352517986,87.285,0.5818181818181818,142,0.33613445378151263,0.4295774647887324,0.14285714285714285,0.09859154929577464,0.07042253521126761,0.028282828282828285,2
672640,SL,Slider,Breaking,405,0.2803738317757009,0.719626168224299,0.46846846846846846,0.31563280701754387,81.67755102040816,0.4666666666666667,117,0.34234234234234234,0.35344827586206895,0.12612612612612611,0.02564102564102564,0.09401709401709402,0.14814814814814814,2
672640,CH,Changeup,Offspeed,273,0.29375,0.70625,0.2962962962962963,0.19824837647058824,76.73203883495145,0.3882783882783883,86,0.2222222222222222,0.2441860465116279,0.07407407407407407,0.023255813953488372,0.2558139534883721,0.17216117216117216,1
672640,ST,Sweeper,Breaking,272,0.20754716981132076,0.7924528301886793,0.3275862068965517,0.26893535714285716,77.06543209876543,0.3860294117647059,60,0.25862068965517243,0.26666666666666666,0.06896551724137928,0.016666666666666666,0.1,0.08088235294117647,0
672640,FC,Cutter,Fastball,228,0.13131313131313133,0.8686868686868687,0.40350877192982454,0.29004033898305087,83.93125,0.5657894736842105,59,0.3157894736842105,0.3220338983050847,0.08771929824561403,0.01694915254237288,0.05084745762711865,0.05701754385964912,0
672640,CU,Curveball,Breaking,151,0.2857142857142857,0.7142857142857143,0.1935483870967742,0.19481647058823526,75.87179487179488,0.3841059602649007,34,0.12903225806451613,0.17647058823529413,0.06451612903225806,0.058823529411764705,0.35294117647058826,0.11920529801324503,0
672640,FS,Splitter,Offspeed,85,0.3333333333333333,0.6666666666666667,0.4666666666666667,0.20229032258064517,83.88064516129033,0.32941176470588235,31,0.26666666666666666,0.25806451612903225,0.2,0.0,0.25806451612903225,0.2,1
672640,KC,Knuckle-Curve,Breaking,50,0.35714285714285715,0.6428571428571428,0.2777777777777778,0.19241,79.25,0.34,20,0.2222222222222222,0.2631578947368421,0.05555555555555558,0.05,0.2,0.2,0
672695,FF,4-Seam FB,Fastball,1021,0.10804020100502512,0.8919597989949749,0.4861878453038674,0.35724230414746544,81.01933534743203,0.5768854064642507,230,0.30939226519337015,0.4424778761061947,0.17679558011049723,0.19130434782608696,0.10869565217391304,0.04211557296767875,5
672695,SI,Sinker,Fastball,431,0.08771929824561403,0.9122807017543859,0.2980769230769231,0.3489383870967742,85.76137931034482,0.6032482598607889,126,0.25,0.38095238095238093,0.04807692307692307,0.1746031746031746,0.14285714285714285,0.03480278422273782,1
672695,CH,Changeup,Offspeed,377,0.12352941176470589,0.8764705882352941,0.3707865168539326,0.3067306930693069,81.22898550724638,0.35013262599469497,104,0.24719101123595505,0.3106796116504854,0.12359550561797755,0.09615384615384616,0.0673076923076923,0.05570291777188329,2
672695,SL,Slider,Breaking,321,0.15748031496062992,0.8425196850393701,0.4057971014492754,0.3295299487179487,83.25940594059406,0.48598130841121495,80,0.2898550724637681,0.3670886075949367,0.11594202898550726,0.075,0.175,0.06230529595015576,1
672695,FC,Cutter,Fastball,262,0.1320754716981132,0.8679245283018868,0.20454545454545456,0.29437807692307694,80.53953488372093,0.549618320610687,56,0.1590909090909091,0.2641509433962264,0.04545454545454547,0.125,0.125,0.05343511450381679,0
672695,CU,Curveball,Breaking,188,0.14634146341463414,0.8536585365853658,0.25,0.28594714285714284,81.95,0.3404255319148936,28,0.25,0.35714285714285715,0.0,0.14285714285714285,0.21428571428571427,0.031914893617021274,0
672695,ST,Sweeper,Breaking,159,0.10869565217391304,0.8913043478260869,0.45,0.3124383333333334,78.95428571428572,0.4591194968553459,24,0.3,0.4166666666666667,0.15000000000000002,0.16666666666666666,0.16666666666666666,0.031446540880503145,0
672695,FS,Splitter,Offspeed,107,0.14035087719298245,0.8596491228070176,0.3548387096774194,0.297668125,80.5,0.37383177570093457,33,0.1935483870967742,0.21875,0.16129032258064518,0.030303030303030304,0.09090909090909091,0.07476635514018691,0
672695,KC,Knuckle-Curve,Breaking,40,0.09090909090909091,0.9090909090909091,0.0,0.2896704,73.63000000000001,0.35,5,0.0,0.2,0.0,0.0,0.4,0.025,0
672724,FF,4-Seam FB,Fastball,446,0.256198347107438,0.743801652892562,0.32323232323232326,0.3029856226415094,79.90295857988164,0.5358744394618834,112,0.21212121212121213,0.2972972972972973,0.11111111111111113,0.08035714285714286,0.30357142857142855,0.13901345291479822,3
672724,SI,Sinker,Fastball,260,0.11278195488721804,0.887218045112782,0.3793103448275862,0.3157807333333333,80.66055045871559,0.5423076923076923,63,0.3103448275862069,0.36507936507936506,0.06896551724137928,0.047619047619047616,0.06349206349206349,0.057692307692307696,0
672724,SL,Slider,Breaking,205,0.34710743801652894,0.6528925619834711,0.2962962962962963,0.21787755102040818,82.61304347826086,0.45365853658536587,54,0.2222222222222222,0.2222222222222222,0.07407407407407407,0.0,0.3333333333333333,0.2048780487804878,0
672724,CH,Changeup,Offspeed,154,0.3516483516483517,0.6483516483516483,0.35714285714285715,0.22620186666666667,77.41964285714286,0.33116883116883117,45,0.19047619047619047,0.24444444444444444,0.16666666666666669,0.022222222222222223,0.3111111111111111,0.2077922077922078,2
672724,CU,Curveball,Breaking,122,0.4482758620689655,0.5517241379310345,0.1111111111111111,0.24209420689655176,78.05357142857143,0.4262295081967213,29,0.1111111111111111,0.1724137931034483,0.0,0.034482758620689655,0.4827586206896552,0.21311475409836064,0
672724,ST,Sweeper,Breaking,119,0.4090909090909091,0.5909090909090908,0.42424242424242425,0.3065864444444445,77.03888888888889,0.37815126050420167,36,0.30303030303030304,0.3611111111111111,0.12121212121212122,0.05555555555555555,0.3333333333333333,0.226890756302521,1
672724,FC,Cutter,Fastball,86,0.2692307692307692,0.7307692307692308,0.5,0.36746399999999996,83.1257142857143,0.5116279069767442,19,0.2777777777777778,0.3157894736842105,0.2222222222222222,0.0,0.21052631578947367,0.16279069767441862,1
672724,KC,Knuckle-Curve,Breaking,25,0.6923076923076923,0.3076923076923077,0.0,0.014875,72.65,0.2,9,0.0,0.0,0.0,0.0,0.7777777777777778,0.36,0
672761,FF,4-Seam FB,Fastball,238,0.1619047619047619,0.8380952380952381,0.2413793103448276,0.27701118644067796,83.62151898734177,0.5294117647058824,66,0.13793103448275862,0.24242424242424243,0.10344827586206898,0.12121212121212122,0.19696969696969696,0.07142857142857142,2
672761,CH,Changeup,Offspeed,123,0.24615384615384617,0.7538461538461538,0.5294117647058824,0.19873878787878788,81.31063829787234,0.36585365853658536,35,0.20588235294117646,0.22857142857142856,0.3235294117647059,0.02857142857142857,0.17142857142857143,0.13008130081300814,3
672761,SI,Sinker,Fastball,101,0.09615384615384616,0.9038461538461539,0.5806451612903226,0.39456121212121215,86.60232558139533,0.5643564356435643,35,0.2903225806451613,0.37142857142857144,0.2903225806451613,0.11428571428571428,0.05714285714285714,0.04950495049504951,2
672761,FC,Cutter,Fastball,57,0.21875,0.78125,0.5333333333333333,0.2359557142857143,80.41250000000001,0.5614035087719298,16,0.26666666666666666,0.3125,0.26666666666666666,0.0625,0.1875,0.12280701754385964,1
672761,SL,Slider,Breaking,55,0.17391304347826086,0.8260869565217391,0.0,0.19285714285714287,82.14705882352939,0.45454545454545453,8,0.0,0.0,0.0,0.0,0.125,0.07272727272727272,0
672761,ST,Sweeper,Breaking,46,0.2,0.8,0.25,0.2867272727272727,81.2625,0.6521739130434783,12,0.25,0.25,0.0,0.0,0.3333333333333333,0.08695652173913043,0
672761,CU,Curveball,Breaking,42,0.18181818181818182,0.8181818181818181,0.0,0.18733333333333335,84.8125,0.38095238095238093,6,0.0,0.0,0.0,0.0,0.16666666666666666,0.047619047619047616,0
672820,FF,4-Seam FB,Fastball,127,0.13636363636363635,0.8636363636363636,0.30434782608695654,0.24131578947368415,81.4132075471698,0.4330708661417323,24,0.21739130434782608,0.25,0.08695652173913046,0.041666666666666664,0.20833333333333334,0.07086614173228346,0
672820,SI,Sinker,Fastball,72,0.20512820512820512,0.7948717948717949,0.3181818181818182,0.2991904761904762,85.69285714285715,0.5694444444444444,22,0.2727272727272727,0.2727272727272727,0.04545454545454547,0.0,0.22727272727272727,0.1111111111111111,0
672820,SL,Slider,Breaking,72,0.2972972972972973,0.7027027027027026,0.2,0.20973333333333335,78.76,0.3333333333333333,15,0.13333333333333333,0.13333333333333333,0.06666666666666668,0.0,0.3333333333333333,0.1527777777777778,0
672820,ST,Sweeper,Breaking,54,0.20689655172413793,0.7931034482758621,0.15789473684210525,0.10305555555555555,82.07391304347826,0.35185185185185186,19,0.10526315789473684,0.10526315789473684,0.05263157894736842,0.0,0.15789473684210525,0.1111111111111111,0
672820,FC,Cutter,Fastball,52,0.1935483870967742,0.8064516129032258,0.5454545454545454,0.4690352,80.3695652173913,0.4807692307692308,13,0.2727272727272727,0.3333333333333333,0.2727272727272727,0.0,0.0,0.11538461538461539,0
672820,CH,Changeup,Offspeed,45,0.3448275862068966,0.6551724137931034,0.4117647058823529,0.3016,87.2578947368421,0.35555555555555557,17,0.23529411764705882,0.23529411764705882,0.1764705882352941,0.0,0.29411764705882354,0.2222222222222222,1
672820,CU,Curveball,Breaking,35,0.35,0.65,0.0,0.15243800000000002,84.12307692307692,0.2857142857142857,10,0.0,0.1,0.0,0.1,0.4,0.2,0
672960,FF,4-Seam FB,Fastball,650,0.3069908814589666,0.6930091185410334,0.5576923076923077,0.3895413714285715,86.78930232558139,0.5061538461538462,182,0.28205128205128205,0.3791208791208791,0.27564102564102566,0.13736263736263737,0.25824175824175827,0.15538461538461537,12
672960,SI,Sinker,Fastball,527,0.2261904761904762,0.7738095238095238,0.47368421052631576,0.35894885039370084,85.39602272727274,0.5559772296015181,127,0.22807017543859648,0.2992125984251969,0.24561403508771928,0.07874015748031496,0.18110236220472442,0.10815939278937381,8
672960,SL,Slider,Breaking,402,0.4222222222222222,0.5777777777777777,0.45454545454545453,0.30981428571428576,83.97216494845361,0.4577114427860697,98,0.22727272727272727,0.30612244897959184,0.22727272727272727,0.10204081632653061,0.3673469387755102,0.1890547263681592,5
672960,ST,Sweeper,Breaking,319,0.390625,0.609375,0.4444444444444444,0.283699186440678,79.26086956521739,0.41379310344827586,60,0.24074074074074073,0.31666666666666665,0.2037037037037037,0.08333333333333333,0.38333333333333336,0.15673981191222572,3
672960,FC,Cutter,Fastball,292,0.37857142857142856,0.6214285714285714,0.2962962962962963,0.23204951724137934,81.72839506172839,0.5273972602739726,60,0.14814814814814814,0.23333333333333334,0.14814814814814814,0.08333333333333333,0.26666666666666666,0.1815068493150685,2
672960,CH,Changeup,Offspeed,244,0.32456140350877194,0.6754385964912281,0.33962264150943394,0.31197985714285714,81.21095890410959,0.4098360655737705,59,0.18867924528301888,0.2542372881355932,0.15094339622641506,0.06779661016949153,0.3220338983050847,0.15163934426229508,2
672960,CU,Curveball,Breaking,150,0.33783783783783783,0.6621621621621622,0.35294117647058826,0.2344092222222222,83.32,0.49333333333333335,36,0.23529411764705882,0.2777777777777778,0.11764705882352944,0.027777777777777776,0.3055555555555556,0.16666666666666666,0
672960,FS,Splitter,Offspeed,54,0.34615384615384615,0.6538461538461539,0.5,0.2990345454545454,79.3,0.42592592592592593,11,0.2,0.2727272727272727,0.3,0.09090909090909091,0.45454545454545453,0.16666666666666666,1
672960,KC,Knuckle-Curve,Breaking,54,0.20833333333333334,0.7916666666666666,0.5,0.42119999999999996,89.8,0.4444444444444444,10,0.4,0.4,0.09999999999999998,0.0,0.2,0.09259259259259259,0
673237,FF,4-Seam FB,Fastball,285,0.24848484848484848,0.7515151515151515,0.5277777777777778,0.2976202702702702,82.57777777777777,0.5228070175438596,78,0.2777777777777778,0.3333333333333333,0.25,0.07692307692307693,0.2692307692307692,0.14385964912280702,5
673237,SI,Sinker,Fastball,233,0.13513513513513514,0.8648648648648649,0.47692307692307695,0.3308710909090909,84.2076923076923,0.5278969957081545,70,0.3230769230769231,0.36231884057971014,0.15384615384615385,0.04285714285714286,0.11428571428571428,0.06437768240343347,2
673237,SL,Slider,Breaking,193,0.25833333333333336,0.7416666666666667,0.576271186440678,0.3562033898305084,82.33012048192771,0.43005181347150256,59,0.3220338983050847,0.3220338983050847,0.25423728813559326,0.0,0.15254237288135594,0.16062176165803108,3
673237,ST,Sweeper,Breaking,123,0.19402985074626866,0.8059701492537313,0.19047619047619047,0.29475609756097565,86.998,0.5040650406504065,43,0.19047619047619047,0.18604651162790697,0.0,0.0,0.13953488372093023,0.10569105691056911,0
673237,CH,Changeup,Offspeed,118,0.19736842105263158,0.8026315789473684,0.5,0.2928114285714286,85.77272727272727,0.3813559322033898,50,0.3541666666666667,0.38,0.14583333333333331,0.04,0.12,0.1271186440677966,1
673237,FC,Cutter,Fastball,91,0.1864406779661017,0.8135593220338984,0.3,0.3100436129032258,82.15,0.5714285714285714,31,0.2,0.22580645161290322,0.09999999999999998,0.0,0.0967741935483871,0.12087912087912088,1
673237,CU,Curveball,Breaking,67,0.20588235294117646,0.7941176470588236,0.2,0.19943411764705882,79.78076923076924,0.3283582089552239,17,0.13333333333333333,0.17647058823529413,0.06666666666666668,0.058823529411764705,0.11764705882352941,0.1044776119402985,0
673237,FS,Splitter,Offspeed,34,0.3157894736842105,0.6842105263157895,0.8888888888888888,0.42288472727272725,82.62307692307692,0.35294117647058826,11,0.2222222222222222,0.36363636363636365,0.6666666666666666,0.09090909090909091,0.18181818181818182,0.17647058823529413,2
673237,KC,Knuckle-Curve,Breaking,32,0.3333333333333333,0.6666666666666667,0.2857142857142857,0.21042857142857144,80.53,0.3125,7,0.2857142857142857,0.2857142857142857,0.0,0.0,0.14285714285714285,0.15625,0
673357,FF,4-Seam FB,Fastball,268,0.25675675675675674,0.7432432432432432,0.4857142857142857,0.31828499999999993,82.56930693069307,0.503731343283582,80,0.24285714285714285,0.31645569620253167,0.24285714285714285,0.1,0.3,0.1417910447761194,5
673357,SI,Sinker,Fastball,205,0.12903225806451613,0.8709677419354839,0.36363636363636365,0.36423399999999995,85.94025974025973,0.5609756097560976,64,0.21818181818181817,0.3125,0.14545454545454548,0.125,0.140625,0.05853658536585366,2
673357,SL,Slider,Breaking,130,0.40350877192982454,0.5964912280701755,0.3448275862068966,0.3490812903225806,89.009375,0.33076923076923076,33,0.2413793103448276,0.3333333333333333,0.10344827586206898,0.12121212121212122,0.18181818181818182,0.17692307692307693,1
673357,ST,Sweeper,Breaking,98,0.3958333333333333,0.6041666666666667,0.3684210526315789,0.16943411764705882,80.72222222222223,0.45918367346938777,20,0.2631578947368421,0.3,0.10526315789473684,0.05,0.35,0.19387755102040816,0
673357,CH,Changeup,Offspeed,97,0.36,0.64,0.23076923076923078,0.24064461538461537,83.43793103448277,0.3402061855670103,14,0.23076923076923078,0.2857142857142857,0.0,0.07142857142857142,0.2857142857142857,0.18556701030927836,0
673357,FC,Cutter,Fastball,58,0.3055555555555556,0.6944444444444444,0.9285714285714286,0.58826,82.91250000000001,0.5517241379310345,15,0.2857142857142857,0.3333333333333333,0.6428571428571429,0.06666666666666667,0.06666666666666667,0.1896551724137931,3
673357,CU,Curveball,Breaking,51,0.25,0.75,0.1,0.10966666666666666,79.6625,0.4117647058823529,10,0.1,0.1,0.0,0.0,0.5,0.11764705882352941,0
673357,FS,Splitter,Offspeed,28,0.5,0.5,0.0,0.061,79.65,0.17857142857142858,3,0.0,0.0,0.0,0.0,0.6666666666666666,0.21428571428571427,0
673490,FF,4-Seam FB,Fastball,232,0.24742268041237114,0.7525773195876289,0.11363636363636363,0.2164247058823529,78.28636363636363,0.5258620689655172,51,0.11363636363636363,0.23529411764705882,0.0,0.13725490196078433,0.39215686274509803,0.10344827586206896,0
673490,SI,Sinker,Fastball,142,0.04918032786885246,0.9508196721311475,0.1724137931034483,0.238723125,77.58,0.5352112676056338,33,0.10344827586206896,0.1875,0.06896551724137932,0.09090909090909091,0.06060606060606061,0.02112676056338028,0
673490,SL,Slider,Breaking,62,0.2608695652173913,0.7391304347826086,0.2727272727272727,0.3079483333333333,84.18124999999999,0.4032258064516129,12,0.18181818181818182,0.25,0.09090909090909088,0.08333333333333333,0.16666666666666666,0.0967741935483871,0
673490,FC,Cutter,Fastball,54,0.2727272727272727,0.7272727272727273,0.08333333333333333,0.1880563076923077,75.95333333333333,0.6296296296296297,14,0.08333333333333333,0.21428571428571427,0.0,0.07142857142857142,0.2857142857142857,0.1111111111111111,0
673490,ST,Sweeper,Breaking,49,0.2,0.8,0.09090909090909091,0.12021636363636362,81.13333333333334,0.5510204081632653,12,0.09090909090909091,0.16666666666666666,0.0,0.08333333333333333,0.25,0.08163265306122448,0
673490,CH,Changeup,Offspeed,39,0.18181818181818182,0.8181818181818181,0.125,0.231125,81.26666666666665,0.358974358974359,8,0.125,0.125,0.0,0.0,0.25,0.10256410256410256,0
673548,FF,4-Seam FB,Fastball,743,0.17363344051446947,0.8263665594855305,0.5671641791044776,0.3851898352941176,83.06596638655462,0.5154777927321669,170,0.31343283582089554,0.45294117647058824,0.25373134328358204,0.2,0.21764705882352942,0.07267833109017496,8
673548,SI,Sinker,Fastball,506,0.125,0.875,0.4690265486725664,0.38941010526315784,83.7751515151515,0.5909090909090909,133,0.2920353982300885,0.39849624060150374,0.17699115044247787,0.13533834586466165,0.18796992481203006,0.05138339920948617,5
673548,SL,Slider,Breaking,461,0.2967032967032967,0.7032967032967032,0.46236559139784944,0.30094529411764703,81.31721311475408,0.4511930585683297,102,0.22580645161290322,0.29411764705882354,0.23655913978494622,0.08823529411764706,0.23529411764705882,0.11713665943600868,5
673548,ST,Sweeper,Breaking,314,0.3089430894308943,0.6910569105691057,0.34328358208955223,0.226852,82.18888888888888,0.4267515923566879,71,0.208955223880597,0.2535211267605634,0.13432835820895522,0.04225352112676056,0.39436619718309857,0.12101910828025478,2
673548,FC,Cutter,Fastball,211,0.32857142857142857,0.6714285714285715,0.3333333333333333,0.3121658,79.02272727272727,0.4597156398104265,40,0.24242424242424243,0.375,0.09090909090909088,0.15,0.225,0.10900473933649289,1
673548,CH,Changeup,Offspeed,208,0.32941176470588235,0.6705882352941177,0.5,0.3486712195121951,80.196,0.33653846153846156,41,0.25,0.3170731707317073,0.25,0.0975609756097561,0.2682926829268293,0.1346153846153846,2
673548,CU,Curveball,Breaking,151,0.2727272727272727,0.7272727272727273,0.46153846153846156,0.29304292682926825,84.97333333333333,0.41721854304635764,41,0.28205128205128205,0.3170731707317073,0.17948717948717952,0.04878048780487805,0.3170731707317073,0.11920529801324503,1
673548,KC,Knuckle-Curve,Breaking,48,0.35,0.65,0.1111111111111111,0.259238,80.29230769230769,0.3125,10,0.1111111111111111,0.2,0.0,0.1,0.3,0.14583333333333334,0
673548,FS,Splitter,Offspeed,37,0.4,0.6,0.8571428571428571,0.436875,91.47777777777779,0.40540540540540543,8,0.42857142857142855,0.375,0.42857142857142855,0.0,0.25,0.16216216216216217,1
673962,FF,4-Seam FB,Fastball,424,0.16176470588235295,0.8382352941176471,0.5,0.36970455652173917,84.63105590062112,0.5117924528301887,117,0.3,0.4017094017094017,0.2,0.11965811965811966,0.2222222222222222,0.07783018867924528,4
673962,SI,Sinker,Fastball,393,0.08602150537634409,0.9139784946236559,0.36082474226804123,0.33051907692307697,84.48903225806453,0.5877862595419847,106,0.25773195876288657,0.3113207547169811,0.10309278350515466,0.05660377358490566,0.10377358490566038,0.04071246819338423,2
673962,SL,Slider,Breaking,227,0.25471698113207547,0.7452830188679245,0.38333333333333336,0.33326459016393445,83.38831168831169,0.4713656387665198,63,0.3,0.3333333333333333,0.08333333333333337,0.047619047619047616,0.20634920634920634,0.11894273127753303,1
673962,ST,Sweeper,Breaking,196,0.17857142857142858,0.8214285714285714,0.43478260869565216,0.2977908695652174,82.8672131147541,0.41836734693877553,47,0.2826086956521739,0.2978723404255319,0.15217391304347827,0.02127659574468085,0.1702127659574468,0.07653061224489796,1
673962,CH,Changeup,Offspeed,136,0.2676056338028169,0.7323943661971831,0.5476190476190477,0.3024416,85.12553191489361,0.34558823529411764,48,0.35714285714285715,0.4166666666666667,0.19047619047619052,0.08333333333333333,0.22916666666666666,0.13970588235294118,1
673962,FC,Cutter,Fastball,133,0.20833333333333334,0.7916666666666666,0.8620689655172413,0.47714247058823533,82.6,0.45864661654135336,35,0.41379310344827586,0.4857142857142857,0.44827586206896547,0.08571428571428572,0.02857142857142857,0.11278195488721804,3
673962,CU,Curveball,Breaking,78,0.25,0.75,0.47058823529411764,0.43005999999999994,86.49565217391306,0.41025641025641024,20,0.23529411764705882,0.35,0.23529411764705882,0.15,0.15,0.10256410256410256,1
673962,KC,Knuckle-Curve,Breaking,39,0.3888888888888889,0.6111111111111112,0.5555555555555556,0.26257320000000006,79.44000000000001,0.23076923076923078,11,0.3333333333333333,0.45454545454545453,0.22222222222222227,0.09090909090909091,0.36363636363636365,0.1794871794871795,0
673962,FS,Splitter,Offspeed,29,0.3333333333333333,0.6666666666666667,0.4,0.3076,74.07777777777777,0.27586206896551724,5,0.4,0.4,0.0,0.0,0.4,0.1724137931034483,0
675085,FF,4-Seam FB,Fastball,27,0.1,0.9,0.2,0.0,82.85555555555555,0.4444444444444444,7,0.2,0.42857142857142855,0.0,0.2857142857142857,0.2857142857142857,0.037037037037037035,0
675659,FF,4-Seam FB,Fastball,39,0.34615384615384615,0.6538461538461539,0.0,0.15892857142857145,78.48750000000001,0.5384615384615384,16,0.0,0.0,0.0,0.0,0.4375,0.23076923076923078,0
675961,FF,4-Seam FB,Fastball,253,0.16447368421052633,0.8355263157894737,0.4067796610169492,0.312824262295082,77.84117647058822,0.5533596837944664,67,0.2542372881355932,0.3333333333333333,0.15254237288135597,0.1044776119402985,0.11940298507462686,0.09881422924901186,1
675961,SI,Sinker,Fastball,174,0.09278350515463918,0.9072164948453608,0.4117647058823529,0.310329076923077,83.192,0.6206896551724138,54,0.3137254901960784,0.35185185185185186,0.0980392156862745,0.037037037037037035,0.12962962962962962,0.05172413793103448,0
675961,SL,Slider,Breaking,125,0.36923076923076925,0.6307692307692307,0.1935483870967742,0.1441,74.57073170731707,0.432,32,0.0967741935483871,0.0967741935483871,0.0967741935483871,0.0,0.375,0.192,1
675961,CH,Changeup,Offspeed,92,0.26,0.74,0.2222222222222222,0.17096296296296296,75.30277777777776,0.44565217391304346,27,0.2222222222222222,0.2222222222222222,0.0,0.0,0.18518518518518517,0.14130434782608695,0
675961,ST,Sweeper,Breaking,92,0.42857142857142855,0.5714285714285714,0.19230769230769232,0.09677408,76.74761904761905,0.45652173913043476,27,0.07692307692307693,0.1111111111111111,0.11538461538461539,0.0,0.5185185185185185,0.1956521739130435,1
675961,CU,Curveball,Breaking,56,0.4117647058823529,0.5882352941176471,0.5714285714285714,0.21167249999999999,64.0625,0.39285714285714285,8,0.42857142857142855,0.5,0.14285714285714285,0.125,0.5,0.125,0
675961,FC,Cutter,Fastball,49,0.2,0.8,1.3333333333333333,0.31166666666666665,81.57894736842105,0.5714285714285714,17,0.6666666666666666,0.6875,0.6666666666666666,0.058823529411764705,0.17647058823529413,0.10204081632653061,1
676070,FF,4-Seam FB,Fastball,29,0.4,0.6,0.5714285714285714,0.0,75.525,0.5172413793103449,8,0.5714285714285714,0.625,0.0,0.125,0.375,0.20689655172413793,0
676356,FF,4-Seam FB,Fastball,427,0.2149122807017544,0.7850877192982456,0.34579439252336447,0.2571153982300885,79.94104046242774,0.522248243559719,118,0.2336448598130841,0.29310344827586204,0.11214953271028036,0.07627118644067797,0.2033898305084746,0.11475409836065574,2
676356,SL,Slider,Breaking,222,0.3644859813084112,0.6355140186915889,0.38596491228070173,0.22657821428571426,80.28484848484848,0.40540540540540543,58,0.21052631578947367,0.22413793103448276,0.17543859649122806,0.017241379310344827,0.2413793103448276,0.17567567567567569,2
676356,SI,Sinker,Fastball,216,0.11666666666666667,0.8833333333333333,0.5072463768115942,0.30033545454545457,81.87474747474748,0.6111111111111112,73,0.34782608695652173,0.375,0.1594202898550725,0.0410958904109589,0.1232876712328767,0.06481481481481481,1
676356,CH,Changeup,Offspeed,156,0.2903225806451613,0.7096774193548387,0.2857142857142857,0.21439904761904766,78.54218750000001,0.3525641025641026,45,0.23809523809523808,0.2727272727272727,0.047619047619047616,0.044444444444444446,0.15555555555555556,0.17307692307692307,0
676356,FC,Cutter,Fastball,142,0.2191780821917808,0.7808219178082192,0.6666666666666666,0.36265741935483875,81.71886792452831,0.528169014084507,31,0.43333333333333335,0.45161290322580644,0.23333333333333328,0.03225806451612903,0.06451612903225806,0.11267605633802817,2
676356,ST,Sweeper,Breaking,91,0.3617021276595745,0.6382978723404256,0.4117647058823529,0.21552666666666667,76.37586206896552,0.38461538461538464,35,0.17647058823529413,0.2,0.2352941176470588,0.02857142857142857,0.4857142857142857,0.18681318681318682,2
676356,CU,Curveball,Breaking,65,0.3103448275862069,0.6896551724137931,0.2222222222222222,0.14088888888888892,78.35789473684211,0.5538461538461539,9,0.2222222222222222,0.2222222222222222,0.0,0.0,0.3333333333333333,0.13846153846153847,0
676356,FS,Splitter,Offspeed,25,0.29411764705882354,0.7058823529411764,0.4,0.3968,91.03,0.4,5,0.4,0.4,0.0,0.0,0.2,0.2,0
676369,FF,4-Seam FB,Fastball,162,0.3977272727272727,0.6022727272727273,0.5111111111111111,0.2889672173913043,86.998,0.5123456790123457,49,0.2,0.2653061224489796,0.31111111111111106,0.061224489795918366,0.3877551020408163,0.21604938271604937,4
676369,CH,Changeup,Offspeed,67,0.5142857142857142,0.48571428571428577,0.0,0.1091,75.50000000000001,0.3880597014925373,10,0.0,0.0,0.0,0.0,0.5,0.26865671641791045,0
676369,SI,Sinker,Fastball,65,0.21052631578947367,0.7894736842105263,0.7058823529411765,0.5828599999999999,86.59655172413794,0.5692307692307692,20,0.35294117647058826,0.4,0.35294117647058826,0.1,0.05,0.12307692307692308,2
676369,FC,Cutter,Fastball,50,0.32,0.6799999999999999,0.6666666666666666,0.4226,81.05294117647058,0.52,12,0.3333333333333333,0.3333333333333333,0.3333333333333333,0.0,0.16666666666666666,0.16,1
676369,ST,Sweeper,Breaking,49,0.42105263157894735,0.5789473684210527,0.1111111111111111,0.3014285714285715,82.25999999999999,0.3877551020408163,9,0.1111111111111111,0.1111111111111111,0.0,0.0,0.4444444444444444,0.16326530612244897,0
676369,SL,Slider,Breaking,45,0.3888888888888889,0.6111111111111112,0.25,0.3320475,90.47999999999999,0.4222222222222222,10,0.25,0.4,0.0,0.2,0.4,0.15555555555555556,0
676369,CU,Curveball,Breaking,34,0.3333333333333333,0.6666666666666667,0.42857142857142855,0.39321400000000006,89.0,0.5294117647058824,10,0.2857142857142857,0.5,0.14285714285714285,0.3,0.2,0.08823529411764706,0
676391,FF,4-Seam FB,Fastball,506,0.1134020618556701,0.8865979381443299,0.40384615384615385,0.268614213836478,82.12570281124498,0.49209486166007904,164,0.26282051282051283,0.2926829268292683,0.14102564102564102,0.042682926829268296,0.054878048780487805,0.06521739130434782,3
676391,SI,Sinker,Fastball,399,0.03755868544600939,0.9624413145539906,0.4406779661016949,0.3132146031746032,82.10927835051547,0.5764411027568922,128,0.3389830508474576,0.375,0.1016949152542373,0.0625,0.03125,0.020050125313283207,2
676391,SL,Slider,Breaking,252,0.24666666666666667,0.7533333333333333,0.40476190476190477,0.2498124090909091,80.16181818181818,0.4444444444444444,89,0.2976190476190476,0.3258426966292135,0.10714285714285715,0.033707865168539325,0.19101123595505617,0.14682539682539683,2
676391,CH,Changeup,Offspeed,219,0.2391304347826087,0.7608695652173914,0.323943661971831,0.2199778082191781,75.48199999999999,0.3972602739726027,73,0.19718309859154928,0.2054794520547945,0.12676056338028172,0.0136986301369863,0.1643835616438356,0.1506849315068493,2
676391,ST,Sweeper,Breaking,185,0.3,0.7,0.28,0.21624964705882352,75.00588235294117,0.41621621621621624,53,0.24,0.2692307692307692,0.040000000000000036,0.018867924528301886,0.20754716981132076,0.16216216216216217,0
676391,FC,Cutter,Fastball,166,0.14285714285714285,0.8571428571428572,0.28,0.22347703703703703,79.84418604651162,0.4457831325301205,54,0.16,0.18518518518518517,0.12000000000000002,0.037037037037037035,0.05555555555555555,0.09036144578313253,0
676391,CU,Curveball,Breaking,121,0.14492753623188406,0.855072463768116,0.19047619047619047,0.20427499999999998,77.3103448275862,0.39669421487603307,42,0.16666666666666666,0.16666666666666666,0.023809523809523808,0.0,0.09523809523809523,0.08264462809917356,0
676391,KC,Knuckle-Curve,Breaking,40,0.2,0.8,0.23076923076923078,0.1926923076923077,78.3125,0.4,13,0.15384615384615385,0.15384615384615385,0.07692307692307693,0.0,0.07692307692307693,0.1,0
676391,FS,Splitter,Offspeed,39,0.08695652173913043,0.9130434782608696,0.36363636363636365,0.3780909090909091,72.395,0.358974358974359,11,0.36363636363636365,0.36363636363636365,0.0,0.0,0.0,0.05128205128205128,0
676439,FF,4-Seam FB,Fastball,316,0.14189189189189189,0.8581081081081081,0.4142857142857143,0.38257189873417724,84.88103448275862,0.5379746835443038,82,0.2,0.3170731707317073,0.2142857142857143,0.14634146341463414,0.21951219512195122,0.06645569620253164,3
676439,SI,Sinker,Fastball,142,0.17307692307692307,0.8269230769230769,0.30303030303030304,0.27545282051282055,82.45476190476191,0.5422535211267606,41,0.21212121212121213,0.35,0.09090909090909091,0.17073170731707318,0.17073170731707318,0.06338028169014084,0
676439,CH,Changeup,Offspeed,126,0.39285714285714285,0.6071428571428572,0.2857142857142857,0.30326758620689653,76.48750000000001,0.36507936507936506,31,0.25,0.2903225806451613,0.0357142857142857,0.06451612903225806,0.41935483870967744,0.1746031746031746,0
676439,SL,Slider,Breaking,120,0.34,0.6599999999999999,0.20833333333333334,0.2714466666666667,77.72187500000001,0.43333333333333335,26,0.20833333333333334,0.24,0.0,0.038461538461538464,0.38461538461538464,0.14166666666666666,0
676439,CU,Curveball,Breaking,103,0.21212121212121213,0.7878787878787878,0.2,0.1956111111111111,78.13333333333334,0.34951456310679613,22,0.15,0.15,0.05000000000000002,0.0,0.3181818181818182,0.06796116504854369,0
676439,FC,Cutter,Fastball,81,0.19047619047619047,0.8095238095238095,0.35,0.42512526315789473,88.07666666666667,0.5925925925925926,21,0.35,0.38095238095238093,0.0,0.047619047619047616,0.047619047619047616,0.09876543209876543,0
676439,ST,Sweeper,Breaking,75,0.2692307692307692,0.7307692307692308,0.0,0.17580746666666666,71.5,0.49333333333333335,15,0.0,0.2,0.0,0.13333333333333333,0.3333333333333333,0.09333333333333334,0
676439,KC,Knuckle-Curve,Breaking,39,0.38461538461538464,0.6153846153846154,0.125,0.064125,83.1625,0.5128205128205128,8,0.125,0.125,0.0,0.0,0.625,0.1282051282051282,0
676439,FS,Splitter,Offspeed,37,0.3333333333333333,0.6666666666666667,0.5714285714285714,0.414714,76.85999999999999,0.24324324324324326,10,0.5714285714285714,0.7,0.0,0.3,0.2,0.13513513513513514,0
676475,FF,4-Seam FB,Fastball,678,0.2050561797752809,0.7949438202247191,0.5185185185185185,0.401564023668639,87.0498127340824,0.48525073746312686,176,0.2777777777777778,0.3352272727272727,0.2407407407407407,0.07954545454545454,0.25,0.10766961651917405,10
676475,SI,Sinker,Fastball,399,0.20574162679425836,0.7942583732057417,0.5471698113207547,0.44115428571428567,88.14649681528662,0.5964912280701754,112,0.330188679245283,0.36607142857142855,0.2169811320754717,0.05357142857142857,0.0625,0.10776942355889724,5
676475,CH,Changeup,Offspeed,346,0.2,0.8,0.5204081632653061,0.32438135922330097,83.87450980392157,0.34971098265895956,105,0.3469387755102041,0.38095238095238093,0.17346938775510207,0.05714285714285714,0.17142857142857143,0.12138728323699421,2
676475,SL,Slider,Breaking,310,0.29310344827586204,0.7068965517241379,0.38461538461538464,0.3481762891566265,85.56754385964913,0.3774193548387097,90,0.24358974358974358,0.3146067415730337,0.14102564102564105,0.08888888888888889,0.17777777777777778,0.16451612903225807,3
676475,CU,Curveball,Breaking,238,0.25384615384615383,0.7461538461538462,0.45614035087719296,0.3182159365079365,85.72808988764045,0.40336134453781514,64,0.2631578947368421,0.34375,0.19298245614035087,0.078125,0.25,0.13865546218487396,3
676475,FC,Cutter,Fastball,218,0.23214285714285715,0.7678571428571428,0.5405405405405406,0.413253488372093,86.70266666666667,0.5,43,0.24324324324324326,0.32558139534883723,0.2972972972972973,0.11627906976744186,0.13953488372093023,0.11926605504587157,3
676475,ST,Sweeper,Breaking,212,0.29292929292929293,0.7070707070707071,0.20930232558139536,0.3091003333333333,84.24603174603175,0.36792452830188677,48,0.16279069767441862,0.25,0.046511627906976744,0.041666666666666664,0.25,0.13679245283018868,0
676475,FS,Splitter,Offspeed,102,0.13043478260869565,0.8695652173913043,0.36,0.34835259259259255,86.22307692307692,0.37254901960784315,29,0.28,0.3793103448275862,0.07999999999999996,0.13793103448275862,0.10344827586206896,0.058823529411764705,0
676475,KC,Knuckle-Curve,Breaking,25,0.3333333333333333,0.6666666666666667,0.5,0.46221999999999996,88.175,0.36,8,0.3333333333333333,0.5,0.16666666666666669,0.25,0.25,0.16,0
676551,SI,Sinker,Fastball,55,0.43333333333333335,0.5666666666666667,0.6,0.3393418181818182,82.49375,0.5272727272727272,12,0.4,0.5,0.19999999999999996,0.16666666666666666,0.16666666666666666,0.23636363636363636,0
676551,FF,4-Seam FB,Fastball,44,0.4090909090909091,0.5909090909090908,0.2222222222222222,0.278376,84.94166666666668,0.5454545454545454,11,0.1111111111111111,0.2727272727272727,0.1111111111111111,0.18181818181818182,0.5454545454545454,0.20454545454545456,0
676572,FF,4-Seam FB,Fastball,74,0.40476190476190477,0.5952380952380952,0.5294117647058824,0.3399494117647059,84.54166666666667,0.581081081081081,20,0.35294117647058826,0.45,0.1764705882352941,0.15,0.3,0.22972972972972974,1
676572,SI,Sinker,Fastball,43,0.05263157894736842,0.9473684210526316,0.5555555555555556,0.3324285714285714,82.13529411764705,0.5813953488372093,9,0.2222222222222222,0.2222222222222222,0.33333333333333337,0.0,0.1111111111111111,0.023255813953488372,1
676572,CH,Changeup,Offspeed,36,0.23076923076923078,0.7692307692307692,0.0,0.3372975,80.47142857142856,0.3888888888888889,8,0.0,0.125,0.0,0.125,0.125,0.08333333333333333,0
676572,SL,Slider,Breaking,30,0.36363636363636365,0.6363636363636364,0.6,0.5633333333333334,75.04285714285713,0.4,6,0.6,0.6666666666666666,0.0,0.16666666666666666,0.16666666666666666,0.13333333333333333,0
676572,FC,Cutter,Fastball,26,0.36363636363636365,0.6363636363636364,0.16666666666666666,0.20579999999999998,77.86666666666667,0.38461538461538464,6,0.16666666666666666,0.16666666666666666,0.0,0.0,0.5,0.15384615384615385,0
676572,ST,Sweeper,Breaking,25,0.25,0.75,0.0,0.25355866666666665,75.66,0.4,8,0.0,0.14285714285714285,0.0,0.0,0.125,0.08,0
676609,FF,4-Seam FB,Fastball,584,0.30612244897959184,0.6938775510204082,0.3253968253968254,0.2627263065693431,78.63429951690821,0.4982876712328767,140,0.21428571428571427,0.28776978417266186,0.11111111111111113,0.07857142857142857,0.37857142857142856,0.1797945205479452,4
676609,SI,Sinker,Fastball,378,0.13793103448275862,0.8620689655172413,0.38961038961038963,0.3758081428571429,79.11111111111111,0.5608465608465608,93,0.2597402597402597,0.358695652173913,0.1298701298701299,0.11827956989247312,0.07526881720430108,0.06349206349206349,3
676609,SL,Slider,Breaking,262,0.37012987012987014,0.6298701298701299,0.36764705882352944,0.26485159420289855,76.78333333333333,0.4122137404580153,72,0.20588235294117646,0.22857142857142856,0.16176470588235298,0.027777777777777776,0.2638888888888889,0.21755725190839695,2
676609,ST,Sweeper,Breaking,194,0.38961038961038963,0.6103896103896104,0.15555555555555556,0.17229276595744683,74.92142857142858,0.32989690721649484,47,0.13333333333333333,0.1702127659574468,0.022222222222222227,0.0425531914893617,0.40425531914893614,0.15463917525773196,0
676609,CH,Changeup,Offspeed,148,0.2625,0.7375,0.2894736842105263,0.23870347368421052,68.10185185185185,0.33783783783783783,41,0.15789473684210525,0.1951219512195122,0.13157894736842107,0.024390243902439025,0.14634146341463414,0.14189189189189189,1
676609,FC,Cutter,Fastball,147,0.20967741935483872,0.7903225806451613,0.3333333333333333,0.28312448,79.56046511627906,0.4965986394557823,25,0.2857142857142857,0.36,0.047619047619047616,0.08,0.08,0.08843537414965986,0
676609,CU,Curveball,Breaking,109,0.16666666666666666,0.8333333333333334,0.5666666666666667,0.264386,80.40666666666667,0.44954128440366975,33,0.36666666666666664,0.3939393939393939,0.2,0.030303030303030304,0.15151515151515152,0.05504587155963303,2
676609,FS,Splitter,Offspeed,51,0.2571428571428571,0.7428571428571429,0.6666666666666666,0.43961538461538463,81.40416666666667,0.49019607843137253,15,0.4,0.4,0.2666666666666666,0.0,0.2,0.17647058823529413,1
676609,KC,Knuckle-Curve,Breaking,25,0.42857142857142855,0.5714285714285714,0.0,0.0935,87.75,0.2,3,0.0,0.0,0.0,0.0,0.0,0.12,0
676694,FF,4-Seam FB,Fastball,181,0.11764705882352941,0.8823529411764706,0.391304347826087,0.28741877551020406,84.93488372093023,0.5414364640883977,50,0.2608695652173913,0.32,0.13043478260869568,0.08,0.16,0.06629834254143646,1
676694,SL,Slider,Breaking,91,0.4358974358974359,0.5641025641025641,0.05263157894736842,0.19959727272727273,74.55000000000001,0.37362637362637363,22,0.05263157894736842,0.18181818181818182,0.0,0.13636363636363635,0.45454545454545453,0.18681318681318682,0
676694,SI,Sinker,Fastball,87,0.2,0.8,0.6071428571428571,0.37520571428571425,85.93414634146343,0.5402298850574713,31,0.39285714285714285,0.41935483870967744,0.21428571428571425,0.06451612903225806,0.12903225806451613,0.12643678160919541,1
676694,ST,Sweeper,Breaking,68,0.3125,0.6875,0.29411764705882354,0.182772,76.225,0.5441176470588235,18,0.11764705882352941,0.16666666666666666,0.17647058823529413,0.0,0.2777777777777778,0.14705882352941177,1
676694,CH,Changeup,Offspeed,58,0.3333333333333333,0.6666666666666667,0.11764705882352941,0.16340000000000002,74.78260869565217,0.39655172413793105,17,0.11764705882352941,0.11764705882352941,0.0,0.0,0.17647058823529413,0.20689655172413793,0
676694,FC,Cutter,Fastball,42,0.041666666666666664,0.9583333333333334,0.1875,0.1761875,75.55652173913043,0.6428571428571429,16,0.125,0.125,0.0625,0.0,0.0625,0.023809523809523808,0
676694,CU,Curveball,Breaking,29,0.125,0.875,0.2,0.157,69.21666666666667,0.4482758620689655,5,0.2,0.2,0.0,0.0,0.4,0.034482758620689655,0
676724,FF,4-Seam FB,Fastball,451,0.2318181818181818,0.7681818181818182,0.37209302325581395,0.34582107216494845,83.45283018867924,0.5121951219512195,103,0.2441860465116279,0.34951456310679613,0.12790697674418605,0.1262135922330097,0.18446601941747573,0.1130820399113082,1
676724,SI,Sinker,Fastball,194,0.10256410256410256,0.8974358974358975,0.3469387755102041,0.300471,87.66825396825398,0.5154639175257731,53,0.2857142857142857,0.33962264150943394,0.06122448979591838,0.05660377358490566,0.16981132075471697,0.041237113402061855,0
676724,CH,Changeup,Offspeed,151,0.24691358024691357,0.7530864197530864,0.47058823529411764,0.374068,82.19649122807019,0.3576158940397351,36,0.2647058823529412,0.2777777777777778,0.20588235294117646,0.027777777777777776,0.16666666666666666,0.13245033112582782,2
676724,SL,Slider,Breaking,141,0.36363636363636365,0.6363636363636364,0.375,0.26864754545454544,84.68863636363636,0.5815602836879432,44,0.225,0.29545454545454547,0.15,0.06818181818181818,0.36363636363636365,0.19858156028368795,1
676724,FC,Cutter,Fastball,126,0.17647058823529413,0.8235294117647058,0.5142857142857142,0.34624905263157896,78.95490196078431,0.4444444444444444,39,0.2857142857142857,0.358974358974359,0.22857142857142854,0.05128205128205128,0.07692307692307693,0.09523809523809523,2
676724,CU,Curveball,Breaking,111,0.2647058823529412,0.7352941176470589,0.6,0.34213,86.64782608695653,0.42342342342342343,26,0.28,0.3076923076923077,0.31999999999999995,0.038461538461538464,0.23076923076923078,0.08108108108108109,2
676724,ST,Sweeper,Breaking,106,0.37254901960784315,0.6274509803921569,0.3333333333333333,0.21763714285714286,76.68928571428572,0.33962264150943394,23,0.19047619047619047,0.22727272727272727,0.14285714285714285,0.043478260869565216,0.17391304347826086,0.1792452830188679,0
676724,FS,Splitter,Offspeed,50,0.16,0.84,0.5294117647058824,0.29075,79.73809523809524,0.34,17,0.35294117647058826,0.35294117647058826,0.1764705882352941,0.0,0.11764705882352941,0.08,1
676724,KC,Knuckle-Curve,Breaking,41,0.4,0.6,0.4,0.249238,90.86,0.5365853658536586,11,0.3,0.36363636363636365,0.10000000000000003,0.09090909090909091,0.18181818181818182,0.1951219512195122,0
676914,FF,4-Seam FB,Fastball,279,0.39823008849557523,0.6017699115044248,0.24444444444444444,0.2992741818181818,85.196875,0.4910394265232975,62,0.1111111111111111,0.3387096774193548,0.13333333333333333,0.25806451612903225,0.3064516129032258,0.16129032258064516,1
676914,SL,Slider,Breaking,116,0.3829787234042553,0.6170212765957447,0.0,0.12411,82.11923076923077,0.4224137931034483,19,0.0,0.15789473684210525,0.0,0.15789473684210525,0.5263157894736842,0.15517241379310345,0
676914,SI,Sinker,Fastball,99,0.11764705882352941,0.8823529411764706,0.75,0.410276,84.8148148148148,0.5555555555555556,21,0.3125,0.45,0.4375,0.19047619047619047,0.14285714285714285,0.04040404040404041,2
676914,FC,Cutter,Fastball,66,0.25,0.75,0.2222222222222222,0.3692854545454546,80.5,0.45454545454545453,13,0.1111111111111111,0.3076923076923077,0.1111111111111111,0.23076923076923078,0.07692307692307693,0.07575757575757576,0
676914,ST,Sweeper,Breaking,63,0.3333333333333333,0.6666666666666667,0.06666666666666667,0.16398588235294118,68.56923076923077,0.3968253968253968,17,0.06666666666666667,0.17647058823529413,0.0,0.11764705882352941,0.47058823529411764,0.1111111111111111,0
676914,CH,Changeup,Offspeed,51,0.2916666666666667,0.7083333333333333,0.6875,0.36371125000000004,84.56666666666666,0.4117647058823529,17,0.25,0.29411764705882354,0.4375,0.058823529411764705,0.4117647058823529,0.13725490196078433,2
676914,CU,Curveball,Breaking,36,0.2,0.8,0.14285714285714285,0.230044,84.31428571428572,0.4444444444444444,8,0.14285714285714285,0.25,0.0,0.0,0.5,0.05555555555555555,0
677008,FF,4-Seam FB,Fastball,38,0.5,0.5,0.0,0.02075,80.7375,0.4473684210526316,6,0.0,0.0,0.0,0.0,0.6666666666666666,0.21052631578947367,0
677060,FF,4-Seam FB,Fastball,76,0.3076923076923077,0.6923076923076923,0.09090909090909091,0.22167600000000004,78.13478260869566,0.40789473684210525,13,0.09090909090909091,0.23076923076923078,0.0,0.15384615384615385,0.6153846153846154,0.15789473684210525,0
677060,SL,Slider,Breaking,32,0.26666666666666666,0.7333333333333334,0.2,0.20166666666666666,78.26666666666667,0.40625,6,0.2,0.16666666666666666,0.0,0.0,0.16666666666666666,0.125,0
677060,SI,Sinker,Fastball,26,0.18181818181818182,0.8181818181818181,0.0,0.2611266666666667,67.71249999999999,0.4230769230769231,5,0.0,0.6,0.0,0.6,0.2,0.07692307692307693,0
677347,FF,4-Seam FB,Fastball,28,0.21428571428571427,0.7857142857142857,0.0,0.26122,75.04545454545456,0.6785714285714286,8,0.0,0.25,0.0,0.25,0.375,0.10714285714285714,0
677587,FF,4-Seam FB,Fastball,683,0.15342465753424658,0.8465753424657534,0.48214285714285715,0.3351674010695187,81.8765100671141,0.5358711566617862,194,0.2916666666666667,0.3697916666666667,0.19047619047619047,0.10309278350515463,0.14948453608247422,0.08199121522693997,8
677587,CH,Changeup,Offspeed,374,0.32682926829268294,0.673170731707317,0.34545454545454546,0.25529513513513513,80.49179104477614,0.3582887700534759,113,0.24545454545454545,0.25663716814159293,0.1,0.017699115044247787,0.1592920353982301,0.17914438502673796,2
677587,SI,Sinker,Fastball,347,0.10857142857142857,0.8914285714285715,0.41304347826086957,0.31101364,83.53202614379084,0.5734870317002881,104,0.29347826086956524,0.3627450980392157,0.11956521739130432,0.07692307692307693,0.0673076923076923,0.05475504322766571,2
677587,SL,Slider,Breaking,272,0.28346456692913385,0.7165354330708662,0.2962962962962963,0.2950037966101695,82.17349397590363,0.4411764705882353,60,0.2037037037037037,0.2833333333333333,0.09259259259259259,0.06666666666666667,0.18333333333333332,0.1323529411764706,0
677587,FC,Cutter,Fastball,185,0.17346938775510204,0.826530612244898,0.40476190476190477,0.3227162857142857,79.89473684210526,0.4756756756756757,48,0.23809523809523808,0.2826086956521739,0.16666666666666669,0.020833333333333332,0.041666666666666664,0.0918918918918919,2
677587,CU,Curveball,Breaking,171,0.34375,0.65625,0.10714285714285714,0.182692,75.2974358974359,0.43859649122807015,30,0.07142857142857142,0.13333333333333333,0.03571428571428571,0.06666666666666667,0.36666666666666664,0.1286549707602339,0
677587,ST,Sweeper,Breaking,136,0.3,0.7,0.38095238095238093,0.2931467692307692,79.62352941176471,0.41911764705882354,26,0.19047619047619047,0.34615384615384615,0.19047619047619047,0.07692307692307693,0.11538461538461539,0.11029411764705882,1
677587,FS,Splitter,Offspeed,76,0.28205128205128205,0.717948717948718,0.19047619047619047,0.19247619047619047,81.4,0.35526315789473684,21,0.09523809523809523,0.09523809523809523,0.09523809523809523,0.0,0.09523809523809523,0.14473684210526316,0
677587,KC,Knuckle-Curve,Breaking,39,0.3333333333333333,0.6666666666666667,1.1428571428571428,0.20642857142857143,80.12727272727273,0.3076923076923077,7,0.5714285714285714,0.5714285714285714,0.5714285714285714,0.0,0.2857142857142857,0.15384615384615385,1
677588,FF,4-Seam FB,Fastball,387,0.27184466019417475,0.7281553398058253,0.34146341463414637,0.2954479545454546,85.14057971014493,0.5581395348837209,92,0.21951219512195122,0.29347826086956524,0.12195121951219515,0.09782608695652174,0.2717391304347826,0.14470284237726097,2
677588,CH,Changeup,Offspeed,198,0.3644859813084112,0.6355140186915889,0.2,0.23911464000000002,80.86065573770492,0.3939393939393939,52,0.18,0.21153846153846154,0.020000000000000018,0.019230769230769232,0.2692307692307692,0.19696969696969696,0
677588,SI,Sinker,Fastball,160,0.22058823529411764,0.7794117647058824,0.71875,0.46030565853658534,86.24285714285713,0.5125,44,0.34375,0.5227272727272727,0.375,0.25,0.11363636363636363,0.09375,3
677588,SL,Slider,Breaking,154,0.44285714285714284,0.5571428571428572,0.38461538461538464,0.22381435897435895,84.95555555555556,0.44805194805194803,41,0.23076923076923078,0.2682926829268293,0.15384615384615385,0.04878048780487805,0.4634146341463415,0.2012987012987013,1
677588,CU,Curveball,Breaking,93,0.3684210526315789,0.631578947368421,0.25,0.18147368421052634,79.35789473684211,0.41935483870967744,20,0.15,0.15,0.1,0.0,0.35,0.15053763440860216,0
677588,ST,Sweeper,Breaking,85,0.48148148148148145,0.5185185185185186,0.1,0.2647963636363636,78.25384615384615,0.4588235294117647,12,0.1,0.25,0.0,0.16666666666666666,0.5,0.15294117647058825,0
677588,FC,Cutter,Fastball,71,0.24390243902439024,0.7560975609756098,0.3888888888888889,0.30065177777777774,88.5037037037037,0.5633802816901409,20,0.2222222222222222,0.3,0.16666666666666669,0.05,0.15,0.14084507042253522,0
677588,FS,Splitter,Offspeed,52,0.5,0.5,0.5384615384615384,0.37661538461538463,81.47999999999999,0.3269230769230769,13,0.23076923076923078,0.23076923076923078,0.30769230769230765,0.0,0.5384615384615384,0.21153846153846154,1
677592,SI,Sinker,Fastball,109,0.27586206896551724,0.7241379310344828,0.24,0.22398055172413792,81.38285714285715,0.5504587155963303,30,0.16,0.26666666666666666,0.07999999999999999,0.03333333333333333,0.2,0.14678899082568808,0
677592,FF,4-Seam FB,Fastball,108,0.2727272727272727,0.7272727272727273,0.47368421052631576,0.3317627368421052,80.21794871794872,0.4444444444444444,24,0.3157894736842105,0.4583333333333333,0.15789473684210525,0.16666666666666666,0.2916666666666667,0.1388888888888889,1
677592,CH,Changeup,Offspeed,64,0.5,0.5,0.6111111111111112,0.20026666666666665,83.28000000000002,0.421875,19,0.3333333333333333,0.3684210526315789,0.27777777777777785,0.05263157894736842,0.42105263157894735,0.28125,1
677592,ST,Sweeper,Breaking,52,0.17391304347826086,0.8260869565217391,1.0833333333333333,0.5673981818181818,82.7764705882353,0.4423076923076923,14,0.5,0.5384615384615384,0.5833333333333333,0.07142857142857142,0.14285714285714285,0.07692307692307693,2
677592,SL,Slider,Breaking,47,0.5555555555555556,0.4444444444444444,0.8333333333333334,0.44527272727272726,84.27499999999999,0.425531914893617,12,0.3333333333333333,0.3333333333333333,0.5,0.0,0.4166666666666667,0.3191489361702128,2
677592,FC,Cutter,Fastball,37,0.34615384615384615,0.6538461538461539,0.0,0.4037,78.96666666666667,0.5405405405405406,11,0.0,0.0,0.0,0.0,0.2727272727272727,0.24324324324324326,0
677592,CU,Curveball,Breaking,28,0.7142857142857143,0.2857142857142857,0.2222222222222222,0.11804222222222223,87.54999999999998,0.2857142857142857,10,0.1111111111111111,0.2,0.1111111111111111,0.1,0.6,0.35714285714285715,0
677594,FF,4-Seam FB,Fastball,646,0.23404255319148937,0.7659574468085106,0.4236111111111111,0.3612419636363636,85.2952789699571,0.5015479876160991,167,0.2361111111111111,0.3313253012048193,0.1875,0.11377245508982035,0.23353293413173654,0.11919504643962849,7
677594,SI,Sinker,Fastball,458,0.0954356846473029,0.9045643153526971,0.44370860927152317,0.355908987012987,86.60048309178744,0.537117903930131,159,0.2913907284768212,0.3270440251572327,0.152317880794702,0.03773584905660377,0.1069182389937107,0.05021834061135371,5
677594,SL,Slider,Breaking,365,0.3333333333333333,0.6666666666666667,0.4166666666666667,0.3040687032967033,81.45681818181818,0.4136986301369863,91,0.21428571428571427,0.26373626373626374,0.2023809523809524,0.054945054945054944,0.24175824175824176,0.19452054794520549,5
677594,ST,Sweeper,Breaking,242,0.34210526315789475,0.6578947368421053,0.2413793103448276,0.27673560655737706,80.96760563380282,0.39669421487603307,64,0.1896551724137931,0.25,0.0517241379310345,0.0625,0.328125,0.16115702479338842,0
677594,CH,Changeup,Offspeed,241,0.3308270676691729,0.6691729323308271,0.5961538461538461,0.4015980714285714,80.29756097560977,0.27800829875518673,57,0.3076923076923077,0.3684210526315789,0.28846153846153844,0.07017543859649122,0.22807017543859648,0.1825726141078838,4
677594,FC,Cutter,Fastball,238,0.2677165354330709,0.7322834645669292,0.37254901960784315,0.33511584905660374,81.17415730337079,0.48739495798319327,55,0.3137254901960784,0.34545454545454546,0.05882352941176472,0.05454545454545454,0.16363636363636364,0.14285714285714285,0
677594,CU,Curveball,Breaking,160,0.45588235294117646,0.5441176470588236,0.2571428571428571,0.2846352631578948,79.57187499999999,0.3375,38,0.17142857142857143,0.23684210526315788,0.08571428571428569,0.07894736842105263,0.3684210526315789,0.19375,1
677594,FS,Splitter,Offspeed,64,0.40540540540540543,0.5945945945945945,0.3684210526315789,0.2265,81.78095238095239,0.375,19,0.21052631578947367,0.21052631578947367,0.15789473684210525,0.0,0.42105263157894735,0.234375,1
677594,KC,Knuckle-Curve,Breaking,37,0.35714285714285715,0.6428571428571428,0.2857142857142857,0.2065,83.95555555555555,0.32432432432432434,7,0.14285714285714285,0.14285714285714285,0.14285714285714285,0.0,0.5714285714285714,0.13513513513513514,0
677595,FF,4-Seam FB,Fastball,69,0.13953488372093023,0.8604651162790697,0.75,0.41311200000000003,82.93235294117646,0.5652173913043478,21,0.3,0.3333333333333333,0.45,0.0,0.19047619047619047,0.08695652173913043,3
677595,SL,Slider,Breaking,32,0.4,0.6,0.23076923076923078,0.14450000000000002,87.03,0.40625,13,0.15384615384615385,0.15384615384615385,0.07692307692307693,0.0,0.46153846153846156,0.25,0
677595,CH,Changeup,Offspeed,28,0.17647058823529413,0.8235294117647058,0.6,0.2816666666666667,81.54999999999998,0.35714285714285715,10,0.5,0.5,0.09999999999999998,0.0,0.2,0.10714285714285714,0
677649,FF,4-Seam FB,Fastball,760,0.26370757180156656,0.7362924281984334,0.4357142857142857,0.3275853248407643,82.88371212121211,0.49736842105263157,162,0.21428571428571427,0.3167701863354037,0.22142857142857145,0.1111111111111111,0.2716049382716049,0.13289473684210526,7
677649,SI,Sinker,Fastball,425,0.13063063063063063,0.8693693693693694,0.4019607843137255,0.3563406428571429,82.60898876404494,0.5529411764705883,115,0.29411764705882354,0.35964912280701755,0.10784313725490197,0.08695652173913043,0.09565217391304348,0.06823529411764706,2
677649,SL,Slider,Breaking,342,0.39344262295081966,0.6065573770491803,0.5,0.25791787234042557,80.30594059405941,0.39766081871345027,98,0.28888888888888886,0.32653061224489793,0.21111111111111114,0.061224489795918366,0.3469387755102041,0.21052631578947367,4
677649,ST,Sweeper,Breaking,262,0.2553191489361702,0.7446808510638299,0.5733333333333334,0.30121696202531645,81.43298969072166,0.42366412213740456,82,0.32,0.3333333333333333,0.25333333333333335,0.036585365853658534,0.23170731707317074,0.13740458015267176,4
677649,CH,Changeup,Offspeed,194,0.23008849557522124,0.7699115044247787,0.4666666666666667,0.26229913043478265,79.392,0.4072164948453608,47,0.3111111111111111,0.3404255319148936,0.15555555555555556,0.0425531914893617,0.1276595744680851,0.13402061855670103,1
677649,FC,Cutter,Fastball,161,0.18181818181818182,0.8181818181818181,0.2857142857142857,0.3064084210526316,80.02923076923076,0.5217391304347826,39,0.22857142857142856,0.3076923076923077,0.057142857142857134,0.10256410256410256,0.1282051282051282,0.09937888198757763,0
677649,CU,Curveball,Breaking,111,0.35,0.65,0.2857142857142857,0.28849974193548383,85.948,0.4144144144144144,32,0.25,0.34375,0.0357142857142857,0.09375,0.28125,0.12612612612612611,0
677649,KC,Knuckle-Curve,Breaking,51,0.43333333333333335,0.5666666666666667,0.13333333333333333,0.23678571428571424,79.00625,0.39215686274509803,15,0.13333333333333333,0.13333333333333333,0.0,0.0,0.4,0.2549019607843137,0
677649,FS,Splitter,Offspeed,47,0.4444444444444444,0.5555555555555556,0.16666666666666666,0.10916666666666665,83.28571428571429,0.3404255319148936,12,0.08333333333333333,0.08333333333333333,0.08333333333333333,0.0,0.5,0.2553191489361702,0
677800,FF,4-Seam FB,Fastball,1066,0.2799188640973631,0.7200811359026369,0.449438202247191,0.32225055445544554,81.90714285714286,0.4971857410881801,210,0.20786516853932585,0.3173076923076923,0.24157303370786515,0.13333333333333333,0.2714285714285714,0.1294559099437148,9
677800,SI,Sinker,Fastball,405,0.13440860215053763,0.8655913978494624,0.48936170212765956,0.405640679245283,83.22215189873418,0.4962962962962963,109,0.30851063829787234,0.3888888888888889,0.18085106382978722,0.11009174311926606,0.06422018348623854,0.06172839506172839,3
677800,SL,Slider,Breaking,295,0.28187919463087246,0.7181208053691275,0.5466666666666666,0.3719758024691358,80.75096153846154,0.4440677966101695,83,0.29333333333333333,0.3614457831325301,0.2533333333333333,0.0963855421686747,0.21686746987951808,0.1423728813559322,5
677800,CH,Changeup,Offspeed,293,0.33962264150943394,0.6603773584905661,0.35555555555555557,0.3306511764705883,85.14200000000001,0.3515358361774744,104,0.23333333333333334,0.2912621359223301,0.12222222222222223,0.08653846153846154,0.25,0.18430034129692832,2
677800,FC,Cutter,Fastball,222,0.2033898305084746,0.7966101694915254,0.43859649122807015,0.3670967213114754,83.54137931034484,0.527027027027027,63,0.2631578947368421,0.3225806451612903,0.17543859649122806,0.07936507936507936,0.14285714285714285,0.10810810810810811,2
677800,CU,Curveball,Breaking,179,0.16923076923076924,0.8307692307692307,0.3783783783783784,0.30973799999999996,80.9923076923077,0.4245810055865922,41,0.1891891891891892,0.2682926829268293,0.1891891891891892,0.0975609756097561,0.17073170731707318,0.061452513966480445,2
677800,ST,Sweeper,Breaking,161,0.2537313432835821,0.7462686567164178,0.5,0.3688603428571428,77.26530612244898,0.484472049689441,36,0.28125,0.3333333333333333,0.21875,0.05555555555555555,0.2777777777777778,0.10559006211180125,1
677800,FS,Splitter,Offspeed,111,0.14516129032258066,0.8548387096774194,0.34375,0.29625,83.48163265306124,0.38738738738738737,32,0.21875,0.21875,0.125,0.0,0.15625,0.08108108108108109,1
677800,KC,Knuckle-Curve,Breaking,31,0.3333333333333333,0.6666666666666667,0.5,0.16166666666666665,91.88571428571427,0.16129032258064516,6,0.16666666666666666,0.16666666666666666,0.33333333333333337,0.0,0.5,0.12903225806451613,0
677870,FF,4-Seam FB,Fastball,256,0.17592592592592593,0.8240740740740741,0.33962264150943394,0.35548852459016395,86.29523809523809,0.5234375,65,0.24528301886792453,0.36507936507936506,0.09433962264150941,0.15384615384615385,0.13846153846153847,0.07421875,1
677870,SI,Sinker,Fastball,144,0.09836065573770492,0.9016393442622951,0.2631578947368421,0.3881654545454545,82.916,0.4930555555555556,48,0.2631578947368421,0.40425531914893614,0.0,0.08333333333333333,0.0625,0.041666666666666664,0
677870,SL,Slider,Breaking,118,0.2653061224489796,0.7346938775510203,0.12,0.25044716666666667,80.8742857142857,0.4067796610169492,28,0.12,0.17857142857142858,0.0,0.03571428571428571,0.21428571428571427,0.11016949152542373,0
677870,CH,Changeup,Offspeed,102,0.3888888888888889,0.6111111111111112,0.25,0.21435793103448278,78.00645161290322,0.38235294117647056,29,0.14285714285714285,0.1724137931034483,0.10714285714285715,0.034482758620689655,0.27586206896551724,0.20588235294117646,1
677870,ST,Sweeper,Breaking,71,0.5,0.5,0.08333333333333333,0.13318092307692306,75.03846153846153,0.36619718309859156,13,0.08333333333333333,0.15384615384615385,0.0,0.0,0.6923076923076923,0.18309859154929578,0
677870,FC,Cutter,Fastball,58,0.13043478260869565,0.8695652173913043,0.16666666666666666,0.28256333333333333,77.72777777777777,0.3793103448275862,7,0.16666666666666666,0.2857142857142857,0.0,0.14285714285714285,0.14285714285714285,0.05172413793103448,0
677870,CU,Curveball,Breaking,38,0.42857142857142855,0.5714285714285714,0.0,0.4078188571428572,77.07142857142857,0.47368421052631576,7,0.0,0.2857142857142857,0.0,0.14285714285714285,0.2857142857142857,0.15789473684210525,0
677942,FF,4-Seam FB,Fastball,433,0.28174603174603174,0.7182539682539683,0.4057971014492754,0.3420264533333333,82.23373493975905,0.5427251732101617,81,0.2608695652173913,0.34177215189873417,0.1449275362318841,0.07407407407407407,0.2716049382716049,0.16397228637413394,1
677942,SI,Sinker,Fastball,202,0.1206896551724138,0.8793103448275862,0.3684210526315789,0.39794,84.57872340425531,0.5643564356435643,64,0.3157894736842105,0.38095238095238093,0.05263157894736842,0.09375,0.078125,0.06930693069306931,0
677942,SL,Slider,Breaking,161,0.35064935064935066,0.6493506493506493,0.4722222222222222,0.3989703157894737,84.06595744680851,0.37267080745341613,42,0.3055555555555556,0.3902439024390244,0.16666666666666663,0.09523809523809523,0.30952380952380953,0.16770186335403728,1
677942,CH,Changeup,Offspeed,93,0.3018867924528302,0.6981132075471699,0.26666666666666666,0.2765648275862069,78.34333333333333,0.40860215053763443,31,0.26666666666666666,0.2903225806451613,0.0,0.03225806451612903,0.3225806451612903,0.17204301075268819,0
677942,FC,Cutter,Fastball,77,0.17647058823529413,0.8235294117647058,0.5384615384615384,0.30347999999999997,84.8609756097561,0.6103896103896104,26,0.3076923076923077,0.3076923076923077,0.23076923076923073,0.0,0.15384615384615385,0.11688311688311688,1
677942,ST,Sweeper,Breaking,76,0.2926829268292683,0.7073170731707317,0.44,0.36849356521739135,81.10689655172412,0.4605263157894737,27,0.32,0.34615384615384615,0.12,0.0,0.18518518518518517,0.15789473684210525,1
677942,CU,Curveball,Breaking,71,0.3157894736842105,0.6842105263157895,0.5,0.3259704761904762,86.12173913043479,0.39436619718309857,23,0.45454545454545453,0.4782608695652174,0.04545454545454547,0.043478260869565216,0.21739130434782608,0.16901408450704225,0
677943,FF,4-Seam FB,Fastball,37,0.44,0.56,0.0,0.014499999999999999,74.61538461538461,0.4594594594594595,7,0.0,0.0,0.0,0.0,0.2857142857142857,0.2972972972972973,0
677950,FF,4-Seam FB,Fastball,152,0.26373626373626374,0.7362637362637363,0.37142857142857144,0.2908675,84.459375,0.4868421052631579,37,0.2,0.24324324324324326,0.17142857142857143,0.05405405405405406,0.24324324324324326,0.15789473684210525,1
677950,SL,Slider,Breaking,69,0.3888888888888889,0.6111111111111112,0.5294117647058824,0.41602923076923076,81.06842105263159,0.4927536231884058,19,0.29411764705882354,0.3333333333333333,0.23529411764705882,0.05263157894736842,0.2631578947368421,0.2028985507246377,1
677950,CH,Changeup,Offspeed,62,0.2647058823529412,0.7352941176470589,0.75,0.259,84.06818181818181,0.41935483870967744,16,0.3125,0.3125,0.4375,0.0,0.1875,0.14516129032258066,1
677950,CU,Curveball,Breaking,54,0.27586206896551724,0.7241379310344828,0.0,0.12686666666666666,80.51578947368421,0.42592592592592593,19,0.0,0.05263157894736842,0.0,0.0,0.21052631578947367,0.14814814814814814,0
677950,SI,Sinker,Fastball,47,0.17391304347826086,0.8260869565217391,0.6,0.3374301818181818,82.70666666666666,0.574468085106383,12,0.3,0.4166666666666667,0.3,0.08333333333333333,0.08333333333333333,0.0851063829787234,1
677950,FS,Splitter,Offspeed,34,0.34782608695652173,0.6521739130434783,0.4166666666666667,0.18733333333333335,87.88461538461539,0.47058823529411764,12,0.25,0.25,0.16666666666666669,0.0,0.4166666666666667,0.23529411764705882,0
677950,FC,Cutter,Fastball,33,0.125,0.875,0.2857142857142857,0.5012857142857142,80.85384615384615,0.5757575757575758,8,0.14285714285714285,0.25,0.14285714285714285,0.125,0.0,0.06060606060606061,0
677951,FF,4-Seam FB,Fastball,720,0.2359882005899705,0.7640117994100295,0.46511627906976744,0.42254499999999995,85.18776371308017,0.48194444444444445,159,0.27906976744186046,0.4088050314465409,0.18604651162790697,0.18238993710691823,0.20754716981132076,0.1111111111111111,3
677951,SI,Sinker,Fastball,351,0.125,0.875,0.45,0.39705018518518514,88.72214285714286,0.5811965811965812,109,0.33,0.3853211009174312,0.12,0.08256880733944955,0.1559633027522936,0.05982905982905983,2
677951,SL,Slider,Breaking,332,0.37037037037037035,0.6296296296296297,0.2727272727272727,0.31859230769230773,84.41875,0.3644578313253012,94,0.20454545454545456,0.24468085106382978,0.06818181818181815,0.05319148936170213,0.24468085106382978,0.18072289156626506,0
677951,ST,Sweeper,Breaking,294,0.3419354838709677,0.6580645161290323,0.4457831325301205,0.2917515662650602,82.35425531914893,0.41156462585034015,84,0.27710843373493976,0.2857142857142857,0.1686746987951807,0.011904761904761904,0.27380952380952384,0.18027210884353742,4
677951,FC,Cutter,Fastball,243,0.25217391304347825,0.7478260869565218,0.5660377358490566,0.44410124137931034,82.87283950617284,0.46502057613168724,59,0.2641509433962264,0.3220338983050847,0.3018867924528302,0.06779661016949153,0.1016949152542373,0.11934156378600823,5
677951,CH,Changeup,Offspeed,181,0.22115384615384615,0.7788461538461539,0.5,0.40946282758620695,84.02564102564102,0.32044198895027626,64,0.3103448275862069,0.359375,0.1896551724137931,0.046875,0.09375,0.1270718232044199,2
677951,CU,Curveball,Breaking,153,0.16417910447761194,0.835820895522388,0.45,0.3274726829268293,82.55471698113207,0.42483660130718953,41,0.275,0.2926829268292683,0.175,0.024390243902439025,0.0975609756097561,0.0718954248366013,2
677951,FS,Splitter,Offspeed,32,0.17647058823529413,0.8235294117647058,0.5,0.4844828571428571,84.75714285714285,0.125,7,0.5,0.5714285714285714,0.0,0.14285714285714285,0.0,0.09375,0
677951,KC,Knuckle-Curve,Breaking,27,0.3333333333333333,0.6666666666666667,0.4,0.4344,89.875,0.4444444444444444,5,0.4,0.4,0.0,0.0,0.0,0.14814814814814814,0
677956,FF,4-Seam FB,Fastball,70,0.48717948717948717,0.5128205128205128,0.23529411764705882,0.17039764705882354,79.7,0.6142857142857143,19,0.11764705882352941,0.21052631578947367,0.11764705882352941,0.10526315789473684,0.5263157894736842,0.2714285714285714,0
677956,ST,Sweeper,Breaking,50,0.5714285714285714,0.4285714285714286,0.0,0.08421636363636363,79.17,0.3,13,0.0,0.07692307692307693,0.0,0.07692307692307693,0.6153846153846154,0.32,0
677956,SI,Sinker,Fastball,49,0.125,0.875,1.0833333333333333,0.4350665454545455,85.94444444444444,0.5102040816326531,15,0.5,0.6,0.5833333333333333,0.13333333333333333,0.2,0.061224489795918366,1
677956,CH,Changeup,Offspeed,46,0.53125,0.46875,0.0,0.1845,80.68333333333332,0.34782608695652173,8,0.0,0.0,0.0,0.0,0.5,0.3695652173913043,0
677956,SL,Slider,Breaking,43,0.5454545454545454,0.4545454545454546,0.7272727272727273,0.09425,88.0,0.3488372093023256,11,0.36363636363636365,0.36363636363636365,0.36363636363636365,0.0,0.45454545454545453,0.27906976744186046,1
677956,CU,Curveball,Breaking,26,0.35714285714285715,0.6428571428571428,0.0,0.14806333333333332,87.71111111111111,0.3076923076923077,7,0.0,0.14285714285714285,0.0,0.14285714285714285,0.2857142857142857,0.19230769230769232,0
678009,FF,4-Seam FB,Fastball,71,0.21212121212121213,0.7878787878787878,0.25,0.24239666666666668,79.57916666666667,0.49295774647887325,16,0.08333333333333333,0.26666666666666666,0.16666666666666669,0.1875,0.25,0.09859154929577464,0
678009,CH,Changeup,Offspeed,37,0.21052631578947367,0.7894736842105263,0.3,0.1677,77.46923076923078,0.3783783783783784,10,0.2,0.2,0.09999999999999998,0.0,0.2,0.10810810810810811,0
678009,SI,Sinker,Fastball,28,0.0,1.0,0.4444444444444444,0.26725,80.68333333333334,0.6071428571428571,9,0.4444444444444444,0.4444444444444444,0.0,0.0,0.1111111111111111,0.0,0
678011,FF,4-Seam FB,Fastball,269,0.248,0.752,0.44642857142857145,0.36434597014925374,85.22413793103448,0.5427509293680297,68,0.30357142857142855,0.417910447761194,0.1428571428571429,0.16176470588235295,0.16176470588235295,0.11524163568773234,1
678011,CH,Changeup,Offspeed,71,0.15151515151515152,0.8484848484848485,0.22727272727272727,0.23484916666666666,81.04642857142858,0.4507042253521127,25,0.13636363636363635,0.16666666666666666,0.09090909090909091,0.04,0.04,0.07042253521126761,0
678011,SI,Sinker,Fastball,63,0.09090909090909091,0.9090909090909091,0.42857142857142855,0.5237511111111112,85.81000000000002,0.5714285714285714,18,0.35714285714285715,0.5,0.0714285714285714,0.2222222222222222,0.1111111111111111,0.031746031746031744,0
678011,FC,Cutter,Fastball,62,0.13513513513513514,0.8648648648648649,0.6,0.25525,78.55333333333333,0.5,16,0.26666666666666666,0.25,0.3333333333333333,0.0,0.0,0.08064516129032258,1
678011,CU,Curveball,Breaking,60,0.36,0.64,0.4,0.2978943333333333,78.76666666666667,0.2833333333333333,12,0.2,0.3333333333333333,0.2,0.08333333333333333,0.3333333333333333,0.15,0
678011,SL,Slider,Breaking,48,0.391304347826087,0.6086956521739131,0.36363636363636365,0.21811499999999998,82.10000000000001,0.4583333333333333,12,0.09090909090909091,0.16666666666666666,0.2727272727272727,0.08333333333333333,0.4166666666666667,0.1875,1
678011,FS,Splitter,Offspeed,29,0.3333333333333333,0.6666666666666667,0.3,0.0931,75.77777777777779,0.3448275862068966,10,0.2,0.2,0.09999999999999998,0.0,0.3,0.1724137931034483,0
678011,ST,Sweeper,Breaking,25,0.1,0.9,0.4,0.2976,73.57777777777778,0.6,6,0.4,0.4,0.0,0.0,0.16666666666666666,0.04,0
678218,FF,4-Seam FB,Fastball,396,0.18840579710144928,0.8115942028985508,0.3,0.3144534653465346,82.29230769230769,0.5883838383838383,103,0.18888888888888888,0.26732673267326734,0.1111111111111111,0.0970873786407767,0.23300970873786409,0.09848484848484848,2
678218,CH,Changeup,Offspeed,168,0.3684210526315789,0.631578947368421,0.3142857142857143,0.29586864864864865,75.96363636363635,0.3333333333333333,38,0.22857142857142856,0.2894736842105263,0.08571428571428572,0.07894736842105263,0.3157894736842105,0.16666666666666666,1
678218,SI,Sinker,Fastball,134,0.18181818181818182,0.8181818181818181,0.5,0.27254242424242425,83.92750000000001,0.5522388059701493,33,0.39285714285714285,0.48484848484848486,0.10714285714285715,0.15151515151515152,0.21212121212121213,0.07462686567164178,0
678218,FC,Cutter,Fastball,102,0.12727272727272726,0.8727272727272728,0.17391304347826086,0.3324456,81.77142857142857,0.47058823529411764,26,0.17391304347826086,0.2692307692307692,0.0,0.11538461538461539,0.07692307692307693,0.06862745098039216,0
678218,CU,Curveball,Breaking,93,0.4358974358974359,0.5641025641025641,0.25,0.22221789473684214,77.94761904761906,0.3870967741935484,19,0.1875,0.3157894736842105,0.0625,0.15789473684210525,0.42105263157894735,0.1827956989247312,0
678218,SL,Slider,Breaking,83,0.3090909090909091,0.6909090909090909,0.9473684210526315,0.4558687272727273,83.38529411764705,0.4939759036144578,22,0.3157894736842105,0.4090909090909091,0.631578947368421,0.09090909090909091,0.2727272727272727,0.20481927710843373,4
678218,FS,Splitter,Offspeed,50,0.4074074074074074,0.5925925925925926,0.4166666666666667,0.28275,84.53076923076924,0.42,12,0.16666666666666666,0.16666666666666666,0.25,0.0,0.3333333333333333,0.22,1
678218,ST,Sweeper,Breaking,44,0.21052631578947367,0.7894736842105263,0.14285714285714285,0.32419555555555557,76.52307692307691,0.45454545454545453,9,0.14285714285714285,0.3333333333333333,0.0,0.2222222222222222,0.2222222222222222,0.09090909090909091,0
678218,KC,Knuckle-Curve,Breaking,27,0.6428571428571429,0.3571428571428571,0.16666666666666666,0.1585,88.97999999999999,0.2962962962962963,6,0.16666666666666666,0.16666666666666666,0.0,0.0,0.6666666666666666,0.3333333333333333,0
678246,FF,4-Seam FB,Fastball,983,0.25,0.75,0.4393939393939394,0.36107220083682007,86.19276729559748,0.5198372329603256,247,0.21212121212121213,0.35365853658536583,0.22727272727272727,0.1700404858299595,0.21052631578947367,0.11393692777212615,11
678246,SI,Sinker,Fastball,515,0.10126582278481013,0.8987341772151899,0.5193798449612403,0.405791205479452,85.95435897435897,0.5786407766990291,151,0.24806201550387597,0.3576158940397351,0.2713178294573644,0.12582781456953643,0.152317880794702,0.04660194174757282,8
678246,SL,Slider,Breaking,415,0.2742857142857143,0.7257142857142858,0.4,0.33597843137254907,83.48333333333333,0.39518072289156625,103,0.26666666666666666,0.3300970873786408,0.13333333333333336,0.0970873786407767,0.20388349514563106,0.11566265060240964,3
678246,FC,Cutter,Fastball,273,0.3181818181818182,0.6818181818181819,0.5555555555555556,0.3972270175438597,79.07083333333334,0.46153846153846156,58,0.3111111111111111,0.46551724137931033,0.24444444444444446,0.22413793103448276,0.13793103448275862,0.1282051282051282,3
678246,ST,Sweeper,Breaking,219,0.18072289156626506,0.8192771084337349,0.5853658536585366,0.4553441951219512,80.82461538461538,0.410958904109589,46,0.2926829268292683,0.32608695652173914,0.2926829268292683,0.043478260869565216,0.1956521739130435,0.0684931506849315,3
678246,CH,Changeup,Offspeed,191,0.125,0.875,0.5208333333333334,0.4261866666666667,82.45945945945945,0.42408376963350786,53,0.2916666666666667,0.3584905660377358,0.22916666666666669,0.09433962264150944,0.1320754716981132,0.05759162303664921,3
678246,CU,Curveball,Breaking,171,0.17567567567567569,0.8243243243243243,0.28125,0.33006820512820517,78.8701754385965,0.39766081871345027,40,0.15625,0.3,0.125,0.175,0.125,0.07602339181286549,1
678246,KC,Knuckle-Curve,Breaking,48,0.1111111111111111,0.8888888888888888,0.4444444444444444,0.3585236363636364,85.24666666666666,0.4375,11,0.3333333333333333,0.45454545454545453,0.1111111111111111,0.18181818181818182,0.09090909090909091,0.041666666666666664,0
678246,FS,Splitter,Offspeed,41,0.5,0.5,0.0,0.11800000000000002,81.56666666666666,0.1951219512195122,5,0.0,0.0,0.0,0.0,0.6,0.17073170731707318,0
678391,FF,4-Seam FB,Fastball,466,0.10476190476190476,0.8952380952380953,0.3229166666666667,0.3189702068965517,78.14469273743018,0.44206008583690987,121,0.25,0.3813559322033898,0.07291666666666669,0.15702479338842976,0.08264462809917356,0.04721030042918455,1
678391,SI,Sinker,Fastball,192,0.09473684210526316,0.9052631578947369,0.3148148148148148,0.26104903225806453,77.56428571428572,0.5729166666666666,64,0.25925925925925924,0.3492063492063492,0.05555555555555558,0.125,0.109375,0.046875,0
678391,CH,Changeup,Offspeed,164,0.3563218390804598,0.6436781609195402,0.1951219512195122,0.2434704761904762,77.8425925925926,0.3597560975609756,43,0.17073170731707318,0.20930232558139536,0.02439024390243902,0.046511627906976744,0.3023255813953488,0.18902439024390244,0
678391,SL,Slider,Breaking,159,0.20689655172413793,0.7931034482758621,0.2894736842105263,0.23675885714285716,78.67460317460318,0.4779874213836478,43,0.21052631578947367,0.3023255813953488,0.07894736842105265,0.09302325581395349,0.18604651162790697,0.11320754716981132,0
678391,FC,Cutter,Fastball,116,0.08571428571428572,0.9142857142857143,0.3793103448275862,0.3450345454545455,77.78103448275863,0.5431034482758621,34,0.3103448275862069,0.36363636363636365,0.06896551724137928,0.08823529411764706,0.058823529411764705,0.05172413793103448,0
678391,ST,Sweeper,Breaking,83,0.25,0.75,0.5,0.273828,77.372,0.43373493975903615,19,0.25,0.3157894736842105,0.25,0.05263157894736842,0.21052631578947367,0.10843373493975904,1
678391,CU,Curveball,Breaking,78,0.3235294117647059,0.6764705882352942,0.4117647058823529,0.3171176470588235,78.93181818181817,0.44871794871794873,17,0.23529411764705882,0.23529411764705882,0.1764705882352941,0.0,0.29411764705882354,0.14102564102564102,0
678391,FS,Splitter,Offspeed,60,0.36363636363636365,0.6363636363636364,0.2222222222222222,0.2305211111111111,82.53333333333333,0.38333333333333336,19,0.16666666666666666,0.21052631578947367,0.05555555555555555,0.05263157894736842,0.21052631578947367,0.2,0
678391,KC,Knuckle-Curve,Breaking,27,0.25,0.75,0.625,0.4546822222222222,73.6,0.25925925925925924,12,0.25,0.45454545454545453,0.375,0.25,0.25,0.1111111111111111,1
678489,FF,4-Seam FB,Fastball,335,0.25675675675675674,0.7432432432432432,0.28378378378378377,0.21444053333333335,79.62380952380953,0.4746268656716418,87,0.16216216216216217,0.25301204819277107,0.1216216216216216,0.10344827586206896,0.19540229885057472,0.11343283582089553,0
678489,SI,Sinker,Fastball,104,0.15789473684210525,0.8421052631578947,0.7142857142857143,0.37891129411764707,78.95200000000001,0.6153846153846154,21,0.35714285714285715,0.5263157894736842,0.35714285714285715,0.19047619047619047,0.2857142857142857,0.057692307692307696,1
678489,SL,Slider,Breaking,84,0.3055555555555556,0.6944444444444444,0.23529411764705882,0.14789875,76.94782608695654,0.4642857142857143,19,0.17647058823529413,0.2631578947368421,0.05882352941176469,0.10526315789473684,0.3684210526315789,0.13095238095238096,0
678489,CH,Changeup,Offspeed,81,0.21951219512195122,0.7804878048780488,0.631578947368421,0.33157666666666663,73.99642857142855,0.4074074074074074,24,0.3157894736842105,0.3333333333333333,0.3157894736842105,0.041666666666666664,0.20833333333333334,0.1111111111111111,1
678489,FC,Cutter,Fastball,74,0.3611111111111111,0.6388888888888888,0.75,0.29769833333333334,77.60526315789474,0.3918918918918919,14,0.4166666666666667,0.46153846153846156,0.3333333333333333,0.07142857142857142,0.2857142857142857,0.17567567567567569,1
678489,CU,Curveball,Breaking,54,0.3684210526315789,0.631578947368421,0.18181818181818182,0.18043272727272727,75.72,0.3888888888888889,13,0.09090909090909091,0.23076923076923078,0.09090909090909091,0.15384615384615385,0.46153846153846156,0.12962962962962962,0
678489,FS,Splitter,Offspeed,38,0.2,0.8,0.2,0.1318,75.25714285714285,0.4473684210526316,5,0.2,0.2,0.0,0.0,0.2,0.10526315789473684,0
678489,ST,Sweeper,Breaking,32,0.3333333333333333,0.6666666666666667,0.5714285714285714,0.189669,81.29999999999998,0.3125,8,0.14285714285714285,0.25,0.42857142857142855,0.0,0.375,0.125,1
678545,FF,4-Seam FB,Fastball,173,0.2403846153846154,0.7596153846153846,0.41025641025641024,0.30379742857142855,84.06901408450703,0.5722543352601156,44,0.1794871794871795,0.25,0.23076923076923075,0.06818181818181818,0.25,0.14450867052023122,2
678545,SI,Sinker,Fastball,101,0.046511627906976744,0.9534883720930233,0.4444444444444444,0.33882542857142856,80.3108108108108,0.594059405940594,31,0.2962962962962963,0.36666666666666664,0.14814814814814814,0.06451612903225806,0.06451612903225806,0.019801980198019802,1
678545,CH,Changeup,Offspeed,77,0.28125,0.71875,0.3333333333333333,0.26920695652173915,81.6,0.23376623376623376,23,0.19047619047619047,0.2608695652173913,0.14285714285714285,0.08695652173913043,0.21739130434782608,0.11688311688311688,1
678545,SL,Slider,Breaking,76,0.32142857142857145,0.6785714285714286,0.11764705882352941,0.13371125,82.63750000000002,0.39473684210526316,18,0.11764705882352941,0.16666666666666666,0.0,0.05555555555555555,0.2222222222222222,0.11842105263157894,0
678545,FC,Cutter,Fastball,54,0.21739130434782608,0.782608695652174,0.09090909090909091,0.17303454545454547,83.20588235294116,0.6666666666666666,12,0.09090909090909091,0.16666666666666666,0.0,0.08333333333333333,0.16666666666666666,0.09259259259259259,0
678545,ST,Sweeper,Breaking,39,0.42105263157894735,0.5789473684210527,0.8,0.38733333333333336,84.56666666666666,0.41025641025641024,10,0.4,0.4,0.4,0.0,0.3,0.20512820512820512,1
678545,CU,Curveball,Breaking,34,0.18181818181818182,0.8181818181818181,0.2,0.451392,85.34285714285714,0.5,6,0.2,0.3333333333333333,0.0,0.0,0.16666666666666666,0.058823529411764705,0
678554,FF,4-Seam FB,Fastball,430,0.14814814814814814,0.8518518518518519,0.4578313253012048,0.3620676043956044,81.26601307189543,0.5023255813953489,96,0.27710843373493976,0.3684210526315789,0.18072289156626503,0.11458333333333333,0.20833333333333334,0.06511627906976744,2
678554,SI,Sinker,Fastball,299,0.10185185185185185,0.8981481481481481,0.6206896551724138,0.42985174603174603,84.24827586206897,0.5852842809364549,65,0.25862068965517243,0.3384615384615385,0.3620689655172414,0.1076923076923077,0.12307692307692308,0.03678929765886288,6
678554,SL,Slider,Breaking,210,0.23376623376623376,0.7662337662337663,0.37209302325581395,0.34702839999999996,79.2140350877193,0.3952380952380952,53,0.16279069767441862,0.3076923076923077,0.20930232558139533,0.16981132075471697,0.1509433962264151,0.08571428571428572,3
678554,CH,Changeup,Offspeed,136,0.13846153846153847,0.8615384615384616,0.375,0.3644374117647059,82.55192307692307,0.39705882352941174,37,0.25,0.35135135135135137,0.125,0.10810810810810811,0.08108108108108109,0.0661764705882353,1
678554,FC,Cutter,Fastball,129,0.17857142857142858,0.8214285714285714,0.68,0.39234137931034485,83.35909090909091,0.4186046511627907,30,0.28,0.4,0.4,0.16666666666666666,0.13333333333333333,0.07751937984496124,3
678554,ST,Sweeper,Breaking,121,0.39473684210526316,0.6052631578947368,0.3333333333333333,0.21110731034482758,86.23636363636363,0.4214876033057851,30,0.1111111111111111,0.2,0.2222222222222222,0.06666666666666667,0.43333333333333335,0.12396694214876033,2
678554,CU,Curveball,Breaking,69,0.3103448275862069,0.6896551724137931,0.6428571428571429,0.26063200000000003,86.45555555555556,0.5362318840579711,17,0.2857142857142857,0.4117647058823529,0.3571428571428572,0.11764705882352941,0.4117647058823529,0.13043478260869565,1
678554,FS,Splitter,Offspeed,25,0.16666666666666666,0.8333333333333334,0.7142857142857143,0.3989074285714286,83.375,0.44,8,0.42857142857142855,0.5,0.28571428571428575,0.0,0.125,0.08,0
678577,FF,4-Seam FB,Fastball,53,0.23333333333333334,0.7666666666666666,0.07142857142857142,0.25985714285714284,85.78571428571429,0.6226415094339622,14,0.07142857142857142,0.07142857142857142,0.0,0.0,0.35714285714285715,0.1320754716981132,0
678662,FF,4-Seam FB,Fastball,685,0.2747524752475248,0.7252475247524752,0.3197278911564626,0.24290285714285711,80.26870503597122,0.5240875912408759,159,0.1836734693877551,0.22784810126582278,0.1360544217687075,0.05660377358490566,0.33962264150943394,0.16204379562043797,4
678662,SL,Slider,Breaking,333,0.33490566037735847,0.6650943396226415,0.41975308641975306,0.2651728395061728,75.71307692307693,0.3963963963963964,86,0.24691358024691357,0.23809523809523808,0.1728395061728395,0.0,0.2441860465116279,0.2132132132132132,3
678662,SI,Sinker,Fastball,272,0.14093959731543623,0.8590604026845637,0.43333333333333335,0.38727976119402985,82.13482142857141,0.5588235294117647,71,0.31666666666666665,0.4084507042253521,0.1166666666666667,0.11267605633802817,0.07042253521126761,0.07720588235294118,2
678662,ST,Sweeper,Breaking,177,0.37272727272727274,0.6272727272727272,0.28,0.25801,77.81384615384614,0.3728813559322034,55,0.2,0.25925925925925924,0.08000000000000002,0.07272727272727272,0.2909090909090909,0.23163841807909605,1
678662,CH,Changeup,Offspeed,163,0.41739130434782606,0.5826086956521739,0.39215686274509803,0.21671999999999997,78.59846153846154,0.31901840490797545,52,0.19607843137254902,0.19230769230769232,0.19607843137254902,0.0,0.36538461538461536,0.294478527607362,3
678662,FC,Cutter,Fastball,138,0.24691358024691357,0.7530864197530864,0.36666666666666664,0.39756705882352944,81.6896551724138,0.47101449275362317,38,0.2,0.35135135135135137,0.16666666666666663,0.18421052631578946,0.07894736842105263,0.14492753623188406,1
678662,CU,Curveball,Breaking,80,0.32608695652173914,0.6739130434782609,0.2413793103448276,0.23541161290322582,74.80666666666666,0.3625,31,0.13793103448275862,0.1935483870967742,0.10344827586206898,0.06451612903225806,0.3225806451612903,0.1875,0
678662,FS,Splitter,Offspeed,40,0.4444444444444444,0.5555555555555556,0.0,0.12517250000000002,80.91999999999999,0.275,8,0.0,0.125,0.0,0.125,0.5,0.3,0
678662,KC,Knuckle-Curve,Breaking,25,0.3157894736842105,0.6842105263157895,0.6363636363636364,0.41509090909090907,81.94166666666666,0.44,11,0.2727272727272727,0.2727272727272727,0.36363636363636365,0.0,0.09090909090909091,0.24,1
678882,FF,4-Seam FB,Fastball,669,0.2595419847328244,0.7404580152671756,0.3333333333333333,0.2633711901840491,82.00074074074074,0.4798206278026906,172,0.25157232704402516,0.3081395348837209,0.08176100628930816,0.06395348837209303,0.27325581395348836,0.15246636771300448,1
678882,SI,Sinker,Fastball,393,0.16591928251121077,0.8340807174887892,0.37373737373737376,0.3310870099009901,81.23373493975903,0.549618320610687,106,0.29292929292929293,0.3333333333333333,0.08080808080808083,0.018867924528301886,0.1509433962264151,0.09414758269720101,1
678882,SL,Slider,Breaking,320,0.25280898876404495,0.747191011235955,0.575,0.32775481481481483,80.68492063492063,0.4,87,0.3125,0.3372093023255814,0.26249999999999996,0.04597701149425287,0.11494252873563218,0.140625,5
678882,CH,Changeup,Offspeed,209,0.2601626016260163,0.7398373983739837,0.453125,0.25696444444444444,80.5635294117647,0.4784688995215311,66,0.25,0.2727272727272727,0.203125,0.030303030303030304,0.19696969696969696,0.15311004784688995,3
678882,FC,Cutter,Fastball,184,0.25773195876288657,0.7422680412371134,0.4772727272727273,0.28896858333333336,82.36000000000001,0.5054347826086957,48,0.3409090909090909,0.3958333333333333,0.1363636363636364,0.0625,0.125,0.1358695652173913,0
678882,ST,Sweeper,Breaking,184,0.2833333333333333,0.7166666666666667,0.6538461538461539,0.2786,75.42650602409638,0.42934782608695654,52,0.36538461538461536,0.36538461538461536,0.2884615384615385,0.0,0.23076923076923078,0.18478260869565216,4
678882,CU,Curveball,Breaking,145,0.2875,0.7125,0.3611111111111111,0.19810086486486486,78.96923076923076,0.4068965517241379,38,0.19444444444444445,0.23076923076923078,0.16666666666666666,0.02631578947368421,0.23684210526315788,0.15862068965517243,1
678882,FS,Splitter,Offspeed,42,0.38461538461538464,0.6153846153846154,1.1428571428571428,0.28958333333333336,88.80625,0.47619047619047616,14,0.5,0.5,0.6428571428571428,0.0,0.35714285714285715,0.23809523809523808,2
678882,KC,Knuckle-Curve,Breaking,26,0.4,0.6,0.125,0.209375,81.15,0.4230769230769231,8,0.125,0.125,0.0,0.0,0.375,0.23076923076923078,0
679529,FF,4-Seam FB,Fastball,722,0.24605678233438485,0.7539432176656151,0.5866666666666667,0.3848173258426966,86.7358407079646,0.5221606648199446,185,0.26666666666666666,0.3967391304347826,0.32,0.16756756756756758,0.2594594594594595,0.10803324099722991,12
679529,SI,Sinker,Fastball,423,0.145,0.855,0.5876288659793815,0.42231007142857147,86.00914634146342,0.5839243498817966,117,0.35051546391752575,0.4444444444444444,0.23711340206185572,0.11965811965811966,0.1282051282051282,0.06855791962174941,5
679529,SL,Slider,Breaking,420,0.36904761904761907,0.6309523809523809,0.47368421052631576,0.31170838095238096,81.73939393939395,0.4261904761904762,89,0.19736842105263158,0.30337078651685395,0.2763157894736842,0.11235955056179775,0.34831460674157305,0.14761904761904762,6
679529,CH,Changeup,Offspeed,306,0.4316546762589928,0.5683453237410072,0.24193548387096775,0.19957290322580648,79.3056338028169,0.3660130718954248,66,0.16129032258064516,0.21212121212121213,0.08064516129032259,0.06060606060606061,0.5,0.19607843137254902,1
679529,ST,Sweeper,Breaking,280,0.47619047619047616,0.5238095238095238,0.35185185185185186,0.22210466666666664,79.15192307692307,0.45,61,0.18518518518518517,0.2786885245901639,0.16666666666666669,0.09836065573770492,0.47540983606557374,0.17857142857142858,2
679529,FC,Cutter,Fastball,266,0.3274336283185841,0.6725663716814159,0.2037037037037037,0.2908438666666667,82.75277777777778,0.5526315789473685,61,0.14814814814814814,0.2459016393442623,0.05555555555555555,0.09836065573770492,0.22950819672131148,0.13909774436090225,1
679529,CU,Curveball,Breaking,148,0.41818181818181815,0.5818181818181818,0.36666666666666664,0.09820689655172413,83.39666666666668,0.39864864864864863,30,0.2,0.2,0.16666666666666663,0.0,0.4,0.1554054054054054,1
679529,FS,Splitter,Offspeed,52,0.65,0.35,0.07692307692307693,0.10930769230769231,85.91428571428571,0.28846153846153844,13,0.07692307692307693,0.07692307692307693,0.0,0.0,0.6923076923076923,0.25,0
679529,KC,Knuckle-Curve,Breaking,35,0.5,0.5,0.5,0.11225,81.08,0.45714285714285713,4,0.25,0.25,0.25,0.0,0.5,0.14285714285714285,0
679822,FF,4-Seam FB,Fastball,386,0.22994652406417113,0.7700534759358288,0.37681159420289856,0.2928138666666667,80.54736842105262,0.5518134715025906,78,0.17391304347826086,0.2564102564102564,0.2028985507246377,0.10256410256410256,0.2948717948717949,0.11139896373056994,3
679822,SL,Slider,Breaking,147,0.29411764705882354,0.7058823529411764,0.34210526315789475,0.3250570810810811,85.6047619047619,0.5170068027210885,42,0.18421052631578946,0.2619047619047619,0.15789473684210528,0.07142857142857142,0.30952380952380953,0.1360544217687075,1
679822,SI,Sinker,Fastball,145,0.078125,0.921875,0.5897435897435898,0.3870271428571428,85.26206896551724,0.6,43,0.358974358974359,0.40476190476190477,0.23076923076923078,0.06976744186046512,0.09302325581395349,0.034482758620689655,2
679822,CH,Changeup,Offspeed,121,0.1694915254237288,0.8305084745762712,0.5185185185185185,0.28077777777777774,83.17209302325581,0.36363636363636365,27,0.3333333333333333,0.3333333333333333,0.18518518518518517,0.0,0.2962962962962963,0.08264462809917356,1
679822,CU,Curveball,Breaking,76,0.08333333333333333,0.9166666666666666,0.5714285714285714,0.41800658823529413,83.80909090909091,0.5,17,0.42857142857142855,0.5294117647058824,0.14285714285714285,0.11764705882352941,0.23529411764705882,0.02631578947368421,0
679822,ST,Sweeper,Breaking,75,0.3142857142857143,0.6857142857142857,0.391304347826087,0.25098766666666666,80.4391304347826,0.5066666666666667,25,0.2608695652173913,0.32,0.13043478260869568,0.0,0.32,0.14666666666666667,1
679822,FC,Cutter,Fastball,61,0.24242424242424243,0.7575757575757576,0.8888888888888888,0.4451778947368421,83.12608695652175,0.6065573770491803,19,0.3888888888888889,0.42105263157894735,0.49999999999999994,0.05263157894736842,0.21052631578947367,0.13114754098360656,3
679845,FF,4-Seam FB,Fastball,457,0.06310679611650485,0.9368932038834952,0.5508474576271186,0.33023918796992485,81.38342245989305,0.5689277899343544,142,0.3050847457627119,0.39285714285714285,0.24576271186440674,0.1267605633802817,0.13380281690140844,0.028446389496717725,4
679845,SI,Sinker,Fastball,300,0.05217391304347826,0.9478260869565217,0.4,0.28137632,83.895,0.5466666666666666,79,0.3,0.35064935064935066,0.10000000000000003,0.05063291139240506,0.11392405063291139,0.02,0
679845,SL,Slider,Breaking,247,0.29523809523809524,0.7047619047619047,0.34,0.26432545454545453,79.96323529411765,0.3967611336032389,56,0.22,0.2909090909090909,0.12000000000000002,0.08928571428571429,0.23214285714285715,0.12550607287449392,1
679845,ST,Sweeper,Breaking,176,0.3333333333333333,0.6666666666666667,0.225,0.2563082666666666,74.96,0.4772727272727273,45,0.15,0.24444444444444444,0.07500000000000001,0.08888888888888889,0.3111111111111111,0.11931818181818182,1
679845,CH,Changeup,Offspeed,165,0.2676056338028169,0.7323943661971831,0.2571428571428571,0.25477684210526313,82.632,0.3212121212121212,39,0.2,0.28205128205128205,0.057142857142857106,0.10256410256410256,0.1794871794871795,0.11515151515151516,0
679845,FC,Cutter,Fastball,159,0.15714285714285714,0.8428571428571429,0.3783783783783784,0.3495475,82.63888888888889,0.5031446540880503,42,0.21621621621621623,0.30952380952380953,0.16216216216216217,0.11904761904761904,0.0,0.06918238993710692,1
679845,CU,Curveball,Breaking,97,0.43333333333333335,0.5666666666666667,0.2631578947368421,0.2386869090909091,78.36,0.44329896907216493,22,0.10526315789473684,0.22727272727272727,0.15789473684210525,0.09090909090909091,0.5,0.13402061855670103,1
679845,FS,Splitter,Offspeed,29,0.3333333333333333,0.6666666666666667,0.1,0.20155555555555557,85.17999999999999,0.4827586206896552,10,0.1,0.1,0.0,0.0,0.2,0.1724137931034483,0
680474,FF,4-Seam FB,Fastball,139,0.21875,0.78125,0.2857142857142857,0.32662106666666674,83.42653061224489,0.4676258992805755,38,0.14285714285714285,0.3333333333333333,0.14285714285714285,0.18421052631578946,0.15789473684210525,0.10071942446043165,1
680474,SI,Sinker,Fastball,72,0.1724137931034483,0.8275862068965517,0.6666666666666666,0.4315962222222222,82.08260869565218,0.6111111111111112,20,0.2222222222222222,0.3,0.4444444444444444,0.05,0.3,0.06944444444444445,2
680474,SL,Slider,Breaking,63,0.25,0.75,0.2,0.2881533333333334,80.71666666666665,0.47619047619047616,13,0.2,0.3333333333333333,0.0,0.15384615384615385,0.23076923076923078,0.06349206349206349,0
680474,CH,Changeup,Offspeed,60,0.53125,0.46875,0.2727272727272727,0.136538,73.30714285714285,0.31666666666666665,12,0.18181818181818182,0.25,0.09090909090909088,0.08333333333333333,0.4166666666666667,0.2833333333333333,0
680474,FC,Cutter,Fastball,35,0.5,0.5,0.6666666666666666,0.307352,80.06666666666666,0.3142857142857143,7,0.3333333333333333,0.7142857142857143,0.3333333333333333,0.5714285714285714,0.2857142857142857,0.08571428571428572,0
680474,ST,Sweeper,Breaking,30,0.38461538461538464,0.6153846153846154,0.6666666666666666,0.3594,69.875,0.5,6,0.5,0.5,0.16666666666666663,0.0,0.3333333333333333,0.16666666666666666,0
680574,FF,4-Seam FB,Fastball,689,0.2958199356913183,0.7041800643086817,0.33064516129032256,0.3167822608695652,82.76127450980391,0.4847605224963715,147,0.1935483870967742,0.3082191780821918,0.13709677419354838,0.1360544217687075,0.32653061224489793,0.13352685050798258,4
680574,SI,Sinker,Fastball,385,0.12154696132596685,0.8784530386740331,0.375,0.33076692783505157,80.99383561643836,0.6103896103896104,103,0.2159090909090909,0.2857142857142857,0.1590909090909091,0.07766990291262135,0.13592233009708737,0.05714285714285714,3
680574,SL,Slider,Breaking,286,0.4016393442622951,0.5983606557377049,0.3466666666666667,0.2619535,79.13623188405798,0.4160839160839161,81,0.17333333333333334,0.2345679012345679,0.17333333333333334,0.07407407407407407,0.32098765432098764,0.17132867132867133,3
680574,ST,Sweeper,Breaking,210,0.3103448275862069,0.6896551724137931,0.36363636363636365,0.24485435714285717,78.34259259259261,0.46190476190476193,60,0.21818181818181817,0.2833333333333333,0.14545454545454548,0.05,0.31666666666666665,0.12857142857142856,2
680574,CH,Changeup,Offspeed,156,0.34615384615384615,0.6538461538461539,0.225,0.19397736842105265,74.41627906976743,0.391025641025641,43,0.175,0.23255813953488372,0.05000000000000002,0.06976744186046512,0.27906976744186046,0.17307692307692307,0
680574,FC,Cutter,Fastball,126,0.28,0.72,0.7142857142857143,0.4102963333333334,80.33333333333333,0.5396825396825397,25,0.23809523809523808,0.36,0.4761904761904762,0.12,0.16,0.1111111111111111,3
680574,CU,Curveball,Breaking,122,0.23255813953488372,0.7674418604651163,0.28,0.2818889230769231,81.74285714285715,0.4016393442622951,28,0.12,0.21428571428571427,0.16000000000000003,0.07142857142857142,0.32142857142857145,0.08196721311475409,1
680574,FS,Splitter,Offspeed,46,0.42857142857142855,0.5714285714285714,0.38461538461538464,0.16609857142857143,83.80909090909091,0.34782608695652173,14,0.15384615384615385,0.21428571428571427,0.23076923076923078,0.07142857142857142,0.5,0.1956521739130435,1
680664,FF,4-Seam FB,Fastball,149,0.3157894736842105,0.6842105263157895,0.5,0.3432367567567567,84.18400000000001,0.5503355704697986,38,0.3055555555555556,0.34210526315789475,0.19444444444444442,0.05263157894736842,0.39473684210526316,0.1610738255033557,1
680664,SI,Sinker,Fastball,110,0.11666666666666667,0.8833333333333333,0.5714285714285714,0.4208611428571429,81.8531914893617,0.6272727272727273,32,0.35714285714285715,0.41935483870967744,0.21428571428571425,0.0625,0.0625,0.06363636363636363,2
680664,SL,Slider,Breaking,71,0.3409090909090909,0.6590909090909092,0.3888888888888889,0.28633333333333333,80.47777777777776,0.43661971830985913,18,0.2222222222222222,0.2222222222222222,0.16666666666666669,0.0,0.2777777777777778,0.2112676056338028,0
680664,CH,Changeup,Offspeed,54,0.4444444444444444,0.5555555555555556,0.8,0.4,85.60588235294117,0.37037037037037035,15,0.4,0.4,0.4,0.0,0.3333333333333333,0.2962962962962963,1
680664,FC,Cutter,Fastball,53,0.1724137931034483,0.8275862068965517,0.5625,0.28218750000000004,86.6,0.4528301886792453,16,0.4375,0.4375,0.125,0.0,0.0625,0.09433962264150944,0
680664,CU,Curveball,Breaking,48,0.18181818181818182,0.8181818181818181,1.5,0.6172644444444444,89.46923076923078,0.4583333333333333,9,0.625,0.6666666666666666,0.875,0.1111111111111111,0.1111111111111111,0.08333333333333333,2
680664,ST,Sweeper,Breaking,28,0.4444444444444444,0.5555555555555556,0.0,0.33846,95.25,0.2857142857142857,3,0.0,0.3333333333333333,0.0,0.3333333333333333,0.3333333333333333,0.14285714285714285,0
680700,FF,4-Seam FB,Fastball,490,0.14746543778801843,0.8525345622119815,0.4107142857142857,0.35653597101449275,82.30511363636363,0.4489795918367347,143,0.25892857142857145,0.4125874125874126,0.15178571428571425,0.1958041958041958,0.15384615384615385,0.0653061224489796,4
680700,SI,Sinker,Fastball,242,0.0891089108910891,0.9108910891089109,0.3283582089552239,0.2697206842105263,80.64137931034483,0.5289256198347108,77,0.19402985074626866,0.2987012987012987,0.13432835820895522,0.11688311688311688,0.12987012987012986,0.0371900826446281,2
680700,CH,Changeup,Offspeed,190,0.35294117647058826,0.6470588235294117,0.47368421052631576,0.37911900000000004,81.49,0.35789473684210527,40,0.3157894736842105,0.35,0.15789473684210525,0.05,0.175,0.15789473684210525,2
680700,SL,Slider,Breaking,159,0.29545454545454547,0.7045454545454546,0.3888888888888889,0.30161894736842104,79.68490566037734,0.46540880503144655,41,0.19444444444444445,0.275,0.19444444444444445,0.0975609756097561,0.21951219512195122,0.16352201257861634,0
680700,CU,Curveball,Breaking,131,0.2222222222222222,0.7777777777777778,0.15384615384615385,0.20105633333333336,79.28684210526316,0.3969465648854962,28,0.11538461538461539,0.14814814814814814,0.038461538461538464,0.0,0.14285714285714285,0.0916030534351145,0
680700,FC,Cutter,Fastball,113,0.12903225806451613,0.8709677419354839,0.5769230769230769,0.3561162962962963,84.1125,0.4690265486725664,30,0.34615384615384615,0.41379310344827586,0.23076923076923073,0.1,0.1,0.07079646017699115,2
680700,ST,Sweeper,Breaking,89,0.25,0.75,0.23076923076923078,0.18109857142857141,81.31379310344828,0.4606741573033708,14,0.15384615384615385,0.21428571428571427,0.07692307692307693,0.07142857142857142,0.21428571428571427,0.11235955056179775,0
680700,FS,Splitter,Offspeed,61,0.29411764705882354,0.7058823529411764,0.16666666666666666,0.1625,74.12173913043478,0.3114754098360656,12,0.16666666666666666,0.16666666666666666,0.0,0.0,0.4166666666666667,0.16393442622950818,0
680700,KC,Knuckle-Curve,Breaking,54,0.28,0.72,0.23076923076923078,0.17469230769230767,85.23529411764704,0.4074074074074074,13,0.15384615384615385,0.15384615384615385,0.07692307692307693,0.0,0.3076923076923077,0.12962962962962962,0
680716,FF,4-Seam FB,Fastball,32,0.2727272727272727,0.7272727272727273,0.4,0.31783799999999995,82.74000000000001,0.53125,11,0.4,0.45454545454545453,0.0,0.09090909090909091,0.18181818181818182,0.1875,0
680718,FF,4-Seam FB,Fastball,68,0.28205128205128205,0.717948717948718,0.5555555555555556,0.22003454545454543,84.02592592592592,0.45588235294117646,19,0.2777777777777778,0.3157894736842105,0.2777777777777778,0.05263157894736842,0.2631578947368421,0.16176470588235295,1
680718,SI,Sinker,Fastball,26,0.06666666666666667,0.9333333333333333,0.0,0.17506333333333335,88.03076923076922,0.34615384615384615,7,0.0,0.14285714285714285,0.0,0.14285714285714285,0.14285714285714285,0.038461538461538464,0
680718,FC,Cutter,Fastball,25,0.1,0.9,0.0,0.23679333333333333,77.87777777777778,0.36,5,0.0,0.2,0.0,0.2,0.2,0.04,0
680728,FF,4-Seam FB,Fastball,257,0.2962962962962963,0.7037037037037037,0.29310344827586204,0.23739573770491804,81.31847826086958,0.5058365758754864,61,0.1724137931034483,0.21311475409836064,0.12068965517241376,0.04918032786885246,0.29508196721311475,0.1556420233463035,2
680728,SI,Sinker,Fastball,115,0.1346153846153846,0.8653846153846154,0.4230769230769231,0.3804483870967742,83.02558139534882,0.5391304347826087,32,0.23076923076923078,0.3548387096774194,0.1923076923076923,0.15625,0.09375,0.06086956521739131,1
680728,CH,Changeup,Offspeed,104,0.3958333333333333,0.6041666666666667,0.08695652173913043,0.13552173913043478,81.916,0.4423076923076923,23,0.08695652173913043,0.08695652173913043,0.0,0.0,0.34782608695652173,0.18269230769230768,0
680728,SL,Slider,Breaking,100,0.28846153846153844,0.7115384615384616,0.25,0.20581266666666664,79.73142857142857,0.46,31,0.21428571428571427,0.23333333333333334,0.035714285714285726,0.03225806451612903,0.3870967741935484,0.15,0
680728,CU,Curveball,Breaking,60,0.44,0.56,0.25,0.1814907692307692,78.1857142857143,0.31666666666666665,13,0.25,0.3076923076923077,0.0,0.07692307692307693,0.46153846153846156,0.18333333333333332,0
680728,ST,Sweeper,Breaking,45,0.4,0.6,0.2857142857142857,0.3420844444444444,76.03750000000001,0.4666666666666667,9,0.2857142857142857,0.4444444444444444,0.0,0.2222222222222222,0.3333333333333333,0.13333333333333333,0
680728,FS,Splitter,Offspeed,38,0.35294117647058826,0.6470588235294117,0.5,0.1300909090909091,82.07,0.39473684210526316,12,0.16666666666666666,0.16666666666666666,0.33333333333333337,0.0,0.3333333333333333,0.15789473684210525,1
680728,FC,Cutter,Fastball,37,0.045454545454545456,0.9545454545454546,0.8,0.5868,87.01052631578949,0.5675675675675675,10,0.4,0.4,0.4,0.0,0.0,0.02702702702702703,1
680737,FF,4-Seam FB,Fastball,38,0.2,0.8,0.09090909090909091,0.15455555555555556,85.14,0.5526315789473685,11,0.09090909090909091,0.09090909090909091,0.0,0.0,0.09090909090909091,0.10526315789473684,0
680757,FF,4-Seam FB,Fastball,1123,0.04864864864864865,0.9513513513513514,0.37305699481865284,0.34003734482758624,79.73303571428572,0.5360641139804097,242,0.2849740932642487,0.4225941422594142,0.08808290155440412,0.18181818181818182,0.07024793388429752,0.016028495102404273,2
680757,SI,Sinker,Fastball,502,0.029585798816568046,0.9704142011834319,0.3157894736842105,0.3928835593220339,78.31558441558442,0.5657370517928287,129,0.29473684210526313,0.464,0.02105263157894738,0.23255813953488372,0.05426356589147287,0.0099601593625498,0
680757,SL,Slider,Breaking,307,0.12396694214876033,0.8760330578512396,0.2976190476190476,0.2869958651685393,79.20873786407768,0.46905537459283386,93,0.2261904761904762,0.2857142857142857,0.07142857142857142,0.06451612903225806,0.15053763440860216,0.048859934853420196,0
680757,FC,Cutter,Fastball,237,0.13043478260869565,0.8695652173913043,0.4423076923076923,0.3571107692307693,81.94102564102563,0.5611814345991561,56,0.34615384615384615,0.375,0.09615384615384615,0.05357142857142857,0.10714285714285714,0.05063291139240506,0
680757,CH,Changeup,Offspeed,194,0.10465116279069768,0.8953488372093024,0.30357142857142855,0.2893115789473685,78.03972602739725,0.4072164948453608,59,0.25,0.288135593220339,0.05357142857142855,0.05084745762711865,0.05084745762711865,0.04639175257731959,0
680757,ST,Sweeper,Breaking,134,0.19607843137254902,0.803921568627451,0.2857142857142857,0.2401855172413793,75.4048780487805,0.40298507462686567,30,0.25,0.26666666666666666,0.0357142857142857,0.03333333333333333,0.3,0.07462686567164178,0
680757,CU,Curveball,Breaking,121,0.10714285714285714,0.8928571428571429,0.5,0.32033659999999997,79.2909090909091,0.3305785123966942,20,0.3333333333333333,0.4,0.16666666666666669,0.05,0.2,0.024793388429752067,1
680757,FS,Splitter,Offspeed,79,0.14705882352941177,0.8529411764705882,0.2222222222222222,0.213138,68.55862068965517,0.35443037974683544,20,0.16666666666666666,0.25,0.05555555555555555,0.1,0.2,0.06329113924050633,0
680776,FF,4-Seam FB,Fastball,811,0.32195121951219513,0.6780487804878048,0.3625,0.30567490909090905,81.8131274131274,0.5104808877928483,185,0.15,0.24043715846994534,0.2125,0.0972972972972973,0.3081081081081081,0.16276202219482122,10
680776,CH,Changeup,Offspeed,278,0.38095238095238093,0.6190476190476191,0.3625,0.27119836144578313,82.2988372093023,0.3489208633093525,86,0.2375,0.27058823529411763,0.125,0.023255813953488372,0.2441860465116279,0.2014388489208633,3
680776,SL,Slider,Breaking,257,0.41379310344827586,0.5862068965517242,0.24050632911392406,0.22372461538461538,83.35333333333334,0.48249027237354086,86,0.16455696202531644,0.21428571428571427,0.07594936708860761,0.05813953488372093,0.38372093023255816,0.23346303501945526,1
680776,SI,Sinker,Fastball,254,0.15833333333333333,0.8416666666666667,0.5079365079365079,0.4572329230769231,85.66263736263735,0.5708661417322834,68,0.3492063492063492,0.3880597014925373,0.15873015873015872,0.058823529411764705,0.07352941176470588,0.07480314960629922,2
680776,CU,Curveball,Breaking,203,0.4157303370786517,0.5842696629213483,0.28888888888888886,0.29387813953488373,82.95652173913044,0.39408866995073893,48,0.2,0.23404255319148937,0.08888888888888885,0.041666666666666664,0.25,0.18226600985221675,1
680776,FC,Cutter,Fastball,188,0.21649484536082475,0.7835051546391752,0.5208333333333334,0.4048835789473684,82.28550724637681,0.5212765957446809,59,0.3125,0.41379310344827586,0.20833333333333337,0.11864406779661017,0.11864406779661017,0.11170212765957446,2
680776,FS,Splitter,Offspeed,133,0.39436619718309857,0.6056338028169015,0.18421052631578946,0.17588153846153845,81.85675675675675,0.41353383458646614,40,0.13157894736842105,0.15384615384615385,0.05263157894736842,0.025,0.375,0.21052631578947367,0
680776,ST,Sweeper,Breaking,126,0.390625,0.609375,0.3235294117647059,0.2804259459459459,79.75675675675676,0.5,37,0.20588235294117646,0.24324324324324326,0.11764705882352944,0.05405405405405406,0.32432432432432434,0.1984126984126984,1
680776,KC,Knuckle-Curve,Breaking,47,0.5416666666666666,0.45833333333333337,0.5,0.16319999999999998,85.84545454545454,0.425531914893617,15,0.21428571428571427,0.2,0.2857142857142857,0.0,0.5333333333333333,0.2765957446808511,0
680777,FF,4-Seam FB,Fastball,499,0.11162790697674418,0.8883720930232558,0.2803738317757009,0.29572830508474574,83.2182320441989,0.5651302605210421,121,0.1588785046728972,0.24793388429752067,0.12149532710280372,0.10743801652892562,0.19008264462809918,0.04809619238476954,2
680777,SI,Sinker,Fastball,250,0.09375,0.90625,0.660377358490566,0.4282908852459016,82.71728395061729,0.556,63,0.41509433962264153,0.5079365079365079,0.24528301886792447,0.12698412698412698,0.1746031746031746,0.036,3
680777,SL,Slider,Breaking,229,0.2903225806451613,0.7096774193548387,0.4888888888888889,0.32241086956521736,83.01967213114754,0.40611353711790393,51,0.26666666666666666,0.3333333333333333,0.2222222222222222,0.09803921568627451,0.19607843137254902,0.11790393013100436,2
680777,ST,Sweeper,Breaking,163,0.26865671641791045,0.7313432835820896,0.5142857142857142,0.24177542857142856,81.9531914893617,0.4233128834355828,38,0.17142857142857143,0.23684210526315788,0.3428571428571428,0.07894736842105263,0.2894736842105263,0.11042944785276074,4
680777,CH,Changeup,Offspeed,151,0.1694915254237288,0.8305084745762712,0.32142857142857145,0.34754882352941174,83.10000000000001,0.2781456953642384,35,0.2857142857142857,0.42857142857142855,0.035714285714285754,0.2,0.08571428571428572,0.06622516556291391,0
680777,FC,Cutter,Fastball,123,0.15789473684210525,0.8421052631578947,0.7027027027027027,0.44094972972972973,85.28958333333334,0.4715447154471545,40,0.40540540540540543,0.45,0.2972972972972973,0.075,0.05,0.07317073170731707,3
680777,CU,Curveball,Breaking,99,0.3333333333333333,0.6666666666666667,0.5333333333333333,0.43492063157894745,80.3529411764706,0.3434343434343434,19,0.2,0.3684210526315789,0.3333333333333333,0.15789473684210525,0.21052631578947367,0.09090909090909091,1
680777,FS,Splitter,Offspeed,38,0.3157894736842105,0.6842105263157895,0.2222222222222222,0.144875,85.20769230769231,0.4473684210526316,9,0.1111111111111111,0.1111111111111111,0.1111111111111111,0.0,0.2222222222222222,0.15789473684210525,0
680779,FF,4-Seam FB,Fastball,344,0.29533678756476683,0.7046632124352332,0.3170731707317073,0.25609285393258424,85.65416666666667,0.5174418604651163,98,0.18292682926829268,0.3020833333333333,0.13414634146341464,0.12244897959183673,0.30612244897959184,0.16569767441860464,3
680779,SI,Sinker,Fastball,252,0.09090909090909091,0.9090909090909091,0.45454545454545453,0.41956394202898545,85.125,0.5476190476190477,72,0.21818181818181817,0.39436619718309857,0.23636363636363636,0.1388888888888889,0.06944444444444445,0.04365079365079365,4
680779,CH,Changeup,Offspeed,130,0.38028169014084506,0.619718309859155,0.06896551724137931,0.15814129032258067,86.44166666666666,0.3153846153846154,32,0.06896551724137931,0.09375,0.0,0.03125,0.375,0.2076923076923077,0
680779,SL,Slider,Breaking,121,0.31343283582089554,0.6865671641791045,0.23333333333333334,0.2719739393939394,80.64634146341463,0.4297520661157025,35,0.16666666666666666,0.24242424242424243,0.06666666666666668,0.08571428571428572,0.22857142857142856,0.17355371900826447,0
680779,ST,Sweeper,Breaking,121,0.25862068965517243,0.7413793103448276,0.3076923076923077,0.26328384615384615,83.55526315789474,0.4049586776859504,28,0.19230769230769232,0.2222222222222222,0.11538461538461539,0.03571428571428571,0.21428571428571427,0.12396694214876033,1
680779,FC,Cutter,Fastball,86,0.24,0.76,0.6521739130434783,0.2682727272727273,84.15483870967742,0.5813953488372093,23,0.2608695652173913,0.2608695652173913,0.391304347826087,0.0,0.08695652173913043,0.13953488372093023,3
680779,CU,Curveball,Breaking,65,0.30303030303030304,0.696969696969697,0.2,0.1977142857142857,85.075,0.6153846153846154,15,0.13333333333333333,0.13333333333333333,0.06666666666666668,0.0,0.13333333333333333,0.15384615384615385,0
680779,FS,Splitter,Offspeed,26,0.16666666666666666,0.8333333333333334,0.3333333333333333,0.5186666666666667,84.4375,0.3076923076923077,4,0.3333333333333333,0.5,0.0,0.25,0.0,0.07692307692307693,0
680869,FF,4-Seam FB,Fastball,465,0.3565217391304348,0.6434782608695653,0.6153846153846154,0.35034598230088493,88.11134751773051,0.578494623655914,115,0.25,0.3217391304347826,0.3653846153846154,0.06956521739130435,0.3217391304347826,0.17634408602150536,9
680869,SI,Sinker,Fastball,423,0.1568627450980392,0.8431372549019608,0.3619047619047619,0.35201133333333334,82.09536423841061,0.5697399527186762,119,0.3047619047619048,0.3865546218487395,0.057142857142857106,0.1092436974789916,0.11764705882352941,0.07565011820330969,1
680869,SL,Slider,Breaking,250,0.22448979591836735,0.7755102040816326,0.4576271186440678,0.2930463050847458,83.2231884057971,0.428,61,0.2033898305084746,0.22950819672131148,0.2542372881355932,0.01639344262295082,0.14754098360655737,0.088,5
680869,ST,Sweeper,Breaking,142,0.3283582089552239,0.6716417910447761,0.5135135135135135,0.32264157894736845,79.0404761904762,0.4295774647887324,38,0.2702702702702703,0.2894736842105263,0.2432432432432432,0.02631578947368421,0.3157894736842105,0.15492957746478872,2
680869,CH,Changeup,Offspeed,138,0.38028169014084506,0.619718309859155,0.42424242424242425,0.305472,81.61951219512196,0.42028985507246375,37,0.21212121212121213,0.2972972972972973,0.21212121212121213,0.05405405405405406,0.35135135135135137,0.1956521739130435,2
680869,FC,Cutter,Fastball,112,0.26785714285714285,0.7321428571428572,0.6666666666666666,0.37990699999999994,78.61315789473684,0.5267857142857143,22,0.3333333333333333,0.42857142857142855,0.3333333333333333,0.13636363636363635,0.09090909090909091,0.13392857142857142,2
680869,CU,Curveball,Breaking,82,0.375,0.625,0.26666666666666666,0.22283625,71.86,0.43902439024390244,19,0.2,0.29411764705882354,0.06666666666666665,0.10526315789473684,0.21052631578947367,0.14634146341463414,0
680869,FS,Splitter,Offspeed,48,0.4090909090909091,0.5909090909090908,0.6363636363636364,0.285115,82.19090909090909,0.3958333333333333,12,0.36363636363636365,0.4166666666666667,0.2727272727272727,0.08333333333333333,0.4166666666666667,0.1875,1
680869,KC,Knuckle-Curve,Breaking,43,0.5625,0.4375,0.18181818181818182,0.15503166666666668,82.67142857142856,0.4186046511627907,12,0.09090909090909091,0.16666666666666666,0.09090909090909091,0.08333333333333333,0.6666666666666666,0.20930232558139536,0
680977,FF,4-Seam FB,Fastball,216,0.15384615384615385,0.8461538461538461,0.7142857142857143,0.3153869523809523,83.76666666666667,0.5138888888888888,54,0.35714285714285715,0.4716981132075472,0.35714285714285715,0.14814814814814814,0.1111111111111111,0.06481481481481481,4
680977,SI,Sinker,Fastball,157,0.13114754098360656,0.8688524590163934,0.19444444444444445,0.32148031578947367,81.24081632653062,0.554140127388535,42,0.19444444444444445,0.30952380952380953,0.0,0.11904761904761904,0.14285714285714285,0.050955414012738856,0
680977,SL,Slider,Breaking,84,0.22727272727272727,0.7727272727272727,0.10526315789473684,0.16577777777777777,78.02647058823528,0.44047619047619047,19,0.10526315789473684,0.10526315789473684,0.0,0.0,0.21052631578947367,0.11904761904761904,0
680977,FC,Cutter,Fastball,69,0.0,1.0,0.7857142857142857,0.4616532307692308,86.1741935483871,0.4782608695652174,19,0.6428571428571429,0.6842105263157895,0.1428571428571428,0.15789473684210525,0.0,0.0,0
680977,CH,Changeup,Offspeed,64,0.2647058823529412,0.7352941176470589,0.4,0.3148752380952381,76.44800000000001,0.359375,21,0.3,0.3333333333333333,0.10000000000000003,0.047619047619047616,0.09523809523809523,0.140625,0
680977,CU,Curveball,Breaking,38,0.25,0.75,0.7777777777777778,0.4345185454545455,87.35555555555555,0.3157894736842105,12,0.4444444444444444,0.5833333333333334,0.33333333333333337,0.0,0.16666666666666666,0.07894736842105263,0
680977,ST,Sweeper,Breaking,38,0.29411764705882354,0.7058823529411764,0.3,0.255612,77.8909090909091,0.47368421052631576,12,0.2,0.3333333333333333,0.09999999999999998,0.08333333333333333,0.25,0.13157894736842105,0
681047,FF,4-Seam FB,Fastball,106,0.28205128205128205,0.717948717948718,0.25,0.5197515789473685,85.08260869565217,0.42452830188679247,23,0.1875,0.4090909090909091,0.0625,0.2608695652173913,0.2608695652173913,0.10377358490566038,0
681047,SL,Slider,Breaking,59,0.32,0.6799999999999999,0.07142857142857142,0.05735714285714285,80.25,0.3898305084745763,14,0.07142857142857142,0.07142857142857142,0.0,0.0,0.5,0.13559322033898305,0
681047,SI,Sinker,Fastball,45,0.14285714285714285,0.8571428571428572,0.3076923076923077,0.2370352,82.89333333333335,0.6222222222222222,14,0.23076923076923078,0.2857142857142857,0.07692307692307693,0.0,0.14285714285714285,0.06666666666666667,0
681047,ST,Sweeper,Breaking,33,0.29411764705882354,0.7058823529411764,0.125,0.26787039999999995,81.47500000000001,0.3939393939393939,9,0.125,0.2222222222222222,0.0,0.0,0.1111111111111111,0.15151515151515152,0
681082,FF,4-Seam FB,Fastball,955,0.1962864721485411,0.8037135278514589,0.42441860465116277,0.3657685279187817,85.10070671378092,0.5340314136125655,205,0.26744186046511625,0.37254901960784315,0.1569767441860465,0.14634146341463414,0.2,0.0774869109947644,3
681082,SI,Sinker,Fastball,410,0.09868421052631579,0.9013157894736842,0.42045454545454547,0.36050959139784944,83.1976923076923,0.5585365853658537,97,0.2840909090909091,0.35051546391752575,0.13636363636363635,0.08247422680412371,0.07216494845360824,0.036585365853658534,1
681082,SL,Slider,Breaking,274,0.23943661971830985,0.7605633802816901,0.5238095238095238,0.30201910447761193,81.80582524271844,0.4416058394160584,71,0.31746031746031744,0.37681159420289856,0.2063492063492064,0.08450704225352113,0.19718309859154928,0.12408759124087591,3
681082,CH,Changeup,Offspeed,247,0.205607476635514,0.794392523364486,0.3387096774193548,0.3353215384615384,81.7625,0.340080971659919,67,0.24193548387096775,0.29850746268656714,0.09677419354838707,0.07462686567164178,0.14925373134328357,0.08906882591093117,1
681082,CU,Curveball,Breaking,184,0.08333333333333333,0.9166666666666666,0.24324324324324326,0.2733785,84.60847457627118,0.3532608695652174,41,0.1891891891891892,0.24390243902439024,0.05405405405405406,0.07317073170731707,0.04878048780487805,0.03260869565217391,0
681082,FC,Cutter,Fastball,175,0.2054794520547945,0.7945205479452055,0.6176470588235294,0.332128947368421,87.06315789473685,0.5314285714285715,39,0.3235294117647059,0.41025641025641024,0.29411764705882354,0.1282051282051282,0.15384615384615385,0.08571428571428572,1
681082,ST,Sweeper,Breaking,155,0.22535211267605634,0.7746478873239436,0.358974358974359,0.2726545714285714,79.914,0.43870967741935485,43,0.20512820512820512,0.27906976744186046,0.15384615384615385,0.06976744186046512,0.18604651162790697,0.1032258064516129,1
681082,FS,Splitter,Offspeed,126,0.19402985074626866,0.8059701492537313,0.23076923076923078,0.27316789473684205,80.28333333333332,0.3888888888888889,41,0.15384615384615385,0.175,0.07692307692307693,0.024390243902439025,0.14634146341463414,0.10317460317460317,1
681082,KC,Knuckle-Curve,Breaking,32,0.2,0.8,0.18181818181818182,0.1887272727272727,91.28888888888889,0.5,11,0.18181818181818182,0.18181818181818182,0.0,0.0,0.36363636363636365,0.09375,0
681198,FF,4-Seam FB,Fastball,784,0.1329923273657289,0.867007672634271,0.436046511627907,0.34182797948717947,82.04660493827161,0.5267857142857143,206,0.27906976744186046,0.3932038834951456,0.1569767441860465,0.14563106796116504,0.14563106796116504,0.0663265306122449,4
681198,SI,Sinker,Fastball,349,0.09433962264150944,0.9056603773584906,0.4268292682926829,0.37271100990099004,81.78978102189781,0.5644699140401146,101,0.32926829268292684,0.44554455445544555,0.09756097560975607,0.16831683168316833,0.07920792079207921,0.04297994269340974,1
681198,SL,Slider,Breaking,336,0.33962264150943394,0.6603773584905661,0.5068493150684932,0.28475133333333336,81.27425742574258,0.3333333333333333,80,0.273972602739726,0.3375,0.23287671232876717,0.0625,0.2,0.16071428571428573,4
681198,CH,Changeup,Offspeed,264,0.19230769230769232,0.8076923076923077,0.4153846153846154,0.33429659701492537,78.318,0.3143939393939394,70,0.2923076923076923,0.34285714285714286,0.12307692307692308,0.05714285714285714,0.1,0.0946969696969697,2
681198,FC,Cutter,Fastball,208,0.15178571428571427,0.8482142857142857,0.44,0.32359074074074073,80.46136363636364,0.5384615384615384,56,0.28,0.34545454545454546,0.15999999999999998,0.08928571428571429,0.07142857142857142,0.08173076923076923,2
681198,ST,Sweeper,Breaking,188,0.2079207920792079,0.7920792079207921,0.41818181818181815,0.33509055172413793,81.63552631578948,0.4308510638297872,62,0.3090909090909091,0.3770491803278688,0.10909090909090907,0.08064516129032258,0.14516129032258066,0.11170212765957446,1
681198,CU,Curveball,Breaking,172,0.2898550724637681,0.7101449275362319,0.47058823529411764,0.2928913684210526,75.83555555555556,0.3313953488372093,39,0.29411764705882354,0.38461538461538464,0.1764705882352941,0.10256410256410256,0.15384615384615385,0.11627906976744186,1
681198,FS,Splitter,Offspeed,95,0.3269230769230769,0.6730769230769231,0.43478260869565216,0.3267980952380952,78.38387096774194,0.3368421052631579,25,0.30434782608695654,0.36,0.13043478260869562,0.08,0.16,0.17894736842105263,1
681198,KC,Knuckle-Curve,Breaking,46,0.15,0.85,0.3,0.22949999999999998,73.94615384615385,0.30434782608695654,10,0.3,0.3,0.0,0.0,0.2,0.06521739130434782,0
681230,FF,4-Seam FB,Fastball,31,0.2631578947368421,0.736842105263158,0.14285714285714285,0.055400000000000005,84.50000000000001,0.3870967741935484,7,0.14285714285714285,0.14285714285714285,0.0,0.0,0.5714285714285714,0.16129032258064516,0
681297,FF,4-Seam FB,Fastball,504,0.20851063829787234,0.7914893617021277,0.30612244897959184,0.37791689655172417,84.22954545454546,0.5674603174603174,124,0.21428571428571427,0.3790322580645161,0.09183673469387757,0.20161290322580644,0.20967741935483872,0.09722222222222222,2
681297,CH,Changeup,Offspeed,299,0.36363636363636365,0.6363636363636364,0.2923076923076923,0.23191820895522391,76.65625,0.36789297658862874,71,0.23076923076923078,0.2676056338028169,0.06153846153846154,0.056338028169014086,0.2676056338028169,0.1605351170568562,1
681297,SL,Slider,Breaking,221,0.5132743362831859,0.48672566371681414,0.5471698113207547,0.31651461538461534,84.47,0.4434389140271493,55,0.22641509433962265,0.2545454545454545,0.32075471698113206,0.03636363636363636,0.5454545454545454,0.26244343891402716,5
681297,SI,Sinker,Fastball,196,0.2857142857142857,0.7142857142857143,0.5263157894736842,0.38905089361702133,82.67142857142858,0.5459183673469388,48,0.2894736842105263,0.4166666666666667,0.23684210526315785,0.16666666666666666,0.2916666666666667,0.11224489795918367,3
681297,ST,Sweeper,Breaking,146,0.32075471698113206,0.679245283018868,0.21875,0.1966781818181818,81.74,0.4657534246575342,33,0.09375,0.12121212121212122,0.125,0.030303030303030304,0.3939393939393939,0.11643835616438356,1
681297,CU,Curveball,Breaking,140,0.4074074074074074,0.5925925925925926,0.34782608695652173,0.19383545454545456,73.31379310344828,0.37142857142857144,24,0.17391304347826086,0.20833333333333334,0.17391304347826086,0.041666666666666664,0.5833333333333334,0.15714285714285714,1
681297,FS,Splitter,Offspeed,112,0.46153846153846156,0.5384615384615384,0.09523809523809523,0.16533739130434782,73.42692307692309,0.35714285714285715,24,0.09523809523809523,0.17391304347826086,0.0,0.08333333333333333,0.375,0.21428571428571427,0
681297,FC,Cutter,Fastball,97,0.21951219512195122,0.7804878048780488,0.7222222222222222,0.5544283333333334,85.08387096774193,0.5876288659793815,25,0.4444444444444444,0.5833333333333334,0.2777777777777778,0.24,0.04,0.09278350515463918,1
681297,KC,Knuckle-Curve,Breaking,28,0.36363636363636365,0.6363636363636364,0.25,0.16,71.13333333333334,0.4642857142857143,4,0.25,0.25,0.0,0.0,0.25,0.14285714285714285,0
681351,FF,4-Seam FB,Fastball,296,0.19285714285714287,0.8071428571428572,0.32857142857142857,0.3291070588235294,83.4622641509434,0.5371621621621622,77,0.2,0.2727272727272727,0.12857142857142856,0.09090909090909091,0.22077922077922077,0.09121621621621621,2
681351,SL,Slider,Breaking,185,0.3761467889908257,0.6238532110091743,0.34615384615384615,0.23568074074074072,81.328125,0.40540540540540543,55,0.25,0.2777777777777778,0.09615384615384615,0.03636363636363636,0.2727272727272727,0.22162162162162163,1
681351,SI,Sinker,Fastball,182,0.18072289156626506,0.8192771084337349,0.27450980392156865,0.2728407457627119,83.36491228070176,0.5439560439560439,60,0.27450980392156865,0.36666666666666664,0.0,0.1,0.16666666666666666,0.08241758241758242,0
681351,CH,Changeup,Offspeed,104,0.45098039215686275,0.5490196078431373,0.1875,0.1739515294117647,80.84444444444445,0.3173076923076923,34,0.15625,0.17647058823529413,0.03125,0.0,0.38235294117647056,0.22115384615384615,0
681351,ST,Sweeper,Breaking,89,0.3,0.7,0.29411764705882354,0.17723529411764705,80.91250000000001,0.39325842696629215,17,0.11764705882352941,0.11764705882352941,0.17647058823529413,0.0,0.17647058823529413,0.16853932584269662,1
681351,FC,Cutter,Fastball,69,0.2571428571428571,0.7428571428571429,0.1111111111111111,0.32372222222222224,80.744,0.4782608695652174,18,0.1111111111111111,0.1111111111111111,0.0,0.0,0.1111111111111111,0.13043478260869565,0
681351,CU,Curveball,Breaking,61,0.29411764705882354,0.7058823529411764,0.5714285714285714,0.3985964705882353,86.88421052631578,0.32786885245901637,17,0.35714285714285715,0.47058823529411764,0.21428571428571425,0.17647058823529413,0.23529411764705882,0.16393442622950818,0
681393,FF,4-Seam FB,Fastball,459,0.27058823529411763,0.7294117647058824,0.4339622641509434,0.30714403389830514,83.21468926553672,0.5315904139433552,123,0.25471698113207547,0.34959349593495936,0.17924528301886794,0.10569105691056911,0.3333333333333333,0.1503267973856209,3
681393,SI,Sinker,Fastball,243,0.11627906976744186,0.8837209302325582,0.5238095238095238,0.3959531351351351,83.61904761904762,0.5473251028806584,77,0.36507936507936506,0.4675324675324675,0.15873015873015878,0.15584415584415584,0.07792207792207792,0.06172839506172839,1
681393,SL,Slider,Breaking,210,0.44761904761904764,0.5523809523809524,0.35294117647058826,0.22349538461538462,84.275,0.4238095238095238,53,0.23529411764705882,0.2641509433962264,0.11764705882352944,0.03773584905660377,0.39622641509433965,0.22380952380952382,1
681393,CH,Changeup,Offspeed,174,0.38636363636363635,0.6136363636363636,0.13513513513513514,0.27200546341463416,76.95918367346938,0.3793103448275862,44,0.13513513513513514,0.2558139534883721,0.0,0.09090909090909091,0.3181818181818182,0.19540229885057472,0
681393,ST,Sweeper,Breaking,140,0.43333333333333335,0.5666666666666667,0.52,0.3194588387096774,79.73225806451612,0.42142857142857143,31,0.24,0.3870967741935484,0.28,0.12903225806451613,0.25806451612903225,0.18571428571428572,2
681393,FC,Cutter,Fastball,118,0.14285714285714285,0.8571428571428572,0.4090909090909091,0.3822445454545455,81.44000000000001,0.5508474576271186,23,0.22727272727272727,0.2608695652173913,0.18181818181818185,0.043478260869565216,0.13043478260869565,0.07627118644067797,1
681393,CU,Curveball,Breaking,97,0.48148148148148145,0.5185185185185186,0.05555555555555555,0.150588,69.9,0.422680412371134,20,0.05555555555555555,0.15,0.0,0.1,0.6,0.13402061855670103,0
681393,FS,Splitter,Offspeed,42,0.3,0.7,0.5555555555555556,0.298738,84.76153846153846,0.4523809523809524,10,0.3333333333333333,0.4,0.22222222222222227,0.1,0.3,0.14285714285714285,0
681481,FF,4-Seam FB,Fastball,330,0.2654320987654321,0.7345679012345678,0.4155844155844156,0.3184108051948052,86.48070175438596,0.47878787878787876,86,0.18181818181818182,0.2558139534883721,0.2337662337662338,0.08139534883720931,0.26744186046511625,0.1303030303030303,5
681481,CH,Changeup,Offspeed,144,0.2804878048780488,0.7195121951219512,0.696969696969697,0.3338305555555556,81.97090909090909,0.3680555555555556,40,0.3333333333333333,0.45,0.3636363636363637,0.15,0.225,0.1597222222222222,3
681481,SL,Slider,Breaking,139,0.358974358974359,0.641025641025641,0.16129032258064516,0.1399285714285714,80.42,0.4460431654676259,31,0.06451612903225806,0.06451612903225806,0.0967741935483871,0.0,0.4838709677419355,0.2014388489208633,1
681481,CU,Curveball,Breaking,123,0.40425531914893614,0.5957446808510638,0.32,0.29428707692307693,85.392,0.36585365853658536,30,0.12,0.26666666666666666,0.2,0.06666666666666667,0.43333333333333335,0.15447154471544716,1
681481,SI,Sinker,Fastball,115,0.15384615384615385,0.8461538461538461,0.25925925925925924,0.36773185185185187,86.76315789473684,0.5826086956521739,32,0.25925925925925924,0.3,0.0,0.0625,0.09375,0.06956521739130435,0
681481,FC,Cutter,Fastball,101,0.21311475409836064,0.7868852459016393,0.68,0.4045967407407407,86.14888888888889,0.5643564356435643,29,0.4,0.4482758620689655,0.28,0.06896551724137931,0.13793103448275862,0.12871287128712872,2
681481,ST,Sweeper,Breaking,66,0.34615384615384615,0.6538461538461539,0.45454545454545453,0.26674861538461536,85.52666666666667,0.45454545454545453,13,0.18181818181818182,0.3076923076923077,0.2727272727272727,0.07692307692307693,0.3076923076923077,0.13636363636363635,1
681481,FS,Splitter,Offspeed,47,0.3793103448275862,0.6206896551724138,0.07142857142857142,0.12638461538461537,75.54705882352941,0.3617021276595745,14,0.07142857142857142,0.07142857142857142,0.0,0.0,0.5,0.23404255319148937,0
681481,KC,Knuckle-Curve,Breaking,25,0.36363636363636365,0.6363636363636364,0.0,0.16166666666666665,69.32857142857144,0.32,3,0.0,0.0,0.0,0.0,0.3333333333333333,0.16,0
681508,FF,4-Seam FB,Fastball,233,0.06666666666666667,0.9333333333333333,0.7843137254901961,0.5080569230769231,87.29146341463415,0.5064377682403434,67,0.37254901960784315,0.5223880597014925,0.4117647058823529,0.23880597014925373,0.04477611940298507,0.02575107296137339,5
681508,CH,Changeup,Offspeed,136,0.2631578947368421,0.736842105263158,0.3611111111111111,0.20835444444444445,76.80512820512821,0.4485294117647059,39,0.19444444444444445,0.23684210526315788,0.16666666666666666,0.05128205128205128,0.3333333333333333,0.11029411764705882,2
681508,SI,Sinker,Fastball,129,0.12280701754385964,0.8771929824561404,0.5588235294117647,0.35649978378378383,86.83541666666667,0.5038759689922481,38,0.35294117647058826,0.42105263157894735,0.20588235294117646,0.07894736842105263,0.10526315789473684,0.05426356589147287,1
681508,SL,Slider,Breaking,118,0.2558139534883721,0.7441860465116279,0.4,0.38569009523809533,86.25,0.4745762711864407,24,0.25,0.375,0.15000000000000002,0.125,0.20833333333333334,0.09322033898305085,1
681508,CU,Curveball,Breaking,88,0.23809523809523808,0.7619047619047619,0.16666666666666666,0.09275,79.63333333333334,0.3977272727272727,12,0.08333333333333333,0.08333333333333333,0.08333333333333333,0.0,0.4166666666666667,0.056818181818181816,0
681508,FC,Cutter,Fastball,81,0.21621621621621623,0.7837837837837838,0.05,0.25225583333333335,83.56785714285715,0.5185185185185185,24,0.05,0.16666666666666666,0.0,0.125,0.20833333333333334,0.09876543209876543,0
681508,ST,Sweeper,Breaking,48,0.18181818181818182,0.8181818181818181,0.14285714285714285,0.34030560000000004,73.9375,0.5625,10,0.14285714285714285,0.4,0.0,0.0,0.3,0.041666666666666664,0
681508,FS,Splitter,Offspeed,34,0.3888888888888889,0.6111111111111112,0.4166666666666667,0.3135676923076923,73.10000000000001,0.2647058823529412,13,0.16666666666666666,0.23076923076923078,0.25,0.07692307692307693,0.15384615384615385,0.20588235294117646,1
681546,FF,4-Seam FB,Fastball,271,0.29850746268656714,0.7014925373134329,0.32727272727272727,0.25443731034482764,82.38720930232559,0.47601476014760147,65,0.14545454545454545,0.27692307692307694,0.18181818181818182,0.12307692307692308,0.3230769230769231,0.14760147601476015,3
681546,CH,Changeup,Offspeed,131,0.6301369863013698,0.36986301369863017,0.10344827586206896,0.11981481481481483,72.364,0.40458015267175573,32,0.10344827586206896,0.10344827586206896,0.0,0.0,0.53125,0.3511450381679389,0
681546,SL,Slider,Breaking,76,0.4186046511627907,0.5813953488372092,0.2857142857142857,0.2467,85.76521739130435,0.47368421052631576,21,0.19047619047619047,0.19047619047619047,0.09523809523809523,0.0,0.23809523809523808,0.23684210526315788,0
681546,SI,Sinker,Fastball,65,0.2222222222222222,0.7777777777777778,0.47058823529411764,0.43542250000000005,80.28076923076924,0.6461538461538462,19,0.23529411764705882,0.3157894736842105,0.23529411764705882,0.10526315789473684,0.3684210526315789,0.12307692307692308,1
681546,CU,Curveball,Breaking,56,0.375,0.625,0.3076923076923077,0.25476657142857145,83.26428571428572,0.44642857142857145,16,0.23076923076923078,0.375,0.07692307692307693,0.0625,0.25,0.16071428571428573,0
681546,FC,Cutter,Fastball,55,0.4411764705882353,0.5588235294117647,0.6666666666666666,0.044,85.55882352941177,0.5454545454545454,7,0.3333333333333333,0.3333333333333333,0.3333333333333333,0.0,0.5714285714285714,0.2727272727272727,0
681546,ST,Sweeper,Breaking,53,0.48,0.52,0.8461538461538461,0.07680000000000001,76.54166666666667,0.4716981132075472,13,0.38461538461538464,0.38461538461538464,0.4615384615384615,0.0,0.6153846153846154,0.22641509433962265,2
681546,FS,Splitter,Offspeed,33,0.47058823529411764,0.5294117647058824,0.15384615384615385,0.10415384615384617,76.47777777777777,0.36363636363636365,13,0.07692307692307693,0.07692307692307693,0.07692307692307693,0.0,0.46153846153846156,0.24242424242424243,0
681624,FF,4-Seam FB,Fastball,802,0.20698924731182797,0.793010752688172,0.3821656050955414,0.3328877011494253,83.04982206405694,0.4775561097256858,178,0.2484076433121019,0.3220338983050847,0.13375796178343952,0.10112359550561797,0.21348314606741572,0.09600997506234414,4
681624,SI,Sinker,Fastball,504,0.14537444933920704,0.8546255506607929,0.44537815126050423,0.3696887076923077,85.20595238095238,0.5317460317460317,136,0.31092436974789917,0.3897058823529412,0.13445378151260506,0.07352941176470588,0.14705882352941177,0.06547619047619048,4
681624,SL,Slider,Breaking,342,0.25555555555555554,0.7444444444444445,0.38461538461538464,0.28847144086021503,81.9515625,0.4649122807017544,97,0.23076923076923078,0.2708333333333333,0.15384615384615385,0.030927835051546393,0.20618556701030927,0.13450292397660818,3
681624,CH,Changeup,Offspeed,207,0.27058823529411763,0.7294117647058824,0.36585365853658536,0.3175795121951219,80.65254237288136,0.30917874396135264,43,0.24390243902439024,0.27906976744186046,0.12195121951219512,0.046511627906976744,0.23255813953488372,0.1111111111111111,1
681624,ST,Sweeper,Breaking,195,0.2631578947368421,0.736842105263158,0.6666666666666666,0.3620370731707317,77.01323529411764,0.358974358974359,43,0.3333333333333333,0.3953488372093023,0.3333333333333333,0.09302325581395349,0.20930232558139536,0.1282051282051282,3
681624,FC,Cutter,Fastball,187,0.15730337078651685,0.8426966292134832,0.6486486486486487,0.44294266666666665,79.43239436619719,0.45989304812834225,46,0.2702702702702703,0.41304347826086957,0.3783783783783784,0.1956521739130435,0.08695652173913043,0.0748663101604278,4
681624,CU,Curveball,Breaking,80,0.3,0.7,0.7142857142857143,0.311469,85.83846153846154,0.3875,23,0.38095238095238093,0.391304347826087,0.33333333333333337,0.043478260869565216,0.21739130434782608,0.15,1
681624,FS,Splitter,Offspeed,46,0.2727272727272727,0.7272727272727273,0.3,0.3896983333333333,83.74000000000001,0.32608695652173914,12,0.3,0.3333333333333333,0.0,0.08333333333333333,0.16666666666666666,0.13043478260869565,0
681624,KC,Knuckle-Curve,Breaking,27,0.5333333333333333,0.4666666666666667,0.5,0.23226444444444447,86.7,0.4444444444444444,9,0.125,0.2222222222222222,0.375,0.1111111111111111,0.5555555555555556,0.2962962962962963,1
681715,FF,4-Seam FB,Fastball,567,0.26755852842809363,0.7324414715719063,0.4222222222222222,0.38515164625850346,87.50735294117646,0.5202821869488536,151,0.21481481481481482,0.2913907284768212,0.2074074074074074,0.09271523178807947,0.2052980132450331,0.14109347442680775,7
681715,SI,Sinker,Fastball,396,0.22077922077922077,0.7792207792207793,0.38823529411764707,0.34792671999999997,86.07075471698113,0.5050505050505051,100,0.23529411764705882,0.35,0.15294117647058825,0.14,0.18,0.08585858585858586,4
681715,SL,Slider,Breaking,280,0.4146341463414634,0.5853658536585367,0.65,0.4166878857142857,86.42352941176469,0.4107142857142857,73,0.35,0.4657534246575342,0.30000000000000004,0.1643835616438356,0.3150684931506849,0.18214285714285713,5
681715,CH,Changeup,Offspeed,239,0.45454545454545453,0.5454545454545454,0.4444444444444444,0.287738,78.68039215686274,0.41422594142259417,50,0.17777777777777778,0.26,0.2666666666666666,0.1,0.4,0.18828451882845187,3
681715,ST,Sweeper,Breaking,197,0.3181818181818182,0.6818181818181819,0.35555555555555557,0.3094372173913043,80.63571428571429,0.4263959390862944,48,0.17777777777777778,0.22916666666666666,0.17777777777777778,0.041666666666666664,0.2708333333333333,0.14213197969543148,2
681715,FC,Cutter,Fastball,152,0.3611111111111111,0.6388888888888888,0.46875,0.29006114285714285,86.85897435897436,0.5197368421052632,35,0.21875,0.2857142857142857,0.25,0.08571428571428572,0.22857142857142856,0.17105263157894737,2
681715,CU,Curveball,Breaking,112,0.3,0.7,0.4074074074074074,0.270888275862069,85.46666666666667,0.3482142857142857,29,0.2222222222222222,0.27586206896551724,0.18518518518518517,0.06896551724137931,0.3103448275862069,0.10714285714285714,1
681715,FS,Splitter,Offspeed,41,0.6428571428571429,0.3571428571428571,0.125,0.14137555555555556,87.6,0.34146341463414637,9,0.125,0.2222222222222222,0.0,0.1111111111111111,0.6666666666666666,0.21951219512195122,0
681715,KC,Knuckle-Curve,Breaking,28,0.6875,0.3125,0.2857142857142857,0.29733333333333334,89.2,0.35714285714285715,7,0.2857142857142857,0.2857142857142857,0.0,0.0,0.7142857142857143,0.39285714285714285,0
681807,FF,4-Seam FB,Fastball,275,0.25984251968503935,0.7401574803149606,0.463768115942029,0.2779586486486486,85.0632183908046,0.5054545454545455,84,0.2028985507246377,0.34523809523809523,0.2608695652173913,0.16666666666666666,0.20238095238095238,0.12,5
681807,SI,Sinker,Fastball,163,0.20253164556962025,0.7974683544303798,0.4722222222222222,0.32559837837837835,83.35862068965517,0.5521472392638037,39,0.3055555555555556,0.358974358974359,0.16666666666666663,0.07692307692307693,0.23076923076923078,0.09815950920245399,1
681807,SL,Slider,Breaking,144,0.3968253968253968,0.6031746031746033,0.5,0.20025000000000004,75.33783783783784,0.4097222222222222,24,0.25,0.25,0.25,0.0,0.4583333333333333,0.1736111111111111,2
681807,CH,Changeup,Offspeed,122,0.36666666666666664,0.6333333333333333,0.25,0.2526718518518518,79.3029411764706,0.36885245901639346,27,0.16666666666666666,0.25925925925925924,0.08333333333333334,0.1111111111111111,0.37037037037037035,0.18032786885245902,0
681807,FC,Cutter,Fastball,85,0.2631578947368421,0.736842105263158,0.3125,0.3127706666666666,78.33636363636364,0.5294117647058824,21,0.125,0.3333333333333333,0.1875,0.19047619047619047,0.14285714285714285,0.11764705882352941,1
681807,CU,Curveball,Breaking,75,0.2631578947368421,0.736842105263158,0.0,0.2124994666666667,83.13333333333334,0.38666666666666666,15,0.0,0.26666666666666666,0.0,0.2,0.4,0.06666666666666667,0
681807,ST,Sweeper,Breaking,56,0.13636363636363635,0.8636363636363636,0.1111111111111111,0.25466666666666665,85.08947368421053,0.42857142857142855,9,0.1111111111111111,0.1111111111111111,0.0,0.0,0.2222222222222222,0.05357142857142857,0
681987,FF,4-Seam FB,Fastball,98,0.28,0.72,0.2857142857142857,0.31845222222222225,77.55000000000001,0.5204081632653061,24,0.14285714285714285,0.25,0.14285714285714285,0.125,0.3333333333333333,0.14285714285714285,1
681987,SL,Slider,Breaking,66,0.375,0.625,0.07142857142857142,0.21408133333333332,85.11764705882354,0.4393939393939394,16,0.07142857142857142,0.1875,0.0,0.0625,0.375,0.18181818181818182,0
681987,SI,Sinker,Fastball,50,0.10714285714285714,0.8928571428571429,0.1111111111111111,0.3109311111111111,86.01304347826088,0.52,10,0.1111111111111111,0.2,0.0,0.1,0.1,0.06,0
681987,CH,Changeup,Offspeed,36,0.5909090909090909,0.40909090909090906,0.3333333333333333,0.10525,71.6,0.25,10,0.2222222222222222,0.3,0.1111111111111111,0.1,0.4,0.3611111111111111,0
681987,ST,Sweeper,Breaking,29,0.2,0.8,0.0,0.44345999999999997,88.075,0.41379310344827586,6,0.0,0.3333333333333333,0.0,0.3333333333333333,0.0,0.06896551724137931,0
681987,FC,Cutter,Fastball,26,0.3333333333333333,0.6666666666666667,0.0,0.3597464,79.78333333333335,0.34615384615384615,5,0.0,0.4,0.0,0.2,0.0,0.11538461538461539,0
682177,FF,4-Seam FB,Fastball,323,0.2710843373493976,0.7289156626506024,0.4166666666666667,0.33976368421052633,85.11271186440678,0.5758513931888545,80,0.20833333333333334,0.2875,0.20833333333333334,0.1,0.3125,0.1393188854489164,4
682177,SL,Slider,Breaking,166,0.43333333333333335,0.5666666666666667,0.2777777777777778,0.23430108108108105,83.76666666666667,0.43373493975903615,39,0.1388888888888889,0.20512820512820512,0.1388888888888889,0.07692307692307693,0.358974358974359,0.23493975903614459,1
682177,SI,Sinker,Fastball,164,0.2191780821917808,0.7808219178082192,0.32432432432432434,0.3860153488372093,85.42592592592592,0.5914634146341463,45,0.21621621621621623,0.35555555555555557,0.10810810810810811,0.17777777777777778,0.15555555555555556,0.0975609756097561,0
682177,CH,Changeup,Offspeed,141,0.4,0.6,0.1875,0.22896242424242422,79.93243243243244,0.3475177304964539,34,0.15625,0.20588235294117646,0.03125,0.058823529411764705,0.35294117647058826,0.19858156028368795,0
682177,ST,Sweeper,Breaking,121,0.3684210526315789,0.631578947368421,0.23333333333333334,0.18010903225806452,76.46249999999999,0.371900826446281,31,0.23333333333333334,0.25806451612903225,0.0,0.03225806451612903,0.41935483870967744,0.17355371900826447,0
682177,FC,Cutter,Fastball,118,0.2909090909090909,0.7090909090909091,0.32,0.2585823076923077,79.16388888888888,0.5084745762711864,28,0.2,0.2857142857142857,0.12,0.10714285714285714,0.2857142857142857,0.13559322033898305,1
682177,CU,Curveball,Breaking,67,0.1111111111111111,0.8888888888888888,0.5294117647058824,0.33193333333333336,80.52499999999999,0.6119402985074627,17,0.35294117647058826,0.35294117647058826,0.1764705882352941,0.0,0.11764705882352941,0.04477611940298507,1
682177,FS,Splitter,Offspeed,52,0.41935483870967744,0.5806451612903225,0.42857142857142855,0.2840714285714286,76.5625,0.28846153846153844,14,0.35714285714285715,0.35714285714285715,0.0714285714285714,0.0,0.2857142857142857,0.25,0
682622,FF,4-Seam FB,Fastball,203,0.22549019607843138,0.7745098039215687,0.16981132075471697,0.1582646153846154,83.61818181818182,0.5270935960591133,55,0.16981132075471697,0.2,0.0,0.03636363636363636,0.2727272727272727,0.11330049261083744,0
682622,SI,Sinker,Fastball,187,0.2159090909090909,0.7840909090909091,0.3333333333333333,0.2751454054054054,84.09615384615384,0.5294117647058824,46,0.2,0.21739130434782608,0.1333333333333333,0.021739130434782608,0.1956521739130435,0.10160427807486631,1
682622,SL,Slider,Breaking,126,0.30120481927710846,0.6987951807228916,0.2564102564102564,0.2784573684210526,82.15,0.4365079365079365,41,0.10256410256410256,0.12195121951219512,0.15384615384615383,0.024390243902439025,0.21951219512195122,0.1984126984126984,2
682622,ST,Sweeper,Breaking,96,0.375,0.625,0.391304347826087,0.18916347826086957,76.61923076923077,0.3229166666666667,25,0.21739130434782608,0.28,0.1739130434782609,0.08,0.48,0.1875,1
682622,CH,Changeup,Offspeed,66,0.3170731707317073,0.6829268292682926,0.7777777777777778,0.24021428571428574,78.65833333333335,0.4090909090909091,18,0.2777777777777778,0.2777777777777778,0.5,0.0,0.16666666666666666,0.19696969696969696,3
682622,CU,Curveball,Breaking,53,0.3181818181818182,0.6818181818181819,0.625,0.4854177777777778,77.88,0.3018867924528302,10,0.25,0.4,0.375,0.2,0.3,0.1320754716981132,1
682622,FC,Cutter,Fastball,52,0.20689655172413793,0.7931034482758621,0.4,0.2679586666666667,85.94761904761906,0.5192307692307693,16,0.26666666666666666,0.3125,0.13333333333333336,0.0625,0.1875,0.11538461538461539,0
682626,SI,Sinker,Fastball,465,0.24352331606217617,0.7564766839378239,0.40229885057471265,0.35052992156862744,85.18661417322835,0.5010752688172043,105,0.26436781609195403,0.375,0.13793103448275862,0.14285714285714285,0.2,0.1010752688172043,3
682626,FF,4-Seam FB,Fastball,408,0.3333333333333333,0.6666666666666667,0.4148936170212766,0.33794475247524747,86.88139534883722,0.4950980392156863,103,0.22340425531914893,0.2912621359223301,0.19148936170212766,0.08737864077669903,0.4077669902912621,0.1715686274509804,5
682626,SL,Slider,Breaking,284,0.45323741007194246,0.5467625899280575,0.5,0.31266315492957747,84.06027397260274,0.4225352112676056,72,0.2647058823529412,0.2916666666666667,0.23529411764705882,0.013888888888888888,0.2777777777777778,0.22183098591549297,4
682626,ST,Sweeper,Breaking,187,0.3783783783783784,0.6216216216216216,0.375,0.29163377777777777,82.3695652173913,0.43315508021390375,45,0.225,0.28888888888888886,0.15,0.08888888888888889,0.37777777777777777,0.1497326203208556,1
682626,CH,Changeup,Offspeed,163,0.3625,0.6375,0.3888888888888889,0.3242813,84.10208333333334,0.4110429447852761,42,0.25,0.35714285714285715,0.1388888888888889,0.11904761904761904,0.23809523809523808,0.17791411042944785,1
682626,FC,Cutter,Fastball,111,0.4318181818181818,0.5681818181818181,0.05263157894736842,0.20867333333333332,82.52608695652174,0.40540540540540543,23,0.05263157894736842,0.21739130434782608,0.0,0.17391304347826086,0.391304347826087,0.17117117117117117,0
682626,CU,Curveball,Breaking,90,0.2647058823529412,0.7352941176470589,0.3125,0.23902374999999998,82.16363636363637,0.4,17,0.3125,0.35294117647058826,0.0,0.058823529411764705,0.17647058823529413,0.1,0
682626,FS,Splitter,Offspeed,48,0.36,0.64,0.7142857142857143,0.4412857142857143,87.15714285714284,0.3958333333333333,15,0.21428571428571427,0.21428571428571427,0.5,0.0,0.4,0.1875,2
682626,KC,Knuckle-Curve,Breaking,26,0.45454545454545453,0.5454545454545454,0.14285714285714285,0.24728571428571428,81.45,0.15384615384615385,7,0.14285714285714285,0.14285714285714285,0.0,0.0,0.2857142857142857,0.19230769230769232,0
682634,FF,4-Seam FB,Fastball,54,0.24,0.76,0.3125,0.32019833333333336,89.30555555555556,0.5740740740740741,19,0.125,0.2222222222222222,0.1875,0.10526315789473684,0.3157894736842105,0.1111111111111111,1
682634,SL,Slider,Breaking,28,0.5,0.5,0.0,0.0165,83.93333333333332,0.32142857142857145,4,0.0,0.0,0.0,0.0,0.75,0.17857142857142858,0
682641,FF,4-Seam FB,Fastball,50,0.28125,0.71875,0.08333333333333333,0.132538,80.62777777777778,0.38,13,0.08333333333333333,0.15384615384615385,0.0,0.07692307692307693,0.46153846153846156,0.18,0
682657,FF,4-Seam FB,Fastball,451,0.14285714285714285,0.8571428571428572,0.49514563106796117,0.35245432142857147,80.3701030927835,0.5565410199556541,117,0.23300970873786409,0.3162393162393162,0.2621359223300971,0.09401709401709402,0.1623931623931624,0.07760532150776053,6
682657,SI,Sinker,Fastball,248,0.1650485436893204,0.8349514563106796,0.32894736842105265,0.25149999999999995,86.09012345679011,0.5443548387096774,77,0.27631578947368424,0.27631578947368424,0.05263157894736842,0.0,0.22077922077922077,0.06854838709677419,0
682657,CH,Changeup,Offspeed,227,0.2222222222222222,0.7777777777777778,0.4,0.24591666666666667,79.82815533980582,0.3744493392070485,76,0.21333333333333335,0.21333333333333335,0.18666666666666668,0.0,0.14473684210526316,0.14096916299559473,3
682657,SL,Slider,Breaking,173,0.24074074074074073,0.7592592592592593,0.6744186046511628,0.32539342222222223,80.29305555555555,0.47398843930635837,47,0.3023255813953488,0.3333333333333333,0.37209302325581395,0.0,0.3404255319148936,0.15028901734104047,4
682657,FC,Cutter,Fastball,119,0.17391304347826086,0.8260869565217391,0.9333333333333333,0.46810825,84.21272727272729,0.5378151260504201,35,0.4666666666666667,0.5294117647058824,0.4666666666666667,0.05714285714285714,0.17142857142857143,0.10084033613445378,3
682657,CU,Curveball,Breaking,106,0.24390243902439024,0.7560975609756098,1.0555555555555556,0.4317417777777778,82.74642857142858,0.3584905660377358,19,0.3333333333333333,0.3684210526315789,0.7222222222222223,0.0,0.3157894736842105,0.09433962264150944,4
682657,ST,Sweeper,Breaking,93,0.3695652173913043,0.6304347826086957,0.15,0.09875,78.22857142857141,0.46236559139784944,20,0.15,0.15,0.0,0.0,0.45,0.1827956989247312,0
682657,FS,Splitter,Offspeed,80,0.2830188679245283,0.7169811320754718,0.2857142857142857,0.22425,78.5875,0.2375,28,0.21428571428571427,0.21428571428571427,0.07142857142857142,0.0,0.25,0.1875,0
682657,KC,Knuckle-Curve,Breaking,30,0.2631578947368421,0.736842105263158,0.4,0.265,74.58461538461538,0.36666666666666664,6,0.4,0.4,0.0,0.0,0.0,0.16666666666666666,0
682663,FF,4-Seam FB,Fastball,260,0.25984251968503935,0.7401574803149606,0.36666666666666664,0.29326,83.68369565217391,0.573076923076923,71,0.21666666666666667,0.32857142857142857,0.14999999999999997,0.14084507042253522,0.38028169014084506,0.12692307692307692,2
682663,SI,Sinker,Fastball,226,0.1592920353982301,0.8407079646017699,0.31746031746031744,0.27882075362318837,83.9609195402299,0.5663716814159292,71,0.23809523809523808,0.3142857142857143,0.07936507936507936,0.08450704225352113,0.11267605633802817,0.07964601769911504,0
682663,SL,Slider,Breaking,142,0.3235294117647059,0.6764705882352942,0.4074074074074074,0.259938,81.1111111111111,0.4647887323943662,31,0.3333333333333333,0.3870967741935484,0.07407407407407407,0.0967741935483871,0.16129032258064516,0.15492957746478872,0
682663,CH,Changeup,Offspeed,121,0.4406779661016949,0.5593220338983051,0.3157894736842105,0.28903999999999996,78.78787878787878,0.36363636363636365,22,0.2631578947368421,0.36363636363636365,0.05263157894736842,0.13636363636363635,0.18181818181818182,0.21487603305785125,0
682663,ST,Sweeper,Breaking,97,0.3023255813953488,0.6976744186046512,0.6,0.3826234666666667,80.49666666666667,0.36082474226804123,16,0.3333333333333333,0.375,0.26666666666666666,0.0,0.125,0.13402061855670103,1
682663,FC,Cutter,Fastball,75,0.4594594594594595,0.5405405405405406,0.4117647058823529,0.2958682352941176,79.8888888888889,0.4,19,0.17647058823529413,0.2631578947368421,0.2352941176470588,0.10526315789473684,0.3157894736842105,0.22666666666666666,1
682663,CU,Curveball,Breaking,59,0.3076923076923077,0.6923076923076923,0.3333333333333333,0.2164907692307692,84.6705882352941,0.3050847457627119,13,0.08333333333333333,0.15384615384615385,0.25,0.07692307692307693,0.23076923076923078,0.13559322033898305,1
682663,FS,Splitter,Offspeed,52,0.4074074074074074,0.5925925925925926,0.2857142857142857,0.29631285714285716,90.33999999999999,0.4423076923076923,15,0.21428571428571427,0.26666666666666666,0.07142857142857142,0.06666666666666667,0.26666666666666666,0.21153846153846154,0
682668,FF,4-Seam FB,Fastball,219,0.17272727272727273,0.8272727272727273,0.32142857142857145,0.3309240740740741,87.29659090909091,0.5251141552511416,64,0.2857142857142857,0.3492063492063492,0.035714285714285754,0.09375,0.140625,0.0867579908675799,0
682668,SI,Sinker,Fastball,165,0.10227272727272728,0.8977272727272727,0.3125,0.35403108333333333,82.63749999999999,0.5878787878787879,54,0.22916666666666666,0.2830188679245283,0.08333333333333334,0.05555555555555555,0.07407407407407407,0.05454545454545454,1
682668,SL,Slider,Breaking,160,0.38271604938271603,0.617283950617284,0.2222222222222222,0.1464,79.18048780487804,0.375,45,0.2222222222222222,0.2222222222222222,0.0,0.0,0.4222222222222222,0.19375,0
682668,CH,Changeup,Offspeed,121,0.3888888888888889,0.6111111111111112,0.16216216216216217,0.16024324324324324,81.17073170731707,0.3305785123966942,38,0.13513513513513514,0.13513513513513514,0.02702702702702703,0.0,0.23684210526315788,0.23140495867768596,0
682668,FC,Cutter,Fastball,63,0.3,0.7,0.26666666666666666,0.29667000000000004,74.15714285714287,0.4603174603174603,17,0.2,0.25,0.06666666666666665,0.058823529411764705,0.11764705882352941,0.14285714285714285,0
682668,ST,Sweeper,Breaking,45,0.3125,0.6875,0.375,0.309125,79.35,0.4444444444444444,8,0.375,0.375,0.0,0.0,0.125,0.1111111111111111,0
682668,CU,Curveball,Breaking,43,0.14285714285714285,0.8571428571428572,0.2,0.16666666666666666,78.2181818181818,0.4418604651162791,10,0.2,0.2,0.0,0.0,0.1,0.046511627906976744,0
682674,FF,4-Seam FB,Fastball,151,0.25287356321839083,0.7471264367816092,0.4473684210526316,0.2743055555555556,85.37543859649122,0.5033112582781457,38,0.21052631578947367,0.21052631578947367,0.2368421052631579,0.0,0.3157894736842105,0.1456953642384106,2
682674,SL,Slider,Breaking,90,0.3684210526315789,0.631578947368421,0.6538461538461539,0.4193208695652174,85.70588235294117,0.5111111111111111,27,0.2692307692307692,0.2962962962962963,0.38461538461538464,0.037037037037037035,0.2962962962962963,0.23333333333333334,3
682674,CH,Changeup,Offspeed,62,0.3888888888888889,0.6111111111111112,0.46153846153846156,0.3169166666666667,83.31904761904761,0.3387096774193548,13,0.38461538461538464,0.38461538461538464,0.07692307692307693,0.0,0.15384615384615385,0.22580645161290322,0
682674,SI,Sinker,Fastball,50,0.07692307692307693,0.9230769230769231,0.625,0.3036,78.43333333333334,0.6,16,0.4375,0.4375,0.1875,0.0,0.125,0.04,1
682674,CU,Curveball,Breaking,48,0.6842105263157895,0.3157894736842105,0.2222222222222222,0.23962500000000003,90.55,0.2916666666666667,9,0.1111111111111111,0.1111111111111111,0.1111111111111111,0.0,0.6666666666666666,0.2708333333333333,0
682729,FF,4-Seam FB,Fastball,36,0.2,0.8,0.25,0.1395,78.1888888888889,0.6944444444444444,4,0.25,0.25,0.0,0.0,0.5,0.08333333333333333,0
682729,SI,Sinker,Fastball,28,0.375,0.625,0.5,0.45009499999999997,87.66,0.32142857142857145,5,0.5,0.6,0.0,0.2,0.2,0.10714285714285714,0
682818,FF,4-Seam FB,Fastball,242,0.20155038759689922,0.7984496124031008,0.32608695652173914,0.37484264150943397,82.1040404040404,0.5743801652892562,54,0.30434782608695654,0.4074074074074074,0.021739130434782594,0.14814814814814814,0.16666666666666666,0.10743801652892562,0
682818,CH,Changeup,Offspeed,93,0.3125,0.6875,0.4375,0.266199375,83.49062500000001,0.43010752688172044,33,0.21875,0.24242424242424243,0.21875,0.030303030303030304,0.21212121212121213,0.16129032258064516,1
682818,SI,Sinker,Fastball,85,0.12195121951219512,0.8780487804878049,0.375,0.34505519999999995,86.74571428571429,0.5647058823529412,25,0.20833333333333334,0.24,0.16666666666666666,0.04,0.16,0.058823529411764705,1
682818,SL,Slider,Breaking,69,0.3333333333333333,0.6666666666666667,0.5,0.3106111111111111,90.14285714285714,0.5072463768115942,18,0.2777777777777778,0.2777777777777778,0.2222222222222222,0.0,0.3333333333333333,0.18840579710144928,1
682818,FC,Cutter,Fastball,64,0.30303030303030304,0.696969696969697,0.9,0.48548909090909087,84.77619047619048,0.390625,11,0.4,0.45454545454545453,0.5,0.09090909090909091,0.18181818181818182,0.15625,1
682818,ST,Sweeper,Breaking,57,0.4482758620689655,0.5517241379310345,0.15384615384615385,0.2159230769230769,76.37333333333332,0.3684210526315789,13,0.15384615384615385,0.15384615384615385,0.0,0.0,0.5384615384615384,0.22807017543859648,0
682818,CU,Curveball,Breaking,41,0.42857142857142855,0.5714285714285714,0.0,0.06258333333333334,77.4625,0.34146341463414637,12,0.0,0.0,0.0,0.0,0.5833333333333334,0.14634146341463414,0
682818,FS,Splitter,Offspeed,40,0.10526315789473684,0.8947368421052632,0.8333333333333334,0.26118307692307696,84.78823529411765,0.45,13,0.5833333333333334,0.6153846153846154,0.25,0.07692307692307693,0.07692307692307693,0.05,1
682829,FF,4-Seam FB,Fastball,818,0.21637426900584794,0.7836257309941521,0.622093023255814,0.446703664921466,89.76748971193416,0.5415647921760391,203,0.27325581395348836,0.3811881188118812,0.3488372093023256,0.1477832512315271,0.22167487684729065,0.09046454767726161,15
682829,CH,Changeup,Offspeed,410,0.3548387096774194,0.6451612903225806,0.5487804878048781,0.4099655813953489,80.8050505050505,0.3804878048780488,92,0.36585365853658536,0.43478260869565216,0.18292682926829273,0.10869565217391304,0.16304347826086957,0.16097560975609757,3
682829,CU,Curveball,Breaking,361,0.3968253968253968,0.6031746031746033,0.20833333333333334,0.22962356164383566,84.33684210526317,0.3767313019390582,76,0.1527777777777778,0.19736842105263158,0.05555555555555555,0.05263157894736842,0.4605263157894737,0.13850415512465375,1
682829,SI,Sinker,Fastball,331,0.15942028985507245,0.8405797101449275,0.4943820224719101,0.38408463157894734,90.37064220183485,0.5498489425981873,98,0.3258426966292135,0.37755102040816324,0.1685393258426966,0.08163265306122448,0.25510204081632654,0.06646525679758308,3
682829,SL,Slider,Breaking,215,0.34523809523809523,0.6547619047619048,0.6274509803921569,0.3436207547169811,88.14897959183673,0.4232558139534884,56,0.27450980392156865,0.3392857142857143,0.3529411764705882,0.08928571428571429,0.4107142857142857,0.13488372093023257,5
682829,ST,Sweeper,Breaking,202,0.36507936507936506,0.6349206349206349,0.23684210526315788,0.21286872727272724,79.3029411764706,0.43564356435643564,45,0.15789473684210525,0.26666666666666666,0.07894736842105263,0.08888888888888889,0.4666666666666667,0.11386138613861387,0
682829,FC,Cutter,Fastball,157,0.13559322033898305,0.864406779661017,0.5769230769230769,0.46910363636363644,84.56458333333335,0.4968152866242038,35,0.38461538461538464,0.5428571428571428,0.19230769230769224,0.2571428571428571,0.05714285714285714,0.050955414012738856,0
682829,FS,Splitter,Offspeed,133,0.423728813559322,0.576271186440678,0.6,0.31808625,81.86774193548388,0.39849624060150374,32,0.3,0.34375,0.3,0.0625,0.28125,0.18796992481203006,2
682829,KC,Knuckle-Curve,Breaking,49,0.3684210526315789,0.631578947368421,0.7,0.4242,93.32000000000001,0.40816326530612246,10,0.4,0.4,0.29999999999999993,0.0,0.4,0.14285714285714285,1
682848,FF,4-Seam FB,Fastball,212,0.22549019607843138,0.7745098039215687,0.6666666666666666,0.36948771929824564,86.29733333333333,0.5518867924528302,59,0.2916666666666667,0.41379310344827586,0.37499999999999994,0.1694915254237288,0.23728813559322035,0.10849056603773585,5
682848,CH,Changeup,Offspeed,84,0.34210526315789475,0.6578947368421053,0.2222222222222222,0.25863800000000003,81.872,0.36904761904761907,20,0.2222222222222222,0.3,0.0,0.1,0.2,0.15476190476190477,0
682848,FC,Cutter,Fastball,72,0.1935483870967742,0.8064516129032258,0.7,0.4851085714285714,85.11428571428571,0.5138888888888888,14,0.4,0.5714285714285714,0.29999999999999993,0.2857142857142857,0.21428571428571427,0.08333333333333333,1
682848,SI,Sinker,Fastball,60,0.14285714285714285,0.8571428571428572,0.3125,0.4142705263157895,88.66875,0.48333333333333334,19,0.3125,0.42105263157894735,0.0,0.15789473684210525,0.21052631578947367,0.05,0
682848,ST,Sweeper,Breaking,57,0.375,0.625,0.5625,0.3301533333333333,91.32142857142857,0.43859649122807015,18,0.25,0.3333333333333333,0.3125,0.1111111111111111,0.3888888888888889,0.15789473684210525,1
682848,SL,Slider,Breaking,51,0.2647058823529412,0.7352941176470589,0.23076923076923078,0.1456923076923077,84.12380952380954,0.47058823529411764,13,0.15384615384615385,0.15384615384615385,0.07692307692307693,0.0,0.38461538461538464,0.17647058823529413,0
682848,CU,Curveball,Breaking,43,0.3076923076923077,0.6923076923076923,0.14285714285714285,0.2780475,85.56666666666666,0.4883720930232558,8,0.14285714285714285,0.25,0.0,0.125,0.25,0.09302325581395349,0
682877,FF,4-Seam FB,Fastball,145,0.21176470588235294,0.788235294117647,0.8148148148148148,0.38247785714285715,80.78387096774195,0.6344827586206897,28,0.3333333333333333,0.35714285714285715,0.48148148148148145,0.03571428571428571,0.21428571428571427,0.12413793103448276,3
682877,CH,Changeup,Offspeed,77,0.36585365853658536,0.6341463414634146,0.15,0.17774333333333334,75.60434782608696,0.2597402597402597,21,0.15,0.19047619047619047,0.0,0.047619047619047616,0.38095238095238093,0.19480519480519481,0
682877,SL,Slider,Breaking,57,0.4666666666666667,0.5333333333333333,0.14285714285714285,0.26405066666666666,78.32666666666667,0.3508771929824561,16,0.14285714285714285,0.25,0.0,0.125,0.4375,0.24561403508771928,0
682877,FC,Cutter,Fastball,51,0.20689655172413793,0.7931034482758621,0.2857142857142857,0.31538428571428573,82.23181818181818,0.5882352941176471,15,0.21428571428571427,0.26666666666666666,0.07142857142857142,0.06666666666666667,0.13333333333333333,0.11764705882352941,0
682877,SI,Sinker,Fastball,50,0.08333333333333333,0.9166666666666666,0.23076923076923078,0.3222253333333333,86.85,0.68,15,0.23076923076923078,0.26666666666666666,0.0,0.06666666666666667,0.0,0.04,0
682877,ST,Sweeper,Breaking,36,0.2631578947368421,0.736842105263158,0.3333333333333333,0.2838333333333333,80.00714285714287,0.5277777777777778,6,0.3333333333333333,0.3333333333333333,0.0,0.0,0.16666666666666666,0.1388888888888889,0
682877,CU,Curveball,Breaking,28,0.14285714285714285,0.8571428571428572,0.75,0.4227886666666667,77.1,0.39285714285714285,6,0.5,0.6666666666666666,0.25,0.16666666666666666,0.0,0.03571428571428571,0
682927,FF,4-Seam FB,Fastball,102,0.18518518518518517,0.8148148148148149,0.2631578947368421,0.2907980952380952,77.265,0.46078431372549017,22,0.21052631578947367,0.2857142857142857,0.05263157894736842,0.09090909090909091,0.2727272727272727,0.09803921568627451,0
682927,CH,Changeup,Offspeed,41,0.21052631578947367,0.7894736842105263,0.7777777777777778,0.4416666666666667,74.06153846153846,0.5121951219512195,9,0.4444444444444444,0.4444444444444444,0.33333333333333337,0.0,0.3333333333333333,0.0975609756097561,1
682927,SI,Sinker,Fastball,36,0.13636363636363635,0.8636363636363636,0.38461538461538464,0.28717000000000004,83.51666666666667,0.5277777777777778,14,0.3076923076923077,0.35714285714285715,0.07692307692307693,0.07142857142857142,0.07142857142857142,0.08333333333333333,0
682928,FF,4-Seam FB,Fastball,751,0.2650918635170604,0.7349081364829396,0.47297297297297297,0.3668118117647059,83.35692883895132,0.49533954727030627,177,0.2972972972972973,0.38857142857142857,0.17567567567567566,0.11299435028248588,0.1977401129943503,0.13448735019973368,5
682928,SL,Slider,Breaking,400,0.38181818181818183,0.6181818181818182,0.5319148936170213,0.33451259405940603,84.16080000000001,0.42,104,0.2553191489361702,0.3269230769230769,0.2765957446808511,0.08653846153846154,0.34615384615384615,0.21,6
682928,SI,Sinker,Fastball,355,0.1317365269461078,0.8682634730538922,0.43037974683544306,0.3729012195121951,84.0,0.5774647887323944,85,0.24050632911392406,0.2823529411764706,0.189873417721519,0.058823529411764705,0.11764705882352941,0.061971830985915494,3
682928,CH,Changeup,Offspeed,266,0.32679738562091504,0.673202614379085,0.5333333333333333,0.3330413157894737,83.59895833333333,0.37969924812030076,78,0.22666666666666666,0.2564102564102564,0.30666666666666664,0.038461538461538464,0.2948717948717949,0.18796992481203006,7
682928,CU,Curveball,Breaking,244,0.37962962962962965,0.6203703703703703,0.5,0.27031579661016947,81.15645161290323,0.36065573770491804,62,0.2777777777777778,0.3709677419354839,0.2222222222222222,0.11290322580645161,0.27419354838709675,0.1680327868852459,3
682928,ST,Sweeper,Breaking,212,0.3333333333333333,0.6666666666666667,0.3275862068965517,0.2428291612903226,85.63888888888889,0.46226415094339623,63,0.15517241379310345,0.20634920634920634,0.17241379310344826,0.0,0.2698412698412698,0.18396226415094338,3
682928,FC,Cutter,Fastball,165,0.2413793103448276,0.7586206896551724,0.85,0.3301623829787234,82.23225806451612,0.4484848484848485,48,0.35,0.4375,0.5,0.125,0.1875,0.12727272727272726,6
682928,FS,Splitter,Offspeed,94,0.36,0.64,0.45454545454545453,0.27375466666666665,82.10689655172413,0.3191489361702128,25,0.3181818181818182,0.4,0.13636363636363635,0.08,0.28,0.19148936170212766,0
682928,KC,Knuckle-Curve,Breaking,57,0.36363636363636365,0.6363636363636364,0.35714285714285715,0.3504557142857143,92.32307692307693,0.3684210526315789,15,0.21428571428571427,0.26666666666666666,0.14285714285714288,0.06666666666666667,0.4,0.14035087719298245,0
682985,FF,4-Seam FB,Fastball,859,0.2266355140186916,0.7733644859813085,0.5164835164835165,0.39973180198019803,83.38757961783439,0.5389988358556461,211,0.2857142857142857,0.3696682464454976,0.23076923076923084,0.11374407582938388,0.2132701421800948,0.11292200232828871,10
682985,CH,Changeup,Offspeed,377,0.4327485380116959,0.5672514619883041,0.3333333333333333,0.26158906976744184,82.86703296703297,0.32891246684350134,88,0.16666666666666666,0.22988505747126436,0.16666666666666666,0.07954545454545454,0.36363636363636365,0.1962864721485411,3
682985,SI,Sinker,Fastball,319,0.11538461538461539,0.8846153846153846,0.6111111111111112,0.4202503902439024,85.1878504672897,0.5830721003134797,84,0.4722222222222222,0.5476190476190477,0.13888888888888895,0.13095238095238096,0.16666666666666666,0.047021943573667714,1
682985,SL,Slider,Breaking,267,0.38345864661654133,0.6165413533834587,0.47761194029850745,0.35823341176470586,83.45657894736843,0.49063670411985016,72,0.3283582089552239,0.375,0.14925373134328357,0.05555555555555555,0.2777777777777778,0.19101123595505617,1
682985,FC,Cutter,Fastball,181,0.29411764705882354,0.7058823529411764,0.5714285714285714,0.42548878048780486,80.85849056603773,0.5082872928176796,43,0.2857142857142857,0.4186046511627907,0.2857142857142857,0.18604651162790697,0.20930232558139536,0.13812154696132597,2
682985,ST,Sweeper,Breaking,165,0.36764705882352944,0.6323529411764706,0.5862068965517241,0.3700474285714286,79.56315789473685,0.4484848484848485,36,0.2413793103448276,0.3888888888888889,0.34482758620689646,0.19444444444444445,0.3333333333333333,0.15151515151515152,3
682985,CU,Curveball,Breaking,164,0.32142857142857145,0.6785714285714286,0.5454545454545454,0.5371353043478261,84.11764705882354,0.34146341463414637,25,0.18181818181818182,0.28,0.3636363636363636,0.08,0.36,0.10975609756097561,2
682985,FS,Splitter,Offspeed,154,0.45121951219512196,0.5487804878048781,0.21621621621621623,0.20751641025641027,80.50243902439023,0.35064935064935066,40,0.16216216216216217,0.225,0.05405405405405406,0.075,0.475,0.24025974025974026,0
682985,KC,Knuckle-Curve,Breaking,27,0.16666666666666666,0.8333333333333334,0.2,0.35679999999999995,80.08,0.2962962962962963,5,0.2,0.2,0.0,0.0,0.0,0.07407407407407407,0
682987,FF,4-Seam FB,Fastball,502,0.33455882352941174,0.6654411764705883,0.43434343434343436,0.3459016363636364,87.42176470588235,0.5159362549800797,111,0.25252525252525254,0.32727272727272727,0.18181818181818182,0.0990990990990991,0.3153153153153153,0.18127490039840638,3
682987,CH,Changeup,Offspeed,156,0.5180722891566265,0.4819277108433735,0.4864864864864865,0.215205,86.82702702702703,0.28205128205128205,39,0.21621621621621623,0.2564102564102564,0.2702702702702703,0.05128205128205128,0.46153846153846156,0.27564102564102566,3
682987,SL,Slider,Breaking,147,0.4588235294117647,0.5411764705882354,0.2777777777777778,0.29243800000000003,84.4,0.41496598639455784,40,0.19444444444444445,0.275,0.08333333333333334,0.1,0.375,0.2653061224489796,0
682987,SI,Sinker,Fastball,126,0.26666666666666666,0.7333333333333334,0.625,0.4381111428571428,84.4625,0.5,28,0.3333333333333333,0.39285714285714285,0.2916666666666667,0.07142857142857142,0.32142857142857145,0.12698412698412698,2
682987,CU,Curveball,Breaking,96,0.47058823529411764,0.5294117647058824,0.2857142857142857,0.22292636363636367,81.20833333333333,0.2708333333333333,23,0.14285714285714285,0.18181818181818182,0.14285714285714285,0.043478260869565216,0.5217391304347826,0.25,1
682987,ST,Sweeper,Breaking,61,0.3235294117647059,0.6764705882352942,0.9230769230769231,0.4106153846153846,85.58947368421055,0.3770491803278688,13,0.6153846153846154,0.6153846153846154,0.3076923076923077,0.0,0.23076923076923078,0.18032786885245902,1
682987,FC,Cutter,Fastball,59,0.34615384615384615,0.6538461538461539,0.8333333333333334,0.5323942857142857,84.33999999999999,0.4576271186440678,16,0.3333333333333333,0.5,0.5,0.25,0.1875,0.15254237288135594,2
682987,FS,Splitter,Offspeed,57,0.41935483870967744,0.5806451612903225,0.09090909090909091,0.336365,80.1625,0.24561403508771928,12,0.09090909090909091,0.16666666666666666,0.0,0.08333333333333333,0.4166666666666667,0.22807017543859648,0
682987,KC,Knuckle-Curve,Breaking,28,0.46153846153846156,0.5384615384615384,0.16666666666666666,0.24050000000000002,93.66666666666667,0.4642857142857143,6,0.16666666666666666,0.16666666666666666,0.0,0.0,0.5,0.21428571428571427,0
682988,FF,4-Seam FB,Fastball,61,0.30434782608695654,0.6956521739130435,0.125,0.3154647272727273,82.35714285714286,0.5081967213114754,11,0.125,0.36363636363636365,0.0,0.18181818181818182,0.2727272727272727,0.11475409836065574,0
682988,SL,Slider,Breaking,34,0.23529411764705882,0.7647058823529411,0.2857142857142857,0.2267975,78.34166666666667,0.47058823529411764,8,0.2857142857142857,0.375,0.0,0.125,0.25,0.11764705882352941,0
682988,SI,Sinker,Fastball,30,0.23529411764705882,0.7647058823529411,0.2222222222222222,0.16999999999999998,75.53333333333335,0.5333333333333333,9,0.1111111111111111,0.1111111111111111,0.1111111111111111,0.0,0.2222222222222222,0.13333333333333333,0
682997,FF,4-Seam FB,Fastball,162,0.3684210526315789,0.631578947368421,0.4444444444444444,0.24628684210526317,82.26153846153846,0.5185185185185185,42,0.19444444444444445,0.2926829268292683,0.24999999999999997,0.11904761904761904,0.4523809523809524,0.21604938271604937,2
682997,CH,Changeup,Offspeed,54,0.5428571428571428,0.4571428571428572,0.23529411764705882,0.125125,80.41428571428571,0.35185185185185186,17,0.058823529411764705,0.058823529411764705,0.1764705882352941,0.0,0.4117647058823529,0.35185185185185186,1
682997,SL,Slider,Breaking,48,0.32,0.6799999999999999,0.42857142857142855,0.24016666666666667,80.5375,0.5,8,0.2857142857142857,0.25,0.14285714285714285,0.0,0.375,0.16666666666666666,0
682997,FC,Cutter,Fastball,43,0.3076923076923077,0.6923076923076923,0.5714285714285714,0.18654750000000003,83.54374999999999,0.5348837209302325,8,0.2857142857142857,0.375,0.2857142857142857,0.125,0.375,0.18604651162790697,0
682997,ST,Sweeper,Breaking,43,0.15789473684210525,0.8421052631578947,0.3333333333333333,0.2832418823529411,78.05,0.46511627906976744,18,0.26666666666666666,0.3888888888888889,0.06666666666666665,0.1111111111111111,0.2222222222222222,0.06976744186046512,0
682997,SI,Sinker,Fastball,38,0.1111111111111111,0.8888888888888888,0.7777777777777778,0.4715714285714286,82.72857142857143,0.6842105263157895,9,0.3333333333333333,0.3333333333333333,0.4444444444444445,0.0,0.1111111111111111,0.05263157894736842,1
682997,CU,Curveball,Breaking,32,0.45454545454545453,0.5454545454545454,0.0,0.3261266666666667,70.55000000000001,0.3125,3,0.0,0.3333333333333333,0.0,0.3333333333333333,0.3333333333333333,0.15625,0
682997,FS,Splitter,Offspeed,28,0.4,0.6,0.16666666666666666,0.3065,76.0,0.5714285714285714,6,0.16666666666666666,0.16666666666666666,0.0,0.0,0.3333333333333333,0.21428571428571427,0
682998,FF,4-Seam FB,Fastball,964,0.33640552995391704,0.663594470046083,0.4756756756756757,0.3341824700460829,86.3615671641791,0.4574688796680498,225,0.20540540540540542,0.3333333333333333,0.2702702702702703,0.1511111111111111,0.3022222222222222,0.15145228215767634,10
682998,SI,Sinker,Fastball,423,0.20125786163522014,0.7987421383647799,0.5316455696202531,0.38224843478260867,85.38416666666667,0.5271867612293144,94,0.3291139240506329,0.4148936170212766,0.20253164556962022,0.10638297872340426,0.13829787234042554,0.07565011820330969,2
682998,SL,Slider,Breaking,301,0.2550335570469799,0.7449664429530201,0.5555555555555556,0.3744383370786517,85.31792452830189,0.45514950166112955,90,0.2716049382716049,0.34444444444444444,0.28395061728395066,0.08888888888888889,0.2222222222222222,0.12624584717607973,3
682998,CH,Changeup,Offspeed,273,0.24342105263157895,0.756578947368421,0.44047619047619047,0.3375613953488372,85.81100917431193,0.43223443223443225,91,0.17857142857142858,0.23076923076923078,0.26190476190476186,0.06593406593406594,0.15384615384615385,0.13553113553113552,4
682998,ST,Sweeper,Breaking,188,0.27058823529411763,0.7294117647058824,0.21951219512195122,0.28225259574468087,83.6732142857143,0.425531914893617,47,0.1951219512195122,0.2765957446808511,0.02439024390243902,0.0851063829787234,0.23404255319148937,0.12234042553191489,0
682998,FC,Cutter,Fastball,185,0.2261904761904762,0.7738095238095238,0.5789473684210527,0.366363,85.8483870967742,0.4972972972972973,42,0.3157894736842105,0.38095238095238093,0.26315789473684215,0.09523809523809523,0.21428571428571427,0.10270270270270271,2
682998,CU,Curveball,Breaking,164,0.2711864406779661,0.728813559322034,0.42424242424242425,0.3212842424242424,84.81315789473685,0.3902439024390244,34,0.2727272727272727,0.29411764705882354,0.15151515151515155,0.029411764705882353,0.2647058823529412,0.0975609756097561,0
682998,FS,Splitter,Offspeed,129,0.26666666666666666,0.7333333333333334,0.2857142857142857,0.3108851282051282,82.42553191489361,0.3488372093023256,40,0.14285714285714285,0.225,0.14285714285714285,0.1,0.225,0.15503875968992248,1
682998,KC,Knuckle-Curve,Breaking,38,0.2857142857142857,0.7142857142857143,0.46153846153846156,0.30915384615384617,90.38333333333333,0.3684210526315789,13,0.23076923076923078,0.23076923076923078,0.23076923076923078,0.0,0.15384615384615385,0.15789473684210525,1
683002,FF,4-Seam FB,Fastball,796,0.18324607329842932,0.8167539267015707,0.2866666666666667,0.3188612631578947,82.72897526501768,0.5577889447236181,175,0.16666666666666666,0.28,0.12000000000000002,0.12,0.22857142857142856,0.08793969849246232,3
683002,SI,Sinker,Fastball,495,0.13333333333333333,0.8666666666666667,0.4444444444444444,0.37392033082706766,83.27058823529411,0.5858585858585859,134,0.28205128205128205,0.373134328358209,0.16239316239316237,0.11194029850746269,0.12686567164179105,0.06060606060606061,3
683002,SL,Slider,Breaking,399,0.3229166666666667,0.6770833333333333,0.4166666666666667,0.2666911111111111,81.17881355932202,0.41604010025062654,105,0.1875,0.2571428571428571,0.22916666666666669,0.08571428571428572,0.2761904761904762,0.15538847117794485,6
683002,CH,Changeup,Offspeed,365,0.2388888888888889,0.7611111111111111,0.45454545454545453,0.2987985777777778,81.5888,0.34794520547945207,93,0.25,0.2903225806451613,0.20454545454545453,0.043010752688172046,0.22580645161290322,0.1178082191780822,3
683002,FC,Cutter,Fastball,217,0.32989690721649484,0.6701030927835052,0.6304347826086957,0.38742886274509797,84.61551724137931,0.543778801843318,52,0.30434782608695654,0.37254901960784315,0.32608695652173914,0.07692307692307693,0.25,0.14746543778801843,5
683002,ST,Sweeper,Breaking,193,0.27956989247311825,0.7204301075268817,0.47058823529411764,0.2615482807017544,79.14516129032258,0.48704663212435234,57,0.23529411764705882,0.3157894736842105,0.23529411764705882,0.08771929824561403,0.3333333333333333,0.13471502590673576,2
683002,CU,Curveball,Breaking,176,0.2727272727272727,0.7272727272727273,0.4358974358974359,0.3220910243902439,81.78709677419356,0.3806818181818182,41,0.2564102564102564,0.2926829268292683,0.17948717948717952,0.024390243902439025,0.14634146341463414,0.13636363636363635,2
683002,FS,Splitter,Offspeed,144,0.2753623188405797,0.7246376811594203,0.3142857142857143,0.3787536585365854,83.03333333333333,0.2777777777777778,41,0.2,0.2926829268292683,0.11428571428571427,0.12195121951219512,0.1951219512195122,0.13194444444444445,1
683002,KC,Knuckle-Curve,Breaking,48,0.3,0.7,0.2727272727272727,0.24405846153846156,82.17857142857143,0.2916666666666667,13,0.2727272727272727,0.38461538461538464,0.0,0.15384615384615385,0.3076923076923077,0.125,0
683011,FF,4-Seam FB,Fastball,327,0.2727272727272727,0.7272727272727273,0.3793103448275862,0.35457388888888886,82.43877551020408,0.5259938837920489,72,0.25862068965517243,0.4027777777777778,0.12068965517241376,0.19444444444444445,0.2777777777777778,0.11926605504587157,1
683011,SI,Sinker,Fastball,178,0.15476190476190477,0.8452380952380952,0.3684210526315789,0.359765,85.1046875,0.5898876404494382,45,0.2894736842105263,0.4,0.0789473684210526,0.15555555555555556,0.08888888888888889,0.07303370786516854,1
683011,SL,Slider,Breaking,148,0.2987012987012987,0.7012987012987013,0.34782608695652173,0.25960382978723406,82.29245283018868,0.5135135135135135,47,0.2608695652173913,0.2765957446808511,0.08695652173913043,0.02127659574468085,0.23404255319148937,0.1554054054054054,0
683011,CH,Changeup,Offspeed,91,0.325,0.675,0.42105263157894735,0.21826315789473685,82.6,0.32967032967032966,19,0.2631578947368421,0.2631578947368421,0.15789473684210525,0.0,0.21052631578947367,0.14285714285714285,0
683011,ST,Sweeper,Breaking,80,0.22857142857142856,0.7714285714285715,0.3333333333333333,0.2759021052631579,77.96923076923076,0.4,19,0.2,0.3157894736842105,0.1333333333333333,0.15789473684210525,0.15789473684210525,0.1,0
683011,FC,Cutter,Fastball,68,0.15384615384615385,0.8461538461538461,0.2857142857142857,0.1290714285714286,81.79545454545455,0.5,14,0.21428571428571427,0.21428571428571427,0.07142857142857142,0.0,0.21428571428571427,0.058823529411764705,0
683011,CU,Curveball,Breaking,56,0.34615384615384615,0.6538461538461539,0.17647058823529413,0.185,80.39333333333335,0.35714285714285715,17,0.17647058823529413,0.17647058823529413,0.0,0.0,0.4117647058823529,0.16071428571428573,0
683021,FF,4-Seam FB,Fastball,51,0.03333333333333333,0.9666666666666667,0.7,0.43237499999999995,79.98620689655172,0.5490196078431373,10,0.7,0.7,0.0,0.0,0.0,0.0196078431372549,0
683021,SI,Sinker,Fastball,35,0.09090909090909091,0.9090909090909091,0.5,0.11950000000000001,83.72222222222223,0.7142857142857143,6,0.3333333333333333,0.3333333333333333,0.16666666666666669,0.0,0.16666666666666666,0.02857142857142857,0
683083,FF,4-Seam FB,Fastball,842,0.2099056603773585,0.7900943396226415,0.25161290322580643,0.2959105977011494,79.50784313725491,0.5201900237529691,188,0.2064516129032258,0.32608695652173914,0.04516129032258062,0.13829787234042554,0.16489361702127658,0.10570071258907364,1
683083,SI,Sinker,Fastball,284,0.1282051282051282,0.8717948717948718,0.14285714285714285,0.28002608695652176,81.39793814432988,0.602112676056338,77,0.14285714285714285,0.2702702702702703,0.0,0.14285714285714285,0.12987012987012986,0.0528169014084507,0
683083,CH,Changeup,Offspeed,249,0.2631578947368421,0.736842105263158,0.28378378378378377,0.22961638888888888,76.64166666666667,0.40562248995983935,76,0.21621621621621623,0.22666666666666666,0.06756756756756754,0.013157894736842105,0.23684210526315788,0.14056224899598393,0
683083,SL,Slider,Breaking,191,0.2777777777777778,0.7222222222222222,0.2391304347826087,0.24750583333333334,78.11475409836065,0.5287958115183246,55,0.1956521739130435,0.3148148148148148,0.043478260869565216,0.14545454545454545,0.2545454545454545,0.13089005235602094,0
683083,FC,Cutter,Fastball,149,0.25806451612903225,0.7419354838709677,0.34375,0.29101529411764704,79.46153846153847,0.48322147651006714,36,0.34375,0.4166666666666667,0.0,0.1111111111111111,0.2222222222222222,0.10738255033557047,0
683083,CU,Curveball,Breaking,136,0.2553191489361702,0.7446808510638299,0.1,0.19625032258064515,77.22258064516129,0.4264705882352941,32,0.1,0.15625,0.0,0.0625,0.375,0.08823529411764706,0
683083,ST,Sweeper,Breaking,108,0.16666666666666666,0.8333333333333334,0.42105263157894735,0.32937,73.79666666666668,0.4166666666666667,23,0.42105263157894735,0.5,0.0,0.13043478260869565,0.08695652173913043,0.06481481481481481,0
683083,FS,Splitter,Offspeed,42,0.3333333333333333,0.6666666666666667,0.21428571428571427,0.19466666666666665,81.85000000000001,0.35714285714285715,15,0.21428571428571427,0.2,0.0,0.0,0.4,0.16666666666666666,0
683146,FF,4-Seam FB,Fastball,696,0.256198347107438,0.743801652892562,0.4394904458598726,0.3519140697674419,84.63935742971887,0.5675287356321839,177,0.25477707006369427,0.3333333333333333,0.18471337579617836,0.10734463276836158,0.2655367231638418,0.1336206896551724,6
683146,CH,Changeup,Offspeed,241,0.3392857142857143,0.6607142857142857,0.38461538461538464,0.36540842105263155,83.38955223880598,0.3941908713692946,58,0.25,0.3275862068965517,0.13461538461538464,0.10344827586206896,0.1206896551724138,0.15767634854771784,1
683146,SL,Slider,Breaking,221,0.37254901960784315,0.6274509803921569,0.3333333333333333,0.32392058181818184,84.2948275862069,0.4343891402714932,55,0.16666666666666666,0.2727272727272727,0.16666666666666666,0.10909090909090909,0.2909090909090909,0.17194570135746606,2
683146,SI,Sinker,Fastball,215,0.14545454545454545,0.8545454545454545,0.4528301886792453,0.35870710344827583,84.05842696629213,0.6465116279069767,62,0.3584905660377358,0.43548387096774194,0.09433962264150947,0.11290322580645161,0.16129032258064516,0.07441860465116279,1
683146,ST,Sweeper,Breaking,172,0.3793103448275862,0.6206896551724138,0.1951219512195122,0.16083025641025642,79.36470588235295,0.5174418604651163,44,0.14634146341463414,0.18604651162790697,0.048780487804878064,0.045454545454545456,0.4090909090909091,0.19186046511627908,0
683146,FC,Cutter,Fastball,138,0.19047619047619047,0.8095238095238095,0.4230769230769231,0.35788731034482757,83.86363636363636,0.47101449275362317,30,0.3076923076923077,0.36666666666666664,0.11538461538461536,0.06666666666666667,0.13333333333333333,0.08695652173913043,0
683146,CU,Curveball,Breaking,123,0.3541666666666667,0.6458333333333333,0.15789473684210525,0.2593695238095238,77.91851851851852,0.42276422764227645,23,0.15789473684210525,0.21739130434782608,0.0,0.08695652173913043,0.34782608695652173,0.13821138211382114,0
683146,FS,Splitter,Offspeed,110,0.5178571428571429,0.4821428571428571,0.16,0.13812000000000002,80.0047619047619,0.2818181818181818,25,0.12,0.12,0.04000000000000001,0.0,0.48,0.2636363636363636,0
683146,KC,Knuckle-Curve,Breaking,38,0.35294117647058826,0.6470588235294117,0.6666666666666666,0.45088727272727275,89.075,0.34210526315789475,11,0.3333333333333333,0.45454545454545453,0.3333333333333333,0.18181818181818182,0.36363636363636365,0.15789473684210525,1
683227,FF,4-Seam FB,Fastball,144,0.13636363636363635,0.8636363636363636,0.25,0.2043164705882353,79.66785714285713,0.5694444444444444,36,0.15625,0.20588235294117646,0.09375,0.05555555555555555,0.1388888888888889,0.0625,1
683227,SI,Sinker,Fastball,83,0.125,0.875,0.3125,0.24557411764705883,78.41923076923077,0.6024096385542169,18,0.3125,0.3888888888888889,0.0,0.1111111111111111,0.0,0.04819277108433735,0
683227,FC,Cutter,Fastball,51,0.3,0.7,0.0,0.053375,84.84166666666667,0.45098039215686275,9,0.0,0.0,0.0,0.0,0.5555555555555556,0.11764705882352941,0
683227,SL,Slider,Breaking,47,0.19047619047619047,0.8095238095238095,0.6,0.3336261538461539,71.83333333333333,0.3829787234042553,14,0.4,0.5384615384615384,0.19999999999999996,0.21428571428571427,0.14285714285714285,0.0851063829787234,0
683227,CH,Changeup,Offspeed,28,0.17647058823529413,0.8235294117647058,0.5555555555555556,0.334238,81.2,0.39285714285714285,10,0.5555555555555556,0.6,0.0,0.1,0.0,0.10714285714285714,0
683357,FF,4-Seam FB,Fastball,436,0.2872340425531915,0.7127659574468085,0.5822784810126582,0.36797582417582414,82.46370967741936,0.5435779816513762,94,0.25316455696202533,0.3333333333333333,0.3291139240506329,0.11702127659574468,0.3617021276595745,0.12385321100917432,7
683357,CH,Changeup,Offspeed,185,0.44554455445544555,0.5544554455445545,0.5348837209302325,0.3272876595744681,76.37169811320756,0.3567567567567568,48,0.32558139534883723,0.375,0.20930232558139528,0.08333333333333333,0.2708333333333333,0.24324324324324326,2
683357,SL,Slider,Breaking,163,0.37362637362637363,0.6263736263736264,0.27906976744186046,0.25434340425531915,83.332,0.44785276073619634,48,0.16279069767441862,0.20833333333333334,0.11627906976744184,0.0625,0.3541666666666667,0.2085889570552147,1
683357,SI,Sinker,Fastball,154,0.17857142857142858,0.8214285714285714,0.2571428571428571,0.3149680952380952,85.92558139534883,0.5324675324675324,45,0.22857142857142856,0.37209302325581395,0.028571428571428553,0.17777777777777778,0.3111111111111111,0.06493506493506493,0
683357,CU,Curveball,Breaking,124,0.5208333333333334,0.47916666666666663,0.2692307692307692,0.1664166896551724,82.1470588235294,0.3870967741935484,29,0.11538461538461539,0.20689655172413793,0.15384615384615383,0.034482758620689655,0.6206896551724138,0.20161290322580644,1
683357,FC,Cutter,Fastball,110,0.24561403508771928,0.7543859649122807,0.47619047619047616,0.38092956521739124,80.50750000000001,0.5,24,0.2857142857142857,0.3333333333333333,0.19047619047619047,0.08333333333333333,0.125,0.12727272727272726,1
683357,ST,Sweeper,Breaking,108,0.4186046511627907,0.5813953488372092,0.047619047619047616,0.16108683333333332,81.21363636363637,0.39814814814814814,25,0.047619047619047616,0.16,0.0,0.04,0.56,0.16666666666666666,0
683357,FS,Splitter,Offspeed,63,0.41935483870967744,0.5806451612903225,0.6428571428571429,0.32769230769230767,80.36111111111111,0.31746031746031744,14,0.21428571428571427,0.21428571428571427,0.4285714285714286,0.0,0.5,0.20634920634920634,2
683357,KC,Knuckle-Curve,Breaking,37,0.6842105263157895,0.3157894736842105,0.3,0.26980000000000004,95.94999999999999,0.4594594594594595,10,0.2,0.2,0.09999999999999998,0.0,0.4,0.35135135135135137,0
683679,SI,Sinker,Fastball,58,0.19444444444444445,0.8055555555555556,0.4444444444444444,0.407784,81.72142857142858,0.5689655172413793,22,0.3888888888888889,0.47619047619047616,0.055555555555555525,0.09090909090909091,0.045454545454545456,0.1206896551724138,0
683679,FF,4-Seam FB,Fastball,56,0.21875,0.78125,0.4166666666666667,0.24461500000000003,81.50434782608696,0.6428571428571429,14,0.16666666666666666,0.2857142857142857,0.25,0.14285714285714285,0.14285714285714285,0.125,1
683679,SL,Slider,Breaking,25,0.3333333333333333,0.6666666666666667,0.8571428571428571,0.2657685714285714,82.9,0.4,8,0.2857142857142857,0.375,0.5714285714285714,0.125,0.25,0.12,1
683734,FF,4-Seam FB,Fastball,380,0.11904761904761904,0.8809523809523809,0.7362637362637363,0.4185354509803922,86.13732394366197,0.49736842105263157,106,0.42857142857142855,0.5094339622641509,0.30769230769230776,0.11320754716981132,0.1320754716981132,0.05263157894736842,6
683734,SI,Sinker,Fastball,245,0.05154639175257732,0.9484536082474226,0.36507936507936506,0.34354591044776117,86.82967032967034,0.5959183673469388,72,0.2857142857142857,0.3611111111111111,0.07936507936507936,0.05555555555555555,0.06944444444444445,0.02040816326530612,0
683734,SL,Slider,Breaking,243,0.2911392405063291,0.7088607594936709,0.27906976744186046,0.23695772727272726,84.36346153846154,0.4897119341563786,48,0.20930232558139536,0.2608695652173913,0.0697674418604651,0.0625,0.20833333333333334,0.09465020576131687,0
683734,CH,Changeup,Offspeed,153,0.2962962962962963,0.7037037037037037,0.34285714285714286,0.3269447368421053,86.15714285714286,0.3660130718954248,40,0.2857142857142857,0.375,0.05714285714285716,0.125,0.175,0.10457516339869281,0
683734,ST,Sweeper,Breaking,141,0.25925925925925924,0.7407407407407407,0.2,0.210035625,79.26578947368421,0.41134751773049644,33,0.2,0.2727272727272727,0.0,0.09090909090909091,0.3333333333333333,0.09929078014184398,0
683734,FC,Cutter,Fastball,125,0.22916666666666666,0.7708333333333334,0.47058823529411764,0.2796438095238095,80.82432432432434,0.456,22,0.4117647058823529,0.5454545454545454,0.05882352941176472,0.22727272727272727,0.09090909090909091,0.088,0
683734,CU,Curveball,Breaking,77,0.42105263157894735,0.5789473684210527,0.18181818181818182,0.308576,74.9090909090909,0.3246753246753247,13,0.09090909090909091,0.23076923076923078,0.09090909090909091,0.15384615384615385,0.3076923076923077,0.1038961038961039,0
683734,FS,Splitter,Offspeed,37,0.3125,0.6875,0.5555555555555556,0.298375,76.52222222222223,0.2702702702702703,9,0.2222222222222222,0.2222222222222222,0.33333333333333337,0.0,0.2222222222222222,0.13513513513513514,1
683737,FF,4-Seam FB,Fastball,836,0.1342925659472422,0.8657074340527577,0.41784037558685444,0.3333550808510638,84.1203539823009,0.5669856459330144,240,0.23943661971830985,0.32083333333333336,0.1784037558685446,0.1,0.16666666666666666,0.06698564593301436,9
683737,SL,Slider,Breaking,434,0.42162162162162165,0.5783783783783784,0.43037974683544306,0.27166786363636364,79.96907216494846,0.4216589861751152,92,0.27848101265822783,0.35555555555555557,0.15189873417721522,0.09782608695652174,0.358695652173913,0.17972350230414746,3
683737,SI,Sinker,Fastball,398,0.15757575757575756,0.8424242424242424,0.4175824175824176,0.42720663157894734,82.67500000000001,0.5477386934673367,119,0.26373626373626374,0.4369747899159664,0.15384615384615385,0.21008403361344538,0.11764705882352941,0.06532663316582915,3
683737,CH,Changeup,Offspeed,375,0.449438202247191,0.550561797752809,0.2111111111111111,0.22363600000000003,78.82333333333334,0.32266666666666666,99,0.16666666666666666,0.24242424242424243,0.04444444444444445,0.09090909090909091,0.3939393939393939,0.21333333333333335,0
683737,FC,Cutter,Fastball,227,0.15625,0.84375,0.5454545454545454,0.4469134285714286,84.44935064935065,0.4801762114537445,43,0.24242424242424243,0.3953488372093023,0.303030303030303,0.16279069767441862,0.16279069767441862,0.06607929515418502,2
683737,ST,Sweeper,Breaking,223,0.26506024096385544,0.7349397590361446,0.48717948717948717,0.3401417021276596,78.91607142857143,0.47085201793721976,48,0.2564102564102564,0.3541666666666667,0.23076923076923078,0.14583333333333334,0.1875,0.09865470852017937,2
683737,CU,Curveball,Breaking,192,0.3898305084745763,0.6101694915254237,0.35714285714285715,0.3123583333333333,86.2103448275862,0.4583333333333333,36,0.21428571428571427,0.3888888888888889,0.14285714285714288,0.08333333333333333,0.3611111111111111,0.11979166666666667,1
683737,FS,Splitter,Offspeed,84,0.4,0.6,0.21052631578947367,0.1999885714285714,77.35,0.32142857142857145,21,0.21052631578947367,0.2857142857142857,0.0,0.09523809523809523,0.38095238095238093,0.16666666666666666,0
683737,KC,Knuckle-Curve,Breaking,53,0.25,0.75,0.5,0.5127200000000001,85.97,0.32075471698113206,8,0.5,0.625,0.0,0.25,0.25,0.07547169811320754,0
683748,FF,4-Seam FB,Fastball,386,0.2980769230769231,0.7019230769230769,0.4358974358974359,0.3402850526315789,81.34,0.5284974093264249,96,0.19230769230769232,0.3263157894736842,0.24358974358974358,0.16666666666666666,0.21875,0.16062176165803108,6
683748,SI,Sinker,Fastball,108,0.11666666666666667,0.8833333333333333,0.6571428571428571,0.33595105263157893,82.14,0.5370370370370371,38,0.4,0.4473684210526316,0.2571428571428571,0.07894736842105263,0.13157894736842105,0.06481481481481481,1
683748,SL,Slider,Breaking,101,0.2982456140350877,0.7017543859649122,0.53125,0.3105223529411764,83.24166666666667,0.4158415841584158,34,0.21875,0.2647058823529412,0.3125,0.058823529411764705,0.2647058823529412,0.16831683168316833,3
683748,CH,Changeup,Offspeed,82,0.2391304347826087,0.7608695652173914,0.7142857142857143,0.4066071428571429,84.79411764705883,0.34146341463414637,28,0.39285714285714285,0.39285714285714285,0.32142857142857145,0.0,0.17857142857142858,0.13414634146341464,2
683748,CU,Curveball,Breaking,70,0.3125,0.6875,0.2727272727272727,0.3440316666666667,83.24761904761904,0.42857142857142855,12,0.18181818181818182,0.25,0.09090909090909088,0.08333333333333333,0.25,0.14285714285714285,0
683748,FC,Cutter,Fastball,65,0.20588235294117646,0.7941176470588236,0.6,0.41708625,83.9846153846154,0.47692307692307695,17,0.26666666666666666,0.3125,0.3333333333333333,0.058823529411764705,0.17647058823529413,0.1076923076923077,1
683748,ST,Sweeper,Breaking,46,0.08333333333333333,0.9166666666666666,0.4166666666666667,0.15,88.675,0.5217391304347826,12,0.16666666666666666,0.16666666666666666,0.25,0.0,0.08333333333333333,0.043478260869565216,1
683748,FS,Splitter,Offspeed,30,0.3181818181818182,0.6818181818181819,0.3,0.3268,76.92,0.43333333333333335,10,0.3,0.3,0.0,0.0,0.1,0.23333333333333334,0
683766,FF,4-Seam FB,Fastball,273,0.2848101265822785,0.7151898734177216,0.29411764705882354,0.2170859411764706,76.11456310679613,0.5238095238095238,78,0.16176470588235295,0.2191780821917808,0.1323529411764706,0.038461538461538464,0.28205128205128205,0.16483516483516483,2
683766,SI,Sinker,Fastball,146,0.15853658536585366,0.8414634146341463,0.3617021276595745,0.3224404166666667,79.60153846153847,0.5547945205479452,50,0.3404255319148936,0.38,0.021276595744680882,0.06,0.1,0.08904109589041095,0
683766,SL,Slider,Breaking,102,0.5,0.5,0.25925925925925924,0.2135530769230769,84.92272727272727,0.38235294117647056,28,0.25925925925925924,0.2857142857142857,0.0,0.03571428571428571,0.5,0.2549019607843137,0
683766,ST,Sweeper,Breaking,80,0.35,0.65,0.4782608695652174,0.26514695652173914,77.49565217391304,0.4375,25,0.30434782608695654,0.3333333333333333,0.17391304347826086,0.04,0.2,0.175,1
683766,CH,Changeup,Offspeed,75,0.45652173913043476,0.5434782608695652,0.2631578947368421,0.15576470588235292,71.4904761904762,0.29333333333333333,19,0.10526315789473684,0.10526315789473684,0.15789473684210525,0.0,0.42105263157894735,0.28,1
683766,FC,Cutter,Fastball,66,0.1891891891891892,0.8108108108108107,0.4444444444444444,0.2013125,74.74444444444445,0.5909090909090909,20,0.2222222222222222,0.2631578947368421,0.2222222222222222,0.05,0.1,0.10606060606060606,1
683766,CU,Curveball,Breaking,38,0.13333333333333333,0.8666666666666667,0.14285714285714285,0.317876,80.72500000000001,0.23684210526315788,8,0.14285714285714285,0.25,0.0,0.125,0.125,0.05263157894736842,0
683953,FF,4-Seam FB,Fastball,643,0.18452380952380953,0.8154761904761905,0.5266666666666666,0.3456956923076923,85.44444444444444,0.5349922239502333,173,0.28,0.36416184971098264,0.2466666666666666,0.11560693641618497,0.1791907514450867,0.09642301710730948,8
683953,SI,Sinker,Fastball,333,0.11731843575418995,0.88268156424581,0.4523809523809524,0.32689575510204083,85.00544217687074,0.6006006006006006,103,0.2976190476190476,0.4174757281553398,0.15476190476190477,0.1553398058252427,0.08737864077669903,0.06306306306306306,3
683953,SL,Slider,Breaking,311,0.352,0.648,0.391304347826087,0.20363891891891892,80.88666666666667,0.4694533762057878,75,0.21739130434782608,0.28,0.1739130434782609,0.08,0.37333333333333335,0.1414790996784566,3
683953,CH,Changeup,Offspeed,250,0.3877551020408163,0.6122448979591837,0.4418604651162791,0.26443541666666665,81.20392156862745,0.336,48,0.23255813953488372,0.3125,0.20930232558139536,0.10416666666666667,0.25,0.152,2
683953,FC,Cutter,Fastball,179,0.25,0.75,0.28125,0.370492923076923,83.05245901639344,0.4692737430167598,39,0.1875,0.3076923076923077,0.09375,0.10256410256410256,0.1794871794871795,0.12290502793296089,0
683953,ST,Sweeper,Breaking,167,0.3064516129032258,0.6935483870967742,0.2571428571428571,0.24495158974358974,73.95365853658538,0.41916167664670656,39,0.17142857142857143,0.23076923076923078,0.08571428571428569,0.05128205128205128,0.28205128205128205,0.11377245508982035,1
683953,CU,Curveball,Breaking,113,0.2903225806451613,0.7096774193548387,0.3333333333333333,0.18988428571428573,77.14,0.46017699115044247,16,0.3333333333333333,0.375,0.0,0.0625,0.4375,0.07964601769911504,0
683953,FS,Splitter,Offspeed,73,0.29411764705882354,0.7058823529411764,0.2222222222222222,0.2728094736842105,77.05,0.3698630136986301,19,0.2222222222222222,0.2631578947368421,0.0,0.05263157894736842,0.15789473684210525,0.136986301369863,0
683953,KC,Knuckle-Curve,Breaking,28,0.25,0.75,1.0,0.42821649999999994,88.26666666666667,0.39285714285714285,8,0.5,0.625,0.5,0.125,0.0,0.07142857142857142,0
685133,FF,4-Seam FB,Fastball,353,0.09248554913294797,0.9075144508670521,0.45918367346938777,0.3629899130434783,83.2195945945946,0.5382436260623229,117,0.37755102040816324,0.47413793103448276,0.08163265306122452,0.15384615384615385,0.13675213675213677,0.0453257790368272,1
685133,SI,Sinker,Fastball,218,0.14634146341463414,0.8536585365853658,0.24074074074074073,0.27602766101694914,82.10757575757575,0.5642201834862385,63,0.18518518518518517,0.2903225806451613,0.05555555555555555,0.1111111111111111,0.14285714285714285,0.05504587155963303,0
685133,CH,Changeup,Offspeed,152,0.3939393939393939,0.6060606060606061,0.3055555555555556,0.23316666666666666,80.275,0.4144736842105263,36,0.25,0.25,0.05555555555555558,0.0,0.25,0.17105263157894737,0
685133,SL,Slider,Breaking,128,0.23529411764705882,0.7647058823529411,0.4230769230769231,0.34841999999999995,80.05277777777778,0.46875,28,0.38461538461538464,0.42857142857142855,0.038461538461538436,0.07142857142857142,0.17857142857142858,0.09375,0
685133,CU,Curveball,Breaking,96,0.37037037037037035,0.6296296296296297,0.125,0.24265333333333336,77.53125,0.375,18,0.125,0.2222222222222222,0.0,0.1111111111111111,0.2777777777777778,0.10416666666666667,0
685133,FS,Splitter,Offspeed,87,0.32653061224489793,0.6734693877551021,0.6363636363636364,0.2930454545454546,77.00000000000001,0.45977011494252873,22,0.45454545454545453,0.45454545454545453,0.18181818181818182,0.0,0.2727272727272727,0.1839080459770115,0
685133,FC,Cutter,Fastball,84,0.1951219512195122,0.8048780487804879,0.56,0.39087999999999995,83.10967741935482,0.4880952380952381,29,0.28,0.3793103448275862,0.28,0.13793103448275862,0.1724137931034483,0.09523809523809523,2
685133,ST,Sweeper,Breaking,77,0.21621621621621623,0.7837837837837838,0.25,0.20054057142857143,78.79130434782608,0.5064935064935064,21,0.2,0.23809523809523808,0.04999999999999999,0.0,0.3333333333333333,0.1038961038961039,0
686217,FF,4-Seam FB,Fastball,579,0.11255411255411256,0.8874458874458875,0.32456140350877194,0.29362464,81.26424870466322,0.5233160621761658,136,0.2631578947368421,0.3533834586466165,0.06140350877192985,0.125,0.10294117647058823,0.044905008635578586,0
686217,SI,Sinker,Fastball,266,0.02564102564102564,0.9743589743589743,0.3037974683544304,0.28133697560975607,80.17614678899083,0.5864661654135338,86,0.21518987341772153,0.27906976744186046,0.08860759493670886,0.06976744186046512,0.06976744186046512,0.011278195488721804,1
686217,SL,Slider,Breaking,165,0.13157894736842105,0.868421052631579,0.35,0.219494,82.22280701754386,0.4666666666666667,45,0.225,0.2558139534883721,0.12499999999999997,0.044444444444444446,0.15555555555555556,0.06060606060606061,1
686217,FC,Cutter,Fastball,135,0.13636363636363635,0.8636363636363636,0.30303030303030304,0.29741842105263155,77.31730769230771,0.5555555555555556,39,0.24242424242424243,0.34210526315789475,0.06060606060606061,0.1282051282051282,0.07692307692307693,0.06666666666666667,0
686217,ST,Sweeper,Breaking,115,0.15217391304347827,0.8478260869565217,0.16,0.22215384615384615,76.82894736842105,0.48695652173913045,27,0.12,0.11538461538461539,0.04000000000000001,0.0,0.14814814814814814,0.06086956521739131,0
686217,CH,Changeup,Offspeed,96,0.08108108108108109,0.9189189189189189,0.3684210526315789,0.369828,76.42413793103448,0.28125,21,0.2631578947368421,0.3333333333333333,0.10526315789473684,0.047619047619047616,0.14285714285714285,0.03125,0
686217,CU,Curveball,Breaking,78,0.1724137931034483,0.8275862068965517,1.0666666666666667,0.43414285714285716,83.64285714285714,0.5384615384615384,15,0.5333333333333333,0.5333333333333333,0.5333333333333333,0.0,0.13333333333333333,0.0641025641025641,2
686217,FS,Splitter,Offspeed,49,0.03571428571428571,0.9642857142857143,0.10526315789473684,0.18929411764705883,80.816,0.5102040816326531,20,0.10526315789473684,0.10526315789473684,0.0,0.0,0.05,0.02040816326530612,0
686452,FF,4-Seam FB,Fastball,216,0.14285714285714285,0.8571428571428572,0.30952380952380953,0.3271530434782609,78.06052631578947,0.5185185185185185,52,0.21428571428571427,0.34,0.09523809523809526,0.15384615384615385,0.17307692307692307,0.06481481481481481,1
686452,SI,Sinker,Fastball,99,0.10714285714285714,0.8928571428571429,0.35294117647058826,0.33402736842105263,78.02083333333333,0.5050505050505051,23,0.17647058823529413,0.36363636363636365,0.17647058823529413,0.21739130434782608,0.21739130434782608,0.030303030303030304,1
686452,CH,Changeup,Offspeed,80,0.36585365853658536,0.6341463414634146,0.3888888888888889,0.23557894736842105,73.69583333333333,0.3875,20,0.2777777777777778,0.2631578947368421,0.1111111111111111,0.0,0.3,0.1875,0
686452,SL,Slider,Breaking,61,0.375,0.625,0.2222222222222222,0.244616,81.40526315789474,0.47540983606557374,20,0.16666666666666666,0.25,0.05555555555555555,0.0,0.35,0.19672131147540983,0
686452,CU,Curveball,Breaking,58,0.4090909090909091,0.5909090909090908,0.07692307692307693,0.2192793333333333,83.08888888888889,0.3620689655172414,14,0.07692307692307693,0.14285714285714285,0.0,0.0,0.42857142857142855,0.15517241379310345,0
686452,FC,Cutter,Fastball,50,0.15384615384615385,0.8461538461538461,0.21428571428571427,0.239485,80.40454545454547,0.54,16,0.21428571428571427,0.3125,0.0,0.125,0.125,0.08,0
686452,ST,Sweeper,Breaking,33,0.3125,0.6875,0.0,0.1851666666666667,80.25454545454545,0.5757575757575758,7,0.0,0.0,0.0,0.0,0.2857142857142857,0.15151515151515152,0
686469,FF,4-Seam FB,Fastball,597,0.09427609427609428,0.9057239057239057,0.45161290322580644,0.3340688372093023,85.12868217054263,0.5376884422110553,177,0.2838709677419355,0.3522727272727273,0.16774193548387095,0.1016949152542373,0.1638418079096045,0.04690117252931323,4
686469,SI,Sinker,Fastball,280,0.0661764705882353,0.9338235294117647,0.32,0.34498197590361446,86.48974358974358,0.4928571428571429,88,0.2,0.3068181818181818,0.12,0.11363636363636363,0.125,0.03214285714285714,3
686469,SL,Slider,Breaking,237,0.1827956989247312,0.8172043010752688,0.5,0.34770391836734693,86.92602739726028,0.3924050632911392,51,0.21739130434782608,0.28,0.28260869565217395,0.058823529411764705,0.17647058823529413,0.07172995780590717,4
686469,CH,Changeup,Offspeed,209,0.27884615384615385,0.7211538461538461,0.4772727272727273,0.3372191666666667,82.61250000000001,0.28708133971291866,48,0.3181818181818182,0.375,0.15909090909090912,0.08333333333333333,0.25,0.13875598086124402,1
686469,ST,Sweeper,Breaking,174,0.27631578947368424,0.7236842105263157,0.09375,0.21643411764705883,81.15471698113207,0.4942528735632184,34,0.0625,0.11764705882352941,0.03125,0.058823529411764705,0.11764705882352941,0.1206896551724138,0
686469,FC,Cutter,Fastball,170,0.12987012987012986,0.8701298701298701,0.5555555555555556,0.400077875,87.0,0.4823529411764706,32,0.2962962962962963,0.375,0.2592592592592593,0.09375,0.0625,0.058823529411764705,2
686469,CU,Curveball,Breaking,141,0.15789473684210525,0.8421052631578947,0.22727272727272727,0.28084230769230767,78.18666666666665,0.3120567375886525,27,0.18181818181818182,0.3333333333333333,0.04545454545454544,0.18518518518518517,0.14814814814814814,0.06382978723404255,0
686469,FS,Splitter,Offspeed,67,0.17857142857142858,0.8214285714285714,0.7142857142857143,0.338985,86.7181818181818,0.29850746268656714,16,0.35714285714285715,0.4375,0.35714285714285715,0.125,0.0625,0.07462686567164178,1
686469,KC,Knuckle-Curve,Breaking,27,0.3076923076923077,0.6923076923076923,0.0,0.42589666666666665,76.6,0.4444444444444444,6,0.0,0.16666666666666666,0.0,0.16666666666666666,0.3333333333333333,0.14814814814814814,0
686475,FF,4-Seam FB,Fastball,171,0.15942028985507245,0.8405797101449275,0.3793103448275862,0.320590625,77.82115384615385,0.5146198830409356,36,0.20689655172413793,0.34285714285714286,0.17241379310344826,0.16666666666666666,0.2222222222222222,0.06432748538011696,1
686475,SI,Sinker,Fastball,88,0.1590909090909091,0.8409090909090909,0.2962962962962963,0.3431286896551724,82.575,0.5909090909090909,30,0.2962962962962963,0.3333333333333333,0.0,0.03333333333333333,0.06666666666666667,0.07954545454545454,0
686475,CH,Changeup,Offspeed,72,0.5263157894736842,0.4736842105263158,0.4117647058823529,0.30209263157894733,80.00625,0.4583333333333333,19,0.29411764705882354,0.3684210526315789,0.11764705882352938,0.10526315789473684,0.10526315789473684,0.2777777777777778,0
686475,ST,Sweeper,Breaking,70,0.4878048780487805,0.5121951219512195,0.5625,0.21704470588235295,77.62105263157895,0.45714285714285713,18,0.375,0.4444444444444444,0.1875,0.1111111111111111,0.2777777777777778,0.2857142857142857,1
686475,SL,Slider,Breaking,55,0.3333333333333333,0.6666666666666667,0.5,0.2858,79.18823529411765,0.41818181818181815,19,0.2777777777777778,0.2777777777777778,0.2222222222222222,0.0,0.3684210526315789,0.18181818181818182,1
686475,FC,Cutter,Fastball,50,0.27586206896551724,0.7241379310344828,0.375,0.2413586666666667,77.38000000000001,0.6,18,0.3125,0.35294117647058826,0.0625,0.05555555555555555,0.2222222222222222,0.16,0
686475,CU,Curveball,Breaking,29,0.25,0.75,0.375,0.2875977777777778,68.22,0.41379310344827586,10,0.375,0.4444444444444444,0.0,0.1,0.2,0.13793103448275862,0
686527,FF,4-Seam FB,Fastball,497,0.18503937007874016,0.8149606299212598,0.6212121212121212,0.45195108571428566,87.45567010309279,0.5432595573440644,144,0.32575757575757575,0.3776223776223776,0.29545454545454547,0.06944444444444445,0.1736111111111111,0.09456740442655935,10
686527,CH,Changeup,Offspeed,312,0.27848101265822783,0.7215189873417722,0.35802469135802467,0.2924356321839081,80.60471698113209,0.38461538461538464,88,0.19753086419753085,0.23863636363636365,0.16049382716049382,0.056818181818181816,0.17045454545454544,0.14102564102564102,3
686527,SI,Sinker,Fastball,299,0.15625,0.84375,0.39436619718309857,0.36452192771084335,86.34432989690723,0.5451505016722408,85,0.28169014084507044,0.4,0.11267605633802813,0.16470588235294117,0.16470588235294117,0.06688963210702341,1
686527,SL,Slider,Breaking,293,0.36875,0.63125,0.4722222222222222,0.32298,82.23894736842105,0.45051194539249145,81,0.25,0.3333333333333333,0.2222222222222222,0.1111111111111111,0.2839506172839506,0.20136518771331058,4
686527,CU,Curveball,Breaking,170,0.3448275862068966,0.6551724137931034,0.6,0.2913358787878788,84.15,0.3411764705882353,34,0.26666666666666666,0.3235294117647059,0.3333333333333333,0.029411764705882353,0.3235294117647059,0.11764705882352941,3
686527,FC,Cutter,Fastball,164,0.19718309859154928,0.8028169014084507,0.6111111111111112,0.418792380952381,82.6,0.5,42,0.2777777777777778,0.38095238095238093,0.33333333333333337,0.14285714285714285,0.07142857142857142,0.08536585365853659,2
686527,ST,Sweeper,Breaking,129,0.3,0.7,0.2692307692307692,0.20577407999999997,80.58437500000001,0.43410852713178294,27,0.23076923076923078,0.25925925925925924,0.038461538461538436,0.0,0.2962962962962963,0.11627906976744186,0
686527,FS,Splitter,Offspeed,100,0.40350877192982454,0.5964912280701755,0.5,0.38156386206896553,84.334375,0.43,29,0.21428571428571427,0.2413793103448276,0.2857142857142857,0.0,0.2413793103448276,0.23,1
686527,KC,Knuckle-Curve,Breaking,45,0.42105263157894735,0.5789473684210527,0.7142857142857143,0.0912,79.4909090909091,0.35555555555555557,7,0.2857142857142857,0.2857142857142857,0.4285714285714286,0.0,0.5714285714285714,0.17777777777777778,0
686555,FF,4-Seam FB,Fastball,835,0.17679558011049723,0.8232044198895028,0.3016759776536313,0.32663292307692304,81.50716845878136,0.5461077844311377,226,0.2122905027932961,0.35714285714285715,0.08938547486033521,0.17256637168141592,0.18584070796460178,0.07664670658682635,1
686555,SI,Sinker,Fastball,278,0.06481481481481481,0.9351851851851852,0.453125,0.32549041095890413,81.62197802197802,0.6007194244604317,77,0.296875,0.4,0.15625,0.14285714285714285,0.1038961038961039,0.025179856115107913,1
686555,CH,Changeup,Offspeed,268,0.36036036036036034,0.6396396396396397,0.24285714285714285,0.20902478873239436,82.87536231884057,0.3619402985074627,73,0.17142857142857143,0.19444444444444445,0.07142857142857142,0.0273972602739726,0.3150684931506849,0.14925373134328357,0
686555,FC,Cutter,Fastball,193,0.15584415584415584,0.8441558441558441,0.29411764705882354,0.2869761111111111,82.59482758620689,0.44041450777202074,37,0.17647058823529413,0.24324324324324326,0.11764705882352941,0.08108108108108109,0.1891891891891892,0.06217616580310881,1
686555,CU,Curveball,Breaking,159,0.27906976744186046,0.7209302325581395,0.045454545454545456,0.2484225,79.35357142857143,0.42138364779874216,25,0.045454545454545456,0.16,0.0,0.12,0.32,0.07547169811320754,0
686555,SL,Slider,Breaking,123,0.3137254901960784,0.6862745098039216,0.45454545454545453,0.2604426285714286,82.13333333333334,0.43902439024390244,37,0.21212121212121213,0.2972972972972973,0.2424242424242424,0.08108108108108109,0.35135135135135137,0.13008130081300814,2
686555,ST,Sweeper,Breaking,110,0.2608695652173913,0.7391304347826086,0.3684210526315789,0.2885492727272727,79.0258064516129,0.5181818181818182,22,0.21052631578947367,0.3181818181818182,0.15789473684210525,0.045454545454545456,0.4090909090909091,0.10909090909090909,1
686555,FS,Splitter,Offspeed,78,0.5,0.5,0.19047619047619047,0.21890139130434783,87.75,0.4358974358974359,23,0.19047619047619047,0.2608695652173913,0.0,0.043478260869565216,0.391304347826087,0.19230769230769232,0
686555,KC,Knuckle-Curve,Breaking,36,0.5,0.5,0.8,0.23106333333333332,98.96666666666665,0.4444444444444444,6,0.4,0.5,0.4,0.16666666666666666,0.5,0.1388888888888889,0
686611,FF,4-Seam FB,Fastball,447,0.23529411764705882,0.7647058823529411,0.4716981132075472,0.3572352459016393,84.42349726775956,0.5100671140939598,122,0.25471698113207547,0.3442622950819672,0.2169811320754717,0.12295081967213115,0.22131147540983606,0.1342281879194631,5
686611,SI,Sinker,Fastball,366,0.12299465240641712,0.8770053475935828,0.32727272727272727,0.3383075130434782,84.44144736842105,0.546448087431694,119,0.23636363636363636,0.29411764705882354,0.09090909090909091,0.058823529411764705,0.12605042016806722,0.06284153005464481,2
686611,SL,Slider,Breaking,241,0.5284552845528455,0.4715447154471545,0.48,0.310355137254902,82.79629629629629,0.4605809128630705,53,0.22,0.2641509433962264,0.26,0.03773584905660377,0.37735849056603776,0.2697095435684647,3
686611,ST,Sweeper,Breaking,168,0.38666666666666666,0.6133333333333333,0.20588235294117646,0.33063942857142853,84.70238095238095,0.4523809523809524,35,0.14705882352941177,0.17142857142857143,0.05882352941176469,0.02857142857142857,0.2857142857142857,0.17261904761904762,0
686611,CH,Changeup,Offspeed,152,0.47435897435897434,0.5256410256410257,0.18421052631578946,0.2026388888888889,76.72777777777779,0.3815789473684211,39,0.15789473684210525,0.1794871794871795,0.02631578947368421,0.02564102564102564,0.46153846153846156,0.24342105263157895,0
686611,FC,Cutter,Fastball,134,0.25333333333333335,0.7466666666666666,0.3611111111111111,0.29797248780487806,82.32745098039216,0.4925373134328358,41,0.19444444444444445,0.2926829268292683,0.16666666666666666,0.0975609756097561,0.12195121951219512,0.1417910447761194,2
686611,CU,Curveball,Breaking,63,0.37037037037037035,0.6296296296296297,0.3333333333333333,0.195044,86.69333333333333,0.2698412698412698,17,0.26666666666666666,0.35294117647058826,0.06666666666666665,0.0,0.29411764705882354,0.15873015873015872,0
686611,FS,Splitter,Offspeed,44,0.46153846153846156,0.5384615384615384,0.38461538461538464,0.266104,78.17142857142858,0.3181818181818182,14,0.15384615384615385,0.21428571428571427,0.23076923076923078,0.0,0.5,0.2727272727272727,1
686668,FF,4-Seam FB,Fastball,290,0.2112676056338028,0.7887323943661972,0.29310344827586204,0.25281733333333334,82.20588235294117,0.5241379310344828,68,0.22413793103448276,0.3283582089552239,0.06896551724137928,0.1323529411764706,0.2647058823529412,0.10344827586206896,0
686668,SL,Slider,Breaking,146,0.4125,0.5875,0.21951219512195122,0.19870205128205126,79.46,0.5,42,0.1951219512195122,0.21428571428571427,0.02439024390243902,0.023809523809523808,0.42857142857142855,0.22602739726027396,0
686668,SI,Sinker,Fastball,102,0.1864406779661017,0.8135593220338984,0.45161290322580644,0.33117,83.97272727272727,0.6568627450980392,34,0.22580645161290322,0.29411764705882354,0.22580645161290322,0.08823529411764706,0.08823529411764706,0.10784313725490197,2
686668,CH,Changeup,Offspeed,98,0.4576271186440678,0.5423728813559322,0.53125,0.23381870967741936,80.14827586206897,0.3469387755102041,33,0.28125,0.30303030303030304,0.25,0.030303030303030304,0.3939393939393939,0.2755102040816326,2
686668,ST,Sweeper,Breaking,73,0.375,0.625,0.19047619047619047,0.13441176470588237,81.44090909090909,0.4520547945205479,21,0.19047619047619047,0.19047619047619047,0.0,0.0,0.3333333333333333,0.2054794520547945,0
686668,FC,Cutter,Fastball,64,0.2564102564102564,0.7435897435897436,0.391304347826087,0.33068181818181813,81.07142857142857,0.5625,23,0.34782608695652173,0.34782608695652173,0.043478260869565244,0.0,0.2608695652173913,0.15625,0
686668,CU,Curveball,Breaking,38,0.3125,0.6875,0.42857142857142855,0.0854,86.95714285714284,0.3684210526315789,7,0.2857142857142857,0.2857142857142857,0.14285714285714285,0.0,0.5714285714285714,0.13157894736842105,0
686681,FF,4-Seam FB,Fastball,614,0.16216216216216217,0.8378378378378378,0.37267080745341613,0.2823025142857143,83.61832061068702,0.5472312703583062,177,0.2236024844720497,0.28,0.14906832298136644,0.07344632768361582,0.1807909604519774,0.08794788273615635,5
686681,SI,Sinker,Fastball,204,0.0784313725490196,0.9215686274509804,0.40350877192982454,0.3289626666666666,81.7329411764706,0.5735294117647058,60,0.3333333333333333,0.35,0.07017543859649122,0.03333333333333333,0.06666666666666667,0.0392156862745098,0
686681,CH,Changeup,Offspeed,192,0.2231404958677686,0.7768595041322314,0.328125,0.27703076923076925,83.12209302325581,0.3229166666666667,65,0.265625,0.26153846153846155,0.0625,0.0,0.16923076923076924,0.140625,1
686681,SL,Slider,Breaking,153,0.24390243902439024,0.7560975609756098,0.696969696969697,0.3702711111111111,82.94363636363636,0.5098039215686274,36,0.3333333333333333,0.3611111111111111,0.3636363636363637,0.05555555555555555,0.16666666666666666,0.13071895424836602,3
686681,FC,Cutter,Fastball,144,0.15789473684210525,0.8421052631578947,0.7272727272727273,0.44187885714285713,84.11333333333333,0.4861111111111111,36,0.36363636363636365,0.4,0.36363636363636365,0.05555555555555555,0.1111111111111111,0.08333333333333333,3
686681,ST,Sweeper,Breaking,143,0.3880597014925373,0.6119402985074627,0.1875,0.24440470588235297,83.96,0.43356643356643354,34,0.1875,0.23529411764705882,0.0,0.058823529411764705,0.35294117647058826,0.18181818181818182,0
686681,CU,Curveball,Breaking,92,0.2564102564102564,0.7435897435897436,1.0714285714285714,0.40221428571428575,85.91153846153846,0.3804347826086957,14,0.5,0.5,0.5714285714285714,0.0,0.21428571428571427,0.10869565217391304,1
686681,FS,Splitter,Offspeed,63,0.24324324324324326,0.7567567567567568,0.15789473684210525,0.22910526315789473,84.62083333333334,0.3968253968253968,19,0.10526315789473684,0.10526315789473684,0.05263157894736842,0.0,0.10526315789473684,0.14285714285714285,0
686681,KC,Knuckle-Curve,Breaking,33,0.2631578947368421,0.736842105263158,0.5555555555555556,0.32380000000000003,87.41538461538461,0.3939393939393939,10,0.4444444444444444,0.4,0.11111111111111116,0.0,0.1,0.15151515151515152,0
686765,FF,4-Seam FB,Fastball,332,0.14375,0.85625,0.575,0.3301935555555556,82.91068702290076,0.5753012048192772,94,0.3375,0.4065934065934066,0.23749999999999993,0.10638297872340426,0.13829787234042554,0.06927710843373494,3
686765,SI,Sinker,Fastball,174,0.18,0.8200000000000001,0.20588235294117646,0.3405991304347826,79.6951219512195,0.4942528735632184,48,0.11764705882352941,0.34782608695652173,0.08823529411764705,0.25,0.1875,0.05172413793103448,1
686765,CH,Changeup,Offspeed,172,0.28169014084507044,0.7183098591549295,0.39473684210526316,0.30031743589743587,74.28163265306122,0.36046511627906974,41,0.34210526315789475,0.358974358974359,0.05263157894736842,0.024390243902439025,0.21951219512195122,0.11627906976744186,0
686765,SL,Slider,Breaking,133,0.3333333333333333,0.6666666666666667,0.25,0.20072533333333334,79.78571428571429,0.45864661654135336,32,0.10714285714285714,0.16129032258064516,0.14285714285714285,0.0625,0.375,0.14285714285714285,1
686765,CU,Curveball,Breaking,101,0.19230769230769232,0.8076923076923077,0.3157894736842105,0.28303799999999996,84.41999999999999,0.37623762376237624,21,0.21052631578947367,0.2857142857142857,0.10526315789473684,0.09523809523809523,0.23809523809523808,0.04950495049504951,0
686765,FC,Cutter,Fastball,88,0.16216216216216217,0.8378378378378378,0.4,0.36511000000000005,82.56071428571428,0.48863636363636365,17,0.3333333333333333,0.4117647058823529,0.06666666666666671,0.11764705882352941,0.17647058823529413,0.06818181818181818,0
686765,FS,Splitter,Offspeed,58,0.28,0.72,0.1,0.29903454545454544,80.67647058823529,0.3103448275862069,11,0.1,0.18181818181818182,0.0,0.09090909090909091,0.18181818181818182,0.1206896551724138,0
686765,ST,Sweeper,Breaking,57,0.125,0.875,0.2727272727272727,0.332364,82.515,0.5614035087719298,13,0.2727272727272727,0.38461538461538464,0.0,0.07692307692307693,0.23076923076923078,0.05263157894736842,0
686780,FF,4-Seam FB,Fastball,279,0.19402985074626866,0.8059701492537313,0.28,0.3083444210526316,81.18541666666668,0.5089605734767025,61,0.16,0.25862068965517243,0.12000000000000002,0.09836065573770492,0.26229508196721313,0.0931899641577061,2
686780,SI,Sinker,Fastball,148,0.16883116883116883,0.8311688311688312,0.5625,0.397672,80.53809523809524,0.581081081081081,39,0.4375,0.4864864864864865,0.125,0.10256410256410256,0.10256410256410256,0.08783783783783784,1
686780,CH,Changeup,Offspeed,123,0.4918032786885246,0.5081967213114754,0.21875,0.17537933333333333,82.21666666666667,0.3333333333333333,33,0.15625,0.18181818181818182,0.0625,0.030303030303030304,0.3939393939393939,0.24390243902439024,0
686780,SL,Slider,Breaking,111,0.3220338983050847,0.6779661016949152,0.3888888888888889,0.23191428571428574,83.42749999999998,0.5315315315315315,36,0.25,0.25,0.1388888888888889,0.0,0.3055555555555556,0.17117117117117117,1
686780,ST,Sweeper,Breaking,84,0.32608695652173914,0.6739130434782609,0.2857142857142857,0.22996555555555556,77.38571428571429,0.4642857142857143,22,0.23809523809523808,0.2727272727272727,0.047619047619047616,0.045454545454545456,0.2727272727272727,0.17857142857142858,0
686780,CU,Curveball,Breaking,69,0.23333333333333334,0.7666666666666666,0.08333333333333333,0.18625784615384613,79.23181818181818,0.391304347826087,13,0.08333333333333333,0.15384615384615385,0.0,0.0,0.3076923076923077,0.10144927536231885,0
686780,FC,Cutter,Fastball,62,0.25925925925925924,0.7407407407407407,0.0,0.2101,82.89411764705882,0.4838709677419355,11,0.0,0.0,0.0,0.0,0.09090909090909091,0.11290322580645161,0
686797,FF,4-Seam FB,Fastball,652,0.16944444444444445,0.8305555555555555,0.5375,0.29875117647058824,83.24420289855071,0.5107361963190185,180,0.275,0.33707865168539325,0.26249999999999996,0.08888888888888889,0.20555555555555555,0.09355828220858896,11
686797,CH,Changeup,Offspeed,489,0.26744186046511625,0.7325581395348837,0.256198347107438,0.21127529411764706,80.7578034682081,0.3619631901840491,123,0.21487603305785125,0.22764227642276422,0.04132231404958675,0.016260162601626018,0.13821138211382114,0.1411042944785276,1
686797,SI,Sinker,Fastball,318,0.11180124223602485,0.8881987577639752,0.3111111111111111,0.3325261855670103,86.44255319148937,0.5849056603773585,99,0.2111111111111111,0.2755102040816326,0.1,0.08080808080808081,0.06060606060606061,0.05660377358490566,2
686797,SL,Slider,Breaking,287,0.27710843373493976,0.7228915662650602,0.5844155844155844,0.27081923076923076,84.52702702702703,0.4564459930313589,82,0.2987012987012987,0.34146341463414637,0.2857142857142857,0.06097560975609756,0.18292682926829268,0.1602787456445993,6
686797,CU,Curveball,Breaking,243,0.2857142857142857,0.7142857142857143,0.3125,0.18116108333333333,81.92297297297296,0.4732510288065844,50,0.1875,0.22,0.125,0.02,0.34,0.13168724279835392,1
686797,ST,Sweeper,Breaking,162,0.22077922077922077,0.7792207792207793,0.1875,0.28136464864864863,81.61607142857143,0.47530864197530864,38,0.1875,0.2894736842105263,0.0,0.07894736842105263,0.18421052631578946,0.10493827160493827,0
686797,FC,Cutter,Fastball,160,0.12371134020618557,0.8762886597938144,0.85,0.3919783414634146,86.11428571428571,0.60625,43,0.4,0.4418604651162791,0.44999999999999996,0.046511627906976744,0.09302325581395349,0.075,4
686797,FS,Splitter,Offspeed,91,0.18,0.8200000000000001,0.4090909090909091,0.24122727272727273,78.58974358974359,0.34065934065934067,22,0.3181818181818182,0.3181818181818182,0.09090909090909094,0.0,0.045454545454545456,0.0989010989010989,0
686797,KC,Knuckle-Curve,Breaking,47,0.23076923076923078,0.7692307692307692,0.6666666666666666,0.27744444444444444,84.72631578947369,0.3617021276595745,9,0.4444444444444444,0.4444444444444444,0.2222222222222222,0.0,0.1111111111111111,0.1276595744680851,0
686823,FF,4-Seam FB,Fastball,51,0.0625,0.9375,0.0,0.12666666666666668,78.79615384615384,0.47058823529411764,11,0.0,0.0,0.0,0.0,0.09090909090909091,0.0392156862745098,0
686894,FF,4-Seam FB,Fastball,110,0.3333333333333333,0.6666666666666667,0.7619047619047619,0.2935056,84.54827586206895,0.4818181818181818,25,0.3333333333333333,0.44,0.42857142857142855,0.12,0.32,0.14545454545454545,1
686894,SI,Sinker,Fastball,79,0.0625,0.9375,0.6470588235294118,0.26745066666666667,83.63600000000001,0.5443037974683544,20,0.4117647058823529,0.47368421052631576,0.23529411764705888,0.1,0.05,0.02531645569620253,1
686894,SL,Slider,Breaking,54,0.2916666666666667,0.7083333333333333,0.0,0.279352,81.16153846153847,0.4444444444444444,7,0.0,0.2857142857142857,0.0,0.2857142857142857,0.42857142857142855,0.12962962962962962,0
686894,CH,Changeup,Offspeed,41,0.3333333333333333,0.6666666666666667,0.75,0.47369714285714287,80.5909090909091,0.36585365853658536,14,0.4166666666666667,0.5,0.3333333333333333,0.14285714285714285,0.2857142857142857,0.14634146341463414,1
686894,ST,Sweeper,Breaking,39,0.4666666666666667,0.5333333333333333,0.1,0.2583066666666667,76.4,0.358974358974359,13,0.1,0.25,0.0,0.15384615384615385,0.46153846153846156,0.1794871794871795,0
686894,FC,Cutter,Fastball,30,0.36363636363636365,0.6363636363636364,1.25,0.6802933333333333,74.65714285714286,0.43333333333333335,7,0.5,0.7142857142857143,0.75,0.42857142857142855,0.14285714285714285,0.13333333333333333,1
686894,CU,Curveball,Breaking,27,0.46153846153846156,0.5384615384615384,0.2222222222222222,0.04842857142857143,84.03333333333335,0.48148148148148145,9,0.1111111111111111,0.1111111111111111,0.1111111111111111,0.0,0.5555555555555556,0.2222222222222222,0
686948,FF,4-Seam FB,Fastball,710,0.2011173184357542,0.7988826815642458,0.5642857142857143,0.42247922666666665,85.63520599250936,0.5183098591549296,157,0.3357142857142857,0.4012738853503185,0.2285714285714286,0.08917197452229299,0.18471337579617833,0.10140845070422536,8
686948,SI,Sinker,Fastball,435,0.12077294685990338,0.8792270531400966,0.53,0.44589734453781515,85.78720930232558,0.5655172413793104,119,0.32,0.42016806722689076,0.21000000000000002,0.13445378151260504,0.06722689075630252,0.05747126436781609,6
686948,SL,Slider,Breaking,321,0.3672316384180791,0.6327683615819208,0.4444444444444444,0.2584122857142857,83.42924528301887,0.4205607476635514,88,0.2345679012345679,0.29545454545454547,0.20987654320987653,0.06818181818181818,0.3522727272727273,0.20249221183800623,4
686948,CH,Changeup,Offspeed,257,0.256,0.744,0.3484848484848485,0.3350094210526316,83.43780487804878,0.31906614785992216,76,0.25757575757575757,0.35526315789473684,0.09090909090909094,0.09210526315789473,0.23684210526315788,0.1245136186770428,1
686948,FC,Cutter,Fastball,227,0.25892857142857145,0.7410714285714286,0.42,0.3458057692307692,84.68354430379746,0.4581497797356828,55,0.3,0.36363636363636365,0.12,0.09090909090909091,0.18181818181818182,0.1277533039647577,1
686948,ST,Sweeper,Breaking,194,0.27722772277227725,0.7227722772277227,0.4222222222222222,0.3713808695652174,81.34117647058825,0.4381443298969072,49,0.26666666666666666,0.32653061224489793,0.15555555555555556,0.08163265306122448,0.2653061224489796,0.14432989690721648,2
686948,CU,Curveball,Breaking,138,0.31343283582089554,0.6865671641791045,0.4473684210526316,0.38742780000000004,87.3875,0.47101449275362317,41,0.23684210526315788,0.2926829268292683,0.2105263157894737,0.04878048780487805,0.3170731707317073,0.15217391304347827,2
686948,FS,Splitter,Offspeed,102,0.2463768115942029,0.7536231884057971,0.5172413793103449,0.3625135714285714,78.04583333333335,0.35294117647058826,30,0.3103448275862069,0.3333333333333333,0.20689655172413796,0.03333333333333333,0.16666666666666666,0.16666666666666666,2
686948,KC,Knuckle-Curve,Breaking,47,0.52,0.48,0.16666666666666666,0.14333692307692308,71.58333333333333,0.23404255319148937,13,0.16666666666666666,0.23076923076923078,0.0,0.07692307692307693,0.6153846153846154,0.2765957446808511,0
687093,FF,4-Seam FB,Fastball,517,0.18220338983050846,0.8177966101694916,0.48,0.35857743589743585,83.37637362637362,0.5609284332688588,117,0.26,0.3504273504273504,0.21999999999999997,0.08547008547008547,0.2222222222222222,0.08317214700193423,5
687093,SI,Sinker,Fastball,363,0.1404494382022472,0.8595505617977528,0.2625,0.3203175483870968,81.41830985915495,0.5674931129476584,94,0.225,0.3225806451612903,0.037500000000000006,0.11702127659574468,0.0851063829787234,0.06887052341597796,0
687093,SL,Slider,Breaking,236,0.3559322033898305,0.6440677966101696,0.36065573770491804,0.2506589696969697,83.35211267605634,0.4194915254237288,66,0.2459016393442623,0.2878787878787879,0.11475409836065575,0.045454545454545456,0.2878787878787879,0.17796610169491525,1
687093,CH,Changeup,Offspeed,176,0.23958333333333334,0.7604166666666666,0.24,0.27091846153846155,76.87857142857143,0.4090909090909091,53,0.2,0.23076923076923078,0.03999999999999998,0.03773584905660377,0.1509433962264151,0.13068181818181818,0
687093,ST,Sweeper,Breaking,160,0.26136363636363635,0.7386363636363636,0.45652173913043476,0.26951525,79.39491525423729,0.43125,48,0.1956521739130435,0.22916666666666666,0.26086956521739124,0.020833333333333332,0.20833333333333334,0.14375,3
687093,CU,Curveball,Breaking,140,0.23943661971830985,0.7605633802816901,0.42105263157894735,0.2642183,80.92549019607843,0.4142857142857143,40,0.2631578947368421,0.3,0.15789473684210525,0.025,0.2,0.12142857142857143,1
687093,FC,Cutter,Fastball,130,0.16666666666666666,0.8333333333333334,0.8260869565217391,0.4780397142857143,84.72666666666667,0.5846153846153846,28,0.43478260869565216,0.4642857142857143,0.391304347826087,0.07142857142857142,0.03571428571428571,0.06923076923076923,3
687093,FS,Splitter,Offspeed,45,0.4090909090909091,0.5909090909090908,0.1,0.29469876923076926,77.9090909090909,0.3111111111111111,13,0.1,0.3076923076923077,0.0,0.07692307692307693,0.3076923076923077,0.2,0
687221,FF,4-Seam FB,Fastball,351,0.3485714285714286,0.6514285714285715,0.4625,0.31886472289156625,84.86504854368933,0.5156695156695157,94,0.25,0.35106382978723405,0.21250000000000002,0.1276595744680851,0.3723404255319149,0.1737891737891738,4
687221,CH,Changeup,Offspeed,156,0.36585365853658536,0.6341463414634146,0.34210526315789475,0.2926951794871795,79.68958333333335,0.3333333333333333,41,0.23684210526315788,0.2926829268292683,0.10526315789473686,0.04878048780487805,0.21951219512195122,0.19230769230769232,1
687221,SI,Sinker,Fastball,116,0.08571428571428572,0.9142857142857143,0.5294117647058824,0.39458509090909094,81.13333333333334,0.5689655172413793,23,0.35294117647058826,0.5217391304347826,0.1764705882352941,0.21739130434782608,0.2608695652173913,0.02586206896551724,0
687221,SL,Slider,Breaking,111,0.3114754098360656,0.6885245901639344,0.71875,0.3852903225806451,88.965,0.4774774774774775,33,0.3125,0.3333333333333333,0.40625,0.030303030303030304,0.24242424242424243,0.17117117117117117,4
687221,FC,Cutter,Fastball,104,0.24561403508771928,0.7543859649122807,0.2608695652173913,0.38140448,84.01219512195124,0.5192307692307693,27,0.13043478260869565,0.25925925925925924,0.13043478260869565,0.1111111111111111,0.1111111111111111,0.1346153846153846,1
687221,ST,Sweeper,Breaking,74,0.48484848484848486,0.5151515151515151,0.5,0.24075000000000002,80.10833333333333,0.36486486486486486,12,0.16666666666666666,0.16666666666666666,0.33333333333333337,0.0,0.5,0.21621621621621623,1
687221,CU,Curveball,Breaking,59,0.44,0.56,0.7857142857142857,0.47375010526315786,84.7923076923077,0.3559322033898305,20,0.2857142857142857,0.5,0.5,0.25,0.3,0.1864406779661017,2
687221,FS,Splitter,Offspeed,35,0.4,0.6,0.2222222222222222,0.22200000000000003,87.64444444444445,0.4857142857142857,9,0.2222222222222222,0.2222222222222222,0.0,0.0,0.3333333333333333,0.17142857142857143,0
687231,FF,4-Seam FB,Fastball,232,0.2644628099173554,0.7355371900826446,0.3023255813953488,0.2681109803921569,78.36746987951807,0.4525862068965517,53,0.2558139534883721,0.35294117647058826,0.046511627906976716,0.1320754716981132,0.24528301886792453,0.13793103448275862,0
687231,SI,Sinker,Fastball,109,0.0625,0.9375,0.2903225806451613,0.3118745806451613,82.84761904761906,0.5504587155963303,34,0.2903225806451613,0.35294117647058826,0.0,0.058823529411764705,0.0,0.027522935779816515,0
687231,SL,Slider,Breaking,103,0.29411764705882354,0.7058823529411764,0.24,0.2773233333333333,79.19655172413795,0.4368932038834951,27,0.2,0.25925925925925924,0.03999999999999998,0.07407407407407407,0.2962962962962963,0.14563106796116504,0
687231,CH,Changeup,Offspeed,81,0.3584905660377358,0.6415094339622642,0.15384615384615385,0.2087688888888889,72.96176470588236,0.345679012345679,28,0.11538461538461539,0.17857142857142858,0.038461538461538464,0.07142857142857142,0.25,0.2345679012345679,0
687231,ST,Sweeper,Breaking,60,0.38461538461538464,0.6153846153846154,0.6666666666666666,0.3018309090909091,73.76874999999998,0.35,12,0.3333333333333333,0.5,0.3333333333333333,0.25,0.25,0.16666666666666666,1
687231,FC,Cutter,Fastball,34,0.05555555555555555,0.9444444444444444,0.2857142857142857,0.071,75.15625,0.5588235294117647,7,0.2857142857142857,0.2857142857142857,0.0,0.0,0.0,0.029411764705882353,0
687231,CU,Curveball,Breaking,32,0.25,0.75,0.5,0.101,74.76249999999999,0.46875,2,0.5,0.5,0.0,0.0,0.5,0.09375,0
687263,FF,4-Seam FB,Fastball,689,0.21428571428571427,0.7857142857142857,0.5568862275449101,0.36341342076502736,86.30373134328359,0.49637155297532654,194,0.2634730538922156,0.36082474226804123,0.29341317365269454,0.10824742268041238,0.23195876288659795,0.11320754716981132,11
687263,SL,Slider,Breaking,474,0.39923954372623577,0.6007604562737643,0.3711340206185567,0.2689190566037736,79.21724137931035,0.34810126582278483,106,0.2268041237113402,0.29245283018867924,0.1443298969072165,0.08490566037735849,0.37735849056603776,0.22151898734177214,2
687263,SI,Sinker,Fastball,443,0.20476190476190476,0.7952380952380953,0.5684210526315789,0.4255151785714286,85.76794871794871,0.6072234762979684,113,0.35789473684210527,0.46017699115044247,0.21052631578947367,0.11504424778761062,0.17699115044247787,0.09706546275395034,5
687263,CH,Changeup,Offspeed,346,0.42857142857142855,0.5714285714285714,0.2948717948717949,0.2577818181818181,80.15473684210527,0.33815028901734107,88,0.19230769230769232,0.2840909090909091,0.10256410256410256,0.11363636363636363,0.36363636363636365,0.21676300578034682,1
687263,ST,Sweeper,Breaking,308,0.4557823129251701,0.5442176870748299,0.4852941176470588,0.24579797260273975,80.18933333333334,0.32142857142857145,74,0.22058823529411764,0.28378378378378377,0.2647058823529412,0.06756756756756757,0.35135135135135137,0.21753246753246752,5
687263,CU,Curveball,Breaking,219,0.5777777777777777,0.4222222222222223,0.14583333333333334,0.17189353846153846,80.05277777777776,0.3470319634703196,52,0.08333333333333333,0.15384615384615385,0.06250000000000001,0.038461538461538464,0.6346153846153846,0.2374429223744292,0
687263,FC,Cutter,Fastball,206,0.19811320754716982,0.8018867924528301,0.5609756097560976,0.4405159999999999,83.33333333333333,0.46601941747572817,47,0.2926829268292683,0.3829787234042553,0.26829268292682934,0.10638297872340426,0.10638297872340426,0.10194174757281553,3
687263,FS,Splitter,Offspeed,106,0.4716981132075472,0.5283018867924528,0.0,0.22610713043478262,87.73478260869565,0.32075471698113206,24,0.0,0.16666666666666666,0.0,0.08333333333333333,0.4583333333333333,0.2358490566037736,0
687263,KC,Knuckle-Curve,Breaking,46,0.5263157894736842,0.4736842105263158,0.0,0.15705428571428567,73.42,0.2391304347826087,9,0.0,0.1111111111111111,0.0,0.1111111111111111,0.5555555555555556,0.21739130434782608,0
687282,FF,4-Seam FB,Fastball,124,0.25675675675675674,0.7432432432432432,0.15384615384615385,0.19469481481481482,84.44200000000001,0.5645161290322581,28,0.11538461538461539,0.17857142857142858,0.038461538461538464,0.07142857142857142,0.39285714285714285,0.1532258064516129,0
687282,CH,Changeup,Offspeed,45,0.27586206896551724,0.7241379310344828,0.4375,0.2668666666666667,84.24117647058823,0.4222222222222222,16,0.25,0.25,0.1875,0.0,0.1875,0.17777777777777778,0
687282,SI,Sinker,Fastball,37,0.0,1.0,0.3333333333333333,0.24192800000000003,81.26153846153846,0.5405405405405406,10,0.3333333333333333,0.4,0.0,0.0,0.2,0.0,0
687282,CU,Curveball,Breaking,36,0.4117647058823529,0.5882352941176471,0.0,0.025000000000000005,85.14,0.3888888888888889,9,0.0,0.0,0.0,0.0,0.5555555555555556,0.19444444444444445,0
687282,SL,Slider,Breaking,35,0.3333333333333333,0.6666666666666667,0.3333333333333333,0.20566666666666666,82.66923076923078,0.4857142857142857,6,0.3333333333333333,0.3333333333333333,0.0,0.0,0.16666666666666666,0.2,0
687282,ST,Sweeper,Breaking,27,0.4444444444444444,0.5555555555555556,0.6666666666666666,0.3516666666666666,85.88000000000001,0.5185185185185185,6,0.16666666666666666,0.16666666666666666,0.5,0.0,0.0,0.2962962962962963,1
687363,FF,4-Seam FB,Fastball,257,0.21138211382113822,0.7886178861788617,0.20833333333333334,0.2639806274509804,78.24606741573034,0.5875486381322957,59,0.16666666666666666,0.2807017543859649,0.041666666666666685,0.11864406779661017,0.22033898305084745,0.10116731517509728,0
687363,SI,Sinker,Fastball,130,0.14035087719298245,0.8596491228070176,0.2857142857142857,0.3099873684210526,79.70487804878047,0.5692307692307692,39,0.2857142857142857,0.358974358974359,0.0,0.10256410256410256,0.1794871794871795,0.06153846153846154,0
687363,SL,Slider,Breaking,90,0.24,0.76,0.2916666666666667,0.2854483333333333,73.23939393939393,0.5666666666666667,30,0.125,0.25,0.16666666666666669,0.1,0.13333333333333333,0.13333333333333333,1
687363,CH,Changeup,Offspeed,73,0.4666666666666667,0.5333333333333333,0.25,0.19983625,81.0625,0.3287671232876712,21,0.2,0.23809523809523808,0.04999999999999999,0.047619047619047616,0.3333333333333333,0.1917808219178082,0
687363,ST,Sweeper,Breaking,64,0.45714285714285713,0.5428571428571429,0.1111111111111111,0.13772222222222222,73.21764705882353,0.453125,20,0.1111111111111111,0.10526315789473684,0.0,0.0,0.5,0.25,0
687363,FC,Cutter,Fastball,51,0.2222222222222222,0.7777777777777778,0.4,0.31164875000000003,77.36842105263158,0.6274509803921569,18,0.3333333333333333,0.375,0.06666666666666671,0.05555555555555555,0.16666666666666666,0.11764705882352941,0
687363,CU,Curveball,Breaking,48,0.2631578947368421,0.736842105263158,0.38461538461538464,0.34702707692307694,78.03076923076922,0.5,15,0.15384615384615385,0.21428571428571427,0.23076923076923078,0.0,0.26666666666666666,0.10416666666666667,1
687363,FS,Splitter,Offspeed,25,0.14285714285714285,0.8571428571428572,0.0,0.295595,51.083333333333336,0.4,6,0.0,0.25,0.0,0.16666666666666666,0.16666666666666666,0.04,0
687401,FF,4-Seam FB,Fastball,532,0.1947565543071161,0.8052434456928839,0.38461538461538464,0.3154125757575758,83.97941176470587,0.5338345864661654,140,0.28205128205128205,0.37681159420289856,0.10256410256410259,0.1357142857142857,0.22142857142857142,0.09774436090225563,2
687401,SI,Sinker,Fastball,325,0.07352941176470588,0.9264705882352942,0.4625,0.37737977777777776,84.9948275862069,0.5969230769230769,96,0.35,0.42105263157894735,0.11250000000000004,0.11458333333333333,0.09375,0.03076923076923077,0
687401,SL,Slider,Breaking,250,0.23529411764705882,0.7647058823529411,0.32786885245901637,0.2037013559322034,82.86027397260273,0.416,63,0.22950819672131148,0.25396825396825395,0.09836065573770489,0.031746031746031744,0.23809523809523808,0.096,1
687401,ST,Sweeper,Breaking,171,0.23943661971830985,0.7605633802816901,0.46153846153846156,0.280544,81.70377358490565,0.4619883040935672,41,0.2564102564102564,0.2926829268292683,0.20512820512820518,0.04878048780487805,0.1951219512195122,0.09941520467836257,2
687401,CH,Changeup,Offspeed,128,0.2413793103448276,0.7586206896551724,0.3333333333333333,0.2395676923076923,76.45384615384614,0.3203125,30,0.2222222222222222,0.27586206896551724,0.1111111111111111,0.06666666666666667,0.23333333333333334,0.109375,1
687401,FC,Cutter,Fastball,116,0.12244897959183673,0.8775510204081632,0.32,0.34554666666666667,81.52142857142857,0.46551724137931033,28,0.2,0.25925925925925924,0.12,0.07142857142857142,0.03571428571428571,0.05172413793103448,1
687401,CU,Curveball,Breaking,79,0.4074074074074074,0.5925925925925926,0.5625,0.2635625,88.00625000000001,0.45569620253164556,16,0.3125,0.3125,0.25,0.0,0.3125,0.13924050632911392,1
687401,FS,Splitter,Offspeed,38,0.5238095238095238,0.47619047619047616,0.0,0.06454545454545453,78.78888888888889,0.34210526315789475,11,0.0,0.0,0.0,0.0,0.45454545454545453,0.2894736842105263,0
687462,FF,4-Seam FB,Fastball,636,0.12727272727272726,0.8727272727272728,0.3695652173913043,0.34915712883435585,81.94017094017094,0.5031446540880503,170,0.2246376811594203,0.35294117647058826,0.14492753623188404,0.16470588235294117,0.1411764705882353,0.055031446540880505,5
687462,SI,Sinker,Fastball,270,0.10204081632653061,0.8979591836734694,0.3684210526315789,0.34143274285714287,85.49259259259259,0.5333333333333333,71,0.3157894736842105,0.4507042253521127,0.05263157894736842,0.18309859154929578,0.07042253521126761,0.037037037037037035,0
687462,SL,Slider,Breaking,222,0.1978021978021978,0.8021978021978022,0.4489795918367347,0.2782443921568627,81.18028169014086,0.46396396396396394,53,0.2653061224489796,0.32075471698113206,0.18367346938775508,0.03773584905660377,0.2641509433962264,0.08108108108108109,2
687462,CH,Changeup,Offspeed,199,0.13157894736842105,0.868421052631579,0.3333333333333333,0.32413891891891894,81.13174603174605,0.3969849246231156,39,0.25,0.3076923076923077,0.08333333333333331,0.07692307692307693,0.07692307692307693,0.05025125628140704,1
687462,ST,Sweeper,Breaking,159,0.19444444444444445,0.8055555555555556,0.13157894736842105,0.2552661052631579,79.98363636363636,0.5471698113207547,41,0.13157894736842105,0.1951219512195122,0.0,0.04878048780487805,0.1951219512195122,0.0880503144654088,0
687462,FC,Cutter,Fastball,156,0.21052631578947367,0.7894736842105263,0.38235294117647056,0.193668,79.46499999999999,0.5192307692307693,36,0.20588235294117646,0.2222222222222222,0.1764705882352941,0.027777777777777776,0.16666666666666666,0.10256410256410256,1
687462,CU,Curveball,Breaking,114,0.23684210526315788,0.7631578947368421,0.34782608695652173,0.30223507692307694,85.43703703703704,0.38596491228070173,26,0.21739130434782608,0.3076923076923077,0.13043478260869565,0.07692307692307693,0.2692307692307692,0.07894736842105263,1
687462,FS,Splitter,Offspeed,55,0.45,0.55,0.5384615384615384,0.2614114285714285,79.61818181818181,0.2909090909090909,16,0.23076923076923078,0.375,0.30769230769230765,0.1875,0.3125,0.16363636363636364,1
687462,KC,Knuckle-Curve,Breaking,31,0.26666666666666666,0.7333333333333334,0.6,0.34847885714285715,81.7,0.3548387096774194,7,0.6,0.5714285714285714,0.0,0.0,0.14285714285714285,0.12903225806451613,0
687515,FF,4-Seam FB,Fastball,175,0.28431372549019607,0.7156862745098039,0.35294117647058826,0.27202287500000005,78.7031746031746,0.5314285714285715,37,0.20588235294117646,0.25,0.1470588235294118,0.02702702702702703,0.32432432432432434,0.1657142857142857,1
687515,CH,Changeup,Offspeed,79,0.32608695652173914,0.6739130434782609,0.14285714285714285,0.15894363636363637,80.084,0.35443037974683544,24,0.09523809523809523,0.17391304347826086,0.047619047619047616,0.08333333333333333,0.20833333333333334,0.189873417721519,0
687515,SL,Slider,Breaking,57,0.3611111111111111,0.6388888888888888,0.45454545454545453,0.2622,84.27368421052631,0.47368421052631576,22,0.2727272727272727,0.2727272727272727,0.18181818181818182,0.0,0.4090909090909091,0.22807017543859648,1
687515,SI,Sinker,Fastball,47,0.3333333333333333,0.6666666666666667,0.21428571428571427,0.2101666666666667,91.38235294117646,0.6595744680851063,14,0.21428571428571427,0.21428571428571427,0.0,0.0,0.14285714285714285,0.2127659574468085,0
687515,CU,Curveball,Breaking,38,0.43478260869565216,0.5652173913043479,0.5,0.3198181818181818,86.86923076923077,0.42105263157894735,12,0.25,0.25,0.25,0.0,0.4166666666666667,0.2631578947368421,1
687515,ST,Sweeper,Breaking,31,0.3684210526315789,0.631578947368421,0.18181818181818182,0.18957999999999997,81.41666666666667,0.3225806451612903,12,0.18181818181818182,0.25,0.0,0.08333333333333333,0.16666666666666666,0.22580645161290322,0
687515,FC,Cutter,Fastball,26,0.375,0.625,1.125,0.4242,87.65,0.6153846153846154,9,0.375,0.3333333333333333,0.75,0.0,0.3333333333333333,0.23076923076923078,2
687529,FF,4-Seam FB,Fastball,139,0.28846153846153844,0.7115384615384616,0.38461538461538464,0.3425123529411765,74.34857142857142,0.5179856115107914,37,0.19230769230769232,0.4166666666666667,0.19230769230769232,0.2702702702702703,0.1891891891891892,0.1079136690647482,1
687529,SL,Slider,Breaking,60,0.5357142857142857,0.4642857142857143,0.26666666666666666,0.17582533333333336,77.39999999999999,0.26666666666666666,17,0.2,0.25,0.06666666666666665,0.058823529411764705,0.47058823529411764,0.25,0
687529,SI,Sinker,Fastball,49,0.1,0.9,0.2857142857142857,0.30628571428571433,78.95,0.5714285714285714,8,0.2857142857142857,0.2857142857142857,0.0,0.0,0.375,0.04081632653061224,0
687529,ST,Sweeper,Breaking,40,0.45,0.55,0.0,0.07366666666666667,79.46000000000001,0.45,7,0.0,0.14285714285714285,0.0,0.14285714285714285,0.42857142857142855,0.225,0
687529,FC,Cutter,Fastball,39,0.14285714285714285,0.8571428571428572,0.5,0.4605,84.59444444444445,0.5641025641025641,10,0.2,0.2,0.3,0.0,0.1,0.07692307692307693,1
687529,CH,Changeup,Offspeed,32,0.4444444444444444,0.5555555555555556,0.0,0.072,77.04,0.1875,4,0.0,0.0,0.0,0.0,0.0,0.125,0
687551,FF,4-Seam FB,Fastball,544,0.18055555555555555,0.8194444444444444,0.4262295081967213,0.3460401739130435,81.75260115606937,0.5183823529411765,144,0.27049180327868855,0.3732394366197183,0.15573770491803274,0.125,0.16666666666666666,0.07169117647058823,3
687551,SI,Sinker,Fastball,211,0.17721518987341772,0.8227848101265822,0.27906976744186046,0.3412084705882353,80.74444444444444,0.5308056872037915,51,0.2558139534883721,0.35294117647058826,0.023255813953488358,0.11764705882352941,0.1568627450980392,0.06635071090047394,0
687551,CH,Changeup,Offspeed,196,0.2978723404255319,0.7021276595744681,0.36363636363636365,0.28702478260869563,77.40806451612902,0.42346938775510207,48,0.20454545454545456,0.25,0.1590909090909091,0.0625,0.1875,0.14285714285714285,1
687551,FC,Cutter,Fastball,150,0.17567567567567569,0.8243243243243243,0.5,0.4012690256410257,83.5,0.5066666666666667,43,0.21052631578947367,0.3023255813953488,0.2894736842105263,0.09302325581395349,0.06976744186046512,0.08666666666666667,3
687551,SL,Slider,Breaking,148,0.2807017543859649,0.7192982456140351,0.2962962962962963,0.26164785714285715,78.94999999999999,0.46621621621621623,30,0.2222222222222222,0.3,0.07407407407407407,0.1,0.16666666666666666,0.10810810810810811,0
687551,ST,Sweeper,Breaking,129,0.2786885245901639,0.7213114754098361,0.59375,0.3456699459459459,80.91463414634147,0.4573643410852713,38,0.25,0.34210526315789475,0.34375,0.02631578947368421,0.2894736842105263,0.13178294573643412,3
687551,CU,Curveball,Breaking,104,0.16666666666666666,0.8333333333333334,0.47058823529411764,0.34086666666666665,80.6032258064516,0.5096153846153846,17,0.29411764705882354,0.29411764705882354,0.1764705882352941,0.0,0.23529411764705882,0.0673076923076923,1
687551,FS,Splitter,Offspeed,74,0.3103448275862069,0.6896551724137931,0.3333333333333333,0.3275271428571429,77.38421052631578,0.3108108108108108,17,0.26666666666666666,0.35294117647058826,0.06666666666666665,0.11764705882352941,0.17647058823529413,0.12162162162162163,0
687551,KC,Knuckle-Curve,Breaking,43,0.35294117647058826,0.6470588235294117,0.08333333333333333,0.25872727272727275,84.21000000000001,0.5116279069767442,12,0.08333333333333333,0.08333333333333333,0.0,0.0,0.4166666666666667,0.13953488372093023,0
687597,FF,4-Seam FB,Fastball,214,0.20353982300884957,0.7964601769911505,0.3333333333333333,0.21152372093023256,80.9451219512195,0.5607476635514018,51,0.17777777777777778,0.2549019607843137,0.15555555555555553,0.09803921568627451,0.37254901960784315,0.10747663551401869,1
687597,SL,Slider,Breaking,142,0.4125,0.5875,0.3783783783783784,0.2434169696969697,86.1547619047619,0.39436619718309857,39,0.1891891891891892,0.23076923076923078,0.1891891891891892,0.05128205128205128,0.3333333333333333,0.2323943661971831,0
687597,SI,Sinker,Fastball,128,0.17857142857142858,0.8214285714285714,0.3333333333333333,0.2828632258064516,80.27857142857142,0.5,35,0.24242424242424243,0.2857142857142857,0.09090909090909088,0.05714285714285714,0.11428571428571428,0.078125,0
687597,CH,Changeup,Offspeed,87,0.47368421052631576,0.5263157894736843,0.2692307692307692,0.21040782608695655,73.56296296296297,0.39080459770114945,27,0.23076923076923078,0.25925925925925924,0.038461538461538436,0.037037037037037035,0.4444444444444444,0.3103448275862069,0
687597,ST,Sweeper,Breaking,67,0.38235294117647056,0.6176470588235294,0.13333333333333333,0.250892,77.89047619047619,0.4925373134328358,16,0.06666666666666667,0.125,0.06666666666666667,0.0625,0.375,0.19402985074626866,0
687597,CU,Curveball,Breaking,65,0.27586206896551724,0.7241379310344828,0.38461538461538464,0.32158333333333333,79.76,0.4461538461538462,14,0.38461538461538464,0.38461538461538464,0.0,0.0,0.21428571428571427,0.12307692307692308,0
687597,FC,Cutter,Fastball,37,0.3157894736842105,0.6842105263157895,0.375,0.3565977777777778,79.74615384615385,0.4864864864864865,9,0.375,0.4444444444444444,0.0,0.1111111111111111,0.2222222222222222,0.16216216216216217,0
687605,FF,4-Seam FB,Fastball,28,0.26666666666666666,0.7333333333333334,0.5555555555555556,0.28763636363636363,91.66363636363637,0.6785714285714286,11,0.3333333333333333,0.2727272727272727,0.22222222222222227,0.0,0.2727272727272727,0.14285714285714285,0
687605,SL,Slider,Breaking,25,0.7142857142857143,0.2857142857142857,0.2,0.20373,91.5,0.52,6,0.2,0.3333333333333333,0.0,0.16666666666666666,0.5,0.2,0
687637,FF,4-Seam FB,Fastball,497,0.17872340425531916,0.8212765957446808,0.42452830188679247,0.3292852173913044,82.76740331491712,0.6116700201207244,118,0.2169811320754717,0.28205128205128205,0.20754716981132076,0.0847457627118644,0.2457627118644068,0.08450704225352113,5
687637,CH,Changeup,Offspeed,197,0.31645569620253167,0.6835443037974683,0.42857142857142855,0.31172127659574467,78.65384615384616,0.3197969543147208,47,0.3333333333333333,0.40425531914893614,0.09523809523809523,0.10638297872340426,0.19148936170212766,0.12690355329949238,0
687637,SI,Sinker,Fastball,181,0.15584415584415584,0.8441558441558441,0.4418604651162791,0.35702839999999997,83.99152542372882,0.6132596685082873,52,0.27906976744186046,0.40384615384615385,0.16279069767441862,0.17307692307692307,0.17307692307692307,0.06629834254143646,1
687637,SL,Slider,Breaking,163,0.27692307692307694,0.7230769230769231,0.2894736842105263,0.3207179534883721,82.30652173913043,0.49693251533742333,44,0.23684210526315788,0.32558139534883723,0.052631578947368446,0.09090909090909091,0.25,0.11042944785276074,0
687637,FC,Cutter,Fastball,158,0.33783783783783783,0.6621621621621622,0.16666666666666666,0.2672658536585366,80.68124999999999,0.5443037974683544,41,0.08333333333333333,0.1951219512195122,0.08333333333333333,0.12195121951219512,0.24390243902439024,0.15822784810126583,1
687637,CU,Curveball,Breaking,122,0.3170731707317073,0.6829268292682926,0.4782608695652174,0.16876466666666667,84.1590909090909,0.3360655737704918,24,0.17391304347826086,0.20833333333333334,0.30434782608695654,0.0,0.5416666666666666,0.10655737704918032,2
687637,ST,Sweeper,Breaking,117,0.3783783783783784,0.6216216216216216,0.25,0.14022416666666668,76.21904761904761,0.4017094017094017,25,0.16666666666666666,0.2,0.08333333333333334,0.04,0.52,0.11965811965811966,0
687637,FS,Splitter,Offspeed,57,0.4090909090909091,0.5909090909090908,0.3,0.22729999999999997,79.075,0.17543859649122806,10,0.3,0.3,0.0,0.0,0.4,0.15789473684210525,0
687749,FF,4-Seam FB,Fastball,100,0.1568627450980392,0.8431372549019608,0.40625,0.3187253333333333,83.485,0.61,35,0.1875,0.23529411764705882,0.21875,0.05714285714285714,0.2,0.08,2
687749,SI,Sinker,Fastball,95,0.28205128205128205,0.717948717948718,0.0,0.17114875000000002,75.73809523809524,0.42105263157894735,18,0.0,0.05555555555555555,0.0,0.05555555555555555,0.4444444444444444,0.11578947368421053,0
687749,CH,Changeup,Offspeed,51,0.4827586206896552,0.5172413793103448,0.35294117647058826,0.17607692307692305,95.36666666666667,0.4117647058823529,17,0.17647058823529413,0.17647058823529413,0.17647058823529413,0.0,0.47058823529411764,0.27450980392156865,0
687749,SL,Slider,Breaking,44,0.48,0.52,0.375,0.3194666666666667,86.20833333333333,0.4772727272727273,16,0.1875,0.1875,0.1875,0.0,0.375,0.2727272727272727,1
687749,FC,Cutter,Fastball,31,0.2631578947368421,0.736842105263158,0.6666666666666666,0.24383333333333335,69.01111111111112,0.3870967741935484,6,0.5,0.5,0.16666666666666663,0.0,0.3333333333333333,0.16129032258064516,0
687859,FF,4-Seam FB,Fastball,598,0.2789115646258503,0.7210884353741497,0.3883495145631068,0.3630105454545454,81.9950495049505,0.520066889632107,126,0.3106796116504854,0.42857142857142855,0.07766990291262138,0.15079365079365079,0.2222222222222222,0.13712374581939799,0
687859,SI,Sinker,Fastball,224,0.15217391304347827,0.8478260869565217,0.40384615384615385,0.3755975862068966,83.83513513513513,0.5758928571428571,61,0.3076923076923077,0.4,0.09615384615384615,0.13114754098360656,0.09836065573770492,0.0625,0
687859,CH,Changeup,Offspeed,207,0.25396825396825395,0.746031746031746,0.35714285714285715,0.28419553623188404,81.22222222222223,0.3864734299516908,74,0.2571428571428571,0.2972972972972973,0.10000000000000003,0.04054054054054054,0.1891891891891892,0.15458937198067632,0
687859,SL,Slider,Breaking,201,0.25396825396825395,0.746031746031746,0.43333333333333335,0.27403406451612905,82.38202247191012,0.48756218905472637,65,0.26666666666666666,0.2923076923076923,0.16666666666666669,0.03076923076923077,0.18461538461538463,0.15920398009950248,1
687859,FC,Cutter,Fastball,115,0.12,0.88,0.2857142857142857,0.28400000000000003,83.37441860465115,0.391304347826087,29,0.17857142857142858,0.1724137931034483,0.10714285714285712,0.0,0.06896551724137931,0.05217391304347826,1
687859,ST,Sweeper,Breaking,104,0.2982456140350877,0.7017543859649122,0.4,0.2729512307692307,78.37647058823529,0.36538461538461536,28,0.24,0.2857142857142857,0.16000000000000003,0.03571428571428571,0.32142857142857145,0.16346153846153846,1
687859,CU,Curveball,Breaking,101,0.33962264150943394,0.6603773584905661,0.6206896551724138,0.3323785,85.56129032258063,0.36633663366336633,32,0.3448275862068966,0.40625,0.27586206896551724,0.0625,0.28125,0.1782178217821782,1
687859,FS,Splitter,Offspeed,45,0.26666666666666666,0.7333333333333334,0.47058823529411764,0.27396188235294117,85.60000000000001,0.4888888888888889,18,0.35294117647058826,0.3888888888888889,0.11764705882352938,0.0,0.1111111111111111,0.17777777777777778,0
687859,KC,Knuckle-Curve,Breaking,42,0.25925925925925924,0.7407407407407407,0.5333333333333333,0.17817,80.1611111111111,0.5714285714285714,16,0.26666666666666666,0.3125,0.26666666666666666,0.0625,0.25,0.16666666666666666,1
687952,FF,4-Seam FB,Fastball,261,0.2236842105263158,0.7763157894736842,0.6166666666666667,0.352673625,84.1972972972973,0.5210727969348659,64,0.26666666666666666,0.296875,0.35000000000000003,0.03125,0.25,0.13026819923371646,6
687952,SI,Sinker,Fastball,153,0.2465753424657534,0.7534246575342466,0.34615384615384615,0.30873706666666667,79.18936170212766,0.5620915032679739,30,0.23076923076923078,0.3,0.11538461538461536,0.06666666666666667,0.16666666666666666,0.11764705882352941,1
687952,SL,Slider,Breaking,109,0.36619718309859156,0.6338028169014085,0.3870967741935484,0.25444529411764705,78.38499999999999,0.4036697247706422,34,0.2903225806451613,0.35294117647058826,0.09677419354838707,0.08823529411764706,0.35294117647058826,0.23853211009174313,0
687952,CH,Changeup,Offspeed,74,0.2830188679245283,0.7169811320754718,0.7727272727272727,0.5270165217391304,82.16666666666669,0.35135135135135137,24,0.3181818181818182,0.34782608695652173,0.45454545454545453,0.041666666666666664,0.2916666666666667,0.20270270270270271,3
687952,FC,Cutter,Fastball,70,0.2653061224489796,0.7346938775510203,0.7142857142857143,0.4208571428571428,78.14571428571428,0.4857142857142857,14,0.35714285714285715,0.35714285714285715,0.35714285714285715,0.0,0.21428571428571427,0.18571428571428572,1
687952,ST,Sweeper,Breaking,58,0.36363636363636365,0.6363636363636364,0.46153846153846156,0.251938962962963,87.06071428571428,0.3448275862068966,27,0.34615384615384615,0.37037037037037035,0.11538461538461542,0.0,0.18518518518518517,0.27586206896551724,0
687952,CU,Curveball,Breaking,39,0.23529411764705882,0.7647058823529411,0.2222222222222222,0.264338,82.65,0.41025641025641024,10,0.1111111111111111,0.2,0.1111111111111111,0.1,0.2,0.10256410256410256,0
687957,FF,4-Seam FB,Fastball,160,0.08450704225352113,0.9154929577464789,0.34782608695652173,0.3042856,83.45,0.5625,53,0.2826086956521739,0.36538461538461536,0.06521739130434784,0.11320754716981132,0.1509433962264151,0.0375,0
687957,SI,Sinker,Fastball,76,0.07894736842105263,0.9210526315789473,0.2857142857142857,0.3651225882352942,75.69677419354838,0.47368421052631576,18,0.2857142857142857,0.4117647058823529,0.0,0.05555555555555555,0.05555555555555555,0.039473684210526314,0
687957,CH,Changeup,Offspeed,75,0.28888888888888886,0.7111111111111111,0.75,0.3335000000000001,76.58387096774193,0.5333333333333333,24,0.4166666666666667,0.4166666666666667,0.3333333333333333,0.0,0.041666666666666664,0.17333333333333334,0
687957,SL,Slider,Breaking,60,0.41935483870967744,0.5806451612903225,0.16666666666666666,0.2279586666666667,83.0235294117647,0.4,15,0.16666666666666666,0.2,0.0,0.06666666666666667,0.2,0.21666666666666667,0
687957,ST,Sweeper,Breaking,53,0.3157894736842105,0.6842105263157895,0.625,0.3982644444444444,83.49166666666667,0.39622641509433965,9,0.375,0.4444444444444444,0.25,0.1111111111111111,0.3333333333333333,0.11320754716981132,0
687957,CU,Curveball,Breaking,41,0.23809523809523808,0.7619047619047619,0.16666666666666666,0.19533333333333333,73.19166666666666,0.34146341463414637,12,0.16666666666666666,0.16666666666666666,0.0,0.0,0.25,0.12195121951219512,0
687957,FC,Cutter,Fastball,29,0.11764705882352941,0.8823529411764706,0.5,0.4698283636363637,86.53999999999999,0.6896551724137931,11,0.5,0.6363636363636364,0.0,0.18181818181818182,0.0,0.06896551724137931,0
688363,FF,4-Seam FB,Fastball,211,0.15,0.85,0.4423076923076923,0.3083431272727273,82.55925925925925,0.5639810426540285,59,0.23076923076923078,0.3220338983050847,0.2115384615384615,0.1016949152542373,0.2033898305084746,0.07109004739336493,2
688363,CH,Changeup,Offspeed,105,0.2653061224489796,0.7346938775510203,0.34782608695652173,0.21839130434782608,75.63714285714286,0.26666666666666666,23,0.17391304347826086,0.17391304347826086,0.17391304347826086,0.0,0.17391304347826086,0.12380952380952381,1
688363,SI,Sinker,Fastball,77,0.17857142857142858,0.8214285714285714,0.375,0.323481052631579,84.08636363636364,0.5324675324675324,19,0.25,0.3684210526315789,0.125,0.15789473684210525,0.15789473684210525,0.06493506493506493,0
688363,FC,Cutter,Fastball,69,0.24324324324324326,0.7567567567567568,0.25,0.1643076923076923,80.08,0.6086956521739131,13,0.25,0.23076923076923078,0.0,0.0,0.3076923076923077,0.13043478260869565,0
688363,SL,Slider,Breaking,56,0.26666666666666666,0.7333333333333334,0.14285714285714285,0.11908333333333333,80.71111111111111,0.4107142857142857,14,0.07142857142857142,0.07142857142857142,0.07142857142857142,0.0,0.2857142857142857,0.14285714285714285,0
688363,CU,Curveball,Breaking,55,0.37037037037037035,0.6296296296296297,0.5,0.15942533333333334,81.52,0.4727272727272727,15,0.21428571428571427,0.26666666666666666,0.2857142857142857,0.06666666666666667,0.4666666666666667,0.18181818181818182,1
688363,ST,Sweeper,Breaking,32,0.07692307692307693,0.9230769230769231,0.4,0.33266666666666667,72.51,0.53125,7,0.2,0.2,0.2,0.0,0.14285714285714285,0.03125,0
688363,FS,Splitter,Offspeed,27,0.2857142857142857,0.7142857142857143,0.0,0.09825,77.02222222222223,0.18518518518518517,4,0.0,0.0,0.0,0.0,0.5,0.14814814814814814,0
689414,FF,4-Seam FB,Fastball,601,0.053003533568904596,0.9469964664310954,0.4074074074074074,0.3407450386740331,80.72558139534883,0.5158069883527454,191,0.25925925925925924,0.3612565445026178,0.14814814814814814,0.13612565445026178,0.05235602094240838,0.024958402662229616,6
689414,SI,Sinker,Fastball,331,0.028985507246376812,0.9710144927536232,0.39325842696629215,0.31728726530612245,80.4547619047619,0.6042296072507553,101,0.3146067415730337,0.38613861386138615,0.07865168539325845,0.09900990099009901,0.0594059405940594,0.012084592145015106,2
689414,CH,Changeup,Offspeed,253,0.19658119658119658,0.8034188034188035,0.4696969696969697,0.29971283582089553,78.9103448275862,0.3557312252964427,69,0.3181818181818182,0.3333333333333333,0.15151515151515155,0.028985507246376812,0.11594202898550725,0.09090909090909091,2
689414,SL,Slider,Breaking,227,0.23711340206185566,0.7628865979381443,0.5094339622641509,0.28693003389830507,81.33768115942028,0.43171806167400884,61,0.22641509433962265,0.2833333333333333,0.2830188679245283,0.06557377049180328,0.19672131147540983,0.1013215859030837,4
689414,FC,Cutter,Fastball,190,0.08235294117647059,0.9176470588235294,0.5,0.3584332380952381,79.34342105263158,0.48947368421052634,42,0.3888888888888889,0.47619047619047616,0.1111111111111111,0.07142857142857142,0.023809523809523808,0.03684210526315789,1
689414,CU,Curveball,Breaking,171,0.14,0.86,0.6,0.34234740740740743,83.32631578947367,0.4619883040935672,27,0.36,0.37037037037037035,0.24,0.037037037037037035,0.2962962962962963,0.04093567251461988,2
689414,ST,Sweeper,Breaking,157,0.10638297872340426,0.8936170212765957,0.20689655172413793,0.2697946666666667,75.23414634146341,0.445859872611465,36,0.1724137931034483,0.3142857142857143,0.03448275862068964,0.1111111111111111,0.1111111111111111,0.03184713375796178,0
689414,FS,Splitter,Offspeed,101,0.2857142857142857,0.7142857142857143,0.3181818181818182,0.27376448,83.48846153846155,0.24752475247524752,25,0.18181818181818182,0.28,0.13636363636363635,0.08,0.2,0.1188118811881188,1
689414,KC,Knuckle-Curve,Breaking,42,0.5,0.5,0.0,0.3712605,89.60000000000001,0.2857142857142857,8,0.0,0.375,0.0,0.125,0.25,0.09523809523809523,0
690022,FF,4-Seam FB,Fastball,56,0.2857142857142857,0.7142857142857143,0.8,0.121,84.09333333333332,0.5535714285714286,13,0.4,0.5,0.4,0.15384615384615385,0.3076923076923077,0.14285714285714285,1
690291,FF,4-Seam FB,Fastball,38,0.07692307692307693,0.9230769230769231,0.25,0.42519,85.33,0.5526315789473685,8,0.25,0.625,0.0,0.5,0.125,0.02631578947368421,0
690924,FF,4-Seam FB,Fastball,126,0.375,0.625,0.20833333333333334,0.24905525925925925,81.60689655172413,0.42857142857142855,29,0.125,0.27586206896551724,0.08333333333333334,0.10344827586206896,0.4827586206896552,0.14285714285714285,0
690924,SI,Sinker,Fastball,61,0.14285714285714285,0.8571428571428572,1.0,0.41706909090909094,84.74782608695652,0.4918032786885246,14,0.6,0.5714285714285714,0.4,0.14285714285714285,0.07142857142857142,0.06557377049180328,1
690924,SL,Slider,Breaking,57,0.45454545454545453,0.5454545454545454,0.0625,0.07815384615384616,80.59411764705882,0.43859649122807015,16,0.0625,0.0625,0.0,0.0,0.5,0.2631578947368421,0
690924,CH,Changeup,Offspeed,35,0.4444444444444444,0.5555555555555556,0.0,0.026857142857142857,72.95,0.2571428571428571,8,0.0,0.0,0.0,0.0,0.375,0.22857142857142856,0
690924,CU,Curveball,Breaking,31,0.3333333333333333,0.6666666666666667,0.2,0.1052,70.06666666666668,0.4838709677419355,10,0.2,0.2,0.0,0.0,0.6,0.0967741935483871,0
690924,ST,Sweeper,Breaking,27,0.36363636363636365,0.6363636363636364,0.0,0.10566666666666667,81.36666666666667,0.4444444444444444,4,0.0,0.0,0.0,0.0,0.5,0.14814814814814814,0
690976,FF,4-Seam FB,Fastball,385,0.21301775147928995,0.7869822485207101,0.5,0.3898298734177215,85.74435483870967,0.5532467532467532,86,0.3142857142857143,0.4186046511627907,0.18571428571428572,0.16279069767441862,0.1744186046511628,0.09350649350649351,3
690976,CH,Changeup,Offspeed,174,0.3939393939393939,0.6060606060606061,0.08108108108108109,0.24976292682926826,80.45555555555555,0.3103448275862069,43,0.08108108108108109,0.20930232558139536,0.0,0.13953488372093023,0.3023255813953488,0.14942528735632185,0
690976,SL,Slider,Breaking,149,0.47058823529411764,0.5294117647058824,0.2608695652173913,0.33571303703703703,80.80799999999999,0.42953020134228187,29,0.17391304347826086,0.3448275862068966,0.08695652173913043,0.1724137931034483,0.41379310344827586,0.1610738255033557,0
690976,SI,Sinker,Fastball,147,0.13846153846153847,0.8615384615384616,0.2631578947368421,0.291705641025641,82.95185185185184,0.6258503401360545,43,0.23684210526315788,0.30952380952380953,0.02631578947368421,0.09302325581395349,0.23255813953488372,0.061224489795918366,0
690976,FC,Cutter,Fastball,98,0.19047619047619047,0.8095238095238095,0.4090909090909091,0.15631578947368419,76.49677419354838,0.45918367346938777,23,0.2727272727272727,0.2727272727272727,0.1363636363636364,0.0,0.2608695652173913,0.08163265306122448,1
690976,CU,Curveball,Breaking,90,0.4117647058823529,0.5882352941176471,0.1875,0.27046125,83.78999999999999,0.37777777777777777,19,0.1875,0.2777777777777778,0.0,0.10526315789473684,0.3157894736842105,0.15555555555555556,0
690976,ST,Sweeper,Breaking,65,0.2857142857142857,0.7142857142857143,0.3157894736842105,0.2552336363636364,87.38000000000001,0.5538461538461539,22,0.21052631578947367,0.3181818181818182,0.10526315789473684,0.13636363636363635,0.4090909090909091,0.09230769230769231,0
690976,FS,Splitter,Offspeed,48,0.4117647058823529,0.5882352941176471,0.5,0.24869833333333333,80.6,0.3125,14,0.25,0.3076923076923077,0.25,0.07142857142857142,0.2857142857142857,0.14583333333333334,1
690984,FF,4-Seam FB,Fastball,226,0.31746031746031744,0.6825396825396826,0.43137254901960786,0.3247141818181818,81.34625000000001,0.504424778761062,60,0.27450980392156865,0.3620689655172414,0.1568627450980392,0.11666666666666667,0.23333333333333334,0.17699115044247787,2
690984,SI,Sinker,Fastball,103,0.24193548387096775,0.7580645161290323,0.43333333333333335,0.3758832258064516,78.04772727272727,0.6019417475728155,32,0.3,0.3225806451612903,0.13333333333333336,0.03125,0.125,0.14563106796116504,1
690984,SL,Slider,Breaking,79,0.37777777777777777,0.6222222222222222,0.2777777777777778,0.2283529411764706,75.72500000000001,0.3037974683544304,18,0.2222222222222222,0.2222222222222222,0.05555555555555558,0.0,0.16666666666666666,0.21518987341772153,0
690984,CH,Changeup,Offspeed,69,0.15555555555555556,0.8444444444444444,0.18518518518518517,0.2951599999999999,75.65,0.391304347826087,29,0.14814814814814814,0.14814814814814814,0.037037037037037035,0.0,0.1724137931034483,0.10144927536231885,0
690984,ST,Sweeper,Breaking,69,0.2222222222222222,0.7777777777777778,0.0,0.17248511111111112,78.58076923076922,0.42028985507246375,18,0.0,0.1111111111111111,0.0,0.05555555555555555,0.2777777777777778,0.11594202898550725,0
690984,FC,Cutter,Fastball,66,0.275,0.725,0.11764705882352941,0.22714378947368424,75.31153846153846,0.5757575757575758,19,0.11764705882352941,0.21052631578947367,0.0,0.05263157894736842,0.21052631578947367,0.16666666666666666,0
690984,CU,Curveball,Breaking,32,0.125,0.875,0.38461538461538464,0.28484615384615386,85.8578947368421,0.40625,13,0.3076923076923077,0.3076923076923077,0.07692307692307693,0.0,0.15384615384615385,0.09375,0
690993,FF,4-Seam FB,Fastball,554,0.1411764705882353,0.8588235294117648,0.35,0.3347679685039371,85.09198113207547,0.5956678700361011,134,0.25,0.3283582089552239,0.09999999999999998,0.09701492537313433,0.1865671641791045,0.06498194945848375,1
690993,CH,Changeup,Offspeed,277,0.3381294964028777,0.6618705035971223,0.44594594594594594,0.2506021052631579,81.56941176470588,0.4259927797833935,76,0.25675675675675674,0.27631578947368424,0.1891891891891892,0.02631578947368421,0.2631578947368421,0.16967509025270758,3
690993,SI,Sinker,Fastball,202,0.09523809523809523,0.9047619047619048,0.3333333333333333,0.3699349538461538,84.74324324324324,0.5544554455445545,70,0.2833333333333333,0.38571428571428573,0.04999999999999999,0.12857142857142856,0.1,0.039603960396039604,0
690993,FC,Cutter,Fastball,157,0.15789473684210525,0.8421052631578947,0.6388888888888888,0.4043882051282051,83.21111111111111,0.5286624203821656,39,0.3055555555555556,0.358974358974359,0.33333333333333326,0.07692307692307693,0.05128205128205128,0.07643312101910828,3
690993,SL,Slider,Breaking,155,0.3333333333333333,0.6666666666666667,0.46153846153846156,0.32766936842105265,85.72162162162162,0.43870967741935485,43,0.23076923076923078,0.3023255813953488,0.23076923076923078,0.023255813953488372,0.2558139534883721,0.12903225806451613,2
690993,CU,Curveball,Breaking,113,0.3333333333333333,0.6666666666666667,0.5217391304347826,0.4422704,89.33846153846154,0.37168141592920356,28,0.391304347826087,0.42857142857142855,0.13043478260869562,0.10714285714285714,0.25,0.12389380530973451,0
690993,FS,Splitter,Offspeed,108,0.41304347826086957,0.5869565217391304,0.16666666666666666,0.21989519999999999,78.86538461538461,0.3611111111111111,26,0.125,0.19230769230769232,0.04166666666666666,0.07692307692307693,0.23076923076923078,0.17592592592592593,0
690993,ST,Sweeper,Breaking,91,0.3103448275862069,0.6896551724137931,0.4117647058823529,0.4275977777777778,81.78823529411765,0.45054945054945056,19,0.23529411764705882,0.3157894736842105,0.1764705882352941,0.10526315789473684,0.3157894736842105,0.0989010989010989,1
691002,FF,4-Seam FB,Fastball,64,0.36666666666666664,0.6333333333333333,0.45454545454545453,0.2720909090909091,83.71111111111111,0.515625,11,0.2727272727272727,0.2727272727272727,0.18181818181818182,0.0,0.36363636363636365,0.171875,0
691002,SL,Slider,Breaking,35,0.3181818181818182,0.6818181818181819,0.6363636363636364,0.4853636363636364,85.60714285714286,0.5428571428571428,11,0.36363636363636365,0.36363636363636365,0.2727272727272727,0.0,0.09090909090909091,0.2,1
691011,FF,4-Seam FB,Fastball,222,0.2,0.8,0.3508771929824561,0.30618126984126987,80.5225806451613,0.481981981981982,66,0.19298245614035087,0.30303030303030304,0.15789473684210525,0.13636363636363635,0.19696969696969696,0.10810810810810811,3
691011,CH,Changeup,Offspeed,150,0.3950617283950617,0.6049382716049383,0.125,0.18330558139534886,76.7,0.38666666666666666,44,0.075,0.13953488372093023,0.05,0.06818181818181818,0.25,0.21333333333333335,0
691011,SL,Slider,Breaking,87,0.2708333333333333,0.7291666666666667,0.5,0.37235487999999994,77.6470588235294,0.41379310344827586,26,0.15,0.32,0.35,0.15384615384615385,0.2692307692307692,0.14942528735632185,2
691011,CU,Curveball,Breaking,70,0.39285714285714285,0.6071428571428572,0.0,0.12295680000000002,76.6058823529412,0.4,15,0.0,0.06666666666666667,0.0,0.0,0.26666666666666666,0.15714285714285714,0
691011,SI,Sinker,Fastball,61,0.18181818181818182,0.8181818181818181,0.5263157894736842,0.42157809523809525,86.484,0.5737704918032787,22,0.2631578947368421,0.36363636363636365,0.2631578947368421,0.13636363636363635,0.09090909090909091,0.09836065573770492,1
691011,FC,Cutter,Fastball,49,0.25806451612903225,0.7419354838709677,0.4166666666666667,0.24787538461538464,78.2695652173913,0.5102040816326531,13,0.16666666666666666,0.23076923076923078,0.25,0.07692307692307693,0.07692307692307693,0.16326530612244897,1
691011,ST,Sweeper,Breaking,45,0.4375,0.5625,0.25,0.13292800000000002,88.23750000000001,0.4666666666666667,9,0.125,0.2222222222222222,0.125,0.0,0.4444444444444444,0.15555555555555556,0
691011,FS,Splitter,Offspeed,43,0.6190476190476191,0.38095238095238093,0.1,0.12211111111111111,79.0,0.37209302325581395,10,0.1,0.1,0.0,0.0,0.5,0.3023255813953488,0
691016,FF,4-Seam FB,Fastball,421,0.15865384615384615,0.8413461538461539,0.53,0.39032531092436973,83.80490797546013,0.5700712589073634,123,0.27,0.4065040650406504,0.26,0.17886178861788618,0.18699186991869918,0.07838479809976247,6
691016,SI,Sinker,Fastball,385,0.11794871794871795,0.882051282051282,0.46551724137931033,0.32688959349593494,85.43703703703703,0.5558441558441558,126,0.2672413793103448,0.3253968253968254,0.19827586206896552,0.07936507936507936,0.12698412698412698,0.05974025974025974,5
691016,SL,Slider,Breaking,249,0.4,0.6,0.4489795918367347,0.34514722807017545,82.82105263157895,0.42570281124497994,60,0.16326530612244897,0.288135593220339,0.2857142857142857,0.13333333333333333,0.2833333333333333,0.1686746987951807,3
691016,CH,Changeup,Offspeed,212,0.358695652173913,0.6413043478260869,0.2894736842105263,0.21411024390243905,81.45272727272727,0.33962264150943394,43,0.21052631578947367,0.3023255813953488,0.07894736842105265,0.09302325581395349,0.2558139534883721,0.15566037735849056,0
691016,FC,Cutter,Fastball,135,0.19402985074626866,0.8059701492537313,0.48717948717948717,0.37854,87.45510204081633,0.4962962962962963,42,0.28205128205128205,0.3333333333333333,0.20512820512820512,0.07142857142857142,0.16666666666666666,0.0962962962962963,2
691016,ST,Sweeper,Breaking,119,0.32432432432432434,0.6756756756756757,0.5555555555555556,0.2161764210526316,85.75,0.4117647058823529,19,0.16666666666666666,0.21052631578947367,0.38888888888888895,0.0,0.47368421052631576,0.10084033613445378,2
691016,CU,Curveball,Breaking,113,0.3076923076923077,0.6923076923076923,0.7222222222222222,0.24288235294117644,83.97826086956522,0.39823008849557523,18,0.3333333333333333,0.3333333333333333,0.3888888888888889,0.0,0.2222222222222222,0.10619469026548672,1
691016,FS,Splitter,Offspeed,94,0.22727272727272727,0.7727272727272727,0.25,0.21676444444444443,83.46206896551726,0.3191489361702128,18,0.125,0.2222222222222222,0.125,0.1111111111111111,0.2222222222222222,0.10638297872340426,0
691016,KC,Knuckle-Curve,Breaking,37,0.35,0.65,0.25,0.168,82.61818181818181,0.35135135135135137,8,0.125,0.125,0.125,0.0,0.25,0.1891891891891892,0
691019,FF,4-Seam FB,Fastball,174,0.3617021276595745,0.6382978723404256,0.4594594594594595,0.3407742978723404,81.97692307692309,0.47701149425287354,47,0.2702702702702703,0.40425531914893614,0.1891891891891892,0.1702127659574468,0.3404255319148936,0.19540229885057472,2
691019,SI,Sinker,Fastball,115,0.14814814814814814,0.8518518518518519,0.4583333333333333,0.3996257142857143,81.51904761904763,0.5478260869565217,29,0.20833333333333334,0.32142857142857145,0.24999999999999997,0.13793103448275862,0.20689655172413793,0.06956521739130435,2
691019,SL,Slider,Breaking,90,0.4418604651162791,0.5581395348837209,0.09523809523809523,0.1771081818181818,79.45833333333333,0.3333333333333333,22,0.09523809523809523,0.13636363636363635,0.0,0.045454545454545456,0.5,0.2111111111111111,0
691019,CH,Changeup,Offspeed,63,0.40625,0.59375,0.125,0.258676,76.17857142857143,0.2857142857142857,10,0.125,0.3,0.0,0.2,0.4,0.20634920634920634,0
691019,CU,Curveball,Breaking,58,0.2727272727272727,0.7272727272727273,0.25,0.26647319999999997,77.07499999999999,0.3103448275862069,10,0.125,0.3,0.125,0.1,0.3,0.05172413793103448,0
691019,ST,Sweeper,Breaking,46,0.3,0.7,0.2857142857142857,0.38001120000000005,83.61428571428571,0.391304347826087,10,0.2857142857142857,0.5,0.0,0.2,0.5,0.06521739130434782,0
691019,FC,Cutter,Fastball,45,0.5,0.5,0.875,0.5558732,84.1846153846154,0.5111111111111111,10,0.375,0.5,0.5,0.1,0.2,0.28888888888888886,1
691023,FF,4-Seam FB,Fastball,578,0.254601226993865,0.745398773006135,0.5,0.33059416149068327,86.431718061674,0.5726643598615917,166,0.26282051282051283,0.29518072289156627,0.23717948717948717,0.04819277108433735,0.30120481927710846,0.14359861591695502,10
691023,SI,Sinker,Fastball,505,0.20535714285714285,0.7946428571428572,0.3790322580645161,0.37570311111111115,85.4609756097561,0.5089108910891089,146,0.27419354838709675,0.3835616438356164,0.10483870967741937,0.1232876712328767,0.15753424657534246,0.09108910891089109,3
691023,SL,Slider,Breaking,368,0.42786069651741293,0.572139303482587,0.4148936170212766,0.23881145833333337,83.96000000000001,0.41847826086956524,99,0.26595744680851063,0.3,0.14893617021276595,0.050505050505050504,0.3434343434343434,0.23369565217391305,2
691023,ST,Sweeper,Breaking,347,0.3333333333333333,0.6666666666666667,0.367816091954023,0.293092,81.55126050420168,0.38904899135446686,93,0.19540229885057472,0.24731182795698925,0.17241379310344826,0.06451612903225806,0.24731182795698925,0.1873198847262248,4
691023,CH,Changeup,Offspeed,219,0.452991452991453,0.5470085470085471,0.5,0.3662668852459016,88.54181818181817,0.365296803652968,62,0.26785714285714285,0.3387096774193548,0.23214285714285715,0.0967741935483871,0.3387096774193548,0.2420091324200913,3
691023,FC,Cutter,Fastball,176,0.3218390804597701,0.6781609195402298,0.8,0.45931590909090914,85.81923076923077,0.4659090909090909,45,0.425,0.4888888888888889,0.37500000000000006,0.1111111111111111,0.15555555555555556,0.1590909090909091,4
691023,CU,Curveball,Breaking,144,0.43243243243243246,0.5675675675675675,0.358974358974359,0.349125,89.6236842105263,0.3541666666666667,40,0.23076923076923078,0.225,0.1282051282051282,0.0,0.325,0.2222222222222222,1
691023,FS,Splitter,Offspeed,49,0.6086956521739131,0.3913043478260869,0.7,0.4283133333333333,91.6875,0.24489795918367346,12,0.3,0.4166666666666667,0.39999999999999997,0.16666666666666666,0.4166666666666667,0.2857142857142857,1
691026,FF,4-Seam FB,Fastball,790,0.21646341463414634,0.7835365853658537,0.21428571428571427,0.31855743209876547,82.23373983739837,0.5392405063291139,167,0.18571428571428572,0.2994011976047904,0.028571428571428553,0.1317365269461078,0.20958083832335328,0.08987341772151898,0
691026,SI,Sinker,Fastball,345,0.09523809523809523,0.9047619047619048,0.3902439024390244,0.3371121797752809,85.86168224299067,0.6231884057971014,91,0.32926829268292684,0.38461538461538464,0.06097560975609756,0.06593406593406594,0.14285714285714285,0.034782608695652174,1
691026,SL,Slider,Breaking,302,0.30327868852459017,0.6967213114754098,0.3076923076923077,0.28142964383561647,78.56913580246913,0.40728476821192056,77,0.2153846153846154,0.3116883116883117,0.09230769230769231,0.1038961038961039,0.23376623376623376,0.12251655629139073,0
691026,ST,Sweeper,Breaking,214,0.2967032967032967,0.7032967032967032,0.3269230769230769,0.27753342857142854,79.17333333333333,0.4205607476635514,57,0.21153846153846154,0.2807017543859649,0.11538461538461539,0.07017543859649122,0.22807017543859648,0.1261682242990654,1
691026,FC,Cutter,Fastball,168,0.2125,0.7875,0.46511627906976744,0.295953488372093,82.78999999999999,0.5416666666666666,43,0.3023255813953488,0.3023255813953488,0.16279069767441862,0.0,0.16279069767441862,0.10119047619047619,1
691026,CH,Changeup,Offspeed,166,0.34782608695652173,0.6521739130434783,0.4,0.3276809302325581,82.22142857142858,0.3433734939759036,46,0.25,0.34782608695652173,0.15000000000000002,0.13043478260869565,0.2608695652173913,0.14457831325301204,1
691026,CU,Curveball,Breaking,139,0.3,0.7,0.38235294117647056,0.23168972972972976,80.2258064516129,0.45323741007194246,38,0.20588235294117646,0.2894736842105263,0.1764705882352941,0.10526315789473684,0.34210526315789475,0.1079136690647482,1
691026,FS,Splitter,Offspeed,44,0.36,0.64,0.06666666666666667,0.0966,83.02666666666666,0.38636363636363635,17,0.06666666666666667,0.11764705882352941,0.0,0.058823529411764705,0.29411764705882354,0.20454545454545456,0
691026,KC,Knuckle-Curve,Breaking,29,0.3,0.7,0.2857142857142857,0.1335714285714286,77.38571428571429,0.4827586206896552,7,0.2857142857142857,0.2857142857142857,0.0,0.0,0.2857142857142857,0.10344827586206896,0
691176,FF,4-Seam FB,Fastball,314,0.18666666666666668,0.8133333333333334,0.21052631578947367,0.24866405405405403,82.33859649122806,0.4745222929936306,83,0.17105263157894737,0.2125,0.0394736842105263,0.04819277108433735,0.20481927710843373,0.08917197452229299,0
691176,CH,Changeup,Offspeed,147,0.3132530120481928,0.6867469879518072,0.55,0.27087842105263155,79.72407407407408,0.3401360544217687,41,0.35,0.36585365853658536,0.20000000000000007,0.024390243902439025,0.1951219512195122,0.17687074829931973,1
691176,SI,Sinker,Fastball,102,0.13333333333333333,0.8666666666666667,0.45454545454545453,0.38201529411764706,88.97837837837838,0.5784313725490197,37,0.24242424242424243,0.32432432432432434,0.2121212121212121,0.10810810810810811,0.16216216216216217,0.058823529411764705,2
691176,FC,Cutter,Fastball,70,0.19047619047619047,0.8095238095238095,0.38095238095238093,0.35207872727272727,80.5794117647059,0.5285714285714286,23,0.3333333333333333,0.391304347826087,0.047619047619047616,0.043478260869565216,0.21739130434782608,0.11428571428571428,0
691176,SL,Slider,Breaking,70,0.24324324324324326,0.7567567567567568,0.7222222222222222,0.33085444444444445,86.8777777777778,0.5285714285714286,20,0.2777777777777778,0.35,0.4444444444444444,0.1,0.2,0.12857142857142856,2
691176,FS,Splitter,Offspeed,62,0.5142857142857142,0.48571428571428577,0.25,0.2132,78.92,0.3064516129032258,16,0.0625,0.0625,0.1875,0.0,0.3125,0.2903225806451613,1
691176,CU,Curveball,Breaking,51,0.375,0.625,0.75,0.274375,82.0,0.37254901960784315,8,0.25,0.25,0.5,0.0,0.25,0.17647058823529413,1
691176,ST,Sweeper,Breaking,44,0.17391304347826086,0.8260869565217391,0.2,0.2215352,84.81176470588235,0.4772727272727273,11,0.1,0.18181818181818182,0.1,0.0,0.18181818181818182,0.09090909090909091,0
691181,FF,4-Seam FB,Fastball,54,0.19230769230769232,0.8076923076923077,0.6666666666666666,0.6434093333333333,85.0611111111111,0.5185185185185185,15,0.16666666666666666,0.3333333333333333,0.5,0.2,0.2,0.09259259259259259,2
691181,CH,Changeup,Offspeed,36,0.6086956521739131,0.3913043478260869,0.14285714285714285,0.13892857142857143,83.17500000000001,0.3611111111111111,14,0.07142857142857142,0.07142857142857142,0.07142857142857142,0.0,0.5714285714285714,0.3888888888888889,0
691181,ST,Sweeper,Breaking,26,0.36363636363636365,0.6363636363636364,0.75,0.43425,82.82857142857142,0.5384615384615384,4,0.25,0.25,0.5,0.0,0.25,0.15384615384615385,0
691182,FF,4-Seam FB,Fastball,136,0.1780821917808219,0.821917808219178,0.5625,0.29915771428571425,77.55689655172414,0.5882352941176471,37,0.3125,0.3888888888888889,0.25,0.10810810810810811,0.16216216216216217,0.09558823529411764,2
691182,CH,Changeup,Offspeed,43,0.17391304347826086,0.8260869565217391,0.25,0.2061830769230769,79.17777777777778,0.37209302325581395,13,0.16666666666666666,0.23076923076923078,0.08333333333333334,0.07692307692307693,0.0,0.09302325581395349,0
691182,SI,Sinker,Fastball,42,0.05263157894736842,0.9473684210526316,0.9,0.43172999999999995,83.68823529411763,0.47619047619047616,12,0.5,0.5833333333333334,0.4,0.16666666666666666,0.08333333333333333,0.023809523809523808,1
691182,SL,Slider,Breaking,42,0.1111111111111111,0.8888888888888888,0.4166666666666667,0.13966666666666666,80.2642857142857,0.5714285714285714,12,0.3333333333333333,0.3333333333333333,0.08333333333333337,0.0,0.08333333333333333,0.047619047619047616,0
691182,FC,Cutter,Fastball,31,0.058823529411764705,0.9411764705882353,0.0,0.3188,83.7375,0.6451612903225806,5,0.0,0.0,0.0,0.0,0.0,0.03225806451612903,0
691182,CU,Curveball,Breaking,28,0.3076923076923077,0.6923076923076923,0.6666666666666666,0.26321649999999996,72.78571428571429,0.42857142857142855,8,0.16666666666666666,0.375,0.5,0.125,0.375,0.14285714285714285,1
691277,FF,4-Seam FB,Fastball,53,0.22727272727272727,0.7727272727272727,0.16666666666666666,0.21391666666666667,85.69375,0.6226415094339622,12,0.08333333333333333,0.08333333333333333,0.08333333333333333,0.0,0.3333333333333333,0.09433962264150944,0
691277,SL,Slider,Breaking,27,0.3333333333333333,0.6666666666666667,0.14285714285714285,0.028714285714285716,78.62,0.4444444444444444,7,0.14285714285714285,0.14285714285714285,0.0,0.0,0.42857142857142855,0.18518518518518517,0
691373,FF,4-Seam FB,Fastball,69,0.32653061224489793,0.6734693877551021,0.22727272727272727,0.3151322222222222,76.17,0.5362318840579711,23,0.18181818181818182,0.21739130434782608,0.04545454545454544,0.043478260869565216,0.34782608695652173,0.2318840579710145,0
691373,SL,Slider,Breaking,36,0.5217391304347826,0.4782608695652174,0.0,0.011222222222222222,79.09,0.5,9,0.0,0.0,0.0,0.0,0.6666666666666666,0.3333333333333333,0
691373,ST,Sweeper,Breaking,31,0.3684210526315789,0.631578947368421,0.14285714285714285,0.29700000000000004,82.575,0.3870967741935484,7,0.14285714285714285,0.14285714285714285,0.0,0.0,0.2857142857142857,0.22580645161290322,0
691373,SI,Sinker,Fastball,28,0.16666666666666666,0.8333333333333334,0.5,0.4528704,81.2,0.5,5,0.5,0.6,0.0,0.0,0.0,0.07142857142857142,0
691406,FF,4-Seam FB,Fastball,582,0.23282442748091603,0.767175572519084,0.6386554621848739,0.4332534814814815,88.45923913043478,0.4896907216494845,140,0.3025210084033613,0.4028776978417266,0.3361344537815126,0.14285714285714285,0.19285714285714287,0.10481099656357389,11
691406,SI,Sinker,Fastball,550,0.11538461538461539,0.8846153846153846,0.5735294117647058,0.380853059602649,89.61894736842105,0.5290909090909091,155,0.3382352941176471,0.4155844155844156,0.23529411764705876,0.10967741935483871,0.0967741935483871,0.04909090909090909,9
691406,SL,Slider,Breaking,440,0.263681592039801,0.736318407960199,0.49074074074074076,0.3425505357142857,85.15070422535213,0.42727272727272725,115,0.25,0.2956521739130435,0.24074074074074076,0.06086956521739131,0.14782608695652175,0.12045454545454545,7
691406,CH,Changeup,Offspeed,310,0.3191489361702128,0.6808510638297872,0.3283582089552239,0.34144016000000005,85.12747252747253,0.36774193548387096,76,0.23880597014925373,0.32,0.08955223880597016,0.09210526315789473,0.14473684210526316,0.14516129032258066,1
691406,ST,Sweeper,Breaking,295,0.35,0.65,0.4507042253521127,0.2712093513513514,83.36385542168675,0.3389830508474576,77,0.22535211267605634,0.2597402597402597,0.22535211267605634,0.03896103896103896,0.3116883116883117,0.16610169491525423,4
691406,FC,Cutter,Fastball,232,0.13131313131313133,0.8686868686868687,0.5333333333333333,0.38531176470588235,85.53690476190476,0.4482758620689655,51,0.3111111111111111,0.37254901960784315,0.2222222222222222,0.09803921568627451,0.09803921568627451,0.05603448275862069,3
691406,CU,Curveball,Breaking,145,0.31343283582089554,0.6865671641791045,0.3783783783783784,0.2709169230769231,80.5439024390244,0.35172413793103446,40,0.16216216216216217,0.20512820512820512,0.21621621621621623,0.05,0.35,0.14482758620689656,2
691406,FS,Splitter,Offspeed,107,0.3958333333333333,0.6041666666666667,0.631578947368421,0.4264946666666667,85.816,0.27102803738317754,24,0.2631578947368421,0.4166666666666667,0.3684210526315789,0.16666666666666666,0.3333333333333333,0.17757009345794392,2
691406,KC,Knuckle-Curve,Breaking,62,0.38461538461538464,0.6153846153846154,0.6470588235294118,0.36050000000000004,83.97142857142858,0.2903225806451613,17,0.29411764705882354,0.29411764705882354,0.35294117647058826,0.0,0.4117647058823529,0.16129032258064516,2
691458,FF,4-Seam FB,Fastball,204,0.13274336283185842,0.8672566371681416,0.46938775510204084,0.3170457692307692,82.59361702127659,0.5588235294117647,52,0.30612244897959184,0.3076923076923077,0.163265306122449,0.019230769230769232,0.15384615384615385,0.07352941176470588,1
691458,SI,Sinker,Fastball,140,0.14864864864864866,0.8513513513513513,0.23076923076923078,0.2831277209302326,84.3263157894737,0.55,43,0.23076923076923078,0.3023255813953488,0.0,0.06976744186046512,0.09302325581395349,0.07857142857142857,0
691458,SL,Slider,Breaking,122,0.28125,0.71875,0.3333333333333333,0.34163379310344827,81.68048780487804,0.45901639344262296,29,0.2222222222222222,0.2413793103448276,0.1111111111111111,0.034482758620689655,0.2413793103448276,0.14754098360655737,0
691458,CH,Changeup,Offspeed,73,0.2708333333333333,0.7291666666666667,0.5333333333333333,0.3557666666666667,82.934375,0.3835616438356164,31,0.2,0.1935483870967742,0.3333333333333333,0.0,0.16129032258064516,0.1780821917808219,2
691458,ST,Sweeper,Breaking,73,0.21875,0.78125,0.35294117647058826,0.2842576470588235,80.744,0.4246575342465753,18,0.23529411764705882,0.2777777777777778,0.11764705882352944,0.05555555555555555,0.1111111111111111,0.0958904109589041,0
691458,FC,Cutter,Fastball,46,0.32142857142857145,0.6785714285714286,0.25,0.15091666666666667,74.98333333333333,0.43478260869565216,12,0.25,0.25,0.0,0.0,0.16666666666666666,0.1956521739130435,0
691458,CU,Curveball,Breaking,39,0.29411764705882354,0.7058823529411764,0.5,0.5890915,84.33000000000001,0.38461538461538464,8,0.3333333333333333,0.5,0.16666666666666669,0.125,0.0,0.1282051282051282,0
691594,FF,4-Seam FB,Fastball,421,0.12442396313364056,0.8755760368663594,0.4519230769230769,0.3091028828828829,84.1054347826087,0.503562945368171,115,0.3076923076923077,0.36283185840707965,0.14423076923076922,0.0782608695652174,0.06956521739130435,0.06413301662707839,1
691594,SI,Sinker,Fastball,372,0.04945054945054945,0.9505494505494505,0.4857142857142857,0.36134578947368423,82.88909090909091,0.5752688172043011,114,0.3047619047619048,0.35964912280701755,0.18095238095238092,0.07894736842105263,0.008771929824561403,0.024193548387096774,4
691594,SL,Slider,Breaking,235,0.17647058823529413,0.8235294117647058,0.5064935064935064,0.24835064935064938,80.82000000000001,0.4297872340425532,77,0.3116883116883117,0.3116883116883117,0.19480519480519476,0.0,0.12987012987012986,0.10212765957446808,2
691594,FC,Cutter,Fastball,165,0.07317073170731707,0.926829268292683,0.6585365853658537,0.3197560975609756,80.94084507042254,0.4727272727272727,42,0.2926829268292683,0.2857142857142857,0.3658536585365854,0.0,0.047619047619047616,0.03636363636363636,3
691594,ST,Sweeper,Breaking,164,0.18072289156626506,0.8192771084337349,0.34146341463414637,0.18117571428571427,78.51718749999999,0.38414634146341464,42,0.1951219512195122,0.21428571428571427,0.14634146341463417,0.023809523809523808,0.19047619047619047,0.09146341463414634,1
691594,CH,Changeup,Offspeed,155,0.13333333333333333,0.8666666666666667,0.38333333333333336,0.2385993103448276,78.8360465116279,0.432258064516129,63,0.3333333333333333,0.3548387096774194,0.050000000000000044,0.031746031746031744,0.1111111111111111,0.09032258064516129,0
691594,CU,Curveball,Breaking,91,0.125,0.875,0.25,0.2222088888888889,80.15384615384616,0.3956043956043956,18,0.125,0.2222222222222222,0.125,0.1111111111111111,0.2222222222222222,0.04395604395604396,0
691594,FS,Splitter,Offspeed,34,0.17391304347826086,0.8260869565217391,0.4,0.43570545454545456,73.86666666666667,0.3235294117647059,12,0.4,0.5,0.0,0.16666666666666666,0.0,0.11764705882352941,0
691718,FF,4-Seam FB,Fastball,972,0.24772727272727274,0.7522727272727272,0.6205128205128205,0.36738946551724133,85.09218241042346,0.5277777777777778,235,0.24615384615384617,0.3702127659574468,0.37435897435897436,0.15319148936170213,0.2723404255319149,0.11213991769547325,20
691718,SI,Sinker,Fastball,399,0.15508021390374332,0.8449197860962567,0.48314606741573035,0.3818440776699029,84.64852941176471,0.581453634085213,105,0.33707865168539325,0.4380952380952381,0.1460674157303371,0.10476190476190476,0.17142857142857143,0.07268170426065163,1
691718,SL,Slider,Breaking,388,0.3096446700507614,0.6903553299492386,0.6233766233766234,0.40113862222222224,83.86259541984732,0.3917525773195876,90,0.2857142857142857,0.37777777777777777,0.33766233766233766,0.1,0.25555555555555554,0.15721649484536082,7
691718,CH,Changeup,Offspeed,345,0.26455026455026454,0.7354497354497355,0.5180722891566265,0.4026433333333333,83.68091603053435,0.3072463768115942,90,0.27710843373493976,0.3111111111111111,0.24096385542168675,0.05555555555555555,0.18888888888888888,0.14492753623188406,4
691718,ST,Sweeper,Breaking,230,0.2903225806451613,0.7096774193548387,0.43636363636363634,0.27814898245614034,82.5358024691358,0.44782608695652176,59,0.2,0.2542372881355932,0.23636363636363633,0.05084745762711865,0.3728813559322034,0.1565217391304348,4
691718,FC,Cutter,Fastball,192,0.30275229357798167,0.6972477064220184,0.5,0.33262256410256413,79.90138888888889,0.5520833333333334,40,0.23529411764705882,0.35,0.2647058823529412,0.15,0.175,0.171875,2
691718,CU,Curveball,Breaking,184,0.35714285714285715,0.6428571428571428,0.48717948717948717,0.3471938095238095,82.18392857142858,0.30978260869565216,42,0.28205128205128205,0.3333333333333333,0.20512820512820512,0.07142857142857142,0.47619047619047616,0.19021739130434784,2
691718,FS,Splitter,Offspeed,127,0.3,0.7,0.9354838709677419,0.4922654545454545,86.42790697674418,0.36220472440944884,33,0.41935483870967744,0.45454545454545453,0.5161290322580645,0.06060606060606061,0.21212121212121213,0.16535433070866143,4
691718,KC,Knuckle-Curve,Breaking,43,0.16129032258064516,0.8387096774193549,0.4666666666666667,0.39139999999999997,81.47916666666666,0.4418604651162791,16,0.4,0.4,0.06666666666666665,0.0,0.375,0.11627906976744186,0
691720,FF,4-Seam FB,Fastball,545,0.11320754716981132,0.8867924528301887,0.6564885496183206,0.40897394666666664,84.45777777777778,0.5321100917431193,155,0.35877862595419846,0.45806451612903226,0.29770992366412213,0.14838709677419354,0.18064516129032257,0.05504587155963303,8
691720,SI,Sinker,Fastball,347,0.10303030303030303,0.896969696969697,0.38461538461538464,0.32875522448979594,87.65886524822695,0.579250720461095,101,0.25274725274725274,0.31,0.1318681318681319,0.06930693069306931,0.10891089108910891,0.04899135446685879,3
691720,SL,Slider,Breaking,322,0.39568345323741005,0.60431654676259,0.26153846153846155,0.2780275492957746,80.25466666666667,0.37888198757763975,76,0.18461538461538463,0.27631578947368424,0.07692307692307693,0.07894736842105263,0.2631578947368421,0.17080745341614906,1
691720,ST,Sweeper,Breaking,229,0.4225352112676056,0.5774647887323944,0.15151515151515152,0.24450361904761905,77.33684210526316,0.3318777292576419,44,0.09090909090909091,0.3181818181818182,0.06060606060606061,0.22727272727272727,0.29545454545454547,0.13100436681222707,0
691720,CH,Changeup,Offspeed,179,0.32954545454545453,0.6704545454545454,0.2682926829268293,0.3098082926829268,76.89800000000001,0.3575418994413408,45,0.21951219512195122,0.2727272727272727,0.048780487804878064,0.06666666666666667,0.26666666666666666,0.16201117318435754,0
691720,FC,Cutter,Fastball,144,0.24193548387096775,0.7580645161290323,0.36,0.297875,82.76808510638298,0.4861111111111111,25,0.24,0.24,0.12,0.0,0.08,0.10416666666666667,0
691720,CU,Curveball,Breaking,90,0.41379310344827586,0.5862068965517242,0.26666666666666666,0.25595066666666666,74.6875,0.37777777777777777,18,0.2,0.3333333333333333,0.06666666666666665,0.1111111111111111,0.3333333333333333,0.13333333333333333,0
691720,FS,Splitter,Offspeed,35,0.5,0.5,0.375,0.44525000000000003,83.1,0.4,8,0.25,0.25,0.125,0.0,0.375,0.2571428571428571,0
691720,KC,Knuckle-Curve,Breaking,26,0.8461538461538461,0.15384615384615385,0.0,0.11976857142857143,69.85,0.38461538461538464,7,0.0,0.14285714285714285,0.0,0.14285714285714285,0.7142857142857143,0.4230769230769231,0
691723,FF,4-Seam FB,Fastball,475,0.16738197424892703,0.8326180257510729,0.4672897196261682,0.4131929836065574,86.84347826086957,0.5452631578947369,127,0.22429906542056074,0.3464566929133858,0.24299065420560748,0.14173228346456693,0.23622047244094488,0.08210526315789474,6
691723,SL,Slider,Breaking,357,0.44516129032258067,0.5548387096774193,0.5454545454545454,0.29338813953488374,89.16385542168675,0.42296918767507,89,0.22727272727272727,0.23595505617977527,0.3181818181818181,0.011235955056179775,0.4606741573033708,0.19327731092436976,8
691723,SI,Sinker,Fastball,290,0.15217391304347827,0.8478260869565217,0.53125,0.3919601739130435,86.45096153846154,0.5551724137931034,71,0.28125,0.352112676056338,0.25,0.08450704225352113,0.08450704225352113,0.07241379310344828,4
691723,ST,Sweeper,Breaking,238,0.3274336283185841,0.6725663716814159,0.14893617021276595,0.1424561632653061,78.63698630136986,0.4579831932773109,49,0.1276595744680851,0.14285714285714285,0.021276595744680854,0.0,0.3877551020408163,0.15546218487394958,0
691723,CH,Changeup,Offspeed,203,0.43478260869565216,0.5652173913043479,0.5,0.3423025,79.59591836734694,0.3399014778325123,50,0.21739130434782608,0.28,0.28260869565217395,0.08,0.34,0.19704433497536947,3
691723,FC,Cutter,Fastball,173,0.32941176470588235,0.6705882352941177,0.5185185185185185,0.3957054545454545,80.29814814814816,0.47398843930635837,35,0.25925925925925924,0.42857142857142855,0.25925925925925924,0.22857142857142856,0.2857142857142857,0.16184971098265896,2
691723,CU,Curveball,Breaking,146,0.2807017543859649,0.7192982456140351,0.6,0.3350754285714285,76.56666666666668,0.4178082191780822,28,0.28,0.35714285714285715,0.31999999999999995,0.07142857142857142,0.32142857142857145,0.1095890410958904,2
691723,FS,Splitter,Offspeed,30,0.375,0.625,0.125,0.13625,85.99,0.3,8,0.125,0.125,0.0,0.0,0.375,0.2,0
691728,FF,4-Seam FB,Fastball,111,0.5333333333333333,0.4666666666666667,0.12,0.16719034482758618,81.964,0.42342342342342343,29,0.08,0.20689655172413793,0.039999999999999994,0.13793103448275862,0.5517241379310345,0.2882882882882883,0
691728,FC,Cutter,Fastball,44,0.2,0.8,0.8,0.39381333333333335,78.65555555555555,0.3409090909090909,12,0.4,0.5,0.4,0.16666666666666666,0.0,0.11363636363636363,1
691728,SI,Sinker,Fastball,39,0.29411764705882354,0.7058823529411764,0.25,0.215125,80.18333333333334,0.5384615384615384,8,0.25,0.25,0.0,0.0,0.375,0.1282051282051282,0
691728,CH,Changeup,Offspeed,30,0.5294117647058824,0.47058823529411764,0.7142857142857143,0.3541725,84.0375,0.3,8,0.2857142857142857,0.375,0.4285714285714286,0.125,0.375,0.3,1
691728,SL,Slider,Breaking,27,0.35,0.65,0.6666666666666666,0.32733333333333337,85.99,0.4074074074074074,9,0.3333333333333333,0.3333333333333333,0.3333333333333333,0.0,0.4444444444444444,0.25925925925925924,0
691740,FF,4-Seam FB,Fastball,156,0.14432989690721648,0.8556701030927836,0.35,0.29048195121951215,81.50128205128206,0.6089743589743589,44,0.175,0.20930232558139536,0.175,0.045454545454545456,0.2727272727272727,0.08974358974358974,1
691740,SI,Sinker,Fastball,118,0.06557377049180328,0.9344262295081968,0.29411764705882354,0.32235497435897437,82.07499999999999,0.5932203389830508,40,0.23529411764705882,0.325,0.05882352941176472,0.075,0.075,0.03389830508474576,0
691740,SL,Slider,Breaking,99,0.3684210526315789,0.631578947368421,0.45,0.27991,81.79714285714284,0.36363636363636365,23,0.35,0.36363636363636365,0.10000000000000003,0.043478260869565216,0.13043478260869565,0.21212121212121213,0
691740,CH,Changeup,Offspeed,82,0.375,0.625,0.55,0.28575,77.07037037037036,0.2926829268292683,20,0.3,0.3,0.25000000000000006,0.0,0.3,0.21951219512195122,1
691740,ST,Sweeper,Breaking,58,0.4,0.6,0.0625,0.09086666666666665,79.65714285714286,0.27586206896551724,16,0.0625,0.0625,0.0,0.0,0.4375,0.20689655172413793,0
691740,FC,Cutter,Fastball,48,0.28,0.72,0.6666666666666666,0.35650000000000004,82.83333333333333,0.4791666666666667,9,0.3333333333333333,0.3333333333333333,0.3333333333333333,0.0,0.2222222222222222,0.14583333333333334,1
691740,CU,Curveball,Breaking,31,0.06666666666666667,0.9333333333333333,0.36363636363636365,0.37821015384615386,78.7,0.4838709677419355,16,0.36363636363636365,0.4,0.0,0.0625,0.1875,0.03225806451612903,0
691777,FF,4-Seam FB,Fastball,317,0.25609756097560976,0.7439024390243902,0.6805555555555556,0.3799510256410257,85.07767857142858,0.4668769716088328,83,0.2916666666666667,0.3855421686746988,0.3888888888888889,0.13253012048192772,0.30120481927710846,0.13249211356466878,8
691777,SI,Sinker,Fastball,246,0.19130434782608696,0.808695652173913,0.4339622641509434,0.3122258245614035,81.86296296296297,0.5528455284552846,59,0.32075471698113206,0.3898305084745763,0.11320754716981135,0.0847457627118644,0.13559322033898305,0.08943089430894309,0
691777,SL,Slider,Breaking,174,0.4421052631578947,0.5578947368421052,0.30952380952380953,0.26148834782608693,85.21914893617021,0.46551724137931033,48,0.19047619047619047,0.2553191489361702,0.11904761904761907,0.041666666666666664,0.4375,0.2413793103448276,1
691777,ST,Sweeper,Breaking,138,0.38571428571428573,0.6142857142857143,0.2,0.15940545454545454,80.6575,0.41304347826086957,38,0.11428571428571428,0.13157894736842105,0.08571428571428573,0.02631578947368421,0.39473684210526316,0.1956521739130435,1
691777,CH,Changeup,Offspeed,115,0.39344262295081966,0.6065573770491803,0.16129032258064516,0.2717541935483871,84.54242424242425,0.43478260869565216,32,0.16129032258064516,0.1875,0.0,0.03125,0.3125,0.20869565217391303,0
691777,FC,Cutter,Fastball,77,0.34375,0.65625,0.6923076923076923,0.32841384615384617,84.01,0.42857142857142855,14,0.38461538461538464,0.42857142857142855,0.30769230769230765,0.07142857142857142,0.21428571428571427,0.14285714285714285,1
691777,CU,Curveball,Breaking,58,0.3076923076923077,0.6923076923076923,0.23076923076923078,0.18526,73.16428571428571,0.41379310344827586,14,0.15384615384615385,0.21428571428571427,0.07692307692307693,0.07142857142857142,0.42857142857142855,0.13793103448275862,0
691777,FS,Splitter,Offspeed,26,0.6666666666666666,0.33333333333333337,0.0,0.10562171428571429,92.60000000000001,0.38461538461538464,7,0.0,0.14285714285714285,0.0,0.0,0.7142857142857143,0.38461538461538464,0
691781,FF,4-Seam FB,Fastball,365,0.30158730158730157,0.6984126984126984,0.44047619047619047,0.3551542857142857,84.65679999999999,0.5150684931506849,94,0.23809523809523808,0.30851063829787234,0.20238095238095238,0.09574468085106383,0.3617021276595745,0.15616438356164383,4
691781,SI,Sinker,Fastball,270,0.16911764705882354,0.8308823529411764,0.32432432432432434,0.3533690126582279,87.67227722772279,0.5518518518518518,85,0.24324324324324326,0.3411764705882353,0.08108108108108109,0.11764705882352941,0.12941176470588237,0.08518518518518518,0
691781,SL,Slider,Breaking,186,0.3723404255319149,0.6276595744680851,0.49019607843137253,0.27689461538461535,84.08727272727273,0.40860215053763443,55,0.3333333333333333,0.38181818181818183,0.1568627450980392,0.07272727272727272,0.2909090909090909,0.1881720430107527,1
691781,ST,Sweeper,Breaking,173,0.30120481927710846,0.6987951807228916,0.5609756097560976,0.4243520930232558,82.95714285714287,0.3930635838150289,45,0.24390243902439024,0.28888888888888886,0.3170731707317074,0.06666666666666667,0.15555555555555556,0.14450867052023122,4
691781,CH,Changeup,Offspeed,115,0.4264705882352941,0.5735294117647058,0.2857142857142857,0.2992057142857143,78.55,0.26956521739130435,30,0.25,0.3,0.0357142857142857,0.06666666666666667,0.3333333333333333,0.25217391304347825,0
691781,FC,Cutter,Fastball,100,0.3269230769230769,0.6730769230769231,0.4117647058823529,0.28717642105263164,77.92941176470589,0.46,19,0.35294117647058826,0.3684210526315789,0.05882352941176466,0.0,0.10526315789473684,0.17,0
691781,CU,Curveball,Breaking,64,0.3076923076923077,0.6923076923076923,0.1111111111111111,0.17612526315789476,83.88749999999999,0.40625,19,0.1111111111111111,0.15789473684210525,0.0,0.05263157894736842,0.42105263157894735,0.125,0
691781,FS,Splitter,Offspeed,29,0.29411764705882354,0.7058823529411764,0.16666666666666666,0.330946,85.98181818181818,0.3448275862068966,13,0.16666666666666666,0.23076923076923078,0.0,0.0,0.23076923076923078,0.1724137931034483,0
691783,FF,4-Seam FB,Fastball,190,0.25806451612903225,0.7419354838709677,0.5227272727272727,0.36632072727272735,83.77424242424243,0.5947368421052631,50,0.2727272727272727,0.3469387755102041,0.25,0.08,0.3,0.12631578947368421,2
691783,SI,Sinker,Fastball,98,0.19230769230769232,0.8076923076923077,0.5384615384615384,0.3263729655172413,84.36052631578949,0.5714285714285714,31,0.3076923076923077,0.41935483870967744,0.23076923076923073,0.06451612903225806,0.12903225806451613,0.10204081632653061,2
691783,SL,Slider,Breaking,82,0.2727272727272727,0.7272727272727273,0.3333333333333333,0.236625,80.01904761904763,0.32926829268292684,18,0.16666666666666666,0.16666666666666666,0.16666666666666666,0.0,0.5,0.10975609756097561,1
691783,CH,Changeup,Offspeed,68,0.22580645161290322,0.7741935483870968,0.8181818181818182,0.5478847272727273,79.62083333333335,0.38235294117647056,14,0.5454545454545454,0.6153846153846154,0.2727272727272728,0.07142857142857142,0.07142857142857142,0.10294117647058823,1
691783,ST,Sweeper,Breaking,57,0.3684210526315789,0.631578947368421,0.0,0.036199999999999996,79.47,0.2982456140350877,7,0.0,0.0,0.0,0.0,0.42857142857142855,0.12280701754385964,0
691783,FC,Cutter,Fastball,41,0.4117647058823529,0.5882352941176471,0.5714285714285714,0.2063076923076923,74.36,0.43902439024390244,14,0.42857142857142855,0.42857142857142855,0.14285714285714285,0.0,0.35714285714285715,0.17073170731707318,0
691783,CU,Curveball,Breaking,36,0.25,0.75,0.2222222222222222,0.2823352,78.98181818181818,0.3888888888888889,11,0.2222222222222222,0.36363636363636365,0.0,0.09090909090909091,0.18181818181818182,0.1111111111111111,0
691785,FF,4-Seam FB,Fastball,293,0.16352201257861634,0.8364779874213837,0.3380281690140845,0.3001217647058823,81.94590163934426,0.5563139931740614,81,0.2535211267605634,0.325,0.08450704225352113,0.09876543209876543,0.14814814814814814,0.08873720136518772,0
691785,CH,Changeup,Offspeed,189,0.45454545454545453,0.5454545454545454,0.11428571428571428,0.25263846153846153,78.67083333333333,0.3544973544973545,40,0.11428571428571428,0.225,0.0,0.125,0.275,0.21164021164021163,0
691785,SL,Slider,Breaking,120,0.36538461538461536,0.6346153846153846,0.2727272727272727,0.2363898947368421,89.44666666666667,0.425,40,0.18181818181818182,0.3,0.09090909090909088,0.075,0.325,0.15833333333333333,1
691785,CU,Curveball,Breaking,100,0.3023255813953488,0.6976744186046512,0.23809523809523808,0.21755999999999998,83.5607142857143,0.4,23,0.23809523809523808,0.30434782608695654,0.0,0.08695652173913043,0.30434782608695654,0.13,0
691785,SI,Sinker,Fastball,100,0.09615384615384616,0.9038461538461539,0.5142857142857142,0.2589047058823529,84.27674418604651,0.55,37,0.3142857142857143,0.35135135135135137,0.19999999999999996,0.05405405405405406,0.05405405405405406,0.05,1
691785,FS,Splitter,Offspeed,62,0.2413793103448276,0.7586206896551724,0.17647058823529413,0.14952941176470588,77.43,0.532258064516129,17,0.11764705882352941,0.11764705882352941,0.05882352941176472,0.0,0.17647058823529413,0.11290322580645161,0
691785,FC,Cutter,Fastball,55,0.20588235294117646,0.7941176470588236,0.08333333333333333,0.33854545454545454,75.26666666666667,0.5454545454545454,12,0.08333333333333333,0.08333333333333333,0.0,0.0,0.0,0.12727272727272726,0
691785,ST,Sweeper,Breaking,40,0.4,0.6,0.6666666666666666,0.28119714285714287,90.72,0.425,7,0.16666666666666666,0.2857142857142857,0.5,0.14285714285714285,0.42857142857142855,0.2,1
691788,FF,4-Seam FB,Fastball,332,0.13125,0.86875,0.5641025641025641,0.3382295238095238,86.42651515151515,0.5451807228915663,84,0.2948717948717949,0.34523809523809523,0.2692307692307692,0.07142857142857142,0.15476190476190477,0.06325301204819277,6
691788,CH,Changeup,Offspeed,208,0.45098039215686275,0.5490196078431373,0.2857142857142857,0.2158476,78.55686274509804,0.39903846153846156,50,0.16326530612244897,0.18,0.12244897959183673,0.02,0.42,0.22115384615384615,2
691788,SI,Sinker,Fastball,179,0.12345679012345678,0.8765432098765432,0.3953488372093023,0.3238729166666667,78.9140625,0.547486033519553,51,0.27906976744186046,0.3541666666666667,0.11627906976744184,0.09803921568627451,0.11764705882352941,0.055865921787709494,1
691788,SL,Slider,Breaking,153,0.2876712328767123,0.7123287671232876,0.3055555555555556,0.28006230000000004,81.43478260869566,0.5163398692810458,41,0.19444444444444445,0.275,0.11111111111111113,0.07317073170731707,0.24390243902439024,0.13725490196078433,1
691788,CU,Curveball,Breaking,122,0.25,0.75,0.375,0.3108952,79.77777777777777,0.45081967213114754,25,0.20833333333333334,0.24,0.16666666666666666,0.04,0.24,0.10655737704918032,1
691788,FC,Cutter,Fastball,99,0.2222222222222222,0.7777777777777778,0.5517241379310345,0.364055,85.27000000000001,0.6464646464646465,32,0.3103448275862069,0.34375,0.24137931034482757,0.0625,0.15625,0.1414141414141414,2
691788,ST,Sweeper,Breaking,97,0.42857142857142855,0.5714285714285714,0.34782608695652173,0.22402815384615385,79.04347826086956,0.4020618556701031,27,0.17391304347826086,0.23076923076923078,0.17391304347826086,0.037037037037037035,0.4444444444444444,0.18556701030927836,1
691788,FS,Splitter,Offspeed,53,0.2727272727272727,0.7272727272727273,0.2,0.3376,82.42666666666668,0.33962264150943394,10,0.2,0.2,0.0,0.0,0.3,0.11320754716981132,0
691788,KC,Knuckle-Curve,Breaking,34,0.3684210526315789,0.631578947368421,0.1,0.0651,68.55,0.3235294117647059,10,0.1,0.1,0.0,0.0,0.6,0.20588235294117646,0
691858,FF,4-Seam FB,Fastball,42,0.25925925925925924,0.7407407407407407,0.15384615384615385,0.07815384615384616,83.16111111111111,0.47619047619047616,13,0.15384615384615385,0.15384615384615385,0.0,0.0,0.38461538461538464,0.16666666666666666,0
691907,FF,4-Seam FB,Fastball,74,0.45161290322580644,0.5483870967741935,0.13333333333333333,0.23657411764705885,83.24,0.43243243243243246,18,0.13333333333333333,0.2777777777777778,0.0,0.16666666666666666,0.3888888888888889,0.1891891891891892,0
692216,FF,4-Seam FB,Fastball,73,0.2619047619047619,0.7380952380952381,0.46153846153846156,0.43454400000000004,84.64482758620689,0.5342465753424658,16,0.23076923076923078,0.375,0.23076923076923078,0.125,0.125,0.1506849315068493,1
692216,SI,Sinker,Fastball,30,0.0625,0.9375,0.42857142857142855,0.376076,90.06923076923076,0.5333333333333333,8,0.42857142857142855,0.5,0.0,0.125,0.0,0.03333333333333333,0
692216,CH,Changeup,Offspeed,25,0.6666666666666666,0.33333333333333337,1.25,1.362,90.025,0.4,4,0.5,0.5,0.75,0.0,0.5,0.32,1
693304,FF,4-Seam FB,Fastball,607,0.1588785046728972,0.8411214953271028,0.37410071942446044,0.36024290196078435,82.56124031007752,0.5074135090609555,159,0.2805755395683453,0.36477987421383645,0.09352517985611514,0.1069182389937107,0.14465408805031446,0.08401976935749589,1
693304,SI,Sinker,Fastball,539,0.18149466192170818,0.8185053380782918,0.4057971014492754,0.331991012987013,82.43714285714287,0.562152133580705,156,0.36231884057971014,0.4358974358974359,0.043478260869565244,0.0641025641025641,0.1346153846153846,0.09461966604823747,0
693304,SL,Slider,Breaking,282,0.3237410071942446,0.6762589928057554,0.4307692307692308,0.3573073529411765,82.08720930232558,0.41134751773049644,70,0.2923076923076923,0.34285714285714286,0.13846153846153847,0.07142857142857142,0.17142857142857143,0.1595744680851064,2
693304,ST,Sweeper,Breaking,204,0.20175438596491227,0.7982456140350878,0.4032258064516129,0.2983687213114754,78.80116279069767,0.4166666666666667,66,0.3225806451612903,0.36363636363636365,0.08064516129032256,0.045454545454545456,0.15151515151515152,0.11274509803921569,1
693304,CH,Changeup,Offspeed,203,0.29245283018867924,0.7075471698113207,0.3617021276595745,0.27820693877551017,79.25571428571428,0.37438423645320196,50,0.2978723404255319,0.34,0.06382978723404259,0.06,0.16,0.15270935960591134,0
693304,FC,Cutter,Fastball,194,0.24603174603174602,0.753968253968254,0.3090909090909091,0.28832185185185183,83.45813953488371,0.5463917525773195,57,0.2545454545454545,0.26785714285714285,0.054545454545454564,0.017543859649122806,0.15789473684210525,0.15979381443298968,0
693304,CU,Curveball,Breaking,119,0.3191489361702128,0.6808510638297872,0.5185185185185185,0.31993489655172413,83.13333333333334,0.44537815126050423,30,0.25925925925925924,0.3333333333333333,0.25925925925925924,0.06666666666666667,0.3333333333333333,0.12605042016806722,2
693304,FS,Splitter,Offspeed,59,0.48484848484848486,0.5151515151515151,0.15384615384615385,0.23678213333333334,76.45,0.3220338983050847,15,0.15384615384615385,0.26666666666666666,0.0,0.06666666666666667,0.3333333333333333,0.2711864406779661,0
693307,FF,4-Seam FB,Fastball,679,0.16352201257861634,0.8364779874213837,0.50625,0.40346034285714283,84.00358565737052,0.5051546391752577,176,0.28125,0.3409090909090909,0.22499999999999998,0.056818181818181816,0.1875,0.07658321060382917,8
693307,SI,Sinker,Fastball,544,0.10894941634241245,0.8910505836575875,0.3898305084745763,0.3679386046511628,82.79166666666667,0.5349264705882353,138,0.2542372881355932,0.35766423357664234,0.13559322033898308,0.10144927536231885,0.09420289855072464,0.051470588235294115,3
693307,SL,Slider,Breaking,275,0.328125,0.671875,0.7068965517241379,0.3373081379310345,84.0068493150685,0.4290909090909091,63,0.3275862068965517,0.38095238095238093,0.3793103448275862,0.06349206349206349,0.25396825396825395,0.15272727272727274,6
693307,CH,Changeup,Offspeed,245,0.3493150684931507,0.6506849315068493,0.34375,0.26736955223880604,81.2435294117647,0.3469387755102041,69,0.203125,0.21739130434782608,0.140625,0.028985507246376812,0.3333333333333333,0.20816326530612245,2
693307,FC,Cutter,Fastball,188,0.15,0.85,0.7111111111111111,0.3982115652173913,83.60493827160495,0.5372340425531915,48,0.28888888888888886,0.3125,0.4222222222222223,0.020833333333333332,0.16666666666666666,0.0797872340425532,5
693307,ST,Sweeper,Breaking,183,0.20652173913043478,0.7934782608695652,0.5652173913043478,0.3669128979591837,84.81764705882352,0.45901639344262296,49,0.2608695652173913,0.2857142857142857,0.3043478260869565,0.02040816326530612,0.1836734693877551,0.10382513661202186,4
693307,CU,Curveball,Breaking,174,0.40298507462686567,0.5970149253731343,0.2727272727272727,0.1809939090909091,82.04615384615384,0.39655172413793105,46,0.13636363636363635,0.17391304347826086,0.13636363636363635,0.021739130434782608,0.4782608695652174,0.15517241379310345,2
693307,FS,Splitter,Offspeed,67,0.34285714285714286,0.6571428571428571,0.1111111111111111,0.2083543157894737,80.545,0.3283582089552239,21,0.1111111111111111,0.2,0.0,0.047619047619047616,0.38095238095238093,0.1791044776119403,0
693307,KC,Knuckle-Curve,Breaking,40,0.375,0.625,0.09090909090909091,0.20781818181818182,82.28888888888888,0.375,11,0.09090909090909091,0.09090909090909091,0.0,0.0,0.45454545454545453,0.15,0
693409,FF,4-Seam FB,Fastball,41,0.15,0.85,0.08333333333333333,0.3311830769230769,83.23529411764706,0.4634146341463415,13,0.08333333333333333,0.15384615384615385,0.0,0.07692307692307693,0.07692307692307693,0.07317073170731707,0
693459,FF,4-Seam FB,Fastball,33,0.38095238095238093,0.6190476190476191,0.14285714285714285,0.2243942857142857,86.05999999999999,0.5757575757575758,9,0.14285714285714285,0.3333333333333333,0.0,0.2222222222222222,0.3333333333333333,0.24242424242424243,0
694025,FF,4-Seam FB,Fastball,38,0.13043478260869565,0.8695652173913043,0.8333333333333334,0.4324444444444444,90.99444444444445,0.5,12,0.5,0.5,0.33333333333333337,0.0,0.16666666666666666,0.07894736842105263,1
694025,SL,Slider,Breaking,28,0.2631578947368421,0.736842105263158,0.4,0.09811111111111112,84.55714285714285,0.42857142857142855,10,0.1,0.1,0.30000000000000004,0.0,0.2,0.17857142857142858,1
694192,FF,4-Seam FB,Fastball,617,0.2627986348122867,0.7372013651877133,0.6131386861313869,0.39399033557046975,88.13091787439613,0.5089141004862237,150,0.3284671532846715,0.38,0.28467153284671537,0.08,0.26666666666666666,0.12479740680713128,9
694192,SI,Sinker,Fastball,425,0.12886597938144329,0.8711340206185567,0.411214953271028,0.34673129411764714,87.35909090909091,0.5411764705882353,123,0.2803738317757009,0.37398373983739835,0.13084112149532712,0.11382113821138211,0.1951219512195122,0.058823529411764705,3
694192,SL,Slider,Breaking,351,0.33557046979865773,0.6644295302013423,0.2777777777777778,0.2550208219178082,81.77157894736841,0.39886039886039887,76,0.25,0.2894736842105263,0.02777777777777779,0.05263157894736842,0.3026315789473684,0.14245014245014245,0
694192,ST,Sweeper,Breaking,226,0.2920353982300885,0.7079646017699115,0.36363636363636365,0.3041666666666667,79.80410958904109,0.39823008849557523,55,0.18181818181818182,0.18181818181818182,0.18181818181818182,0.0,0.2909090909090909,0.14601769911504425,3
694192,FC,Cutter,Fastball,206,0.3125,0.6875,0.5,0.38477169811320755,82.2125,0.5242718446601942,53,0.2708333333333333,0.33962264150943394,0.22916666666666669,0.09433962264150944,0.16981132075471697,0.16990291262135923,3
694192,CH,Changeup,Offspeed,180,0.20192307692307693,0.7980769230769231,0.576271186440678,0.2989893103448276,82.01518987341773,0.4388888888888889,61,0.3220338983050847,0.3333333333333333,0.25423728813559326,0.01639344262295082,0.16393442622950818,0.11666666666666667,4
694192,CU,Curveball,Breaking,114,0.24390243902439024,0.7560975609756098,0.5217391304347826,0.2724704,82.61724137931033,0.45614035087719296,26,0.34782608695652173,0.38461538461538464,0.17391304347826086,0.07692307692307693,0.2692307692307692,0.08771929824561403,1
694192,FS,Splitter,Offspeed,62,0.35294117647058826,0.6470588235294117,0.29411764705882354,0.3332988888888889,84.10526315789473,0.3548387096774194,18,0.11764705882352941,0.16666666666666666,0.17647058823529413,0.05555555555555555,0.3333333333333333,0.1935483870967742,1
694192,KC,Knuckle-Curve,Breaking,31,0.35714285714285715,0.6428571428571428,1.2857142857142858,0.46219714285714286,84.6875,0.3548387096774194,8,0.7142857142857143,0.75,0.5714285714285715,0.125,0.125,0.16129032258064516,1
694197,FF,4-Seam FB,Fastball,132,0.15625,0.84375,0.34285714285714286,0.36484578947368423,86.5653846153846,0.5151515151515151,38,0.2857142857142857,0.34210526315789475,0.05714285714285716,0.07894736842105263,0.13157894736842105,0.07575757575757576,0
694197,SI,Sinker,Fastball,91,0.07142857142857142,0.9285714285714286,0.2962962962962963,0.30966193548387094,88.99722222222222,0.5934065934065934,31,0.18518518518518517,0.2903225806451613,0.1111111111111111,0.12903225806451613,0.06451612903225806,0.03296703296703297,1
694197,CH,Changeup,Offspeed,72,0.18518518518518517,0.8148148148148149,0.1875,0.24014,87.63499999999999,0.25,17,0.1875,0.23529411764705882,0.0,0.058823529411764705,0.058823529411764705,0.06944444444444445,0
694197,FC,Cutter,Fastball,60,0.3225806451612903,0.6774193548387097,0.13333333333333333,0.25310188235294123,81.22631578947369,0.55,17,0.13333333333333333,0.23529411764705882,0.0,0.058823529411764705,0.11764705882352941,0.16666666666666666,0
694197,SL,Slider,Breaking,52,0.34782608695652173,0.6521739130434783,0.2727272727272727,0.2157272727272727,84.70714285714287,0.3076923076923077,11,0.18181818181818182,0.18181818181818182,0.09090909090909088,0.0,0.36363636363636365,0.15384615384615385,0
694197,CU,Curveball,Breaking,41,0.26666666666666666,0.7333333333333334,0.2857142857142857,0.15585714285714286,80.99,0.3170731707317073,7,0.14285714285714285,0.14285714285714285,0.14285714285714285,0.0,0.2857142857142857,0.0975609756097561,0
694197,ST,Sweeper,Breaking,30,0.46153846153846156,0.5384615384615384,0.625,0.24082,88.16666666666667,0.43333333333333335,9,0.25,0.3333333333333333,0.375,0.1111111111111111,0.3333333333333333,0.2,1
694203,FF,4-Seam FB,Fastball,344,0.24861878453038674,0.7513812154696132,0.2727272727272727,0.22592714285714288,77.2827868852459,0.561046511627907,72,0.13636363636363635,0.19718309859154928,0.13636363636363635,0.06944444444444445,0.3194444444444444,0.1308139534883721,3
694203,SI,Sinker,Fastball,221,0.14285714285714285,0.8571428571428572,0.3275862068965517,0.28855233333333336,85.54024390243903,0.5384615384615384,62,0.29310344827586204,0.32786885245901637,0.03448275862068967,0.04838709677419355,0.14516129032258066,0.06787330316742081,0
694203,SL,Slider,Breaking,154,0.29213483146067415,0.7078651685393258,0.3111111111111111,0.27099020408163266,80.4032786885246,0.43506493506493504,50,0.17777777777777778,0.24489795918367346,0.13333333333333333,0.08,0.2,0.16883116883116883,2
694203,CH,Changeup,Offspeed,118,0.4520547945205479,0.547945205479452,0.34285714285714286,0.19426302702702705,79.325641025641,0.423728813559322,37,0.17142857142857143,0.21621621621621623,0.17142857142857143,0.02702702702702703,0.43243243243243246,0.2796610169491525,1
694203,ST,Sweeper,Breaking,116,0.328125,0.671875,0.1935483870967742,0.21179312499999997,73.98372093023256,0.39655172413793105,32,0.16129032258064516,0.1875,0.03225806451612903,0.03125,0.34375,0.1810344827586207,0
694203,FC,Cutter,Fastball,73,0.19047619047619047,0.8095238095238095,0.7777777777777778,0.4932733333333334,86.51212121212122,0.6301369863013698,28,0.48148148148148145,0.5,0.29629629629629634,0.03571428571428571,0.10714285714285714,0.1095890410958904,2
694203,CU,Curveball,Breaking,72,0.2,0.8,0.3333333333333333,0.24055428571428572,72.56363636363636,0.3333333333333333,15,0.25,0.35714285714285715,0.08333333333333331,0.13333333333333333,0.13333333333333333,0.08333333333333333,0
694208,FF,4-Seam FB,Fastball,468,0.329004329004329,0.670995670995671,0.37894736842105264,0.30107775700934586,83.37465753424658,0.44871794871794873,113,0.17894736842105263,0.2857142857142857,0.2,0.13274336283185842,0.3274336283185841,0.1623931623931624,6
694208,SL,Slider,Breaking,208,0.35185185185185186,0.6481481481481481,0.28888888888888886,0.2541279166666667,85.29701492537315,0.42788461538461536,50,0.17777777777777778,0.24,0.11111111111111108,0.08,0.22,0.18269230769230768,1
694208,CH,Changeup,Offspeed,196,0.2988505747126437,0.7011494252873562,0.2826086956521739,0.25057274999999996,80.41578947368421,0.39285714285714285,50,0.21739130434782608,0.28,0.06521739130434781,0.06,0.18,0.1326530612244898,0
694208,SI,Sinker,Fastball,156,0.13186813186813187,0.8681318681318682,0.4,0.30001767441860466,83.89866666666667,0.532051282051282,47,0.3111111111111111,0.3404255319148936,0.0888888888888889,0.0425531914893617,0.19148936170212766,0.07692307692307693,0
694208,FC,Cutter,Fastball,98,0.16666666666666666,0.8333333333333334,0.5909090909090909,0.29348,81.59285714285714,0.3979591836734694,26,0.22727272727272727,0.34615384615384615,0.36363636363636365,0.15384615384615385,0.15384615384615385,0.09183673469387756,2
694208,ST,Sweeper,Breaking,89,0.2702702702702703,0.7297297297297297,0.29411764705882354,0.28577375,79.768,0.4044943820224719,20,0.23529411764705882,0.3,0.05882352941176472,0.1,0.2,0.11235955056179775,0
694208,CU,Curveball,Breaking,81,0.38095238095238093,0.6190476190476191,0.44,0.2736684615384615,82.12083333333334,0.32098765432098764,26,0.2,0.23076923076923078,0.24,0.038461538461538464,0.3076923076923077,0.19753086419753085,2
694208,FS,Splitter,Offspeed,66,0.14285714285714285,0.8571428571428572,0.38095238095238093,0.3832445454545455,82.03448275862067,0.4090909090909091,22,0.38095238095238093,0.4090909090909091,0.0,0.045454545454545456,0.045454545454545456,0.07575757575757576,0
694208,KC,Knuckle-Curve,Breaking,33,0.3333333333333333,0.6666666666666667,0.25,0.31275,79.925,0.45454545454545453,8,0.25,0.25,0.0,0.0,0.25,0.18181818181818182,0
694212,FF,4-Seam FB,Fastball,403,0.2909090909090909,0.7090909090909091,0.41284403669724773,0.32870283185840715,87.1695945945946,0.5062034739454094,120,0.22018348623853212,0.2833333333333333,0.1926605504587156,0.08333333333333333,0.3,0.1588089330024814,5
694212,SL,Slider,Breaking,225,0.39655172413793105,0.603448275862069,0.4166666666666667,0.33441200000000004,85.1241935483871,0.38222222222222224,56,0.25,0.3392857142857143,0.16666666666666669,0.125,0.25,0.20444444444444446,2
694212,CH,Changeup,Offspeed,197,0.2815533980582524,0.7184466019417476,0.48214285714285715,0.2973656727272727,84.44307692307692,0.3248730964467005,59,0.26785714285714285,0.3050847457627119,0.2142857142857143,0.03389830508474576,0.2711864406779661,0.14720812182741116,3
694212,SI,Sinker,Fastball,192,0.175,0.825,0.38461538461538464,0.3747702222222222,79.31803278688524,0.5364583333333334,46,0.15384615384615385,0.2826086956521739,0.23076923076923078,0.15217391304347827,0.21739130434782608,0.07291666666666667,3
694212,ST,Sweeper,Breaking,152,0.3088235294117647,0.6911764705882353,0.21428571428571427,0.2631430967741935,80.93023255813954,0.40131578947368424,32,0.21428571428571427,0.3125,0.0,0.03125,0.28125,0.13815789473684212,0
694212,FC,Cutter,Fastball,141,0.2,0.8,0.6,0.3480890322580645,84.74528301886792,0.49645390070921985,33,0.3333333333333333,0.3939393939393939,0.26666666666666666,0.09090909090909091,0.030303030303030304,0.11347517730496454,2
694212,CU,Curveball,Breaking,120,0.40298507462686567,0.5970149253731343,0.24242424242424243,0.21518764705882354,80.60789473684208,0.325,35,0.12121212121212122,0.14285714285714285,0.12121212121212122,0.02857142857142857,0.37142857142857144,0.225,1
694212,FS,Splitter,Offspeed,54,0.2857142857142857,0.7142857142857143,0.75,0.43425,87.20833333333333,0.3888888888888889,20,0.3,0.3,0.45,0.0,0.2,0.18518518518518517,3
694212,KC,Knuckle-Curve,Breaking,32,0.5833333333333334,0.41666666666666663,0.5,0.20270000000000002,81.51111111111112,0.46875,10,0.2,0.2,0.3,0.0,0.6,0.4375,1
694249,FF,4-Seam FB,Fastball,428,0.20622568093385213,0.7937743190661479,0.48623853211009177,0.30020189655172413,81.51794871794871,0.5257009345794392,121,0.25688073394495414,0.31092436974789917,0.22935779816513763,0.0743801652892562,0.17355371900826447,0.12383177570093458,6
694249,CH,Changeup,Offspeed,229,0.30578512396694213,0.6942148760330579,0.5535714285714286,0.36896500000000004,80.18552631578947,0.31877729257641924,62,0.375,0.4262295081967213,0.1785714285714286,0.08064516129032258,0.27419354838709675,0.1615720524017467,1
694249,SI,Sinker,Fastball,194,0.11818181818181818,0.8818181818181818,0.32653061224489793,0.3562979310344828,83.14444444444445,0.6134020618556701,59,0.2653061224489796,0.3389830508474576,0.061224489795918324,0.11864406779661017,0.15254237288135594,0.06701030927835051,0
694249,SL,Slider,Breaking,165,0.2962962962962963,0.7037037037037037,0.5588235294117647,0.33780583783783785,85.30980392156863,0.42424242424242425,39,0.2647058823529412,0.358974358974359,0.29411764705882354,0.05128205128205128,0.23076923076923078,0.14545454545454545,2
694249,CU,Curveball,Breaking,155,0.5081967213114754,0.4918032786885246,0.36,0.14480592592592595,75.33333333333333,0.32903225806451614,27,0.24,0.2962962962962963,0.12,0.07407407407407407,0.5555555555555556,0.2,0
694249,FC,Cutter,Fastball,125,0.1643835616438356,0.8356164383561644,0.75,0.3647241666666667,83.07818181818182,0.568,25,0.375,0.4,0.375,0.04,0.24,0.096,2
694249,ST,Sweeper,Breaking,68,0.34782608695652173,0.6521739130434783,0.5,0.30818307692307695,85.85999999999999,0.2647058823529412,13,0.3333333333333333,0.38461538461538464,0.16666666666666669,0.07692307692307693,0.38461538461538464,0.11764705882352941,0
694249,FS,Splitter,Offspeed,53,0.3333333333333333,0.6666666666666667,0.17647058823529413,0.20700000000000002,79.2235294117647,0.3018867924528302,17,0.17647058823529413,0.17647058823529413,0.0,0.0,0.17647058823529413,0.18867924528301888,0
694362,FF,4-Seam FB,Fastball,163,0.19718309859154928,0.8028169014084507,0.40625,0.3375066315789474,77.12857142857142,0.5460122699386503,39,0.28125,0.38461538461538464,0.125,0.1282051282051282,0.20512820512820512,0.08588957055214724,0
694362,SI,Sinker,Fastball,112,0.07272727272727272,0.9272727272727272,0.3684210526315789,0.2966694117647059,84.57045454545455,0.5982142857142857,40,0.2631578947368421,0.3,0.10526315789473684,0.05,0.075,0.03571428571428571,1
694362,SL,Slider,Breaking,99,0.4,0.6,0.2857142857142857,0.1855925925925926,88.376,0.5555555555555556,28,0.17857142857142858,0.17857142857142858,0.10714285714285712,0.0,0.2857142857142857,0.2222222222222222,1
694362,ST,Sweeper,Breaking,46,0.42105263157894735,0.5789473684210527,0.3,0.2157,73.75454545454545,0.32608695652173914,10,0.3,0.3,0.0,0.0,0.5,0.17391304347826086,0
694362,FC,Cutter,Fastball,45,0.18181818181818182,0.8181818181818181,0.4444444444444444,0.4387054545454546,76.11250000000001,0.4,11,0.3333333333333333,0.45454545454545453,0.1111111111111111,0.18181818181818182,0.09090909090909091,0.08888888888888889,0
694362,CH,Changeup,Offspeed,43,0.4117647058823529,0.5882352941176471,0.5,0.2021830769230769,69.69000000000001,0.4186046511627907,13,0.4166666666666667,0.46153846153846156,0.08333333333333331,0.07692307692307693,0.38461538461538464,0.16279069767441862,0
694362,CU,Curveball,Breaking,25,0.2222222222222222,0.7777777777777778,0.42857142857142855,0.375919,84.54,0.4,8,0.2857142857142857,0.375,0.14285714285714285,0.0,0.375,0.08,0
694371,SI,Sinker,Fastball,134,0.14285714285714285,0.8571428571428572,0.1935483870967742,0.21253352941176473,76.46808510638297,0.5746268656716418,34,0.16129032258064516,0.23529411764705882,0.03225806451612903,0.08823529411764706,0.17647058823529413,0.06716417910447761,0
694371,FF,4-Seam FB,Fastball,125,0.11320754716981132,0.8867924528301887,0.8,0.5089114285714285,86.14347826086956,0.52,35,0.4,0.4857142857142857,0.4,0.14285714285714285,0.11428571428571428,0.048,3
694371,SL,Slider,Breaking,101,0.46153846153846156,0.5384615384615384,0.07692307692307693,0.18094625000000003,66.69444444444446,0.40594059405940597,18,0.07692307692307693,0.25,0.0,0.16666666666666666,0.2777777777777778,0.1782178217821782,0
694371,ST,Sweeper,Breaking,73,0.3157894736842105,0.6842105263157895,0.047619047619047616,0.23079,79.8913043478261,0.4931506849315068,22,0.047619047619047616,0.09090909090909091,0.0,0.045454545454545456,0.36363636363636365,0.1643835616438356,0
694371,CH,Changeup,Offspeed,49,0.4782608695652174,0.5217391304347826,0.5,0.24956769230769232,79.28333333333333,0.5102040816326531,13,0.25,0.3076923076923077,0.25,0.07692307692307693,0.5384615384615384,0.22448979591836735,1
694371,CU,Curveball,Breaking,33,0.36363636363636365,0.6363636363636364,0.25,0.08299999999999999,70.375,0.3333333333333333,4,0.25,0.25,0.0,0.0,0.5,0.12121212121212122,0
694371,FC,Cutter,Fastball,32,0.15789473684210525,0.8421052631578947,0.38461538461538464,0.32699999999999996,83.53125,0.5,13,0.3076923076923077,0.3076923076923077,0.07692307692307693,0.0,0.15384615384615385,0.09375,0
694374,FF,4-Seam FB,Fastball,435,0.19823788546255505,0.801762114537445,0.26881720430107525,0.3000258585858586,81.24213836477988,0.5080459770114942,111,0.1827956989247312,0.28703703703703703,0.08602150537634407,0.12612612612612611,0.25225225225225223,0.10344827586206896,2
694374,SI,Sinker,Fastball,241,0.10909090909090909,0.8909090909090909,0.5,0.40936140845070423,86.46813186813188,0.5103734439834025,75,0.34375,0.4027777777777778,0.15625,0.09333333333333334,0.09333333333333334,0.04979253112033195,2
694374,SL,Slider,Breaking,223,0.3235294117647059,0.6764705882352942,0.4375,0.3268628,79.64696969696969,0.4349775784753363,51,0.22916666666666666,0.27450980392156865,0.20833333333333334,0.058823529411764705,0.2549019607843137,0.14798206278026907,3
694374,ST,Sweeper,Breaking,184,0.40476190476190477,0.5952380952380952,0.22857142857142856,0.17657142857142857,80.32826086956523,0.44565217391304346,37,0.14285714285714285,0.13513513513513514,0.08571428571428572,0.0,0.3783783783783784,0.18478260869565216,1
694374,CH,Changeup,Offspeed,117,0.45,0.55,0.59375,0.3309064285714286,86.29666666666665,0.38461538461538464,33,0.3125,0.3333333333333333,0.28125,0.030303030303030304,0.2727272727272727,0.23076923076923078,2
694374,FC,Cutter,Fastball,117,0.34375,0.65625,0.4444444444444444,0.33628068965517244,82.08974358974358,0.5042735042735043,31,0.3333333333333333,0.3870967741935484,0.1111111111111111,0.0967741935483871,0.16129032258064516,0.18803418803418803,0
694374,CU,Curveball,Breaking,62,0.3181818181818182,0.6818181818181819,0.14285714285714285,0.2022975,76.92999999999999,0.4032258064516129,9,0.14285714285714285,0.25,0.0,0.1111111111111111,0.5555555555555556,0.11290322580645161,0
694374,FS,Splitter,Offspeed,48,0.3448275862068966,0.6551724137931034,0.6153846153846154,0.36141666666666666,82.825,0.4166666666666667,13,0.3076923076923077,0.3076923076923077,0.3076923076923077,0.0,0.23076923076923078,0.20833333333333334,1
694374,KC,Knuckle-Curve,Breaking,27,0.6666666666666666,0.33333333333333337,0.3333333333333333,0.147,78.9,0.3333333333333333,6,0.16666666666666666,0.16666666666666666,0.16666666666666666,0.0,0.6666666666666666,0.2962962962962963,0
694376,FF,4-Seam FB,Fastball,164,0.2597402597402597,0.7402597402597403,0.4473684210526316,0.30765157894736844,84.57600000000001,0.47560975609756095,41,0.2894736842105263,0.325,0.15789473684210525,0.04878048780487805,0.3170731707317073,0.12195121951219512,1
694376,SI,Sinker,Fastball,71,0.10810810810810811,0.8918918918918919,0.391304347826087,0.28500000000000003,80.1774193548387,0.6619718309859155,25,0.2608695652173913,0.2608695652173913,0.13043478260869568,0.0,0.16,0.056338028169014086,1
694376,SL,Slider,Breaking,59,0.2647058823529412,0.7352941176470589,0.07142857142857142,0.206,75.67619047619048,0.4406779661016949,14,0.07142857142857142,0.07142857142857142,0.0,0.0,0.2857142857142857,0.15254237288135594,0
694376,ST,Sweeper,Breaking,56,0.2,0.8,0.5,0.3740666666666667,81.76666666666667,0.48214285714285715,18,0.16666666666666666,0.16666666666666666,0.33333333333333337,0.0,0.05555555555555555,0.10714285714285714,2
694376,CH,Changeup,Offspeed,48,0.48,0.52,0.125,0.074625,72.96666666666667,0.4375,16,0.125,0.125,0.0,0.0,0.5,0.25,0
694376,CU,Curveball,Breaking,36,0.45454545454545453,0.5454545454545454,0.2,0.29389666666666664,73.05,0.3333333333333333,6,0.2,0.3333333333333333,0.0,0.16666666666666666,0.3333333333333333,0.1388888888888889,0
694376,FC,Cutter,Fastball,27,0.3076923076923077,0.6923076923076923,0.2,0.319076,85.27777777777777,0.48148148148148145,6,0.2,0.3333333333333333,0.0,0.16666666666666666,0.0,0.14814814814814814,0
694377,FF,4-Seam FB,Fastball,165,0.21568627450980393,0.7843137254901961,0.24242424242424243,0.31120375,80.72297297297297,0.5515151515151515,38,0.21212121212121213,0.2894736842105263,0.030303030303030304,0.10526315789473684,0.23684210526315788,0.13333333333333333,0
694377,SI,Sinker,Fastball,94,0.12,0.88,0.4642857142857143,0.3619530370370371,84.24249999999999,0.6702127659574468,32,0.2857142857142857,0.3548387096774194,0.1785714285714286,0.03125,0.0625,0.06382978723404255,1
694377,CH,Changeup,Offspeed,86,0.2682926829268293,0.7317073170731707,0.2608695652173913,0.2597,79.8758620689655,0.38372093023255816,24,0.2608695652173913,0.25,0.0,0.0,0.125,0.12790697674418605,0
694377,SL,Slider,Breaking,61,0.3333333333333333,0.6666666666666667,0.45454545454545453,0.22798,84.5235294117647,0.47540983606557374,13,0.2727272727272727,0.38461538461538464,0.18181818181818182,0.15384615384615385,0.23076923076923078,0.14754098360655737,0
694377,ST,Sweeper,Breaking,42,0.21428571428571427,0.7857142857142857,0.0,0.1817088888888889,80.89999999999999,0.2857142857142857,10,0.0,0.1,0.0,0.1,0.4,0.07142857142857142,0
694377,FC,Cutter,Fastball,35,0.1875,0.8125,0.16666666666666666,0.3968966666666667,85.51666666666665,0.4857142857142857,7,0.16666666666666666,0.2857142857142857,0.0,0.14285714285714285,0.14285714285714285,0.08571428571428572,0
694377,CU,Curveball,Breaking,33,0.2,0.8,0.0,0.3744506666666667,82.2,0.36363636363636365,4,0.0,0.5,0.0,0.0,0.25,0.030303030303030304,0
694378,FF,4-Seam FB,Fastball,282,0.2215568862275449,0.7784431137724551,0.3448275862068966,0.3283681904761905,83.18166666666666,0.524822695035461,65,0.2413793103448276,0.3125,0.10344827586206898,0.046153846153846156,0.2,0.13120567375886524,1
694378,SI,Sinker,Fastball,125,0.16129032258064516,0.8387096774193549,0.3225806451612903,0.3294131111111111,81.5391304347826,0.552,38,0.22580645161290322,0.32432432432432434,0.0967741935483871,0.10526315789473684,0.18421052631578946,0.08,0
694378,CH,Changeup,Offspeed,108,0.17647058823529413,0.8235294117647058,0.32432432432432434,0.23741666666666664,78.19622641509433,0.39814814814814814,37,0.21621621621621623,0.21621621621621623,0.10810810810810811,0.0,0.10810810810810811,0.1111111111111111,1
694378,SL,Slider,Breaking,89,0.2553191489361702,0.7446808510638299,0.4166666666666667,0.2690416666666667,80.90606060606059,0.449438202247191,24,0.25,0.25,0.16666666666666669,0.0,0.16666666666666666,0.1348314606741573,1
694378,FC,Cutter,Fastball,79,0.16666666666666666,0.8333333333333334,0.07692307692307693,0.20445571428571427,76.81470588235295,0.6075949367088608,14,0.07692307692307693,0.14285714285714285,0.0,0.07142857142857142,0.35714285714285715,0.08860759493670886,0
694378,CU,Curveball,Breaking,59,0.22580645161290322,0.7741935483870968,0.9,0.5046709090909091,79.125,0.4067796610169492,11,0.5,0.5454545454545454,0.4,0.09090909090909091,0.18181818181818182,0.11864406779661017,1
694378,FS,Splitter,Offspeed,57,0.3333333333333333,0.6666666666666667,0.29411764705882354,0.2662433333333334,84.76666666666668,0.5087719298245614,18,0.11764705882352941,0.16666666666666666,0.17647058823529413,0.05555555555555555,0.1111111111111111,0.19298245614035087,1
694378,ST,Sweeper,Breaking,40,0.15,0.85,0.3333333333333333,0.28326,79.16000000000001,0.5,13,0.08333333333333333,0.15384615384615385,0.25,0.07692307692307693,0.23076923076923078,0.075,1
694378,KC,Knuckle-Curve,Breaking,28,0.13333333333333333,0.8666666666666667,0.25,0.3245,83.48333333333333,0.39285714285714285,4,0.25,0.25,0.0,0.0,0.5,0.07142857142857142,0
694384,FF,4-Seam FB,Fastball,565,0.1059322033898305,0.8940677966101696,0.425,0.377504347826087,82.08374384236453,0.5433628318584071,145,0.2916666666666667,0.4,0.1333333333333333,0.15862068965517243,0.13793103448275862,0.04424778761061947,2
694384,SI,Sinker,Fastball,245,0.05714285714285714,0.9428571428571428,0.2876712328767123,0.35082955,83.14040404040405,0.5673469387755102,84,0.2465753424657534,0.34523809523809523,0.0410958904109589,0.10714285714285714,0.09523809523809523,0.024489795918367346,0
694384,CH,Changeup,Offspeed,222,0.16842105263157894,0.8315789473684211,0.32608695652173914,0.2714861538461539,76.94545454545454,0.3963963963963964,53,0.2391304347826087,0.3269230769230769,0.08695652173913043,0.11320754716981132,0.09433962264150944,0.07207207207207207,1
694384,SL,Slider,Breaking,212,0.2708333333333333,0.7291666666666667,0.45454545454545453,0.3608125384615385,80.93384615384616,0.4528301886792453,54,0.3181818181818182,0.3888888888888889,0.13636363636363635,0.1111111111111111,0.14814814814814814,0.12264150943396226,1
694384,FC,Cutter,Fastball,163,0.05333333333333334,0.9466666666666667,0.3783783783783784,0.31407076923076926,84.03731343283582,0.5337423312883436,39,0.2702702702702703,0.3076923076923077,0.10810810810810811,0.05128205128205128,0.02564102564102564,0.024539877300613498,1
694384,ST,Sweeper,Breaking,141,0.22807017543859648,0.7719298245614035,0.5,0.280877625,79.86511627906977,0.48226950354609927,34,0.23333333333333334,0.3235294117647059,0.26666666666666666,0.058823529411764705,0.14705882352941177,0.09219858156028368,2
694384,CU,Curveball,Breaking,99,0.2727272727272727,0.7272727272727273,0.3333333333333333,0.30925485714285716,82.5875,0.3333333333333333,22,0.2857142857142857,0.3181818181818182,0.047619047619047616,0.0,0.13636363636363635,0.12121212121212122,0
694384,FS,Splitter,Offspeed,67,0.4594594594594595,0.5405405405405406,0.3125,0.27741,83.22105263157896,0.31343283582089554,18,0.25,0.2777777777777778,0.0625,0.05555555555555555,0.2777777777777778,0.2537313432835821,0
694388,FF,4-Seam FB,Fastball,150,0.25925925925925924,0.7407407407407407,0.4722222222222222,0.3920169230769231,88.2719298245614,0.54,44,0.3333333333333333,0.45454545454545453,0.1388888888888889,0.18181818181818182,0.20454545454545456,0.14,0
694388,SL,Slider,Breaking,86,0.42,0.5800000000000001,0.11764705882352941,0.15303852631578949,78.90800000000002,0.43023255813953487,20,0.058823529411764705,0.15789473684210525,0.058823529411764705,0.05,0.4,0.2441860465116279,0
694388,CH,Changeup,Offspeed,68,0.3076923076923077,0.6923076923076923,0.16666666666666666,0.26548666666666665,73.73125,0.3382352941176471,15,0.16666666666666666,0.2857142857142857,0.0,0.13333333333333333,0.26666666666666666,0.11764705882352941,0
694388,SI,Sinker,Fastball,63,0.15384615384615385,0.8461538461538461,0.3076923076923077,0.2581983333333333,81.28095238095239,0.5873015873015873,14,0.23076923076923078,0.2857142857142857,0.07692307692307693,0.07142857142857142,0.21428571428571427,0.06349206349206349,0
694388,FC,Cutter,Fastball,55,0.35714285714285715,0.6428571428571428,0.08333333333333333,0.18095230769230766,78.12352941176471,0.6545454545454545,13,0.08333333333333333,0.15384615384615385,0.0,0.07692307692307693,0.23076923076923078,0.18181818181818182,0
694388,ST,Sweeper,Breaking,49,0.2222222222222222,0.7777777777777778,0.375,0.29326444444444444,77.85833333333333,0.3877551020408163,10,0.375,0.4,0.0,0.1,0.3,0.08163265306122448,0
694388,CU,Curveball,Breaking,42,0.3888888888888889,0.6111111111111112,0.5555555555555556,0.32333333333333336,80.03,0.42857142857142855,9,0.2222222222222222,0.2222222222222222,0.33333333333333337,0.0,0.3333333333333333,0.16666666666666666,1
694410,FF,4-Seam FB,Fastball,81,0.07894736842105263,0.9210526315789473,0.3888888888888889,0.17226444444444444,83.89375000000001,0.6049382716049383,20,0.16666666666666666,0.25,0.22222222222222224,0.1,0.2,0.037037037037037035,1
694410,SL,Slider,Breaking,34,0.25,0.75,0.3333333333333333,0.49600000000000005,87.47499999999998,0.5294117647058824,9,0.2222222222222222,0.2222222222222222,0.1111111111111111,0.0,0.2222222222222222,0.11764705882352941,0
694410,SI,Sinker,Fastball,29,0.0,1.0,0.16666666666666666,0.2352,83.03333333333335,0.6551724137931034,6,0.16666666666666666,0.16666666666666666,0.0,0.0,0.16666666666666666,0.0,0
694410,ST,Sweeper,Breaking,25,0.25,0.75,0.16666666666666666,0.2627685714285714,82.11428571428571,0.4,7,0.16666666666666666,0.2857142857142857,0.0,0.14285714285714285,0.2857142857142857,0.12,0
694497,FF,4-Seam FB,Fastball,580,0.19923371647509577,0.8007662835249042,0.3858267716535433,0.32762552380952376,80.63469387755102,0.5862068965517241,157,0.2125984251968504,0.33112582781456956,0.17322834645669288,0.14012738853503184,0.21019108280254778,0.0896551724137931,4
694497,CH,Changeup,Offspeed,325,0.38235294117647056,0.6176470588235294,0.2571428571428571,0.22457194805194805,77.24520547945205,0.40615384615384614,79,0.14285714285714285,0.24050632911392406,0.11428571428571427,0.11392405063291139,0.26582278481012656,0.16,1
694497,SI,Sinker,Fastball,279,0.1651376146788991,0.8348623853211009,0.38596491228070173,0.34257875000000004,77.81511627906977,0.5627240143369175,67,0.2807017543859649,0.36923076923076925,0.10526315789473684,0.11940298507462686,0.14925373134328357,0.06451612903225806,1
694497,SL,Slider,Breaking,207,0.40476190476190477,0.5952380952380952,0.3409090909090909,0.2706914615384615,79.37083333333334,0.4444444444444444,54,0.18181818181818182,0.3018867924528302,0.15909090909090906,0.09259259259259259,0.2962962962962963,0.1642512077294686,2
694497,FC,Cutter,Fastball,143,0.31343283582089554,0.6865671641791045,0.16666666666666666,0.22533837837837842,81.80714285714286,0.5804195804195804,40,0.1388888888888889,0.225,0.027777777777777762,0.1,0.25,0.14685314685314685,0
694497,ST,Sweeper,Breaking,128,0.3958333333333333,0.6041666666666667,0.3333333333333333,0.21438086956521737,79.75384615384617,0.484375,23,0.19047619047619047,0.2608695652173913,0.14285714285714285,0.08695652173913043,0.43478260869565216,0.1484375,1
694497,CU,Curveball,Breaking,108,0.4,0.6,0.05555555555555555,0.2096501052631579,78.62380952380953,0.3888888888888889,19,0.05555555555555555,0.10526315789473684,0.0,0.0,0.2631578947368421,0.12962962962962962,0
694497,FS,Splitter,Offspeed,61,0.4782608695652174,0.5217391304347826,0.1,0.19219999999999998,78.09,0.3114754098360656,10,0.1,0.1,0.0,0.0,0.6,0.18032786885245902,0
694497,KC,Knuckle-Curve,Breaking,46,0.42857142857142855,0.5714285714285714,0.21428571428571427,0.20661538461538462,83.06666666666668,0.3695652173913043,14,0.21428571428571427,0.21428571428571427,0.0,0.0,0.5714285714285714,0.1956521739130435,0
694514,FF,4-Seam FB,Fastball,118,0.2786885245901639,0.7213114754098361,0.3793103448275862,0.254746,80.42,0.5338983050847458,30,0.20689655172413793,0.23333333333333334,0.17241379310344826,0.03333333333333333,0.4,0.1440677966101695,1
694514,CH,Changeup,Offspeed,42,0.47058823529411764,0.5294117647058824,0.0,0.23279333333333332,60.225,0.21428571428571427,3,0.0,0.3333333333333333,0.0,0.3333333333333333,0.6666666666666666,0.19047619047619047,0
694514,SI,Sinker,Fastball,36,0.125,0.875,0.5,0.39327320000000004,84.11428571428573,0.4722222222222222,10,0.375,0.5,0.125,0.1,0.0,0.05555555555555555,0
694514,SL,Slider,Breaking,28,0.4375,0.5625,0.5,0.29950000000000004,85.97777777777779,0.5714285714285714,6,0.3333333333333333,0.3333333333333333,0.16666666666666669,0.0,0.16666666666666666,0.25,0
694671,FF,4-Seam FB,Fastball,615,0.22426470588235295,0.7757352941176471,0.35766423357664234,0.3014531025641025,83.7445,0.5138211382113821,162,0.20437956204379562,0.32098765432098764,0.15328467153284672,0.13580246913580246,0.24074074074074073,0.0991869918699187,5
694671,SI,Sinker,Fastball,346,0.11920529801324503,0.880794701986755,0.44155844155844154,0.3647709647058824,87.93076923076923,0.5520231213872833,92,0.2727272727272727,0.38461538461538464,0.16883116883116883,0.14130434782608695,0.17391304347826086,0.05202312138728324,2
694671,SL,Slider,Breaking,270,0.25757575757575757,0.7424242424242424,0.5932203389830508,0.3885343283582089,83.93444444444445,0.45925925925925926,69,0.3050847457627119,0.4057971014492754,0.28813559322033894,0.14492753623188406,0.21739130434782608,0.1259259259259259,5
694671,CH,Changeup,Offspeed,208,0.37,0.63,0.3333333333333333,0.25765363636363636,84.0603448275862,0.3557692307692308,44,0.16666666666666666,0.20454545454545456,0.16666666666666666,0.045454545454545456,0.36363636363636365,0.1778846153846154,2
694671,ST,Sweeper,Breaking,186,0.2967032967032967,0.7032967032967032,0.22580645161290322,0.21033882352941177,78.30483870967743,0.46236559139784944,35,0.1935483870967742,0.2857142857142857,0.03225806451612903,0.11428571428571428,0.22857142857142856,0.14516129032258066,0
694671,FC,Cutter,Fastball,169,0.2608695652173913,0.7391304347826086,0.4090909090909091,0.32570695652173914,85.20615384615385,0.5443786982248521,48,0.20454545454545456,0.2708333333333333,0.20454545454545456,0.08333333333333333,0.125,0.14201183431952663,2
694671,CU,Curveball,Breaking,84,0.2903225806451613,0.7096774193548387,0.42857142857142855,0.38077129411764704,78.75000000000001,0.40476190476190477,17,0.2857142857142857,0.4117647058823529,0.14285714285714285,0.11764705882352941,0.11764705882352941,0.10714285714285714,0
694671,FS,Splitter,Offspeed,39,0.5789473684210527,0.42105263157894735,0.7272727272727273,0.2161818181818182,79.11428571428571,0.28205128205128205,11,0.36363636363636365,0.36363636363636365,0.36363636363636365,0.0,0.5454545454545454,0.28205128205128205,1
694673,FF,4-Seam FB,Fastball,179,0.21,0.79,0.45454545454545453,0.34232913043478264,85.96986301369861,0.5810055865921788,47,0.22727272727272727,0.2765957446808511,0.22727272727272727,0.06382978723404255,0.2765957446808511,0.11731843575418995,3
694673,CH,Changeup,Offspeed,77,0.3157894736842105,0.6842105263157895,0.4375,0.2966875,86.99615384615385,0.38961038961038963,17,0.375,0.375,0.0625,0.0,0.29411764705882354,0.15584415584415584,0
694673,SI,Sinker,Fastball,73,0.03225806451612903,0.967741935483871,0.16666666666666666,0.24402923076923078,81.67777777777779,0.4657534246575342,13,0.08333333333333333,0.15384615384615385,0.08333333333333333,0.07692307692307693,0.0,0.0136986301369863,0
694673,SL,Slider,Breaking,69,0.2682926829268293,0.7317073170731707,0.3333333333333333,0.2637777777777778,86.3607142857143,0.4782608695652174,18,0.2222222222222222,0.2222222222222222,0.1111111111111111,0.0,0.2777777777777778,0.15942028985507245,0
694673,FC,Cutter,Fastball,58,0.2,0.8,0.0,0.132,82.3047619047619,0.41379310344827586,10,0.0,0.0,0.0,0.0,0.0,0.10344827586206896,0
694673,ST,Sweeper,Breaking,49,0.17391304347826086,0.8260869565217391,0.4444444444444444,0.220438,84.66111111111111,0.4489795918367347,10,0.1111111111111111,0.2,0.3333333333333333,0.1,0.3,0.08163265306122448,1
694673,FS,Splitter,Offspeed,46,0.3076923076923077,0.6923076923076923,0.18181818181818182,0.18619833333333333,86.41176470588235,0.2608695652173913,12,0.18181818181818182,0.25,0.0,0.08333333333333333,0.3333333333333333,0.17391304347826086,0
694673,CU,Curveball,Breaking,35,0.4,0.6,0.0,0.082625,79.02000000000001,0.4,8,0.0,0.0,0.0,0.0,0.5,0.11428571428571428,0
694728,FF,4-Seam FB,Fastball,342,0.38235294117647056,0.6176470588235294,0.38235294117647056,0.3320056756756756,82.0340425531915,0.5555555555555556,81,0.2647058823529412,0.375,0.11764705882352938,0.14814814814814814,0.3333333333333333,0.19005847953216373,2
694728,SI,Sinker,Fastball,167,0.22666666666666666,0.7733333333333333,0.5897435897435898,0.3380353488372093,78.98888888888888,0.5568862275449101,45,0.2564102564102564,0.35555555555555557,0.33333333333333337,0.13333333333333333,0.15555555555555556,0.10179640718562874,3
694728,SL,Slider,Breaking,142,0.40625,0.59375,0.1724137931034483,0.17954600000000004,81.41379310344827,0.4084507042253521,31,0.13793103448275862,0.16666666666666666,0.03448275862068967,0.03225806451612903,0.25806451612903225,0.18309859154929578,0
694728,ST,Sweeper,Breaking,94,0.34210526315789475,0.6578947368421053,0.4,0.22946125,81.48181818181818,0.43617021276595747,21,0.2,0.22727272727272727,0.2,0.047619047619047616,0.38095238095238093,0.13829787234042554,1
694728,CH,Changeup,Offspeed,91,0.4772727272727273,0.5227272727272727,0.125,0.11201520000000001,80.50588235294119,0.3626373626373626,25,0.125,0.16,0.0,0.04,0.4,0.23076923076923078,0
694728,CU,Curveball,Breaking,77,0.47368421052631576,0.5263157894736843,0.16666666666666666,0.11416666666666668,73.01111111111112,0.4155844155844156,12,0.16666666666666666,0.16666666666666666,0.0,0.0,0.6666666666666666,0.11688311688311688,0
694728,FC,Cutter,Fastball,76,0.23076923076923078,0.7692307692307692,0.55,0.38500000000000006,79.7576923076923,0.5263157894736842,21,0.25,0.25,0.30000000000000004,0.0,0.14285714285714285,0.11842105263157894,2
694728,FS,Splitter,Offspeed,27,0.5,0.5,0.0,0.030900000000000004,68.37142857142858,0.48148148148148145,10,0.0,0.0,0.0,0.0,0.6,0.25925925925925924,0
694876,FF,4-Seam FB,Fastball,32,0.14285714285714285,0.8571428571428572,0.0,0.29930571428571423,81.64444444444443,0.625,7,0.0,0.42857142857142855,0.0,0.42857142857142855,0.5714285714285714,0.0625,0
695020,FF,4-Seam FB,Fastball,57,0.3448275862068966,0.6551724137931034,0.23076923076923078,0.3360271428571429,82.57777777777778,0.45614035087719296,15,0.23076923076923078,0.26666666666666666,0.0,0.06666666666666667,0.2,0.17543859649122806,0
695238,FF,4-Seam FB,Fastball,74,0.1,0.9,0.25,0.3941822222222222,75.38333333333334,0.5,18,0.25,0.5,0.0,0.3333333333333333,0.05555555555555555,0.04054054054054054,0
695257,FF,4-Seam FB,Fastball,81,0.43137254901960786,0.5686274509803921,0.3157894736842105,0.181,83.76666666666667,0.6419753086419753,19,0.21052631578947367,0.21052631578947367,0.10526315789473684,0.0,0.42105263157894735,0.2716049382716049,0
695257,SI,Sinker,Fastball,33,0.0,1.0,0.14285714285714285,0.24787600000000004,75.24000000000001,0.5757575757575758,8,0.14285714285714285,0.25,0.0,0.125,0.125,0.0,0
695257,CH,Changeup,Offspeed,29,0.0,1.0,0.09090909090909091,0.057124999999999995,75.97,0.4827586206896552,11,0.09090909090909091,0.09090909090909091,0.0,0.0,0.2727272727272727,0.0,0
695257,SL,Slider,Breaking,26,0.3333333333333333,0.6666666666666667,0.42857142857142855,0.302419,80.95,0.4230769230769231,8,0.2857142857142857,0.375,0.14285714285714285,0.0,0.25,0.23076923076923078,0
695257,ST,Sweeper,Breaking,25,0.375,0.625,0.09090909090909091,0.035800000000000005,74.41,0.56,11,0.09090909090909091,0.09090909090909091,0.0,0.0,0.36363636363636365,0.24,0
695336,FF,4-Seam FB,Fastball,285,0.2949640287769784,0.7050359712230216,0.34,0.2596157777777778,83.05444444444444,0.5368421052631579,56,0.24,0.32142857142857145,0.10000000000000003,0.08928571428571429,0.4107142857142857,0.14385964912280702,1
695336,SI,Sinker,Fastball,130,0.09375,0.90625,0.40625,0.38996951351351344,87.23269230769232,0.5461538461538461,39,0.28125,0.358974358974359,0.125,0.10256410256410256,0.10256410256410256,0.046153846153846156,1
695336,SL,Slider,Breaking,83,0.3111111111111111,0.6888888888888889,0.3,0.3128276190476191,82.69310344827586,0.5060240963855421,21,0.25,0.2857142857142857,0.04999999999999999,0.047619047619047616,0.2857142857142857,0.1686746987951807,0
695336,ST,Sweeper,Breaking,68,0.28205128205128205,0.717948717948718,0.25,0.26344105263157896,77.36296296296297,0.4411764705882353,21,0.2,0.23809523809523808,0.04999999999999999,0.047619047619047616,0.2857142857142857,0.16176470588235295,0
695336,FC,Cutter,Fastball,59,0.35714285714285715,0.6428571428571428,0.4166666666666667,0.3314166666666667,84.28666666666668,0.4576271186440678,12,0.16666666666666666,0.16666666666666666,0.25,0.0,0.16666666666666666,0.1694915254237288,1
695336,CU,Curveball,Breaking,53,0.4482758620689655,0.5517241379310345,0.6923076923076923,0.23317000000000002,88.26249999999999,0.32075471698113206,15,0.3076923076923077,0.3333333333333333,0.3846153846153846,0.06666666666666667,0.4,0.24528301886792453,1
695336,CH,Changeup,Offspeed,44,0.30434782608695654,0.6956521739130435,0.21428571428571427,0.3293072727272727,87.50666666666666,0.29545454545454547,15,0.21428571428571427,0.26666666666666666,0.0,0.06666666666666667,0.2,0.1590909090909091,0
695391,FF,4-Seam FB,Fastball,67,0.3333333333333333,0.6666666666666667,0.16666666666666666,0.22578800000000002,82.55,0.5223880597014925,22,0.1111111111111111,0.2,0.05555555555555555,0.09090909090909091,0.36363636363636365,0.14925373134328357,0
695391,SL,Slider,Breaking,30,0.3125,0.6875,0.3333333333333333,0.2859756363636364,83.67999999999999,0.5333333333333333,11,0.2222222222222222,0.36363636363636365,0.1111111111111111,0.09090909090909091,0.2727272727272727,0.16666666666666666,0
695391,CH,Changeup,Offspeed,28,0.375,0.625,0.14285714285714285,0.15585714285714286,74.44000000000001,0.25,7,0.14285714285714285,0.14285714285714285,0.0,0.0,0.42857142857142855,0.10714285714285714,0
695490,FF,4-Seam FB,Fastball,177,0.13761467889908258,0.8623853211009174,0.2978723404255319,0.364035918367347,82.55747126436782,0.5819209039548022,50,0.2553191489361702,0.2857142857142857,0.04255319148936171,0.04,0.1,0.0847457627118644,0
695490,CH,Changeup,Offspeed,95,0.3492063492063492,0.6507936507936508,0.3448275862068966,0.29758499999999993,84.17499999999998,0.3894736842105263,30,0.27586206896551724,0.3,0.06896551724137934,0.03333333333333333,0.26666666666666666,0.23157894736842105,0
695490,CU,Curveball,Breaking,70,0.42857142857142855,0.5714285714285714,0.14285714285714285,0.1004,80.31428571428572,0.38571428571428573,21,0.09523809523809523,0.09523809523809523,0.047619047619047616,0.0,0.5714285714285714,0.21428571428571427,0
695490,SI,Sinker,Fastball,67,0.14705882352941177,0.8529411764705882,0.13333333333333333,0.292985,85.04347826086956,0.5671641791044776,19,0.13333333333333333,0.2222222222222222,0.0,0.10526315789473684,0.15789473684210525,0.07462686567164178,0
695490,SL,Slider,Breaking,64,0.39473684210526316,0.6052631578947368,0.13333333333333333,0.19893333333333332,86.5,0.515625,15,0.13333333333333333,0.13333333333333333,0.0,0.0,0.4666666666666667,0.234375,0
695490,FC,Cutter,Fastball,38,0.2631578947368421,0.736842105263158,0.14285714285714285,0.26563688888888887,83.64285714285714,0.47368421052631576,9,0.14285714285714285,0.3333333333333333,0.0,0.1111111111111111,0.2222222222222222,0.13157894736842105,0
695490,ST,Sweeper,Breaking,30,0.47058823529411764,0.5294117647058824,0.3333333333333333,0.3987408,77.2,0.3333333333333333,5,0.3333333333333333,0.6,0.0,0.0,0.2,0.26666666666666666,0
695491,FF,4-Seam FB,Fastball,90,0.4230769230769231,0.5769230769230769,0.6333333333333333,0.257991625,87.075,0.5,32,0.26666666666666666,0.3125,0.36666666666666664,0.03125,0.40625,0.24444444444444444,3
695491,SI,Sinker,Fastball,84,0.23404255319148937,0.7659574468085106,0.2857142857142857,0.36385791304347825,84.60882352941177,0.6666666666666666,23,0.23809523809523808,0.30434782608695654,0.047619047619047616,0.043478260869565216,0.17391304347826086,0.13095238095238096,0
695491,ST,Sweeper,Breaking,66,0.41935483870967744,0.5806451612903225,0.2222222222222222,0.24133927272727274,74.475,0.5303030303030303,11,0.1111111111111111,0.2727272727272727,0.1111111111111111,0.09090909090909091,0.36363636363636365,0.19696969696969696,0
695491,SL,Slider,Breaking,56,0.3125,0.6875,0.8,0.41308625000000004,92.39047619047619,0.42857142857142855,16,0.26666666666666666,0.3125,0.5333333333333334,0.0625,0.125,0.17857142857142858,2
695491,CH,Changeup,Offspeed,51,0.40625,0.59375,0.5,0.20074999999999998,83.92777777777776,0.29411764705882354,16,0.25,0.25,0.25,0.0,0.4375,0.2549019607843137,1
695506,FF,4-Seam FB,Fastball,487,0.2697841726618705,0.7302158273381295,0.5307692307692308,0.3968617304964539,86.29062499999999,0.5400410677618069,142,0.3076923076923077,0.36619718309859156,0.22307692307692306,0.07042253521126761,0.323943661971831,0.1540041067761807,7
695506,SI,Sinker,Fastball,299,0.20945945945945946,0.7905405405405406,0.3333333333333333,0.323381,82.86296296296297,0.5719063545150501,78,0.2463768115942029,0.3333333333333333,0.0869565217391304,0.07692307692307693,0.16666666666666666,0.10367892976588629,1
695506,CH,Changeup,Offspeed,265,0.30434782608695654,0.6956521739130435,0.5072463768115942,0.34188140540540546,86.68241758241759,0.3283018867924528,76,0.30434782608695654,0.35526315789473684,0.2028985507246377,0.05263157894736842,0.21052631578947367,0.15849056603773584,2
695506,SL,Slider,Breaking,241,0.39855072463768115,0.6014492753623188,0.7611940298507462,0.4542194202898551,88.83766233766234,0.34854771784232363,70,0.3582089552238806,0.38571428571428573,0.40298507462686567,0.04285714285714286,0.2857142857142857,0.22821576763485477,7
695506,CU,Curveball,Breaking,190,0.34444444444444444,0.6555555555555556,0.375,0.3266190243902439,86.5433962264151,0.4,41,0.25,0.2682926829268293,0.125,0.024390243902439025,0.3170731707317073,0.1631578947368421,1
695506,ST,Sweeper,Breaking,188,0.34285714285714286,0.6571428571428571,0.42857142857142855,0.2863680769230769,82.59354838709676,0.39893617021276595,52,0.22448979591836735,0.2692307692307692,0.2040816326530612,0.057692307692307696,0.3269230769230769,0.19148936170212766,2
695506,FC,Cutter,Fastball,162,0.18478260869565216,0.8152173913043479,0.43902439024390244,0.3319013953488372,85.46301369863015,0.43209876543209874,43,0.3170731707317073,0.3488372093023256,0.12195121951219512,0.046511627906976744,0.13953488372093023,0.10493827160493827,1
695506,FS,Splitter,Offspeed,83,0.3469387755102041,0.653061224489796,0.4090909090909091,0.26281818181818184,88.36451612903227,0.40963855421686746,22,0.22727272727272727,0.22727272727272727,0.18181818181818185,0.0,0.3181818181818182,0.20481927710843373,1
695506,KC,Knuckle-Curve,Breaking,39,0.32,0.6799999999999999,0.5333333333333333,0.36708625,85.86666666666669,0.3333333333333333,16,0.26666666666666666,0.3125,0.26666666666666666,0.0625,0.3125,0.20512820512820512,1
695508,FF,4-Seam FB,Fastball,93,0.35555555555555557,0.6444444444444444,0.3888888888888889,0.18084181818181821,77.16,0.5053763440860215,23,0.16666666666666666,0.3181818181818182,0.22222222222222224,0.17391304347826086,0.30434782608695654,0.17204301075268819,1
695508,SI,Sinker,Fastball,40,0.2,0.8,0.5714285714285714,0.2173333333333333,79.125,0.5,8,0.5714285714285714,0.625,0.0,0.125,0.125,0.075,0
695508,SL,Slider,Breaking,39,0.5333333333333333,0.4666666666666667,0.125,0.2911924444444444,82.58571428571429,0.5897435897435898,11,0.125,0.36363636363636365,0.0,0.18181818181818182,0.36363636363636365,0.20512820512820512,0
695508,CH,Changeup,Offspeed,27,0.15384615384615385,0.8461538461538461,0.4444444444444444,0.2561111111111111,82.7818181818182,0.5185185185185185,9,0.2222222222222222,0.2222222222222222,0.2222222222222222,0.0,0.1111111111111111,0.07407407407407407,0
695578,FF,4-Seam FB,Fastball,685,0.1867704280155642,0.8132295719844358,0.6573426573426573,0.4677953374233129,89.78137254901962,0.5197080291970803,172,0.35664335664335667,0.4619883040935672,0.3006993006993006,0.16279069767441862,0.22674418604651161,0.07007299270072993,11
695578,SI,Sinker,Fastball,431,0.13548387096774195,0.864516129032258,0.5053763440860215,0.45250317757009345,89.75714285714287,0.531322505800464,112,0.3010752688172043,0.41964285714285715,0.2043010752688172,0.16964285714285715,0.17857142857142858,0.048723897911832945,4
695578,SL,Slider,Breaking,386,0.436241610738255,0.563758389261745,0.7142857142857143,0.44035378378378376,87.54857142857142,0.39896373056994816,81,0.3,0.3950617283950617,0.4142857142857143,0.13580246913580246,0.3950617283950617,0.16839378238341968,8
695578,CH,Changeup,Offspeed,351,0.35036496350364965,0.6496350364963503,0.3389830508474576,0.3509601621621622,83.93974358974359,0.38746438746438744,78,0.23728813559322035,0.38961038961038963,0.10169491525423727,0.19230769230769232,0.28205128205128205,0.13675213675213677,1
695578,CU,Curveball,Breaking,247,0.45588235294117646,0.5441176470588236,0.23255813953488372,0.25811625531914895,86.27714285714286,0.38866396761133604,48,0.06976744186046512,0.14583333333333334,0.16279069767441862,0.041666666666666664,0.5,0.12550607287449392,2
695578,ST,Sweeper,Breaking,242,0.3786407766990291,0.6213592233009708,0.3898305084745763,0.36574664705882354,86.12542372881356,0.4669421487603306,69,0.22033898305084745,0.3333333333333333,0.16949152542372883,0.13043478260869565,0.36231884057971014,0.16115702479338842,1
695578,FC,Cutter,Fastball,192,0.29545454545454547,0.7045454545454546,0.4857142857142857,0.4135005128205128,88.11724137931033,0.5416666666666666,40,0.22857142857142856,0.3,0.2571428571428571,0.1,0.175,0.13541666666666666,3
695578,FS,Splitter,Offspeed,94,0.5428571428571428,0.4571428571428572,0.07142857142857142,0.2494225,76.40666666666667,0.30851063829787234,16,0.07142857142857142,0.1875,0.0,0.125,0.4375,0.20212765957446807,0
695578,KC,Knuckle-Curve,Breaking,48,0.5,0.5,0.0,0.16288428571428573,82.0625,0.4791666666666667,14,0.0,0.07142857142857142,0.0,0.07142857142857142,0.6428571428571429,0.1875,0
695600,FF,4-Seam FB,Fastball,878,0.3306878306878307,0.6693121693121693,0.4025974025974026,0.2870436043956044,83.39742489270385,0.5,186,0.17532467532467533,0.3027027027027027,0.2272727272727273,0.13978494623655913,0.3655913978494624,0.14236902050113895,10
695600,SI,Sinker,Fastball,342,0.17164179104477612,0.8283582089552239,0.475,0.338844404494382,85.97864077669902,0.5789473684210527,92,0.325,0.40217391304347827,0.14999999999999997,0.10869565217391304,0.18478260869565216,0.06725146198830409,2
695600,SL,Slider,Breaking,303,0.34355828220858897,0.656441717791411,0.4342105263157895,0.3515370731707317,83.44200000000001,0.4389438943894389,86,0.19736842105263158,0.27906976744186046,0.2368421052631579,0.10465116279069768,0.29069767441860467,0.1848184818481848,4
695600,CH,Changeup,Offspeed,249,0.24074074074074073,0.7592592592592593,0.3684210526315789,0.33884068965517244,81.61447368421052,0.3453815261044177,59,0.21052631578947367,0.23728813559322035,0.15789473684210525,0.03389830508474576,0.1694915254237288,0.10441767068273092,1
695600,ST,Sweeper,Breaking,222,0.29523809523809524,0.7047619047619047,0.2833333333333333,0.20165301587301587,83.72777777777779,0.5,64,0.18333333333333332,0.21875,0.1,0.046875,0.296875,0.13963963963963963,1
695600,FC,Cutter,Fastball,185,0.3516483516483517,0.6483516483516483,0.8888888888888888,0.4788692307692307,86.30178571428571,0.5297297297297298,42,0.3611111111111111,0.4523809523809524,0.5277777777777777,0.14285714285714285,0.23809523809523808,0.17297297297297298,5
695600,CU,Curveball,Breaking,170,0.28125,0.71875,0.5,0.34413799999999994,83.7409090909091,0.4294117647058823,40,0.2777777777777778,0.35,0.2222222222222222,0.1,0.3,0.10588235294117647,1
695600,FS,Splitter,Offspeed,116,0.23529411764705882,0.7647058823529411,0.7619047619047619,0.3662507692307692,81.7472222222222,0.3017241379310345,26,0.3333333333333333,0.4230769230769231,0.42857142857142855,0.15384615384615385,0.15384615384615385,0.10344827586206896,2
695600,KC,Knuckle-Curve,Breaking,49,0.37037037037037035,0.6296296296296297,0.5333333333333333,0.2544341176470588,82.46875,0.3877551020408163,17,0.26666666666666666,0.29411764705882354,0.26666666666666666,0.058823529411764705,0.4117647058823529,0.20408163265306123,1
695657,FF,4-Seam FB,Fastball,922,0.3333333333333333,0.6666666666666667,0.3105022831050228,0.2487764765957447,81.12525252525253,0.5184381778741866,246,0.1552511415525114,0.24081632653061225,0.1552511415525114,0.0975609756097561,0.3861788617886179,0.17245119305856832,8
695657,SL,Slider,Breaking,364,0.47619047619047616,0.5238095238095238,0.375,0.2676457215189874,86.94891304347826,0.4258241758241758,80,0.16666666666666666,0.25,0.20833333333333334,0.0875,0.4625,0.24725274725274726,4
695657,SI,Sinker,Fastball,357,0.2978723404255319,0.7021276595744681,0.5,0.3692861224489796,83.48474576271187,0.5322128851540616,99,0.2727272727272727,0.35353535353535354,0.2272727272727273,0.06060606060606061,0.2222222222222222,0.1568627450980392,5
695657,CH,Changeup,Offspeed,249,0.4296875,0.5703125,0.43333333333333335,0.2822934426229508,82.22307692307692,0.3293172690763052,66,0.2,0.25757575757575757,0.23333333333333334,0.07575757575757576,0.36363636363636365,0.22088353413654618,4
695657,ST,Sweeper,Breaking,224,0.45544554455445546,0.5445544554455446,0.0625,0.22413429629629628,83.04166666666666,0.46875,59,0.0625,0.23728813559322035,0.0,0.0847457627118644,0.4067796610169492,0.20535714285714285,0
695657,CU,Curveball,Breaking,154,0.43478260869565216,0.5652173913043479,0.2916666666666667,0.22906661538461542,84.27878787878788,0.35714285714285715,26,0.20833333333333334,0.2692307692307692,0.08333333333333334,0.038461538461538464,0.38461538461538464,0.19480519480519481,0
695657,FC,Cutter,Fastball,135,0.2948717948717949,0.7051282051282051,1.0,0.5618094736842105,90.47647058823527,0.5333333333333333,38,0.3888888888888889,0.42105263157894735,0.6111111111111112,0.05263157894736842,0.21052631578947367,0.17037037037037037,7
695657,FS,Splitter,Offspeed,66,0.34210526315789475,0.6578947368421053,0.5909090909090909,0.37069833333333335,84.84347826086957,0.3484848484848485,24,0.2727272727272727,0.3333333333333333,0.31818181818181823,0.08333333333333333,0.2916666666666667,0.19696969696969696,2
695657,KC,Knuckle-Curve,Breaking,41,0.42105263157894735,0.5789473684210527,0.6666666666666666,0.3371111111111111,88.0090909090909,0.36585365853658536,9,0.3333333333333333,0.3333333333333333,0.3333333333333333,0.0,0.4444444444444444,0.1951219512195122,1
695670,FF,4-Seam FB,Fastball,183,0.2413793103448276,0.7586206896551724,0.28125,0.37077072727272725,78.03934426229507,0.5683060109289617,45,0.15625,0.4,0.125,0.26666666666666666,0.2222222222222222,0.11475409836065574,1
695670,SI,Sinker,Fastball,95,0.14285714285714285,0.8571428571428572,0.2222222222222222,0.23359894736842107,81.98571428571428,0.5684210526315789,19,0.16666666666666666,0.21052631578947367,0.05555555555555555,0.05263157894736842,0.21052631578947367,0.05263157894736842,0
695670,SL,Slider,Breaking,86,0.25,0.75,0.21428571428571427,0.24129200000000003,83.06400000000002,0.45348837209302323,16,0.14285714285714285,0.2,0.07142857142857142,0.0625,0.1875,0.10465116279069768,0
695670,CH,Changeup,Offspeed,44,0.30434782608695654,0.6956521739130435,0.25,0.143375,72.07333333333332,0.36363636363636365,8,0.25,0.25,0.0,0.0,0.125,0.1590909090909091,0
695670,CU,Curveball,Breaking,36,0.5384615384615384,0.46153846153846156,0.3,0.20039818181818178,70.31666666666666,0.3888888888888889,11,0.2,0.2727272727272727,0.09999999999999998,0.09090909090909091,0.45454545454545453,0.19444444444444445,0
695670,ST,Sweeper,Breaking,30,0.125,0.875,1.6,0.6260633333333333,89.2,0.3333333333333333,6,0.6,0.6666666666666666,1.0,0.16666666666666666,0.0,0.03333333333333333,1
695681,FF,4-Seam FB,Fastball,246,0.25735294117647056,0.7426470588235294,0.35714285714285715,0.29600866666666664,82.50217391304349,0.5609756097560976,60,0.19642857142857142,0.25,0.16071428571428573,0.06666666666666667,0.3333333333333333,0.14227642276422764,2
695681,SI,Sinker,Fastball,85,0.25,0.75,0.25,0.3657115789473685,84.56923076923076,0.5411764705882353,20,0.25,0.4,0.0,0.2,0.1,0.11764705882352941,0
695681,SL,Slider,Breaking,65,0.42857142857142855,0.5714285714285714,0.0625,0.165625,77.51764705882354,0.5076923076923077,16,0.0625,0.0625,0.0,0.0,0.375,0.23076923076923078,0
695681,ST,Sweeper,Breaking,65,0.4827586206896552,0.5172413793103448,0.35294117647058826,0.18500000000000003,79.74285714285715,0.4,17,0.29411764705882354,0.29411764705882354,0.05882352941176472,0.0,0.35294117647058826,0.2153846153846154,0
695681,CH,Changeup,Offspeed,50,0.56,0.43999999999999995,0.0,0.09595866666666666,72.68,0.3,15,0.0,0.06666666666666667,0.0,0.06666666666666667,0.6,0.28,0
695681,CU,Curveball,Breaking,31,0.4,0.6,0.25,0.124375,79.7875,0.45161290322580644,8,0.25,0.25,0.0,0.0,0.5,0.1935483870967742,0
695681,FC,Cutter,Fastball,30,0.13333333333333333,0.8666666666666667,1.0,0.400345,77.32727272727273,0.4666666666666667,4,0.3333333333333333,0.5,0.6666666666666667,0.25,0.0,0.06666666666666667,0
695720,FF,4-Seam FB,Fastball,181,0.1650485436893204,0.8349514563106796,0.3695652173913043,0.3883353191489362,84.66184210526316,0.5027624309392266,49,0.30434782608695654,0.3469387755102041,0.06521739130434778,0.061224489795918366,0.14285714285714285,0.09392265193370165,1
695720,SI,Sinker,Fastball,181,0.15306122448979592,0.846938775510204,0.3541666666666667,0.27159125,79.49743589743589,0.574585635359116,50,0.2708333333333333,0.3,0.08333333333333337,0.04,0.1,0.08287292817679558,1
695720,SL,Slider,Breaking,104,0.37254901960784315,0.6274509803921569,0.38461538461538464,0.3252692307692308,81.93870967741935,0.3942307692307692,28,0.2692307692307692,0.2857142857142857,0.11538461538461542,0.03571428571428571,0.2857142857142857,0.18269230769230768,0
695720,ST,Sweeper,Breaking,75,0.35714285714285715,0.6428571428571428,0.05263157894736842,0.1545,71.264,0.32,19,0.05263157894736842,0.05263157894736842,0.0,0.0,0.3157894736842105,0.2,0
695720,CH,Changeup,Offspeed,73,0.2826086956521739,0.7173913043478262,0.44,0.1776086956521739,80.91724137931034,0.3835616438356164,25,0.32,0.32,0.12,0.0,0.24,0.1780821917808219,1
695720,FC,Cutter,Fastball,65,0.23333333333333334,0.7666666666666666,0.35714285714285715,0.3749523076923077,85.56818181818181,0.47692307692307695,15,0.2857142857142857,0.3333333333333333,0.07142857142857145,0.06666666666666667,0.06666666666666667,0.1076923076923077,0
695720,CU,Curveball,Breaking,32,0.2222222222222222,0.7777777777777778,0.14285714285714285,0.102,78.625,0.40625,8,0.14285714285714285,0.14285714285714285,0.0,0.0,0.25,0.125,0
695731,FF,4-Seam FB,Fastball,347,0.23243243243243245,0.7675675675675675,0.5294117647058824,0.4144216699029127,87.79191176470589,0.547550432276657,103,0.3411764705882353,0.44660194174757284,0.18823529411764706,0.1553398058252427,0.13592233009708737,0.1239193083573487,2
695731,CH,Changeup,Offspeed,242,0.32786885245901637,0.6721311475409837,0.25,0.23562126984126985,74.92191780821919,0.32231404958677684,63,0.16666666666666666,0.20634920634920634,0.08333333333333334,0.047619047619047616,0.2222222222222222,0.1652892561983471,1
695731,SI,Sinker,Fastball,213,0.29523809523809524,0.7047619047619047,0.4,0.26668238095238095,79.79393939393938,0.568075117370892,42,0.2571428571428571,0.38095238095238093,0.1428571428571429,0.16666666666666666,0.2619047619047619,0.14553990610328638,1
695731,SL,Slider,Breaking,158,0.3764705882352941,0.6235294117647059,0.3157894736842105,0.275119,82.40799999999999,0.44936708860759494,40,0.21052631578947367,0.25,0.10526315789473684,0.05,0.3,0.20253164556962025,0
695731,FC,Cutter,Fastball,122,0.28169014084507044,0.7183098591549295,0.38235294117647056,0.39671675675675677,86.38297872340425,0.5655737704918032,38,0.17647058823529413,0.2631578947368421,0.20588235294117643,0.10526315789473684,0.10526315789473684,0.16393442622950818,2
695731,CU,Curveball,Breaking,113,0.2682926829268293,0.7317073170731707,0.25,0.28456216666666667,79.46071428571429,0.37168141592920356,24,0.2,0.3333333333333333,0.04999999999999999,0.125,0.16666666666666666,0.09734513274336283,0
695731,FS,Splitter,Offspeed,88,0.4375,0.5625,0.12,0.22988,81.41250000000001,0.4090909090909091,25,0.12,0.12,0.0,0.0,0.36,0.23863636363636365,0
695731,ST,Sweeper,Breaking,82,0.22580645161290322,0.7741935483870968,0.14285714285714285,0.4117495555555556,81.0,0.3902439024390244,18,0.07142857142857142,0.2777777777777778,0.07142857142857142,0.16666666666666666,0.05555555555555555,0.08536585365853659,0
695734,FF,4-Seam FB,Fastball,804,0.24444444444444444,0.7555555555555555,0.422360248447205,0.32612961363636367,81.85583596214511,0.48383084577114427,184,0.2236024844720497,0.29891304347826086,0.1987577639751553,0.09782608695652174,0.21195652173913043,0.13681592039800994,5
695734,CH,Changeup,Offspeed,312,0.2541436464088398,0.7458563535911602,0.33653846153846156,0.2985109615384615,83.18091603053436,0.32051282051282054,108,0.19230769230769232,0.21296296296296297,0.14423076923076925,0.027777777777777776,0.12037037037037036,0.14743589743589744,3
695734,SL,Slider,Breaking,303,0.2833333333333333,0.7166666666666667,0.45161290322580644,0.2671863043478261,81.72131147540983,0.4752475247524752,96,0.24731182795698925,0.2708333333333333,0.2043010752688172,0.03125,0.3125,0.16831683168316833,4
695734,SI,Sinker,Fastball,290,0.11949685534591195,0.8805031446540881,0.4027777777777778,0.3988441518987342,82.55555555555556,0.5620689655172414,83,0.2777777777777778,0.3614457831325301,0.125,0.07228915662650602,0.08433734939759036,0.06551724137931035,2
695734,ST,Sweeper,Breaking,201,0.22772277227722773,0.7722772277227723,0.41304347826086957,0.3388075,81.77837837837838,0.43781094527363185,50,0.2391304347826087,0.2708333333333333,0.17391304347826086,0.04,0.22,0.11442786069651742,2
695734,FC,Cutter,Fastball,199,0.20161290322580644,0.7983870967741935,0.5,0.36557500000000004,83.44505494505495,0.5226130653266332,53,0.2916666666666667,0.3584905660377358,0.20833333333333331,0.09433962264150944,0.09433962264150944,0.12562814070351758,2
695734,CU,Curveball,Breaking,168,0.26666666666666666,0.7333333333333334,0.475,0.3555650476190476,86.54693877551021,0.4642857142857143,43,0.325,0.35714285714285715,0.14999999999999997,0.023255813953488372,0.23255813953488372,0.11904761904761904,1
695734,FS,Splitter,Offspeed,101,0.3442622950819672,0.6557377049180328,0.42857142857142855,0.24514705882352944,79.57105263157895,0.3465346534653465,35,0.3142857142857143,0.3142857142857143,0.11428571428571427,0.0,0.2571428571428571,0.2079207920792079,1
695734,KC,Knuckle-Curve,Breaking,27,0.2727272727272727,0.7272727272727273,0.5714285714285714,0.3045714285714286,91.57142857142857,0.4074074074074074,7,0.14285714285714285,0.14285714285714285,0.42857142857142855,0.0,0.42857142857142855,0.1111111111111111,1
695734,SV,Slurve,Breaking,27,0.2,0.8,0.875,0.35866666666666663,84.25833333333333,0.48148148148148145,9,0.25,0.2222222222222222,0.625,0.0,0.1111111111111111,0.1111111111111111,1
696030,FF,4-Seam FB,Fastball,352,0.17763157894736842,0.8223684210526316,0.20689655172413793,0.3465813529411765,81.31652173913045,0.5369318181818182,76,0.1896551724137931,0.36486486486486486,0.017241379310344834,0.11842105263157894,0.17105263157894737,0.07670454545454546,0
696030,SI,Sinker,Fastball,120,0.14,0.86,0.4074074074074074,0.2860524137931034,83.4842105263158,0.6166666666666667,31,0.37037037037037035,0.45161290322580644,0.037037037037037035,0.12903225806451613,0.0967741935483871,0.058333333333333334,0
696030,CH,Changeup,Offspeed,110,0.11940298507462686,0.8805970149253731,0.4,0.23565460869565216,78.29821428571428,0.39090909090909093,48,0.3111111111111111,0.3541666666666667,0.0888888888888889,0.041666666666666664,0.08333333333333333,0.07272727272727272,1
696030,SL,Slider,Breaking,83,0.22,0.78,0.2413793103448276,0.34246041379310344,83.28055555555555,0.5060240963855421,30,0.2413793103448276,0.26666666666666666,0.0,0.0,0.2,0.13253012048192772,0
696030,FC,Cutter,Fastball,63,0.05263157894736842,0.9473684210526316,0.45454545454545453,0.3554158095238095,84.1,0.5555555555555556,24,0.3181818181818182,0.375,0.13636363636363635,0.041666666666666664,0.0,0.031746031746031744,0
696030,CU,Curveball,Breaking,56,0.2,0.8,0.5,0.39037555555555553,83.96363636363637,0.2857142857142857,11,0.4,0.45454545454545453,0.09999999999999998,0.09090909090909091,0.18181818181818182,0.07142857142857142,0
696030,ST,Sweeper,Breaking,47,0.36,0.64,0.23076923076923078,0.2730292307692308,73.91333333333334,0.574468085106383,15,0.23076923076923078,0.2857142857142857,0.0,0.06666666666666667,0.26666666666666666,0.19148936170212766,0
696100,FF,4-Seam FB,Fastball,708,0.29396984924623115,0.7060301507537688,0.48717948717948717,0.3331100359281437,85.25741444866921,0.4689265536723164,175,0.1987179487179487,0.28,0.28846153846153844,0.08571428571428572,0.34285714285714286,0.1652542372881356,13
696100,SL,Slider,Breaking,308,0.38285714285714284,0.6171428571428572,0.7325581395348837,0.34078758620689653,82.74476190476192,0.39285714285714285,92,0.27906976744186046,0.3076923076923077,0.45348837209302323,0.043478260869565216,0.33695652173913043,0.21753246753246752,12
696100,SI,Sinker,Fastball,305,0.18243243243243243,0.8175675675675675,0.7894736842105263,0.43856637974683543,87.25803571428573,0.5540983606557377,87,0.42105263157894735,0.4827586206896552,0.368421052631579,0.09195402298850575,0.11494252873563218,0.08852459016393442,7
696100,ST,Sweeper,Breaking,251,0.45588235294117646,0.5441176470588236,0.3387096774193548,0.2114025,78.17313432835822,0.3466135458167331,66,0.16129032258064516,0.19696969696969696,0.17741935483870966,0.045454545454545456,0.4090909090909091,0.24701195219123506,3
696100,CH,Changeup,Offspeed,237,0.39568345323741005,0.60431654676259,0.36363636363636365,0.253555737704918,81.16133333333333,0.34177215189873417,61,0.18181818181818182,0.2459016393442623,0.18181818181818182,0.08196721311475409,0.2786885245901639,0.2320675105485232,3
696100,CU,Curveball,Breaking,160,0.43037974683544306,0.5696202531645569,0.48717948717948717,0.268019,82.0225,0.36875,41,0.23076923076923078,0.2682926829268293,0.2564102564102564,0.04878048780487805,0.4146341463414634,0.2125,3
696100,FC,Cutter,Fastball,131,0.2564102564102564,0.7435897435897436,0.71875,0.44492914285714286,84.8892857142857,0.4351145038167939,36,0.40625,0.4722222222222222,0.3125,0.1111111111111111,0.05555555555555555,0.15267175572519084,2
696100,FS,Splitter,Offspeed,46,0.34782608695652173,0.6521739130434783,0.15384615384615385,0.2139523076923077,85.29285714285716,0.30434782608695654,14,0.15384615384615385,0.21428571428571427,0.0,0.07142857142857142,0.35714285714285715,0.17391304347826086,0
696100,KC,Knuckle-Curve,Breaking,39,0.5882352941176471,0.4117647058823529,0.5,0.11480000000000001,88.7,0.358974358974359,6,0.3333333333333333,0.3333333333333333,0.16666666666666669,0.0,0.5,0.2564102564102564,0
696135,FF,4-Seam FB,Fastball,110,0.3793103448275862,0.6206896551724138,0.5454545454545454,0.3413931428571429,85.39090909090909,0.5454545454545454,35,0.30303030303030304,0.34285714285714286,0.24242424242424238,0.05714285714285714,0.37142857142857144,0.2,1
696135,SL,Slider,Breaking,61,0.2857142857142857,0.7142857142857143,0.3125,0.2234375,82.21600000000001,0.4918032786885246,16,0.25,0.25,0.0625,0.0,0.375,0.19672131147540983,0
696135,FC,Cutter,Fastball,39,0.34615384615384615,0.6538461538461539,0.0,0.06055555555555556,87.03571428571426,0.6666666666666666,9,0.0,0.0,0.0,0.0,0.3333333333333333,0.23076923076923078,0
696135,CH,Changeup,Offspeed,35,0.625,0.375,0.0,0.0315,53.26666666666667,0.34285714285714286,4,0.0,0.0,0.0,0.0,0.75,0.2857142857142857,0
696135,SI,Sinker,Fastball,31,0.06666666666666667,0.9333333333333333,0.25,0.21691666666666667,81.89285714285714,0.6129032258064516,12,0.25,0.25,0.0,0.0,0.08333333333333333,0.03225806451612903,0
696285,FF,4-Seam FB,Fastball,507,0.1708542713567839,0.8291457286432161,0.49122807017543857,0.38061036923076924,84.60613496932515,0.5325443786982249,135,0.2807017543859649,0.3880597014925373,0.21052631578947367,0.11851851851851852,0.1925925925925926,0.0670611439842209,6
696285,SI,Sinker,Fastball,389,0.09302325581395349,0.9069767441860466,0.33653846153846156,0.2886762909090909,85.25704225352112,0.5475578406169666,115,0.25,0.30434782608695654,0.08653846153846156,0.06956521739130435,0.08695652173913043,0.04113110539845758,0
696285,SL,Slider,Breaking,250,0.2833333333333333,0.7166666666666667,0.265625,0.2888289275362319,79.77820512820513,0.44,73,0.1875,0.2535211267605634,0.078125,0.0410958904109589,0.1643835616438356,0.136,1
696285,ST,Sweeper,Breaking,183,0.30666666666666664,0.6933333333333334,0.2558139534883721,0.23842744186046513,79.09166666666665,0.45901639344262296,44,0.20930232558139536,0.22727272727272727,0.046511627906976744,0.022727272727272728,0.3181818181818182,0.12568306010928962,0
696285,CH,Changeup,Offspeed,163,0.29411764705882354,0.7058823529411764,0.37142857142857144,0.28185762162162165,79.94615384615385,0.3987730061349693,39,0.22857142857142856,0.2702702702702703,0.14285714285714288,0.02564102564102564,0.1282051282051282,0.15337423312883436,1
696285,FC,Cutter,Fastball,140,0.22535211267605634,0.7746478873239436,0.5,0.3846083333333333,79.742,0.6071428571428571,38,0.3125,0.40540540540540543,0.1875,0.13157894736842105,0.13157894736842105,0.11428571428571428,1
696285,CU,Curveball,Breaking,80,0.25,0.75,0.5,0.27802375,86.04736842105264,0.425,17,0.25,0.29411764705882354,0.25,0.058823529411764705,0.23529411764705882,0.0875,1
696285,FS,Splitter,Offspeed,36,0.375,0.625,0.45454545454545453,0.26758,87.9375,0.3055555555555556,12,0.2727272727272727,0.3333333333333333,0.18181818181818182,0.08333333333333333,0.3333333333333333,0.16666666666666666,0
699013,FF,4-Seam FB,Fastball,361,0.46875,0.53125,0.5555555555555556,0.326056,87.5371794871795,0.5152354570637119,92,0.24691358024691357,0.33695652173913043,0.308641975308642,0.10869565217391304,0.44565217391304346,0.2077562326869806,6
699013,SI,Sinker,Fastball,253,0.24074074074074073,0.7592592592592593,0.7368421052631579,0.42036326530612245,83.79605263157895,0.5296442687747036,49,0.39473684210526316,0.5102040816326531,0.3421052631578947,0.20408163265306123,0.20408163265306123,0.10276679841897234,3
699013,CH,Changeup,Offspeed,139,0.5245901639344263,0.47540983606557374,0.11764705882352941,0.1854076923076923,83.62222222222223,0.3381294964028777,39,0.08823529411764706,0.20512820512820512,0.029411764705882346,0.1282051282051282,0.46153846153846156,0.2302158273381295,0
699013,SL,Slider,Breaking,137,0.39622641509433965,0.6037735849056604,0.7096774193548387,0.45132461538461544,84.51612903225806,0.3722627737226277,39,0.25806451612903225,0.38461538461538464,0.4516129032258065,0.1794871794871795,0.3076923076923077,0.15328467153284672,4
699013,ST,Sweeper,Breaking,126,0.4186046511627907,0.5813953488372092,0.2608695652173913,0.24864266666666668,80.8695652173913,0.4126984126984127,30,0.08695652173913043,0.26666666666666666,0.17391304347826086,0.2,0.36666666666666664,0.14285714285714285,1
699013,FC,Cutter,Fastball,97,0.34146341463414637,0.6585365853658536,0.7333333333333333,0.39039875,89.34615384615384,0.5360824742268041,16,0.26666666666666666,0.3125,0.4666666666666666,0.0625,0.3125,0.14432989690721648,2
699013,CU,Curveball,Breaking,70,0.36363636363636365,0.6363636363636364,0.16666666666666666,0.15491142857142856,71.97999999999999,0.5428571428571428,7,0.16666666666666666,0.2857142857142857,0.0,0.14285714285714285,0.42857142857142855,0.11428571428571428,0
699013,FS,Splitter,Offspeed,46,0.5,0.5,0.0,0.15634,72.5090909090909,0.34782608695652173,7,0.0,0.14285714285714285,0.0,0.14285714285714285,0.7142857142857143,0.2391304347826087,0
699024,FF,4-Seam FB,Fastball,125,0.12280701754385964,0.8771929824561404,0.5789473684210527,0.31414400000000003,85.93469387755103,0.576,40,0.2894736842105263,0.325,0.2894736842105263,0.05,0.325,0.056,3
699024,SI,Sinker,Fastball,54,0.22727272727272727,0.7727272727272727,0.2727272727272727,0.389365,88.46666666666667,0.4444444444444444,12,0.2727272727272727,0.3333333333333333,0.0,0.08333333333333333,0.08333333333333333,0.09259259259259259,0
699024,CU,Curveball,Breaking,52,0.4230769230769231,0.5769230769230769,0.375,0.4931533333333334,81.33333333333333,0.28846153846153844,9,0.25,0.3333333333333333,0.125,0.1111111111111111,0.2222222222222222,0.21153846153846154,0
699024,SL,Slider,Breaking,45,0.43478260869565216,0.5652173913043479,0.5714285714285714,0.3044285714285714,77.53333333333333,0.4888888888888889,7,0.14285714285714285,0.14285714285714285,0.42857142857142855,0.0,0.2857142857142857,0.2222222222222222,1
699024,CH,Changeup,Offspeed,39,0.3333333333333333,0.6666666666666667,0.2,0.30448909090909093,82.06666666666666,0.358974358974359,11,0.2,0.2727272727272727,0.0,0.09090909090909091,0.18181818181818182,0.15384615384615385,0
699024,ST,Sweeper,Breaking,29,0.2727272727272727,0.7272727272727273,0.0,0.1024,85.08333333333333,0.41379310344827586,5,0.0,0.0,0.0,0.0,0.4,0.10344827586206896,0
699115,FF,4-Seam FB,Fastball,59,0.23076923076923078,0.7692307692307692,0.5555555555555556,0.3413066666666667,74.53684210526315,0.4745762711864407,11,0.2222222222222222,0.36363636363636365,0.33333333333333337,0.18181818181818182,0.2727272727272727,0.1016949152542373,1
699115,SI,Sinker,Fastball,28,0.35,0.65,0.36363636363636365,0.21385272727272728,72.375,0.75,12,0.18181818181818182,0.25,0.18181818181818182,0.08333333333333333,0.16666666666666666,0.25,0
699115,CU,Curveball,Breaking,25,0.5,0.5,0.25,0.339276,74.48333333333333,0.48,5,0.25,0.4,0.0,0.2,0.4,0.24,0
699302,FF,4-Seam FB,Fastball,143,0.27848101265822783,0.7215189873417722,0.29411764705882354,0.1646877777777778,82.63333333333333,0.4965034965034965,36,0.23529411764705882,0.2777777777777778,0.05882352941176472,0.05555555555555555,0.2777777777777778,0.15384615384615385,0
699302,SI,Sinker,Fastball,101,0.13725490196078433,0.8627450980392157,0.5217391304347826,0.3498908333333333,84.86585365853658,0.44554455445544555,24,0.34782608695652173,0.375,0.17391304347826086,0.041666666666666664,0.041666666666666664,0.06930693069306931,1
699302,CH,Changeup,Offspeed,81,0.36,0.64,0.375,0.3005752,86.57666666666667,0.25925925925925924,25,0.25,0.28,0.125,0.04,0.24,0.2222222222222222,0
699302,CU,Curveball,Breaking,67,0.24242424242424243,0.7575757575757576,0.3125,0.20737529411764702,81.07083333333333,0.44776119402985076,17,0.125,0.17647058823529413,0.1875,0.058823529411764705,0.4117647058823529,0.11940298507462686,1
699302,SL,Slider,Breaking,51,0.3225806451612903,0.6774193548387097,0.13333333333333333,0.1876666666666667,82.03809523809522,0.49019607843137253,15,0.13333333333333333,0.13333333333333333,0.0,0.0,0.26666666666666666,0.19607843137254902,0
699302,FC,Cutter,Fastball,34,0.2222222222222222,0.7777777777777778,1.0,0.505311,81.72142857142856,0.5882352941176471,12,0.3,0.4166666666666667,0.7,0.08333333333333333,0.16666666666666666,0.11764705882352941,2
699393,FF,4-Seam FB,Fastball,328,0.18181818181818182,0.8181818181818181,0.4155844155844156,0.2972580722891566,82.38248175182481,0.5457317073170732,88,0.2597402597402597,0.3409090909090909,0.1558441558441559,0.11363636363636363,0.22727272727272727,0.0975609756097561,2
699393,CH,Changeup,Offspeed,149,0.25316455696202533,0.7468354430379747,0.3829787234042553,0.21146478260869567,84.1140350877193,0.3288590604026846,48,0.2978723404255319,0.3125,0.08510638297872342,0.020833333333333332,0.1875,0.1342281879194631,0
699393,SI,Sinker,Fastball,125,0.1320754716981132,0.8679245283018868,0.3235294117647059,0.30122421052631576,86.37272727272727,0.592,38,0.2647058823529412,0.34210526315789475,0.05882352941176472,0.10526315789473684,0.10526315789473684,0.056,0
699393,CU,Curveball,Breaking,99,0.5161290322580645,0.4838709677419355,0.16666666666666666,0.14471938461538464,82.23333333333333,0.3434343434343434,13,0.16666666666666666,0.23076923076923078,0.0,0.0,0.5384615384615384,0.16161616161616163,0
699393,SL,Slider,Breaking,81,0.11904761904761904,0.8809523809523809,0.43478260869565216,0.3008571428571428,87.39999999999999,0.5061728395061729,23,0.2608695652173913,0.2608695652173913,0.17391304347826086,0.0,0.17391304347826086,0.06172839506172839,1
699393,ST,Sweeper,Breaking,76,0.15555555555555556,0.8444444444444444,0.4090909090909091,0.28718181818181815,82.91666666666667,0.631578947368421,22,0.18181818181818182,0.18181818181818182,0.2272727272727273,0.0,0.09090909090909091,0.09210526315789473,1
699393,FC,Cutter,Fastball,60,0.08333333333333333,0.9166666666666666,0.7272727272727273,0.38125000000000003,79.77333333333333,0.5166666666666667,13,0.36363636363636365,0.3333333333333333,0.36363636363636365,0.0,0.0,0.05,1
699393,FS,Splitter,Offspeed,60,0.35714285714285715,0.6428571428571428,0.125,0.32937666666666665,74.24117647058824,0.36666666666666664,12,0.125,0.4166666666666667,0.0,0.3333333333333333,0.08333333333333333,0.16666666666666666,0
699625,FF,4-Seam FB,Fastball,188,0.23232323232323232,0.7676767676767677,0.35294117647058826,0.3050150714285714,86.80958904109589,0.5053191489361702,56,0.19607843137254902,0.26785714285714285,0.15686274509803924,0.05357142857142857,0.30357142857142855,0.12234042553191489,2
699625,CH,Changeup,Offspeed,87,0.5531914893617021,0.44680851063829785,0.23529411764705882,0.25013799999999997,79.9235294117647,0.25287356321839083,20,0.11764705882352941,0.2,0.11764705882352941,0.1,0.4,0.2988505747126437,0
699625,CU,Curveball,Breaking,64,0.43478260869565216,0.5652173913043479,0.0,0.09924142857142858,79.66666666666667,0.5,14,0.0,0.07142857142857142,0.0,0.07142857142857142,0.5714285714285714,0.15625,0
699625,SI,Sinker,Fastball,61,0.2413793103448276,0.7586206896551724,0.07692307692307693,0.43294625,86.58947368421052,0.5409836065573771,16,0.07692307692307693,0.25,0.0,0.1875,0.1875,0.11475409836065574,0
699625,SL,Slider,Breaking,59,0.5172413793103449,0.48275862068965514,0.5833333333333334,0.2856424615384615,84.46153846153847,0.423728813559322,13,0.25,0.3076923076923077,0.33333333333333337,0.0,0.5384615384615384,0.2542372881355932,1
699625,FC,Cutter,Fastball,51,0.25,0.75,0.21428571428571427,0.24438461538461537,85.10952380952381,0.45098039215686275,14,0.14285714285714285,0.14285714285714285,0.07142857142857142,0.0,0.14285714285714285,0.1568627450980392,0
699625,ST,Sweeper,Breaking,35,0.23076923076923078,0.7692307692307692,1.25,0.4679703999999999,84.67,0.42857142857142855,10,0.5,0.6,0.75,0.0,0.1,0.08571428571428572,2
699912,FF,4-Seam FB,Fastball,188,0.1956521739130435,0.8043478260869565,0.32608695652173914,0.34325484615384616,80.05652173913043,0.5372340425531915,54,0.2608695652173913,0.34615384615384615,0.06521739130434784,0.09259259259259259,0.2222222222222222,0.09574468085106383,0
699912,SI,Sinker,Fastball,181,0.0821917808219178,0.9178082191780822,0.3409090909090909,0.29585510204081633,82.41147540983607,0.585635359116022,50,0.29545454545454547,0.3673469387755102,0.045454545454545414,0.1,0.12,0.03314917127071823,0
699912,SL,Slider,Breaking,138,0.15714285714285714,0.8428571428571429,0.2619047619047619,0.24430952380952384,81.89259259259259,0.4855072463768116,42,0.16666666666666666,0.16666666666666666,0.09523809523809526,0.0,0.16666666666666666,0.07971014492753623,1
699912,CH,Changeup,Offspeed,101,0.44680851063829785,0.5531914893617021,0.19047619047619047,0.13471428571428573,75.24999999999999,0.24752475247524752,22,0.19047619047619047,0.19047619047619047,0.0,0.0,0.45454545454545453,0.2079207920792079,0
699912,FC,Cutter,Fastball,81,0.18181818181818182,0.8181818181818181,0.6923076923076923,0.38058213333333335,77.69583333333334,0.49382716049382713,16,0.38461538461538464,0.4666666666666667,0.30769230769230765,0.0625,0.0625,0.07407407407407407,1
699912,ST,Sweeper,Breaking,81,0.4411764705882353,0.5588235294117647,0.5,0.31311111111111106,79.33157894736843,0.48148148148148145,19,0.2777777777777778,0.2777777777777778,0.2222222222222222,0.0,0.3157894736842105,0.18518518518518517,1
699912,CU,Curveball,Breaking,46,0.48148148148148145,0.5185185185185186,0.5714285714285714,0.35957142857142854,72.675,0.30434782608695654,7,0.5714285714285714,0.5714285714285714,0.0,0.0,0.42857142857142855,0.2826086956521739,0
699912,FS,Splitter,Offspeed,27,0.5454545454545454,0.4545454545454546,0.0,0.08633333333333333,81.11999999999999,0.2962962962962963,6,0.0,0.0,0.0,0.0,0.6666666666666666,0.2222222222222222,0
700246,FF,4-Seam FB,Fastball,43,0.20833333333333334,0.7916666666666666,0.1111111111111111,0.324376,85.61666666666666,0.4418604651162791,11,0.1111111111111111,0.2727272727272727,0.0,0.18181818181818182,0.18181818181818182,0.11627906976744186,0
700246,SI,Sinker,Fastball,42,0.13043478260869565,0.8695652173913043,0.3,0.2365,79.84,0.7142857142857143,10,0.2,0.2,0.09999999999999998,0.0,0.2,0.07142857142857142,0
700246,SL,Slider,Breaking,33,0.5,0.5,0.1,0.1298,78.91,0.5757575757575758,10,0.1,0.1,0.0,0.0,0.5,0.30303030303030304,0
700246,ST,Sweeper,Breaking,25,0.5384615384615384,0.46153846153846156,0.6666666666666666,0.37539999999999996,77.46666666666667,0.24,6,0.16666666666666666,0.16666666666666666,0.5,0.0,0.3333333333333333,0.28,1
700250,FF,4-Seam FB,Fastball,589,0.20454545454545456,0.7954545454545454,0.8294573643410853,0.47496249999999995,89.06119402985077,0.565365025466893,153,0.32558139534883723,0.4144736842105263,0.5038759689922481,0.13725490196078433,0.24183006535947713,0.09168081494057725,18
700250,SI,Sinker,Fastball,494,0.14925373134328357,0.8507462686567164,0.4956521739130435,0.3896406511627907,86.96481481481482,0.5323886639676113,130,0.26956521739130435,0.35384615384615387,0.22608695652173916,0.1,0.16923076923076924,0.06072874493927125,7
700250,SL,Slider,Breaking,391,0.35359116022099446,0.6464088397790055,0.5308641975308642,0.3531823157894737,81.61545454545455,0.45012787723785164,95,0.25925925925925924,0.3684210526315789,0.271604938271605,0.14736842105263157,0.3263157894736842,0.1636828644501279,6
700250,CH,Changeup,Offspeed,323,0.2708333333333333,0.7291666666666667,0.4594594594594595,0.3405168421052632,83.45416666666667,0.38390092879256965,80,0.2702702702702703,0.325,0.1891891891891892,0.075,0.2,0.12074303405572756,4
700250,ST,Sweeper,Breaking,273,0.2358490566037736,0.7641509433962264,0.3191489361702128,0.34284503703703706,80.22777777777777,0.4908424908424908,56,0.2127659574468085,0.3090909090909091,0.10638297872340427,0.10714285714285714,0.30357142857142855,0.09157509157509157,1
700250,CU,Curveball,Breaking,234,0.35294117647058826,0.6470588235294117,0.42,0.3357251929824561,82.19285714285714,0.41452991452991456,59,0.18,0.3050847457627119,0.24,0.1016949152542373,0.3898305084745763,0.15384615384615385,3
700250,FC,Cutter,Fastball,231,0.18421052631578946,0.8157894736842105,0.4067796610169492,0.3719764179104478,86.09204545454546,0.5151515151515151,68,0.2711864406779661,0.36764705882352944,0.13559322033898308,0.1323529411764706,0.10294117647058823,0.09090909090909091,2
700250,FS,Splitter,Offspeed,139,0.43859649122807015,0.5614035087719298,0.25925925925925924,0.23922482758620686,80.73225806451612,0.30935251798561153,31,0.1111111111111111,0.22580645161290322,0.14814814814814814,0.12903225806451613,0.3548387096774194,0.17985611510791366,1
700250,KC,Knuckle-Curve,Breaking,42,0.46153846153846156,0.5384615384615384,1.0,0.28882285714285716,89.63333333333333,0.23809523809523808,7,0.4,0.5714285714285714,0.6,0.2857142857142857,0.42857142857142855,0.14285714285714285,0
700337,FF,4-Seam FB,Fastball,375,0.28431372549019607,0.7156862745098039,0.2222222222222222,0.2939498,82.57299270072993,0.5253333333333333,93,0.1728395061728395,0.25274725274725274,0.04938271604938271,0.07526881720430108,0.25806451612903225,0.15466666666666667,1
700337,SI,Sinker,Fastball,147,0.0684931506849315,0.9315068493150684,0.2571428571428571,0.2507285853658537,85.14262295081967,0.5238095238095238,42,0.2571428571428571,0.35714285714285715,0.0,0.11904761904761904,0.07142857142857142,0.034013605442176874,0
700337,CH,Changeup,Offspeed,120,0.17307692307692307,0.8269230769230769,0.2777777777777778,0.28752235294117645,81.40487804878049,0.3333333333333333,39,0.19444444444444445,0.23076923076923078,0.08333333333333334,0.05128205128205128,0.20512820512820512,0.075,1
700337,SL,Slider,Breaking,73,0.25,0.75,0.375,0.4254576666666667,80.92727272727274,0.410958904109589,13,0.375,0.5384615384615384,0.0,0.23076923076923078,0.15384615384615385,0.1095890410958904,0
700337,FC,Cutter,Fastball,56,0.16129032258064516,0.8387096774193549,0.2857142857142857,0.37451733333333337,82.9375,0.5357142857142857,16,0.2857142857142857,0.375,0.0,0.125,0.125,0.08928571428571429,0
700337,CU,Curveball,Breaking,49,0.3333333333333333,0.6666666666666667,0.625,0.1785,89.38888888888889,0.3877551020408163,8,0.25,0.25,0.375,0.0,0.25,0.10204081632653061,1
700337,ST,Sweeper,Breaking,41,0.2631578947368421,0.736842105263158,0.0,0.17194109090909093,84.56153846153846,0.5609756097560976,11,0.0,0.09090909090909091,0.0,0.0,0.18181818181818182,0.12195121951219512,0
700337,FS,Splitter,Offspeed,27,0.14285714285714285,0.8571428571428572,0.1111111111111111,0.1713,75.89090909090909,0.37037037037037035,11,0.1111111111111111,0.18181818181818182,0.0,0.09090909090909091,0.09090909090909091,0.07407407407407407,0
700932,FF,4-Seam FB,Fastball,492,0.264,0.736,0.43,0.3223151153846154,85.16285714285715,0.5467479674796748,112,0.27,0.3392857142857143,0.15999999999999998,0.08928571428571429,0.29464285714285715,0.13414634146341464,4
700932,SI,Sinker,Fastball,193,0.21686746987951808,0.7831325301204819,0.5,0.4861771636363636,88.4532258064516,0.6010362694300518,58,0.2916666666666667,0.41379310344827586,0.20833333333333331,0.13793103448275862,0.22413793103448276,0.09326424870466321,2
700932,SL,Slider,Breaking,191,0.4673913043478261,0.5326086956521738,0.425531914893617,0.23960117647058826,81.61276595744681,0.418848167539267,54,0.1702127659574468,0.2777777777777778,0.25531914893617025,0.12962962962962962,0.42592592592592593,0.225130890052356,3
700932,CH,Changeup,Offspeed,175,0.3522727272727273,0.6477272727272727,0.13333333333333333,0.22519488372093022,81.08421052631581,0.36,46,0.13333333333333333,0.15217391304347827,0.0,0.021739130434782608,0.32608695652173914,0.17714285714285713,0
700932,FC,Cutter,Fastball,155,0.27631578947368424,0.7236842105263157,0.5185185185185185,0.27027812500000004,87.75098039215686,0.4774193548387097,33,0.18518518518518517,0.30303030303030304,0.3333333333333333,0.15151515151515152,0.2727272727272727,0.13548387096774195,3
700932,ST,Sweeper,Breaking,142,0.35,0.65,0.25925925925925924,0.2985175714285715,78.29230769230769,0.3732394366197183,31,0.14814814814814814,0.25806451612903225,0.1111111111111111,0.0967741935483871,0.45161290322580644,0.14788732394366197,1
700932,CU,Curveball,Breaking,91,0.12,0.88,0.14285714285714285,0.2701225882352941,81.88636363636364,0.46153846153846156,17,0.14285714285714285,0.29411764705882354,0.0,0.058823529411764705,0.17647058823529413,0.03296703296703297,0
700932,FS,Splitter,Offspeed,53,0.4,0.6,0.3125,0.13099999999999998,83.35625000000002,0.3584905660377358,16,0.125,0.125,0.1875,0.0,0.5,0.22641509433962265,1
700932,KC,Knuckle-Curve,Breaking,35,0.25,0.75,1.1666666666666667,0.22976857142857146,82.04285714285713,0.37142857142857144,7,0.5,0.5714285714285714,0.6666666666666667,0.14285714285714285,0.42857142857142855,0.08571428571428572,1
701162,FF,4-Seam FB,Fastball,180,0.21794871794871795,0.782051282051282,0.2972972972972973,0.3714215652173913,83.50178571428572,0.5444444444444444,46,0.2702702702702703,0.41304347826086957,0.02702702702702703,0.17391304347826086,0.2608695652173913,0.09444444444444444,0
701162,CH,Changeup,Offspeed,85,0.5294117647058824,0.47058823529411764,0.5833333333333334,0.20530769230769227,78.22666666666667,0.3411764705882353,13,0.25,0.23076923076923078,0.33333333333333337,0.0,0.38461538461538464,0.21176470588235294,1
701162,SL,Slider,Breaking,75,0.27906976744186046,0.7209302325581395,0.43478260869565216,0.21444833333333332,84.05000000000001,0.5333333333333333,25,0.21739130434782608,0.28,0.21739130434782608,0.08,0.28,0.16,1
701162,SI,Sinker,Fastball,65,0.034482758620689655,0.9655172413793104,0.47058823529411764,0.36240559999999994,87.0653846153846,0.5692307692307692,21,0.29411764705882354,0.42857142857142855,0.1764705882352941,0.09523809523809523,0.14285714285714285,0.015384615384615385,1
701162,FC,Cutter,Fastball,50,0.2,0.8,0.25,0.3840093333333333,77.58947368421053,0.46,15,0.16666666666666666,0.3333333333333333,0.08333333333333334,0.2,0.06666666666666667,0.1,0
701162,CU,Curveball,Breaking,35,0.3,0.7,1.2,0.48573,81.88571428571427,0.34285714285714286,6,0.6,0.6666666666666666,0.6,0.16666666666666666,0.16666666666666666,0.08571428571428572,1
701162,ST,Sweeper,Breaking,30,0.4,0.6,0.1111111111111111,0.22183800000000004,76.02,0.4666666666666667,10,0.1111111111111111,0.2,0.0,0.1,0.5,0.13333333333333333,0
701305,FF,4-Seam FB,Fastball,142,0.4189189189189189,0.5810810810810811,0.5,0.2922897142857143,86.78,0.5915492957746479,35,0.28125,0.34285714285714286,0.21875,0.08571428571428572,0.34285714285714286,0.21830985915492956,1
701305,SL,Slider,Breaking,40,0.5454545454545454,0.4545454545454546,0.0,0.03638461538461538,72.78888888888889,0.3,13,0.0,0.0,0.0,0.0,0.5384615384615384,0.3,0
701305,SI,Sinker,Fastball,38,0.058823529411764705,0.9411764705882353,0.4,0.34073,81.13125000000001,0.5789473684210527,12,0.4,0.5,0.0,0.16666666666666666,0.08333333333333333,0.02631578947368421,0
701305,ST,Sweeper,Breaking,38,0.2,0.8,0.0,0.16067599999999999,73.1875,0.5263157894736842,5,0.0,0.2,0.0,0.2,0.4,0.05263157894736842,0
701350,FF,4-Seam FB,Fastball,281,0.1926605504587156,0.8073394495412844,0.38181818181818183,0.4169667796610169,86.81904761904761,0.5480427046263345,67,0.2909090909090909,0.4090909090909091,0.09090909090909094,0.14925373134328357,0.1791044776119403,0.07473309608540925,0
701350,SI,Sinker,Fastball,185,0.1527777777777778,0.8472222222222222,0.5,0.3681468085106383,88.62678571428572,0.572972972972973,47,0.30952380952380953,0.3829787234042553,0.19047619047619047,0.10638297872340426,0.1702127659574468,0.05945945945945946,1
701350,SL,Slider,Breaking,128,0.4,0.6,0.3333333333333333,0.2957975,85.30666666666666,0.4453125,34,0.2,0.29411764705882354,0.1333333333333333,0.11764705882352941,0.3235294117647059,0.15625,1
701350,CH,Changeup,Offspeed,116,0.4166666666666667,0.5833333333333333,0.3333333333333333,0.22888827586206897,83.59615384615384,0.4396551724137931,32,0.23333333333333334,0.28125,0.09999999999999998,0.0625,0.34375,0.1724137931034483,1
701350,CU,Curveball,Breaking,83,0.48148148148148145,0.5185185185185186,0.14285714285714285,0.28520378947368424,78.10769230769232,0.43373493975903615,19,0.07142857142857142,0.3157894736842105,0.07142857142857142,0.21052631578947367,0.47368421052631576,0.1566265060240964,0
701350,ST,Sweeper,Breaking,82,0.38235294117647056,0.6176470588235294,0.29411764705882354,0.3132705263157895,80.85263157894735,0.4024390243902439,20,0.23529411764705882,0.35,0.05882352941176472,0.15,0.3,0.15853658536585366,0
701350,FC,Cutter,Fastball,53,0.10526315789473684,0.8947368421052632,1.0625,0.49626666666666674,96.42,0.6037735849056604,16,0.4375,0.4375,0.625,0.0,0.25,0.03773584905660377,2
701350,FS,Splitter,Offspeed,45,0.5263157894736842,0.4736842105263158,0.1,0.239238,83.92222222222222,0.35555555555555557,11,0.1,0.18181818181818182,0.0,0.09090909090909091,0.36363636363636365,0.2222222222222222,0
701350,KC,Knuckle-Curve,Breaking,25,0.09090909090909091,0.9090909090909091,0.14285714285714285,0.3216725,84.25999999999999,0.56,8,0.14285714285714285,0.25,0.0,0.125,0.25,0.04,0
701358,FF,4-Seam FB,Fastball,602,0.24233128834355827,0.7576687116564418,0.4666666666666667,0.3188214666666666,84.72212389380532,0.5282392026578073,155,0.24444444444444444,0.33548387096774196,0.22222222222222224,0.12258064516129032,0.23870967741935484,0.13122923588039867,6
701358,SI,Sinker,Fastball,466,0.1274131274131274,0.8725868725868726,0.31007751937984496,0.34456417391304345,82.52830188679245,0.5364806866952789,143,0.2248062015503876,0.29577464788732394,0.08527131782945735,0.06993006993006994,0.11888111888111888,0.07081545064377683,2
701358,SL,Slider,Breaking,337,0.35251798561151076,0.6474820143884892,0.5573770491803278,0.39614205882352943,83.27710843373494,0.45103857566765576,70,0.21311475409836064,0.3,0.34426229508196715,0.1,0.2714285714285714,0.14540059347181009,6
701358,ST,Sweeper,Breaking,288,0.5206611570247934,0.47933884297520657,0.32075471698113206,0.19457692307692312,82.80188679245283,0.4027777777777778,54,0.1320754716981132,0.12962962962962962,0.18867924528301885,0.0,0.5,0.21875,2
701358,CH,Changeup,Offspeed,222,0.5048543689320388,0.49514563106796117,0.26785714285714285,0.2122840677966102,78.274,0.38288288288288286,59,0.14285714285714285,0.1694915254237288,0.125,0.03389830508474576,0.4406779661016949,0.23423423423423423,2
701358,FC,Cutter,Fastball,183,0.27358490566037735,0.7264150943396226,0.2894736842105263,0.38083599999999995,82.55492957746479,0.5792349726775956,43,0.15789473684210525,0.21428571428571427,0.13157894736842107,0.046511627906976744,0.09302325581395349,0.15846994535519127,1
701358,CU,Curveball,Breaking,158,0.1875,0.8125,0.3076923076923077,0.3120271428571429,75.82222222222224,0.3670886075949367,15,0.23076923076923078,0.26666666666666666,0.07692307692307693,0.06666666666666667,0.13333333333333333,0.056962025316455694,0
701358,FS,Splitter,Offspeed,70,0.3888888888888889,0.6111111111111112,0.6190476190476191,0.31653454545454546,80.17368421052632,0.4142857142857143,23,0.23809523809523808,0.30434782608695654,0.380952380952381,0.08695652173913043,0.43478260869565216,0.2,2
701358,KC,Knuckle-Curve,Breaking,32,0.625,0.375,0.25,0.2238168888888889,97.51666666666667,0.25,9,0.25,0.3333333333333333,0.0,0.0,0.4444444444444444,0.3125,0
701398,FF,4-Seam FB,Fastball,706,0.34517766497461927,0.6548223350253808,0.5375,0.34467484444444446,86.78879310344827,0.5212464589235127,188,0.275,0.3723404255319149,0.26249999999999996,0.13297872340425532,0.35638297872340424,0.19263456090651557,11
701398,SI,Sinker,Fastball,581,0.1872791519434629,0.8127208480565371,0.4785714285714286,0.39764665789473685,86.66713615023474,0.5714285714285714,157,0.2785714285714286,0.34394904458598724,0.2,0.08917197452229299,0.10191082802547771,0.09122203098106713,8
701398,SL,Slider,Breaking,424,0.2751322751322751,0.7248677248677249,0.4,0.2968644301075269,85.12868852459016,0.44575471698113206,97,0.2235294117647059,0.29896907216494845,0.17647058823529413,0.09278350515463918,0.17525773195876287,0.12264150943396226,4
701398,ST,Sweeper,Breaking,357,0.26666666666666666,0.7333333333333334,0.39759036144578314,0.30196804878048783,82.31160714285714,0.40896358543417366,88,0.20481927710843373,0.2159090909090909,0.1927710843373494,0.022727272727272728,0.25,0.12324929971988796,4
701398,CH,Changeup,Offspeed,231,0.27450980392156865,0.7254901960784313,0.39215686274509803,0.3165417037037037,78.5109375,0.36363636363636365,58,0.29411764705882354,0.3684210526315789,0.0980392156862745,0.08620689655172414,0.1896551724137931,0.12121212121212122,1
701398,CU,Curveball,Breaking,205,0.1978021978021978,0.8021978021978022,0.46153846153846156,0.31146736842105266,80.51451612903226,0.3463414634146341,41,0.3076923076923077,0.34146341463414637,0.15384615384615385,0.04878048780487805,0.24390243902439024,0.08780487804878048,1
701398,FC,Cutter,Fastball,190,0.30612244897959184,0.6938775510204082,0.5609756097560976,0.39914048780487804,86.58135593220338,0.4631578947368421,44,0.36585365853658536,0.38636363636363635,0.19512195121951226,0.045454545454545456,0.11363636363636363,0.15789473684210525,2
701398,FS,Splitter,Offspeed,73,0.32558139534883723,0.6744186046511628,0.4782608695652174,0.38069833333333336,88.30869565217392,0.3698630136986301,25,0.21739130434782608,0.28,0.26086956521739135,0.08,0.28,0.1917808219178082,2
701398,KC,Knuckle-Curve,Breaking,31,0.125,0.875,0.375,0.14885714285714285,82.69999999999999,0.4838709677419355,8,0.25,0.25,0.125,0.0,0.25,0.06451612903225806,0
701398,SV,Slurve,Breaking,28,0.2,0.8,0.2857142857142857,0.37483333333333335,75.69166666666666,0.5,7,0.2857142857142857,0.2857142857142857,0.0,0.0,0.14285714285714285,0.10714285714285714,0
701538,FF,4-Seam FB,Fastball,921,0.30544747081712065,0.6945525291828794,0.41904761904761906,0.3545426126126126,85.91875000000002,0.5255157437567861,232,0.22857142857142856,0.28820960698689957,0.1904761904761905,0.07758620689655173,0.3017241379310345,0.17046688382193267,9
701538,CH,Changeup,Offspeed,325,0.27071823204419887,0.7292817679558011,0.39285714285714285,0.3062715909090909,82.93966942148761,0.36923076923076925,91,0.25,0.29213483146067415,0.14285714285714285,0.054945054945054944,0.1978021978021978,0.15076923076923077,2
701538,SI,Sinker,Fastball,309,0.10843373493975904,0.891566265060241,0.5333333333333333,0.40241076923076924,83.9080291970803,0.5533980582524272,83,0.38666666666666666,0.4457831325301205,0.14666666666666667,0.0963855421686747,0.1566265060240964,0.05825242718446602,1
701538,SL,Slider,Breaking,293,0.3063583815028902,0.6936416184971098,0.4861111111111111,0.3229427027027027,81.60275229357799,0.4402730375426621,77,0.25,0.2631578947368421,0.2361111111111111,0.025974025974025976,0.23376623376623376,0.18088737201365188,5
701538,FC,Cutter,Fastball,224,0.3283582089552239,0.6716417910447761,0.5106382978723404,0.4121616666666667,86.17816091954025,0.4955357142857143,49,0.2553191489361702,0.2857142857142857,0.2553191489361702,0.04081632653061224,0.1836734693877551,0.19642857142857142,3
701538,ST,Sweeper,Breaking,168,0.3010752688172043,0.6989247311827957,0.2894736842105263,0.30835138461538464,80.4984375,0.4166666666666667,40,0.13157894736842105,0.175,0.15789473684210528,0.0,0.25,0.16666666666666666,2
701538,CU,Curveball,Breaking,167,0.25555555555555554,0.7444444444444445,0.5652173913043478,0.3415737142857142,82.7890625,0.281437125748503,49,0.32608695652173914,0.3673469387755102,0.23913043478260865,0.04081632653061224,0.22448979591836735,0.1377245508982036,2
701538,FS,Splitter,Offspeed,126,0.2638888888888889,0.7361111111111112,0.2222222222222222,0.2845661111111111,80.09803921568627,0.30952380952380953,37,0.1388888888888889,0.16216216216216217,0.08333333333333331,0.02702702702702703,0.24324324324324326,0.15079365079365079,1
701538,KC,Knuckle-Curve,Breaking,48,0.4117647058823529,0.5882352941176471,0.2777777777777778,0.31833333333333336,86.60555555555555,0.2708333333333333,18,0.2222222222222222,0.2222222222222222,0.05555555555555558,0.0,0.2777777777777778,0.2916666666666667,0
701675,FF,4-Seam FB,Fastball,701,0.20050125313283207,0.7994987468671679,0.3089430894308943,0.28466600000000003,77.79863481228669,0.4893009985734665,139,0.24390243902439024,0.3237410071942446,0.06504065040650409,0.10071942446043165,0.2302158273381295,0.11412268188302425,0
701675,SI,Sinker,Fastball,249,0.11023622047244094,0.889763779527559,0.2698412698412698,0.31950942857142856,81.95784313725491,0.5622489959839357,72,0.20634920634920634,0.28169014084507044,0.06349206349206349,0.09722222222222222,0.05555555555555555,0.05622489959839357,1
701675,CH,Changeup,Offspeed,245,0.2483221476510067,0.7516778523489933,0.43902439024390244,0.29676502439024394,78.10462962962963,0.35918367346938773,84,0.2804878048780488,0.2976190476190476,0.15853658536585363,0.011904761904761904,0.15476190476190477,0.1510204081632653,3
701675,SL,Slider,Breaking,187,0.1565217391304348,0.8434782608695652,0.4098360655737705,0.28940285714285713,79.7494252873563,0.42245989304812837,65,0.26229508196721313,0.265625,0.14754098360655737,0.015384615384615385,0.13846153846153847,0.0962566844919786,2
701675,CU,Curveball,Breaking,136,0.1774193548387097,0.8225806451612903,0.45,0.25910880000000003,81.6086956521739,0.4338235294117647,42,0.25,0.2619047619047619,0.2,0.0,0.14285714285714285,0.08088235294117647,2
701675,ST,Sweeper,Breaking,119,0.2962962962962963,0.7037037037037037,0.24242424242424243,0.18379312499999997,74.22000000000001,0.46218487394957986,34,0.18181818181818182,0.20588235294117646,0.06060606060606061,0.029411764705882353,0.29411764705882354,0.13445378151260504,0
701675,FC,Cutter,Fastball,98,0.20689655172413793,0.7931034482758621,0.9411764705882353,0.37345560000000005,78.72045454545456,0.5714285714285714,21,0.4117647058823529,0.47619047619047616,0.5294117647058824,0.09523809523809523,0.047619047619047616,0.12244897959183673,2
701675,FS,Splitter,Offspeed,68,0.20454545454545456,0.7954545454545454,0.2777777777777778,0.27222222222222225,79.45806451612904,0.29411764705882354,18,0.2777777777777778,0.2777777777777778,0.0,0.0,0.16666666666666666,0.1323529411764706,0
701678,FF,4-Seam FB,Fastball,445,0.2549019607843137,0.7450980392156863,0.5913978494623656,0.3653557142857143,85.80212765957448,0.5146067415730337,112,0.3118279569892473,0.41964285714285715,0.2795698924731183,0.16071428571428573,0.26785714285714285,0.11685393258426967,5
701678,SI,Sinker,Fastball,213,0.2087912087912088,0.7912087912087912,0.38636363636363635,0.33285708333333336,82.42463768115942,0.5446009389671361,48,0.29545454545454547,0.3333333333333333,0.09090909090909088,0.0625,0.16666666666666666,0.0892018779342723,1
701678,SL,Slider,Breaking,212,0.34951456310679613,0.6504854368932038,0.35294117647058826,0.23040945454545453,83.79538461538462,0.5,55,0.21568627450980393,0.2727272727272727,0.13725490196078433,0.07272727272727272,0.2727272727272727,0.16981132075471697,1
701678,FC,Cutter,Fastball,148,0.3287671232876712,0.6712328767123288,0.23076923076923078,0.24865950000000003,81.04468085106382,0.46621621621621623,41,0.20512820512820512,0.225,0.02564102564102566,0.024390243902439025,0.2926829268292683,0.16216216216216217,0
701678,CH,Changeup,Offspeed,124,0.27692307692307694,0.7230769230769231,0.3333333333333333,0.2662170588235294,78.90851063829787,0.4112903225806452,34,0.21212121212121213,0.23529411764705882,0.12121212121212119,0.029411764705882353,0.14705882352941177,0.14516129032258066,1
701678,ST,Sweeper,Breaking,113,0.1568627450980392,0.8431372549019608,0.5333333333333333,0.33821124999999996,79.40232558139536,0.37168141592920356,32,0.4,0.4375,0.1333333333333333,0.0625,0.09375,0.07079646017699115,0
701678,CU,Curveball,Breaking,78,0.16666666666666666,0.8333333333333334,0.4,0.32980952380952383,81.78571428571429,0.48717948717948717,21,0.2,0.19047619047619047,0.2,0.0,0.2857142857142857,0.07692307692307693,1
701762,FF,4-Seam FB,Fastball,568,0.36693548387096775,0.6330645161290323,0.5445544554455446,0.4294872440944882,86.83741496598638,0.5246478873239436,130,0.22772277227722773,0.390625,0.3168316831683169,0.2,0.3384615384615385,0.1602112676056338,9
701762,SI,Sinker,Fastball,344,0.2389937106918239,0.7610062893081762,0.3815789473684211,0.33047369411764704,85.74311926605505,0.5058139534883721,90,0.3157894736842105,0.4222222222222222,0.06578947368421056,0.13333333333333333,0.2777777777777778,0.11046511627906977,1
701762,SL,Slider,Breaking,268,0.40186915887850466,0.5981308411214954,0.5882352941176471,0.3870786885245902,84.75901639344262,0.4216417910447761,61,0.23529411764705882,0.36065573770491804,0.35294117647058826,0.16393442622950818,0.36065573770491804,0.16044776119402984,5
701762,CH,Changeup,Offspeed,246,0.3854166666666667,0.6145833333333333,0.23255813953488372,0.3010633333333333,79.57959183673469,0.35365853658536583,51,0.16279069767441862,0.29411764705882354,0.0697674418604651,0.1568627450980392,0.29411764705882354,0.15040650406504066,0
701762,ST,Sweeper,Breaking,145,0.4074074074074074,0.5925925925925926,0.6785714285714286,0.3648164,86.99375,0.45517241379310347,32,0.39285714285714285,0.46875,0.28571428571428575,0.09375,0.3125,0.15172413793103448,2
701762,FC,Cutter,Fastball,135,0.36363636363636365,0.6363636363636364,0.36363636363636365,0.40932074074074076,80.12249999999999,0.4740740740740741,30,0.22727272727272727,0.43333333333333335,0.13636363636363638,0.26666666666666666,0.3,0.17777777777777778,1
701762,FS,Splitter,Offspeed,96,0.5652173913043478,0.4347826086956522,0.5833333333333334,0.3229523076923077,88.98947368421052,0.2916666666666667,26,0.25,0.3076923076923077,0.33333333333333337,0.07692307692307693,0.5,0.2708333333333333,2
701762,CU,Curveball,Breaking,72,0.41935483870967744,0.5806451612903225,0.15384615384615385,0.18,86.19333333333334,0.4444444444444444,13,0.15384615384615385,0.15384615384615385,0.0,0.0,0.38461538461538464,0.18055555555555555,0
701785,FF,4-Seam FB,Fastball,121,0.19117647058823528,0.8088235294117647,0.5333333333333333,0.3185430588235294,83.7423076923077,0.45454545454545453,34,0.26666666666666666,0.35294117647058826,0.26666666666666666,0.058823529411764705,0.14705882352941177,0.10743801652892562,2
701785,SL,Slider,Breaking,59,0.17857142857142858,0.8214285714285714,0.36363636363636365,0.33411499999999994,79.26190476190476,0.5254237288135594,12,0.36363636363636365,0.4166666666666667,0.0,0.08333333333333333,0.08333333333333333,0.0847457627118644,0
701785,CH,Changeup,Offspeed,57,0.358974358974359,0.641025641025641,0.375,0.1903125,80.9304347826087,0.3333333333333333,16,0.25,0.25,0.125,0.0,0.375,0.24561403508771928,0
701785,SI,Sinker,Fastball,57,0.1111111111111111,0.8888888888888888,0.5555555555555556,0.3620852,87.31739130434784,0.5964912280701754,20,0.3333333333333333,0.4,0.22222222222222227,0.0,0.1,0.05263157894736842,1
701785,ST,Sweeper,Breaking,53,0.4,0.6,0.16666666666666666,0.29652888888888884,85.22727272727273,0.41509433962264153,9,0.16666666666666666,0.3333333333333333,0.0,0.2222222222222222,0.1111111111111111,0.1509433962264151,0
701785,FC,Cutter,Fastball,44,0.16,0.84,0.2,0.2636,75.99000000000001,0.5909090909090909,10,0.2,0.2,0.0,0.0,0.3,0.09090909090909091,0
701785,CU,Curveball,Breaking,34,0.5882352941176471,0.4117647058823529,0.125,0.148,89.18333333333334,0.3235294117647059,8,0.125,0.125,0.0,0.0,0.5,0.29411764705882354,0
701785,FS,Splitter,Offspeed,31,0.19047619047619047,0.8095238095238095,0.5,0.4385714285714286,84.47857142857141,0.45161290322580644,8,0.5,0.5,0.0,0.0,0.125,0.12903225806451613,0
701807,FF,4-Seam FB,Fastball,874,0.170316301703163,0.829683698296837,0.5054347826086957,0.3599164670050762,83.04375,0.5491990846681922,205,0.34782608695652173,0.4146341463414634,0.15760869565217395,0.09268292682926829,0.23414634146341465,0.08009153318077804,7
701807,SI,Sinker,Fastball,508,0.17370892018779344,0.8262910798122065,0.41237113402061853,0.3986446017699115,81.30559006211179,0.5807086614173228,115,0.32989690721649484,0.43478260869565216,0.0824742268041237,0.1565217391304348,0.14782608695652175,0.07283464566929133,2
701807,SL,Slider,Breaking,318,0.2112676056338028,0.7887323943661972,0.4246575342465753,0.3440732266666667,82.58252427184466,0.44339622641509435,78,0.2191780821917808,0.2692307692307692,0.2054794520547945,0.05128205128205128,0.23076923076923078,0.09433962264150944,4
701807,CH,Changeup,Offspeed,264,0.29285714285714287,0.7071428571428571,0.43661971830985913,0.2842721621621621,81.3989247311828,0.3787878787878788,75,0.23943661971830985,0.26666666666666666,0.19718309859154928,0.04,0.21333333333333335,0.1553030303030303,2
701807,ST,Sweeper,Breaking,205,0.3146067415730337,0.6853932584269663,0.3333333333333333,0.27764461538461543,77.7122807017544,0.43414634146341463,39,0.2222222222222222,0.28205128205128205,0.1111111111111111,0.07692307692307693,0.38461538461538464,0.13658536585365855,1
701807,CU,Curveball,Breaking,198,0.2571428571428571,0.7428571428571429,0.275,0.28381751111111114,85.67272727272727,0.3787878787878788,46,0.2,0.30434782608695654,0.07500000000000001,0.043478260869565216,0.21739130434782608,0.09090909090909091,0
701807,FC,Cutter,Fastball,177,0.08433734939759036,0.9156626506024097,0.5306122448979592,0.43986224,82.53714285714287,0.576271186440678,52,0.30612244897959184,0.34615384615384615,0.22448979591836737,0.038461538461538464,0.038461538461538464,0.03954802259887006,3
701807,FS,Splitter,Offspeed,108,0.3559322033898305,0.6440677966101696,0.3235294117647059,0.24785294117647058,82.98333333333332,0.35185185185185186,34,0.20588235294117646,0.20588235294117646,0.11764705882352944,0.0,0.29411764705882354,0.19444444444444445,1
701807,KC,Knuckle-Curve,Breaking,49,0.4,0.6,0.07142857142857142,0.12945571428571429,85.11818181818181,0.46938775510204084,15,0.07142857142857142,0.13333333333333333,0.0,0.06666666666666667,0.4666666666666667,0.16326530612244897,0
701852,FF,4-Seam FB,Fastball,274,0.2896551724137931,0.7103448275862069,0.3770491803278688,0.298406,77.72234042553191,0.5291970802919708,71,0.2786885245901639,0.37142857142857144,0.09836065573770492,0.1267605633802817,0.323943661971831,0.15328467153284672,1
701852,SL,Slider,Breaking,92,0.3409090909090909,0.6590909090909092,0.14285714285714285,0.221619,74.74166666666666,0.4673913043478261,22,0.14285714285714285,0.18181818181818182,0.0,0.045454545454545456,0.4090909090909091,0.16304347826086957,0
701852,CH,Changeup,Offspeed,60,0.3225806451612903,0.6774193548387097,0.26666666666666666,0.38139764705882356,73.96315789473684,0.31666666666666665,18,0.2,0.29411764705882354,0.06666666666666665,0.1111111111111111,0.1111111111111111,0.16666666666666666,0
701852,SI,Sinker,Fastball,58,0.0,1.0,0.4375,0.410426,86.02916666666665,0.603448275862069,20,0.4375,0.55,0.0,0.2,0.1,0.0,0
701852,FC,Cutter,Fastball,50,0.25,0.75,0.4444444444444444,0.32463800000000004,81.35625,0.54,11,0.2222222222222222,0.3,0.2222222222222222,0.09090909090909091,0.18181818181818182,0.12,0
701852,CU,Curveball,Breaking,34,0.5714285714285714,0.4285714285714286,0.0,0.31762500000000005,81.51666666666667,0.4117647058823529,9,0.0,0.0,0.0,0.0,0.4444444444444444,0.23529411764705882,0
701852,ST,Sweeper,Breaking,34,0.36363636363636365,0.6363636363636364,0.14285714285714285,0.1791725,75.31666666666668,0.4117647058823529,8,0.14285714285714285,0.25,0.0,0.125,0.375,0.11764705882352941,0
702176,FF,4-Seam FB,Fastball,132,0.13636363636363635,0.8636363636363636,0.4482758620689655,0.3636830769230769,83.90727272727274,0.5378787878787878,32,0.3103448275862069,0.375,0.13793103448275862,0.09375,0.1875,0.06818181818181818,0
702176,SI,Sinker,Fastball,64,0.10344827586206896,0.896551724137931,0.3333333333333333,0.424064,87.31304347826087,0.5,21,0.26666666666666666,0.47619047619047616,0.06666666666666665,0.2857142857142857,0.09523809523809523,0.046875,0
702176,ST,Sweeper,Breaking,46,0.25,0.75,0.2222222222222222,0.2953755555555555,74.99999999999999,0.5434782608695652,10,0.2222222222222222,0.3,0.0,0.1,0.1,0.08695652173913043,0
702176,CU,Curveball,Breaking,38,0.16666666666666666,0.8333333333333334,0.6666666666666666,0.4286666666666667,76.63,0.42105263157894735,4,0.6666666666666666,0.6666666666666666,0.0,0.0,0.0,0.05263157894736842,0
702176,FC,Cutter,Fastball,37,0.13333333333333333,0.8666666666666667,0.1,0.3725236363636364,86.98333333333333,0.5675675675675675,13,0.1,0.23076923076923078,0.0,0.15384615384615385,0.07692307692307693,0.05405405405405406,0
702176,CH,Changeup,Offspeed,31,0.1111111111111111,0.8888888888888888,0.4166666666666667,0.3249166666666667,81.39999999999999,0.3225806451612903,13,0.3333333333333333,0.3076923076923077,0.08333333333333337,0.0,0.15384615384615385,0.06451612903225806,0
702222,FF,4-Seam FB,Fastball,695,0.18732782369146006,0.8126721763085399,0.4015151515151515,0.3064712408759124,82.60967741935484,0.5611510791366906,151,0.3106060606060606,0.3698630136986301,0.09090909090909088,0.08609271523178808,0.23178807947019867,0.09784172661870504,1
702222,SI,Sinker,Fastball,284,0.1079136690647482,0.8920863309352518,0.39436619718309857,0.3101381866666667,81.33981481481482,0.5598591549295775,80,0.30985915492957744,0.3875,0.08450704225352113,0.0875,0.125,0.0528169014084507,0
702222,SL,Slider,Breaking,167,0.125,0.875,0.32608695652173914,0.2838723404255319,81.7695652173913,0.4491017964071856,48,0.2391304347826087,0.22916666666666666,0.08695652173913043,0.0,0.1875,0.0658682634730539,0
702222,FC,Cutter,Fastball,147,0.20481927710843373,0.7951807228915663,0.1891891891891892,0.2070463157894737,80.5952380952381,0.4421768707482993,40,0.16216216216216217,0.20512820512820512,0.02702702702702703,0.05,0.1,0.11564625850340136,0
702222,CH,Changeup,Offspeed,146,0.20930232558139536,0.7906976744186046,0.35185185185185186,0.2965530769230769,78.1,0.3082191780821918,56,0.24074074074074073,0.26785714285714285,0.11111111111111113,0.03571428571428571,0.17857142857142858,0.1232876712328767,1
702222,CU,Curveball,Breaking,110,0.23214285714285715,0.7678571428571428,0.35135135135135137,0.23452378378378377,84.40975609756097,0.41818181818181815,38,0.24324324324324326,0.2631578947368421,0.10810810810810811,0.02631578947368421,0.23684210526315788,0.11818181818181818,0
702222,ST,Sweeper,Breaking,92,0.2549019607843137,0.7450980392156863,0.5185185185185185,0.2442992857142857,77.834375,0.41304347826086957,28,0.2962962962962963,0.32142857142857145,0.2222222222222222,0.03571428571428571,0.2857142857142857,0.14130434782608695,1
702222,FS,Splitter,Offspeed,66,0.20454545454545456,0.7954545454545454,0.16666666666666666,0.25982230769230774,80.66874999999999,0.42424242424242425,26,0.125,0.15384615384615385,0.04166666666666666,0.038461538461538464,0.038461538461538464,0.13636363636363635,0
702284,FF,4-Seam FB,Fastball,820,0.1784037558685446,0.8215962441314554,0.4022346368715084,0.33058163829787235,82.74629629629631,0.5536585365853659,200,0.2569832402234637,0.3248730964467005,0.1452513966480447,0.07,0.145,0.09268292682926829,6
702284,SI,Sinker,Fastball,406,0.10204081632653061,0.8979591836734694,0.3302752293577982,0.3421911652173913,83.41463414634147,0.5812807881773399,117,0.26605504587155965,0.3162393162393162,0.06422018348623854,0.05128205128205128,0.08547008547008547,0.04926108374384237,1
702284,SL,Slider,Breaking,303,0.3157894736842105,0.6842105263157895,0.410958904109589,0.32045155555555555,82.54235294117647,0.43234323432343236,81,0.2191780821917808,0.2839506172839506,0.1917808219178082,0.04938271604938271,0.2839506172839506,0.13861386138613863,2
702284,CH,Changeup,Offspeed,257,0.23308270676691728,0.7669172932330828,0.3466666666666667,0.2676368,80.35,0.3657587548638132,78,0.2,0.22077922077922077,0.14666666666666667,0.02564102564102564,0.19230769230769232,0.12062256809338522,3
702284,FC,Cutter,Fastball,227,0.22608695652173913,0.7739130434782608,0.5370370370370371,0.3541375737704918,81.86785714285713,0.5022026431718062,64,0.4074074074074074,0.49206349206349204,0.1296296296296297,0.125,0.109375,0.1145374449339207,1
702284,ST,Sweeper,Breaking,190,0.3048780487804878,0.6951219512195121,0.30952380952380953,0.2022011304347826,77.61224489795919,0.41578947368421054,49,0.09523809523809523,0.20408163265306123,0.2142857142857143,0.10204081632653061,0.40816326530612246,0.13157894736842105,3
702284,CU,Curveball,Breaking,119,0.10526315789473684,0.8947368421052632,0.6666666666666666,0.38760448000000003,88.31379310344829,0.4117647058823529,25,0.3333333333333333,0.4,0.3333333333333333,0.08,0.12,0.03361344537815126,2
702284,FS,Splitter,Offspeed,104,0.11764705882352941,0.8823529411764706,0.35714285714285715,0.26782533333333336,78.75121951219512,0.2692307692307692,30,0.21428571428571427,0.26666666666666666,0.14285714285714288,0.06666666666666667,0.1,0.057692307692307696,1
702284,KC,Knuckle-Curve,Breaking,34,0.13333333333333333,0.8666666666666667,0.0,0.3428333333333333,85.3153846153846,0.5,7,0.0,0.0,0.0,0.0,0.14285714285714285,0.058823529411764705,0
702332,FF,4-Seam FB,Fastball,661,0.15100671140939598,0.848993288590604,0.3959731543624161,0.3246959069767442,81.2860759493671,0.49319213313161875,184,0.24161073825503357,0.3701657458563536,0.15436241610738252,0.15217391304347827,0.1793478260869565,0.0680786686838124,5
702332,SI,Sinker,Fastball,507,0.07818930041152264,0.9218106995884774,0.34306569343065696,0.3113969536423841,79.19666666666666,0.571992110453649,158,0.27007299270072993,0.3464052287581699,0.07299270072992703,0.06962025316455696,0.06962025316455696,0.03747534516765286,1
702332,SL,Slider,Breaking,334,0.25,0.75,0.323943661971831,0.25797002816901404,76.32788461538462,0.4491017964071856,79,0.2535211267605634,0.2987012987012987,0.07042253521126762,0.05063291139240506,0.1518987341772152,0.11077844311377245,1
702332,CH,Changeup,Offspeed,215,0.3211009174311927,0.6788990825688073,0.2653061224489796,0.24334167999999998,77.21940298507462,0.4,54,0.16326530612244897,0.2222222222222222,0.10204081632653064,0.037037037037037035,0.18518518518518517,0.16279069767441862,0
702332,FC,Cutter,Fastball,164,0.14942528735632185,0.8505747126436781,0.47368421052631576,0.2698168780487805,78.48985507246375,0.5365853658536586,44,0.23684210526315788,0.3023255813953488,0.23684210526315788,0.06818181818181818,0.11363636363636363,0.07926829268292683,2
702332,ST,Sweeper,Breaking,164,0.17647058823529413,0.8235294117647058,0.46511627906976744,0.21880345454545455,75.24807692307692,0.47560975609756095,44,0.23255813953488372,0.25,0.23255813953488372,0.0,0.18181818181818182,0.07317073170731707,3
702332,CU,Curveball,Breaking,89,0.13333333333333333,0.8666666666666667,0.45,0.32870285714285713,79.32083333333333,0.47191011235955055,22,0.4,0.45454545454545453,0.04999999999999999,0.09090909090909091,0.09090909090909091,0.0449438202247191,0
702332,FS,Splitter,Offspeed,53,0.21428571428571427,0.7857142857142857,0.36363636363636365,0.24802933333333332,68.74,0.4716981132075472,12,0.2727272727272727,0.3333333333333333,0.09090909090909094,0.0,0.16666666666666666,0.11320754716981132,0
702616,FF,4-Seam FB,Fastball,467,0.2679425837320574,0.7320574162679425,0.36633663366336633,0.31486904347826083,83.83986486486486,0.582441113490364,116,0.2376237623762376,0.3217391304347826,0.12871287128712872,0.11206896551724138,0.2672413793103448,0.11991434689507495,3
702616,SI,Sinker,Fastball,210,0.16666666666666666,0.8333333333333334,0.38461538461538464,0.2950173333333333,81.17377049180328,0.5476190476190477,60,0.25,0.35,0.13461538461538464,0.13333333333333333,0.21666666666666667,0.06190476190476191,1
702616,SL,Slider,Breaking,163,0.32926829268292684,0.6707317073170731,0.20588235294117646,0.26828799999999997,79.47500000000001,0.36809815950920244,41,0.11764705882352941,0.2,0.08823529411764705,0.0975609756097561,0.24390243902439024,0.1656441717791411,1
702616,CH,Changeup,Offspeed,158,0.2682926829268293,0.7317073170731707,0.27906976744186046,0.24896318181818183,78.19818181818182,0.3924050632911392,44,0.20930232558139536,0.22727272727272727,0.0697674418604651,0.022727272727272728,0.22727272727272727,0.13924050632911392,0
702616,CU,Curveball,Breaking,104,0.4318181818181818,0.5681818181818181,0.21428571428571427,0.17142689655172413,84.61363636363636,0.33653846153846156,29,0.17857142857142858,0.20689655172413793,0.0357142857142857,0.034482758620689655,0.3793103448275862,0.18269230769230768,0
702616,FC,Cutter,Fastball,86,0.15789473684210525,0.8421052631578947,0.6111111111111112,0.39063800000000004,82.34193548387098,0.4883720930232558,20,0.4444444444444444,0.5,0.16666666666666674,0.1,0.05,0.06976744186046512,1
702616,ST,Sweeper,Breaking,75,0.21428571428571427,0.7857142857142857,0.125,0.36142842105263157,80.03333333333333,0.4266666666666667,19,0.125,0.2631578947368421,0.0,0.15789473684210525,0.21052631578947367,0.08,0
702616,FS,Splitter,Offspeed,59,0.3235294117647059,0.6764705882352942,0.6111111111111112,0.3302105263157895,79.81818181818181,0.423728813559322,19,0.3333333333333333,0.3157894736842105,0.27777777777777785,0.0,0.15789473684210525,0.1864406779661017,1
703155,FF,4-Seam FB,Fastball,83,0.5,0.5,0.46153846153846156,0.29291733333333336,82.05,0.5903614457831325,15,0.15384615384615385,0.26666666666666666,0.3076923076923077,0.13333333333333333,0.6,0.25301204819277107,1
703155,SL,Slider,Breaking,35,0.5,0.5,0.8,0.3758527272727273,90.51666666666667,0.42857142857142855,11,0.2,0.2727272727272727,0.6000000000000001,0.09090909090909091,0.45454545454545453,0.22857142857142856,2
703155,ST,Sweeper,Breaking,30,0.25,0.75,0.42857142857142855,0.21867249999999996,89.10000000000001,0.4,8,0.2857142857142857,0.375,0.14285714285714285,0.125,0.25,0.1,0
703155,FC,Cutter,Fastball,26,0.2,0.8,1.0,0.5429999999999999,82.61999999999999,0.6923076923076923,5,0.4,0.4,0.6,0.0,0.2,0.11538461538461539,1
703155,SI,Sinker,Fastball,25,0.5,0.5,0.1111111111111111,0.24244444444444443,77.35714285714286,0.72,9,0.1111111111111111,0.1111111111111111,0.0,0.0,0.3333333333333333,0.36,0
703197,FF,4-Seam FB,Fastball,38,0.25,0.75,0.16666666666666666,0.33890444444444445,76.17857142857143,0.5,9,0.16666666666666666,0.4444444444444444,0.0,0.3333333333333333,0.2222222222222222,0.13157894736842105,0
703492,FF,4-Seam FB,Fastball,62,0.37037037037037035,0.6296296296296297,0.0,0.251008,79.59333333333333,0.45161290322580644,15,0.0,0.21428571428571427,0.0,0.13333333333333333,0.4,0.16129032258064516,0
703492,SI,Sinker,Fastball,38,0.14285714285714285,0.8571428571428572,0.375,0.3527088888888889,82.94545454545454,0.5263157894736842,9,0.25,0.3333333333333333,0.125,0.1111111111111111,0.3333333333333333,0.05263157894736842,0
703520,FF,4-Seam FB,Fastball,240,0.12871287128712872,0.8712871287128713,0.3191489361702128,0.3321988275862069,81.84878048780489,0.5375,60,0.19148936170212766,0.3559322033898305,0.12765957446808512,0.18333333333333332,0.2,0.05416666666666667,1
703520,SI,Sinker,Fastball,157,0.08928571428571429,0.9107142857142857,0.3870967741935484,0.34911811111111113,77.48333333333333,0.535031847133758,37,0.3548387096774194,0.4594594594594595,0.032258064516129004,0.13513513513513514,0.10810810810810811,0.03184713375796178,0
703520,SL,Slider,Breaking,69,0.1891891891891892,0.8108108108108107,0.7619047619047619,0.3717727272727273,74.96333333333334,0.4927536231884058,24,0.47619047619047616,0.45454545454545453,0.2857142857142857,0.0,0.16666666666666666,0.10144927536231885,1
703520,FC,Cutter,Fastball,62,0.1111111111111111,0.8888888888888888,0.6153846153846154,0.32224142857142857,81.64999999999999,0.46774193548387094,14,0.5384615384615384,0.5714285714285714,0.07692307692307698,0.07142857142857142,0.14285714285714285,0.04838709677419355,0
703520,CU,Curveball,Breaking,56,0.15,0.85,0.42857142857142855,0.15999999999999998,74.0625,0.44642857142857145,8,0.2857142857142857,0.375,0.14285714285714285,0.0,0.125,0.05357142857142857,0
703520,CH,Changeup,Offspeed,54,0.18518518518518517,0.8148148148148149,0.3888888888888889,0.23294117647058823,73.24285714285713,0.37037037037037035,18,0.3888888888888889,0.3888888888888889,0.0,0.0,0.2222222222222222,0.09259259259259259,0
703520,FS,Splitter,Offspeed,32,0.3684210526315789,0.631578947368421,0.125,0.168875,81.86363636363636,0.40625,8,0.125,0.125,0.0,0.0,0.375,0.21875,0
703520,ST,Sweeper,Breaking,32,0.16666666666666666,0.8333333333333334,0.375,0.212,76.04444444444444,0.5,8,0.375,0.375,0.0,0.0,0.375,0.0625,0
703601,FF,4-Seam FB,Fastball,295,0.1223021582733813,0.8776978417266187,0.46774193548387094,0.317444347826087,81.09482758620689,0.5491525423728814,72,0.2903225806451613,0.37142857142857144,0.17741935483870963,0.1111111111111111,0.18055555555555555,0.0576271186440678,1
703601,SI,Sinker,Fastball,127,0.08928571428571429,0.9107142857142857,0.4857142857142857,0.32875180952380956,79.226,0.5826771653543307,43,0.34285714285714286,0.4523809523809524,0.14285714285714285,0.09302325581395349,0.11627906976744186,0.03937007874015748,0
703601,SL,Slider,Breaking,80,0.358974358974359,0.641025641025641,0.625,0.41441176470588237,86.27083333333333,0.325,17,0.4375,0.4117647058823529,0.1875,0.0,0.29411764705882354,0.175,0
703601,FC,Cutter,Fastball,59,0.07692307692307693,0.9230769230769231,0.25,0.34576857142857137,78.07727272727273,0.4067796610169492,14,0.16666666666666666,0.2857142857142857,0.08333333333333334,0.14285714285714285,0.07142857142857142,0.03389830508474576,0
703601,CH,Changeup,Offspeed,57,0.2,0.8,0.0625,0.3155246,80.57272727272726,0.43859649122807015,20,0.0625,0.25,0.0,0.15,0.2,0.10526315789473684,0
703601,ST,Sweeper,Breaking,46,0.29411764705882354,0.7058823529411764,1.1,0.39667090909090913,84.27272727272727,0.4782608695652174,11,0.5,0.5454545454545454,0.6000000000000001,0.09090909090909091,0.2727272727272727,0.10869565217391304,2
703601,CU,Curveball,Breaking,43,0.35714285714285715,0.6428571428571428,0.25,0.18650000000000003,73.5125,0.4418604651162791,12,0.25,0.25,0.0,0.0,0.3333333333333333,0.11627906976744186,0
703601,FS,Splitter,Offspeed,25,0.2857142857142857,0.7142857142857143,0.0,0.17022222222222222,85.07499999999999,0.32,9,0.0,0.0,0.0,0.0,0.5555555555555556,0.16,0
703607,FF,4-Seam FB,Fastball,486,0.2880658436213992,0.7119341563786008,0.4036697247706422,0.337317268292683,84.42716049382716,0.5123456790123457,125,0.22935779816513763,0.328,0.1743119266055046,0.112,0.376,0.1440329218106996,4
703607,SI,Sinker,Fastball,480,0.24796747967479674,0.7520325203252033,0.3826086956521739,0.29656409022556385,82.95095541401274,0.56875,136,0.3217391304347826,0.4148148148148148,0.06086956521739134,0.08823529411764706,0.17647058823529413,0.12708333333333333,1
703607,SL,Slider,Breaking,242,0.4576271186440678,0.5423728813559322,0.44,0.35497461818181814,84.64,0.3760330578512397,57,0.32,0.40350877192982454,0.12,0.08771929824561403,0.2982456140350877,0.2231404958677686,1
703607,CH,Changeup,Offspeed,161,0.40540540540540543,0.5945945945945945,0.4358974358974359,0.2833441951219513,83.42142857142856,0.36024844720496896,42,0.28205128205128205,0.3333333333333333,0.15384615384615385,0.047619047619047616,0.30952380952380953,0.18633540372670807,2
703607,ST,Sweeper,Breaking,160,0.4146341463414634,0.5853658536585367,0.29545454545454547,0.29015022222222225,83.07441860465116,0.4,46,0.18181818181818182,0.21739130434782608,0.11363636363636365,0.043478260869565216,0.391304347826087,0.2125,1
703607,FC,Cutter,Fastball,93,0.2545454545454545,0.7454545454545455,0.46153846153846156,0.3808704,82.88947368421054,0.5376344086021505,32,0.3076923076923077,0.3870967741935484,0.15384615384615385,0.0625,0.125,0.15053763440860216,1
703607,CU,Curveball,Breaking,73,0.4666666666666667,0.5333333333333333,0.7692307692307693,0.4219802666666667,83.46666666666665,0.410958904109589,16,0.46153846153846156,0.5333333333333333,0.3076923076923077,0.0,0.25,0.1917808219178082,1
703607,FS,Splitter,Offspeed,54,0.42857142857142855,0.5714285714285714,0.3076923076923077,0.22659857142857143,83.6,0.3888888888888889,14,0.15384615384615385,0.21428571428571427,0.15384615384615385,0.07142857142857142,0.42857142857142855,0.2222222222222222,0
800050,FF,4-Seam FB,Fastball,668,0.14285714285714285,0.8571428571428572,0.6352201257861635,0.3757841142857143,84.55714285714286,0.5658682634730539,181,0.34591194968553457,0.4143646408839779,0.2893081761006289,0.11049723756906077,0.16022099447513813,0.0688622754491018,10
800050,SI,Sinker,Fastball,337,0.0425531914893617,0.9574468085106383,0.4588235294117647,0.3674498217821782,84.71627906976745,0.5133531157270029,103,0.3411764705882353,0.4563106796116505,0.11764705882352938,0.1650485436893204,0.08737864077669903,0.017804154302670624,1
800050,CH,Changeup,Offspeed,278,0.19047619047619047,0.8095238095238095,0.21666666666666667,0.25806266666666666,84.30361445783133,0.3381294964028777,63,0.2,0.23809523809523808,0.016666666666666663,0.047619047619047616,0.15873015873015872,0.07194244604316546,0
800050,SL,Slider,Breaking,262,0.24074074074074073,0.7592592592592593,0.631578947368421,0.3651353125,82.97749999999999,0.4351145038167939,65,0.3684210526315789,0.4307692307692308,0.2631578947368421,0.1076923076923077,0.16923076923076924,0.09923664122137404,3
800050,FC,Cutter,Fastball,189,0.16091954022988506,0.8390804597701149,0.39473684210526316,0.3489876923076923,82.7323943661972,0.4656084656084656,43,0.23684210526315788,0.32558139534883723,0.15789473684210528,0.11627906976744186,0.13953488372093023,0.07407407407407407,1
800050,ST,Sweeper,Breaking,189,0.15517241379310345,0.8448275862068966,0.3611111111111111,0.315657,82.52765957446809,0.4074074074074074,42,0.25,0.35714285714285715,0.1111111111111111,0.14285714285714285,0.14285714285714285,0.047619047619047616,1
800050,CU,Curveball,Breaking,135,0.2,0.8,0.5454545454545454,0.31476187499999997,86.36,0.42962962962962964,34,0.2727272727272727,0.29411764705882354,0.2727272727272727,0.029411764705882353,0.20588235294117646,0.06666666666666667,2
800050,FS,Splitter,Offspeed,88,0.14634146341463414,0.8536585365853658,0.2916666666666667,0.3650053846153846,87.92999999999999,0.4772727272727273,27,0.20833333333333334,0.2962962962962963,0.08333333333333334,0.1111111111111111,0.037037037037037035,0.06818181818181818,0
800050,KC,Knuckle-Curve,Breaking,39,0.15384615384615385,0.8461538461538461,0.25,0.2792644444444445,79.86363636363636,0.358974358974359,9,0.25,0.3333333333333333,0.0,0.1111111111111111,0.1111111111111111,0.05128205128205128,0
800325,FF,4-Seam FB,Fastball,314,0.13846153846153847,0.8615384615384616,0.5087719298245614,0.3749624126984127,83.96481481481482,0.4872611464968153,66,0.38596491228070173,0.4461538461538462,0.1228070175438597,0.09090909090909091,0.15151515151515152,0.05732484076433121,0
800325,SI,Sinker,Fastball,126,0.19642857142857142,0.8035714285714286,0.14705882352941177,0.21283470588235295,83.02,0.5873015873015873,35,0.11764705882352941,0.14285714285714285,0.02941176470588236,0.02857142857142857,0.37142857142857144,0.0873015873015873,0
800325,CH,Changeup,Offspeed,113,0.21428571428571427,0.7857142857142857,0.1875,0.30012,78.86071428571428,0.34513274336283184,21,0.125,0.2857142857142857,0.0625,0.19047619047619047,0.047619047619047616,0.07964601769911504,0
800325,SL,Slider,Breaking,103,0.12244897959183673,0.8775510204081632,0.34782608695652173,0.36751481481481474,83.51000000000002,0.4854368932038835,28,0.34782608695652173,0.4642857142857143,0.0,0.17857142857142858,0.07142857142857142,0.05825242718446602,0
800325,FC,Cutter,Fastball,81,0.17777777777777778,0.8222222222222222,0.2608695652173913,0.263469,76.90606060606059,0.5185185185185185,24,0.21739130434782608,0.25,0.043478260869565216,0.041666666666666664,0.08333333333333333,0.09876543209876543,0
800325,CU,Curveball,Breaking,66,0.25,0.75,0.21428571428571427,0.21092857142857144,84.94,0.3484848484848485,14,0.21428571428571427,0.21428571428571427,0.0,0.0,0.42857142857142855,0.07575757575757576,0
800325,ST,Sweeper,Breaking,56,0.30434782608695654,0.6956521739130435,0.0,0.03357142857142857,80.52142857142857,0.48214285714285715,15,0.0,0.0,0.0,0.0,0.6666666666666666,0.125,0
800325,FS,Splitter,Offspeed,38,0.11764705882352941,0.8823529411764706,0.45454545454545453,0.31,77.87692307692308,0.4473684210526316,11,0.2727272727272727,0.2727272727272727,0.18181818181818182,0.0,0.36363636363636365,0.05263157894736842,0
800543,FF,4-Seam FB,Fastball,42,0.17647058823529413,0.8235294117647058,0.875,0.5054485714285714,81.86153846153846,0.4523809523809524,14,0.375,0.6428571428571429,0.5,0.42857142857142855,0.14285714285714285,0.07142857142857142,1
800543,SI,Sinker,Fastball,36,0.0,1.0,0.23076923076923078,0.3684557142857143,87.95000000000002,0.6666666666666666,14,0.23076923076923078,0.2857142857142857,0.0,0.07142857142857142,0.07142857142857142,0.0,0
800543,SL,Slider,Breaking,26,0.25,0.75,0.75,0.44027600000000006,83.73333333333333,0.38461538461538464,5,0.5,0.6,0.25,0.2,0.0,0.11538461538461539,0
801126,FF,4-Seam FB,Fastball,123,0.33962264150943394,0.6603773584905661,0.22727272727272727,0.2504912,83.18387096774192,0.4146341463414634,30,0.18181818181818182,0.4,0.04545454545454544,0.26666666666666666,0.26666666666666666,0.14634146341463414,0
801126,CH,Changeup,Offspeed,54,0.46153846153846156,0.5384615384615384,0.15384615384615385,0.158,84.70769230769231,0.4074074074074074,14,0.15384615384615385,0.14285714285714285,0.0,0.0,0.35714285714285715,0.2222222222222222,0
801126,SI,Sinker,Fastball,44,0.25,0.75,0.5,0.42076857142857144,84.79285714285716,0.5227272727272727,9,0.375,0.4444444444444444,0.125,0.1111111111111111,0.1111111111111111,0.11363636363636363,0
801126,FC,Cutter,Fastball,29,0.11764705882352941,0.8823529411764706,1.0,0.117,79.9,0.5172413793103449,5,0.4,0.4,0.6,0.0,0.0,0.06896551724137931,0
801126,CU,Curveball,Breaking,25,0.2857142857142857,0.7142857142857143,0.4,0.22799999999999998,80.48,0.32,5,0.4,0.4,0.0,0.0,0.4,0.08,0
801501,FF,4-Seam FB,Fastball,59,0.05,0.95,0.1,0.28116461538461535,76.1263157894737,0.4576271186440678,13,0.1,0.3076923076923077,0.0,0.23076923076923078,0.07692307692307693,0.01694915254237288,0
802139,FF,4-Seam FB,Fastball,738,0.20348837209302326,0.7965116279069767,0.5172413793103449,0.40768981818181815,86.91081081081082,0.5677506775067751,204,0.25862068965517243,0.3645320197044335,0.25862068965517243,0.1323529411764706,0.18137254901960784,0.0948509485094851,12
802139,SI,Sinker,Fastball,519,0.17727272727272728,0.8227272727272728,0.23931623931623933,0.33800181021897807,83.88698224852071,0.5529865125240848,139,0.23076923076923078,0.35251798561151076,0.008547008547008544,0.12949640287769784,0.1079136690647482,0.07514450867052024,0
802139,SL,Slider,Breaking,308,0.18803418803418803,0.811965811965812,0.2878787878787879,0.3286985714285715,83.59318181818183,0.474025974025974,71,0.2727272727272727,0.323943661971831,0.015151515151515194,0.07042253521126761,0.15492957746478872,0.07142857142857142,0
802139,CH,Changeup,Offspeed,262,0.20952380952380953,0.7904761904761904,0.22413793103448276,0.2684497704918033,79.90563380281691,0.366412213740458,62,0.15517241379310345,0.20967741935483872,0.06896551724137931,0.016129032258064516,0.1774193548387097,0.08396946564885496,1
802139,ST,Sweeper,Breaking,194,0.2535211267605634,0.7464788732394366,0.38461538461538464,0.32885081818181816,83.125,0.39690721649484534,45,0.2564102564102564,0.3111111111111111,0.12820512820512825,0.022222222222222223,0.3111111111111111,0.09278350515463918,1
802139,FC,Cutter,Fastball,175,0.21794871794871795,0.782051282051282,0.47058823529411764,0.3816052307692308,85.28518518518518,0.49714285714285716,41,0.20588235294117646,0.34146341463414637,0.2647058823529412,0.12195121951219512,0.07317073170731707,0.09714285714285714,3
802139,CU,Curveball,Breaking,169,0.17543859649122806,0.8245614035087719,0.2571428571428571,0.24540768421052633,83.24878048780488,0.47928994082840237,40,0.22857142857142856,0.3,0.028571428571428553,0.075,0.175,0.05917159763313609,0
802139,FS,Splitter,Offspeed,69,0.2647058823529412,0.7352941176470589,0.2777777777777778,0.2599866666666667,83.31363636363636,0.43478260869565216,20,0.2777777777777778,0.35,0.0,0.1,0.3,0.13043478260869565,0
802139,KC,Knuckle-Curve,Breaking,36,0.5,0.5,0.3333333333333333,0.46794639999999993,102.3,0.19444444444444445,5,0.3333333333333333,0.6,0.0,0.2,0.4,0.1388888888888889,0
802415,FF,4-Seam FB,Fastball,742,0.04221635883905013,0.9577836411609498,0.3881278538812785,0.28198675324675326,79.11465517241379,0.568733153638814,241,0.3470319634703196,0.3755274261603376,0.0410958904109589,0.05394190871369295,0.03319502074688797,0.0215633423180593,0
802415,SI,Sinker,Fastball,370,0.04522613065326633,0.9547738693467337,0.35074626865671643,0.2421479389312977,77.86723163841808,0.5756756756756757,139,0.31343283582089554,0.31851851851851853,0.03731343283582089,0.007194244604316547,0.04316546762589928,0.024324324324324326,0
802415,SL,Slider,Breaking,198,0.2111111111111111,0.7888888888888889,0.48214285714285715,0.27307811320754716,71.46969696969697,0.43434343434343436,59,0.35714285714285715,0.3898305084745763,0.125,0.05084745762711865,0.1694915254237288,0.09595959595959595,1
802415,CH,Changeup,Offspeed,195,0.25510204081632654,0.7448979591836735,0.21052631578947367,0.2524343859649123,72.31194029850745,0.40512820512820513,61,0.19298245614035087,0.22033898305084745,0.017543859649122806,0.03278688524590164,0.14754098360655737,0.1282051282051282,0
802415,FC,Cutter,Fastball,153,0.14102564102564102,0.858974358974359,0.3333333333333333,0.2673754545454546,82.37540983606557,0.5098039215686274,44,0.23076923076923078,0.29545454545454547,0.10256410256410253,0.09090909090909091,0.06818181818181818,0.0718954248366013,0
802415,ST,Sweeper,Breaking,121,0.19607843137254902,0.803921568627451,0.375,0.19603125,72.8875,0.4297520661157025,33,0.25,0.25,0.125,0.0,0.21212121212121213,0.08264462809917356,0
802415,CU,Curveball,Breaking,111,0.2647058823529412,0.7352941176470589,0.38095238095238093,0.29078,79.73181818181818,0.46846846846846846,22,0.3333333333333333,0.36363636363636365,0.047619047619047616,0.045454545454545456,0.18181818181818182,0.08108108108108109,0
802415,FS,Splitter,Offspeed,64,0.12903225806451613,0.8709677419354839,0.2777777777777778,0.28257666666666664,67.48518518518519,0.390625,19,0.2777777777777778,0.3157894736842105,0.0,0.05263157894736842,0.0,0.0625,0
802415,KC,Knuckle-Curve,Breaking,38,0.1,0.9,0.2222222222222222,0.24142857142857146,72.26249999999999,0.42105263157894735,9,0.2222222222222222,0.2222222222222222,0.0,0.0,0.2222222222222222,0.02631578947368421,0
803011,FF,4-Seam FB,Fastball,736,0.13580246913580246,0.8641975308641976,0.52,0.3899826292134832,83.3619926199262,0.5570652173913043,181,0.31333333333333335,0.425414364640884,0.20666666666666667,0.143646408839779,0.14917127071823205,0.059782608695652176,6
803011,SI,Sinker,Fastball,404,0.11176470588235295,0.888235294117647,0.44680851063829785,0.4039561818181818,84.1169014084507,0.599009900990099,114,0.3404255319148936,0.44144144144144143,0.10638297872340424,0.06140350877192982,0.09649122807017543,0.04702970297029703,2
803011,SL,Slider,Breaking,250,0.1452991452991453,0.8547008547008547,0.23728813559322035,0.268255746031746,81.17032967032966,0.52,64,0.1694915254237288,0.20634920634920634,0.06779661016949154,0.03125,0.171875,0.068,0
803011,CH,Changeup,Offspeed,244,0.17204301075268819,0.8279569892473118,0.21428571428571427,0.2575221052631579,79.82638888888889,0.30327868852459017,59,0.21428571428571427,0.2413793103448276,0.0,0.03389830508474576,0.1694915254237288,0.06557377049180328,0
803011,FC,Cutter,Fastball,199,0.14414414414414414,0.8558558558558559,0.36363636363636365,0.3131405901639345,80.35111111111111,0.5678391959798995,63,0.2545454545454545,0.3387096774193548,0.10909090909090913,0.06349206349206349,0.09523809523809523,0.08040201005025126,0
803011,ST,Sweeper,Breaking,134,0.20454545454545456,0.7954545454545454,0.2692307692307692,0.278015375,74.27058823529411,0.35074626865671643,33,0.19230769230769232,0.36363636363636365,0.0769230769230769,0.030303030303030304,0.21212121212121213,0.06716417910447761,0
803011,CU,Curveball,Breaking,128,0.1935483870967742,0.8064516129032258,0.3684210526315789,0.34701895652173914,80.54782608695653,0.4296875,23,0.2631578947368421,0.391304347826087,0.10526315789473684,0.043478260869565216,0.21739130434782608,0.046875,0
803011,FS,Splitter,Offspeed,72,0.25806451612903225,0.7419354838709677,0.4117647058823529,0.30572658823529414,81.38636363636364,0.3611111111111111,18,0.35294117647058826,0.3888888888888889,0.05882352941176466,0.0,0.2222222222222222,0.1111111111111111,0
803011,KC,Knuckle-Curve,Breaking,26,0.09090909090909091,0.9090909090909091,0.6666666666666666,0.4041666666666666,80.85555555555555,0.3076923076923077,7,0.5,0.5714285714285714,0.16666666666666663,0.14285714285714285,0.14285714285714285,0.038461538461538464,0
804606,FF,4-Seam FB,Fastball,319,0.31210191082802546,0.6878980891719746,0.5571428571428572,0.3676107894736842,81.31400000000001,0.5454545454545454,79,0.3,0.379746835443038,0.2571428571428572,0.11392405063291139,0.3924050632911392,0.1536050156739812,3
804606,SI,Sinker,Fastball,291,0.16901408450704225,0.8309859154929577,0.44776119402985076,0.3649295466666666,79.23495145631068,0.5154639175257731,80,0.3582089552238806,0.45569620253164556,0.08955223880597019,0.1125,0.05,0.08247422680412371,1
804606,SL,Slider,Breaking,203,0.33620689655172414,0.6637931034482758,0.3076923076923077,0.28180704,82.21891891891892,0.45320197044334976,54,0.19230769230769232,0.2037037037037037,0.11538461538461539,0.0,0.25925925925925924,0.1921182266009852,1
804606,CH,Changeup,Offspeed,139,0.3972602739726027,0.6027397260273972,0.3055555555555556,0.22059388888888887,84.2658536585366,0.34532374100719426,37,0.2222222222222222,0.24324324324324326,0.08333333333333337,0.02702702702702703,0.35135135135135137,0.20863309352517986,0
804606,FC,Cutter,Fastball,122,0.23943661971830985,0.7605633802816901,0.37037037037037035,0.31623525925925927,83.98367346938775,0.5491803278688525,28,0.25925925925925924,0.2857142857142857,0.1111111111111111,0.0,0.21428571428571427,0.13934426229508196,0
804606,ST,Sweeper,Breaking,122,0.30158730158730157,0.6984126984126984,0.23333333333333334,0.2356374193548387,86.40243902439025,0.39344262295081966,32,0.13333333333333333,0.1875,0.1,0.0625,0.1875,0.1557377049180328,1
804606,CU,Curveball,Breaking,79,0.35294117647058826,0.6470588235294117,0.2857142857142857,0.2838253333333333,84.31,0.31645569620253167,15,0.21428571428571427,0.26666666666666666,0.07142857142857142,0.06666666666666667,0.3333333333333333,0.1518987341772152,0
804606,FS,Splitter,Offspeed,41,0.36,0.64,0.1111111111111111,0.277625,78.32000000000001,0.4146341463414634,10,0.1111111111111111,0.1,0.0,0.0,0.4,0.21951219512195122,0
804668,FF,4-Seam FB,Fastball,203,0.34545454545454546,0.6545454545454545,0.3191489361702128,0.32119041666666664,85.703125,0.5714285714285714,50,0.2127659574468085,0.26,0.10638297872340427,0.06,0.34,0.18719211822660098,1
804668,SI,Sinker,Fastball,118,0.14893617021276595,0.851063829787234,0.37037037037037035,0.3316478571428571,84.73235294117647,0.559322033898305,30,0.2222222222222222,0.3,0.14814814814814814,0.1,0.16666666666666666,0.059322033898305086,1
804668,SL,Slider,Breaking,95,0.3076923076923077,0.6923076923076923,0.8181818181818182,0.4996983333333333,85.91199999999999,0.5263157894736842,24,0.3181818181818182,0.375,0.5,0.08333333333333333,0.375,0.12631578947368421,3
804668,CH,Changeup,Offspeed,73,0.42424242424242425,0.5757575757575757,0.35294117647058826,0.22696125,78.91111111111111,0.3972602739726027,19,0.17647058823529413,0.2631578947368421,0.17647058823529413,0.10526315789473684,0.3684210526315789,0.1917808219178082,1
804668,CU,Curveball,Breaking,55,0.36363636363636365,0.6363636363636364,0.9230769230769231,0.3728128571428572,85.40833333333335,0.4727272727272727,14,0.38461538461538464,0.42857142857142855,0.5384615384615385,0.07142857142857142,0.2857142857142857,0.14545454545454545,2
804668,FC,Cutter,Fastball,46,0.2222222222222222,0.7777777777777778,0.9090909090909091,0.4939483333333334,87.37857142857142,0.5869565217391305,12,0.36363636363636365,0.4166666666666667,0.5454545454545454,0.08333333333333333,0.08333333333333333,0.08695652173913043,2
804668,ST,Sweeper,Breaking,46,0.2222222222222222,0.7777777777777778,0.16666666666666666,0.08966666666666667,79.03076923076924,0.4782608695652174,6,0.16666666666666666,0.16666666666666666,0.0,0.0,0.16666666666666666,0.08695652173913043,0
805249,FF,4-Seam FB,Fastball,57,0.36666666666666664,0.6333333333333333,0.125,0.35176857142857143,76.10588235294118,0.5614035087719298,18,0.125,0.2222222222222222,0.0,0.05555555555555555,0.3888888888888889,0.19298245614035087,0
805249,CH,Changeup,Offspeed,31,0.29411764705882354,0.7058823529411764,0.0,0.087,70.28181818181818,0.3548387096774194,6,0.0,0.0,0.0,0.0,0.16666666666666666,0.16129032258064516,0
805249,SI,Sinker,Fastball,28,0.058823529411764705,0.9411764705882353,1.3333333333333333,0.1015,78.2,0.5,6,0.3333333333333333,0.3333333333333333,1.0,0.0,0.16666666666666666,0.03571428571428571,2
805249,SL,Slider,Breaking,25,0.3,0.7,0.14285714285714285,0.34950000000000003,83.1,0.52,7,0.14285714285714285,0.14285714285714285,0.0,0.0,0.14285714285714285,0.12,0
805300,FF,4-Seam FB,Fastball,890,0.10326086956521739,0.8967391304347826,0.3541666666666667,0.3234342421524664,80.7019417475728,0.5258426966292135,229,0.22395833333333334,0.3407079646017699,0.13020833333333334,0.13537117903930132,0.1615720524017467,0.04269662921348315,5
805300,SI,Sinker,Fastball,391,0.09352517985611511,0.9064748201438849,0.19540229885057472,0.3045276635514019,82.25,0.5575447570332481,109,0.1839080459770115,0.3364485981308411,0.011494252873563232,0.13761467889908258,0.1651376146788991,0.03324808184143223,0
805300,SL,Slider,Breaking,259,0.275,0.725,0.28125,0.2382748484848485,78.86410256410257,0.5096525096525096,67,0.1875,0.22388059701492538,0.09375,0.04477611940298507,0.34328358208955223,0.1274131274131274,1
805300,FC,Cutter,Fastball,230,0.09433962264150944,0.9056603773584906,0.5098039215686274,0.3472823225806452,79.5220930232558,0.5260869565217391,65,0.27450980392156865,0.4126984126984127,0.23529411764705876,0.15384615384615385,0.09230769230769231,0.043478260869565216,2
805300,CH,Changeup,Offspeed,217,0.32323232323232326,0.6767676767676767,0.4583333333333333,0.3373821132075472,81.07096774193548,0.3686635944700461,56,0.25,0.3333333333333333,0.20833333333333331,0.08928571428571429,0.25,0.14746543778801843,2
805300,ST,Sweeper,Breaking,155,0.36363636363636365,0.6363636363636364,0.34615384615384615,0.2784948,77.74857142857142,0.3741935483870968,32,0.23076923076923078,0.34375,0.11538461538461536,0.09375,0.40625,0.12903225806451613,0
805300,CU,Curveball,Breaking,130,0.20512820512820512,0.7948717948717949,0.47619047619047616,0.36188071428571433,77.33548387096775,0.4076923076923077,28,0.3333333333333333,0.5,0.14285714285714285,0.25,0.21428571428571427,0.06153846153846154,1
805300,FS,Splitter,Offspeed,77,0.4857142857142857,0.5142857142857142,0.55,0.33185145454545456,79.98823529411764,0.35064935064935066,23,0.35,0.4090909090909091,0.20000000000000007,0.043478260869565216,0.21739130434782608,0.22077922077922077,0
805300,KC,Knuckle-Curve,Breaking,32,0.2222222222222222,0.7777777777777778,0.125,0.4227112,84.0142857142857,0.4375,11,0.125,0.36363636363636365,0.0,0.18181818181818182,0.36363636363636365,0.0625,0
805346,FF,4-Seam FB,Fastball,34,0.4,0.6,0.4444444444444444,0.18575000000000003,75.55,0.5588235294117647,9,0.2222222222222222,0.2222222222222222,0.2222222222222222,0.0,0.4444444444444444,0.17647058823529413,0
805347,FF,4-Seam FB,Fastball,151,0.15,0.85,0.3793103448275862,0.34025090909090916,81.67755102040816,0.5298013245033113,36,0.27586206896551724,0.4,0.10344827586206895,0.16666666666666666,0.16666666666666666,0.059602649006622516,1
805347,SI,Sinker,Fastball,72,0.03225806451612903,0.967741935483871,0.05,0.33439617391304344,84.10344827586206,0.5555555555555556,24,0.05,0.17391304347826086,0.0,0.08333333333333333,0.125,0.013888888888888888,0
805347,CH,Changeup,Offspeed,54,0.27586206896551724,0.7241379310344828,0.4,0.23735000000000003,79.625,0.37037037037037035,21,0.35,0.35,0.050000000000000044,0.0,0.23809523809523808,0.14814814814814814,0
805347,SL,Slider,Breaking,50,0.2222222222222222,0.7777777777777778,0.2857142857142857,0.1287142857142857,77.9,0.5,14,0.14285714285714285,0.14285714285714285,0.14285714285714285,0.0,0.2857142857142857,0.12,0
805347,FC,Cutter,Fastball,47,0.18518518518518517,0.8148148148148149,0.4666666666666667,0.31673333333333337,85.82380952380954,0.6382978723404256,16,0.26666666666666666,0.26666666666666666,0.2,0.0,0.125,0.10638297872340426,0
805347,ST,Sweeper,Breaking,27,0.25,0.75,0.0,0.14133333333333334,82.5,0.37037037037037035,3,0.0,0.0,0.0,0.0,0.3333333333333333,0.07407407407407407,0
805347,CU,Curveball,Breaking,26,0.5714285714285714,0.4285714285714286,0.5,0.17600000000000002,85.66666666666667,0.2692307692307692,4,0.25,0.25,0.25,0.0,0.5,0.15384615384615385,0
805347,FS,Splitter,Offspeed,25,0.16666666666666666,0.8333333333333334,0.0,0.1062,72.32222222222221,0.24,5,0.0,0.0,0.0,0.0,0.0,0.08,0
805367,FF,4-Seam FB,Fastball,852,0.1763085399449036,0.8236914600550964,0.45348837209302323,0.3371860625,85.5829090909091,0.534037558685446,206,0.25,0.3627450980392157,0.20348837209302323,0.1407766990291262,0.23300970873786409,0.07511737089201878,7
805367,SI,Sinker,Fastball,605,0.10714285714285714,0.8928571428571429,0.423728813559322,0.329773625,84.27431693989071,0.5801652892561984,136,0.3474576271186441,0.42962962962962964,0.07627118644067793,0.11029411764705882,0.11029411764705882,0.03966942148760331,1
805367,SL,Slider,Breaking,368,0.24666666666666667,0.7533333333333333,0.43209876543209874,0.25743023809523813,78.63365384615385,0.4592391304347826,84,0.2839506172839506,0.30952380952380953,0.14814814814814814,0.03571428571428571,0.2857142857142857,0.10054347826086957,3
805367,CH,Changeup,Offspeed,247,0.3023255813953488,0.6976744186046512,0.4177215189873418,0.29210615,80.37875,0.3643724696356275,83,0.3037974683544304,0.3373493975903614,0.11392405063291139,0.03614457831325301,0.24096385542168675,0.15789473684210525,2
805367,FC,Cutter,Fastball,227,0.19,0.81,0.4411764705882353,0.36034,80.74133333333334,0.5022026431718062,42,0.29411764705882354,0.38095238095238093,0.14705882352941174,0.14285714285714285,0.11904761904761904,0.08370044052863436,1
805367,ST,Sweeper,Breaking,206,0.28205128205128205,0.717948717948718,0.3,0.1774554716981132,71.85185185185186,0.36893203883495146,57,0.18,0.23636363636363636,0.12,0.07017543859649122,0.3508771929824561,0.10679611650485436,1
805367,CU,Curveball,Breaking,121,0.13953488372093023,0.8604651162790697,0.42105263157894735,0.2724366,76.19117647058823,0.39669421487603307,22,0.2631578947368421,0.3333333333333333,0.15789473684210525,0.045454545454545456,0.09090909090909091,0.049586776859504134,0
805367,FS,Splitter,Offspeed,66,0.2631578947368421,0.736842105263158,0.65,0.2700180952380953,84.37692307692308,0.4090909090909091,21,0.3,0.3333333333333333,0.35000000000000003,0.047619047619047616,0.2857142857142857,0.15151515151515152,2
805367,KC,Knuckle-Curve,Breaking,34,0.23529411764705882,0.7647058823529411,0.125,0.142125,76.31666666666666,0.5588235294117647,9,0.125,0.125,0.0,0.0,0.3333333333333333,0.11764705882352941,0
805779,SI,Sinker,Fastball,319,0.06779661016949153,0.9322033898305084,0.4666666666666667,0.31456364705882356,82.51153846153845,0.5736677115987461,109,0.3333333333333333,0.3577981651376147,0.13333333333333336,0.027522935779816515,0.03669724770642202,0.03761755485893417,3
805779,FF,4-Seam FB,Fastball,306,0.17341040462427745,0.8265895953757225,0.3972602739726027,0.30582517948717947,81.36439393939393,0.5261437908496732,83,0.2328767123287671,0.3132530120481928,0.1643835616438356,0.08433734939759036,0.18072289156626506,0.09803921568627451,3
805779,SL,Slider,Breaking,175,0.18,0.8200000000000001,0.23255813953488372,0.26033333333333336,76.80799999999999,0.42857142857142855,43,0.20930232558139536,0.20930232558139536,0.023255813953488358,0.0,0.09302325581395349,0.10285714285714286,0
805779,CH,Changeup,Offspeed,106,0.17647058823529413,0.8235294117647058,0.28888888888888886,0.22021428571428572,81.20740740740742,0.3490566037735849,46,0.2222222222222222,0.2222222222222222,0.06666666666666665,0.0,0.06521739130434782,0.11320754716981132,0
805779,FC,Cutter,Fastball,97,0.2,0.8,0.5769230769230769,0.30315384615384616,80.965,0.4742268041237113,26,0.34615384615384615,0.34615384615384615,0.23076923076923073,0.0,0.11538461538461539,0.1134020618556701,1
805779,ST,Sweeper,Breaking,94,0.13333333333333333,0.8666666666666667,0.3333333333333333,0.2735089655172414,77.54864864864865,0.48936170212765956,29,0.25925925925925924,0.3103448275862069,0.07407407407407407,0.06896551724137931,0.1724137931034483,0.06382978723404255,0
805779,CU,Curveball,Breaking,52,0.08333333333333333,0.9166666666666666,0.0,0.06875,75.33000000000001,0.36538461538461536,4,0.0,0.0,0.0,0.0,0.5,0.038461538461538464,0
805805,FF,4-Seam FB,Fastball,86,0.25,0.75,0.55,0.41396260869565216,81.7258064516129,0.5232558139534884,24,0.25,0.34782608695652173,0.30000000000000004,0.125,0.25,0.12790697674418605,2
805805,SL,Slider,Breaking,49,0.2608695652173913,0.7391304347826086,0.2,0.35703454545454544,86.05000000000001,0.5306122448979592,11,0.2,0.2727272727272727,0.0,0.09090909090909091,0.18181818181818182,0.12244897959183673,0
805805,ST,Sweeper,Breaking,43,0.29411764705882354,0.7058823529411764,0.0,0.0257,71.02727272727272,0.4186046511627907,10,0.0,0.0,0.0,0.0,0.4,0.11627906976744186,0
805805,CH,Changeup,Offspeed,37,0.25,0.75,0.2,0.23626666666666668,79.79411764705883,0.5135135135135135,15,0.2,0.2,0.0,0.0,0.13333333333333333,0.16216216216216217,0
805805,FC,Cutter,Fastball,35,0.42105263157894735,0.5789473684210527,0.8333333333333334,0.24533333333333332,82.39999999999999,0.5142857142857142,6,0.5,0.5,0.33333333333333337,0.0,0.3333333333333333,0.22857142857142856,0
805805,SI,Sinker,Fastball,35,0.125,0.875,0.1,0.3353163076923077,85.79999999999998,0.5142857142857142,13,0.1,0.3076923076923077,0.0,0.15384615384615385,0.15384615384615385,0.05714285714285714,0
805808,FF,4-Seam FB,Fastball,838,0.11253196930946291,0.8874680306905371,0.46596858638743455,0.40803001739130434,84.23832335329341,0.5477326968973747,235,0.29842931937172773,0.425531914893617,0.16753926701570682,0.17446808510638298,0.11063829787234042,0.05250596658711217,7
805808,SI,Sinker,Fastball,441,0.055299539170506916,0.9447004608294931,0.5193798449612403,0.38325583333333335,84.08092783505155,0.5714285714285714,147,0.3488372093023256,0.42857142857142855,0.17054263565891475,0.12244897959183673,0.07482993197278912,0.027210884353741496,5
805808,CH,Changeup,Offspeed,384,0.296969696969697,0.703030303030303,0.34146341463414637,0.2885459090909091,79.5607476635514,0.3671875,91,0.25609756097560976,0.32967032967032966,0.0853658536585366,0.0989010989010989,0.1978021978021978,0.12760416666666666,1
805808,SL,Slider,Breaking,348,0.24444444444444444,0.7555555555555555,0.30303030303030304,0.28606666666666664,79.79555555555557,0.4339080459770115,77,0.16666666666666666,0.27631578947368424,0.13636363636363638,0.12987012987012986,0.24675324675324675,0.09482758620689655,2
805808,FC,Cutter,Fastball,256,0.1440677966101695,0.8559322033898304,0.3829787234042553,0.4046517894736842,80.971875,0.54296875,60,0.2553191489361702,0.4,0.12765957446808512,0.18333333333333332,0.1,0.06640625,1
805808,ST,Sweeper,Breaking,238,0.2727272727272727,0.7272727272727273,0.3170731707317073,0.26354130434782613,80.45573770491802,0.5168067226890757,49,0.17073170731707318,0.2553191489361702,0.14634146341463414,0.10204081632653061,0.24489795918367346,0.10084033613445378,0
805808,CU,Curveball,Breaking,224,0.1774193548387097,0.8225806451612903,0.5925925925925926,0.29182230769230766,84.07446808510639,0.4642857142857143,28,0.3333333333333333,0.35714285714285715,0.25925925925925924,0.03571428571428571,0.25,0.049107142857142856,2
805808,FS,Splitter,Offspeed,103,0.175,0.825,0.2608695652173913,0.3111830769230769,77.75,0.30097087378640774,26,0.21739130434782608,0.2692307692307692,0.043478260869565216,0.07692307692307693,0.07692307692307693,0.06796116504854369,0
805808,KC,Knuckle-Curve,Breaking,46,0.125,0.875,0.625,0.311375,80.33076923076925,0.30434782608695654,8,0.375,0.375,0.25,0.0,0.0,0.043478260869565216,0
805811,FF,4-Seam FB,Fastball,459,0.1735159817351598,0.8264840182648402,0.6862745098039216,0.46588896,88.103550295858,0.5206971677559913,127,0.37254901960784315,0.49606299212598426,0.3137254901960784,0.1968503937007874,0.1968503937007874,0.08278867102396514,8
805811,SI,Sinker,Fastball,299,0.125,0.875,0.352112676056338,0.3722197530864198,84.67747747747747,0.5652173913043478,82,0.28169014084507044,0.36585365853658536,0.07042253521126757,0.12195121951219512,0.18292682926829268,0.056856187290969896,1
805811,SL,Slider,Breaking,298,0.4649122807017544,0.5350877192982456,0.4528301886792453,0.3130229032258065,83.68035714285713,0.39932885906040266,62,0.20754716981132076,0.3225806451612903,0.24528301886792453,0.14516129032258066,0.41935483870967744,0.17785234899328858,3
805811,CH,Changeup,Offspeed,229,0.39603960396039606,0.6039603960396039,0.35294117647058826,0.35852923076923077,80.62264150943396,0.31004366812227074,55,0.21568627450980393,0.2727272727272727,0.13725490196078433,0.07272727272727272,0.32727272727272727,0.17467248908296942,1
805811,FC,Cutter,Fastball,180,0.2268041237113402,0.7731958762886598,0.3111111111111111,0.21304458333333334,83.64057971014493,0.5444444444444444,49,0.17777777777777778,0.22448979591836735,0.13333333333333333,0.061224489795918366,0.24489795918367346,0.12222222222222222,1
805811,CU,Curveball,Breaking,177,0.30434782608695654,0.6956521739130435,0.5,0.32065,82.06785714285714,0.4011299435028249,27,0.35,0.48148148148148145,0.15000000000000002,0.2222222222222222,0.25925925925925924,0.07909604519774012,1
805811,ST,Sweeper,Breaking,130,0.375,0.625,0.5217391304347826,0.3695104,83.51515151515152,0.49230769230769234,25,0.30434782608695654,0.36,0.21739130434782605,0.08,0.36,0.16153846153846155,1
805811,KC,Knuckle-Curve,Breaking,63,0.3076923076923077,0.6923076923076923,0.07692307692307693,0.23853846153846153,84.00588235294119,0.42857142857142855,13,0.07692307692307693,0.07692307692307693,0.0,0.0,0.3076923076923077,0.12698412698412698,0
805811,FS,Splitter,Offspeed,55,0.5,0.5,0.3333333333333333,0.1659090909090909,80.78181818181818,0.3090909090909091,12,0.08333333333333333,0.08333333333333333,0.25,0.0,0.5,0.21818181818181817,1
805904,FF,4-Seam FB,Fastball,94,0.5,0.5,0.30434782608695654,0.17988235294117647,85.76666666666667,0.6170212765957447,23,0.13043478260869565,0.13043478260869565,0.1739130434782609,0.0,0.6086956521739131,0.24468085106382978,1
805904,CH,Changeup,Offspeed,37,0.35714285714285715,0.6428571428571428,1.0,0.2645,76.24444444444444,0.3783783783783784,4,0.5,0.5,0.5,0.0,0.25,0.13513513513513514,0
805904,SL,Slider,Breaking,34,0.42105263157894735,0.5789473684210527,0.1111111111111111,0.22628571428571428,80.76000000000002,0.4117647058823529,9,0.1111111111111111,0.1111111111111111,0.0,0.0,0.4444444444444444,0.23529411764705882,0
805904,FC,Cutter,Fastball,32,0.375,0.625,0.7142857142857143,0.5482,86.69999999999999,0.65625,7,0.2857142857142857,0.2857142857142857,0.4285714285714286,0.0,0.14285714285714285,0.1875,1
805904,ST,Sweeper,Breaking,32,0.6923076923076923,0.3076923076923077,0.5555555555555556,0.16528571428571429,97.725,0.375,11,0.2222222222222222,0.36363636363636365,0.33333333333333337,0.18181818181818182,0.5454545454545454,0.28125,1
805904,FS,Splitter,Offspeed,25,0.6,0.4,0.0,0.051,82.525,0.32,7,0.0,0.0,0.0,0.0,0.42857142857142855,0.24,0
805999,FF,4-Seam FB,Fastball,544,0.1606425702811245,0.8393574297188755,0.3577981651376147,0.38573535877862597,83.55858585858587,0.5220588235294118,134,0.1926605504587156,0.3282442748091603,0.1651376146788991,0.15671641791044777,0.16417910447761194,0.07352941176470588,4
805999,SI,Sinker,Fastball,357,0.147239263803681,0.852760736196319,0.45054945054945056,0.3328642352941176,83.4859375,0.5882352941176471,105,0.3516483516483517,0.4174757281553398,0.09890109890109888,0.09523809523809523,0.20952380952380953,0.06722689075630252,1
805999,SL,Slider,Breaking,258,0.3384615384615385,0.6615384615384615,0.1694915254237288,0.24550031746031747,76.20933333333333,0.4573643410852713,63,0.15254237288135594,0.203125,0.016949152542372864,0.06349206349206349,0.30158730158730157,0.17054263565891473,0
805999,CH,Changeup,Offspeed,228,0.36363636363636365,0.6363636363636364,0.2903225806451613,0.22992548387096778,78.38571428571429,0.42105263157894735,64,0.22580645161290322,0.23809523809523808,0.06451612903225809,0.015625,0.296875,0.19298245614035087,1
805999,ST,Sweeper,Breaking,148,0.4,0.6,0.4444444444444444,0.3556224390243902,82.12857142857143,0.41216216216216217,41,0.25,0.3170731707317073,0.19444444444444442,0.0975609756097561,0.4146341463414634,0.17567567567567569,2
805999,CU,Curveball,Breaking,130,0.3333333333333333,0.6666666666666667,0.5384615384615384,0.2416296296296296,80.40714285714286,0.3923076923076923,27,0.23076923076923078,0.2222222222222222,0.30769230769230765,0.0,0.4444444444444444,0.11538461538461539,2
805999,FC,Cutter,Fastball,119,0.08771929824561403,0.9122807017543859,0.6923076923076923,0.39683241379310347,82.71764705882352,0.42016806722689076,29,0.46153846153846156,0.5172413793103449,0.23076923076923073,0.10344827586206896,0.13793103448275862,0.04201680672268908,1
805999,FS,Splitter,Offspeed,82,0.39473684210526316,0.6052631578947368,0.375,0.2326875,75.11904761904762,0.3170731707317073,16,0.3125,0.3125,0.0625,0.0,0.3125,0.18292682926829268,0
805999,KC,Knuckle-Curve,Breaking,34,0.5,0.5,0.0,0.17219714285714285,84.5,0.35294117647058826,7,0.0,0.14285714285714285,0.0,0.14285714285714285,0.5714285714285714,0.17647058823529413,0
806068,FF,4-Seam FB,Fastball,341,0.387434554973822,0.6125654450261779,0.5,0.21458767123287675,81.90490196078433,0.533724340175953,78,0.20588235294117646,0.2631578947368421,0.29411764705882354,0.07692307692307693,0.5,0.21700879765395895,6
806068,SI,Sinker,Fastball,157,0.20253164556962025,0.7974683544303798,0.3235294117647059,0.3675056,78.65178571428571,0.5222929936305732,41,0.2647058823529412,0.3902439024390244,0.05882352941176472,0.12195121951219512,0.12195121951219512,0.10191082802547771,0
806068,SL,Slider,Breaking,103,0.4,0.6,0.20833333333333334,0.21279846153846155,80.16785714285716,0.3786407766990291,26,0.16666666666666666,0.23076923076923078,0.041666666666666685,0.07692307692307693,0.3076923076923077,0.21359223300970873,0
806068,CH,Changeup,Offspeed,99,0.3888888888888889,0.6111111111111112,0.4074074074074074,0.2318707142857143,75.9939393939394,0.36363636363636365,28,0.18518518518518517,0.21428571428571427,0.2222222222222222,0.03571428571428571,0.32142857142857145,0.21212121212121213,2
806068,CU,Curveball,Breaking,84,0.38461538461538464,0.6153846153846154,0.2777777777777778,0.1436875,80.64761904761905,0.4166666666666667,18,0.16666666666666666,0.16666666666666666,0.11111111111111113,0.0,0.4444444444444444,0.17857142857142858,0
806068,ST,Sweeper,Breaking,70,0.2777777777777778,0.7222222222222222,0.3888888888888889,0.2470555555555556,79.82692307692308,0.37142857142857144,18,0.1111111111111111,0.1111111111111111,0.2777777777777778,0.0,0.3333333333333333,0.14285714285714285,1
806068,FC,Cutter,Fastball,68,0.3157894736842105,0.6842105263157895,0.13636363636363635,0.23729391304347827,82.54583333333333,0.5882352941176471,24,0.13636363636363635,0.20833333333333334,0.0,0.08333333333333333,0.25,0.17647058823529413,0
806068,FS,Splitter,Offspeed,39,0.14285714285714285,0.8571428571428572,0.3333333333333333,0.36366666666666664,84.79285714285713,0.4358974358974359,9,0.3333333333333333,0.3333333333333333,0.0,0.0,0.1111111111111111,0.07692307692307693,0
806068,KC,Knuckle-Curve,Breaking,26,0.3333333333333333,0.6666666666666667,0.2,0.22189666666666671,88.80000000000001,0.6153846153846154,6,0.2,0.3333333333333333,0.0,0.16666666666666666,0.3333333333333333,0.15384615384615385,0
806146,SI,Sinker,Fastball,198,0.16326530612244897,0.8367346938775511,0.45454545454545453,0.303919,81.26282051282051,0.5252525252525253,61,0.3090909090909091,0.3333333333333333,0.14545454545454545,0.04918032786885246,0.16393442622950818,0.08080808080808081,2
806146,FF,4-Seam FB,Fastball,162,0.39473684210526316,0.6052631578947368,0.18518518518518517,0.2568345806451613,84.74102564102566,0.5370370370370371,32,0.14814814814814814,0.28125,0.037037037037037035,0.125,0.375,0.18518518518518517,0
806146,SL,Slider,Breaking,91,0.1794871794871795,0.8205128205128205,0.4782608695652174,0.2879325,83.23703703703704,0.5054945054945055,24,0.21739130434782608,0.25,0.26086956521739135,0.041666666666666664,0.3333333333333333,0.07692307692307693,1
806146,FC,Cutter,Fastball,56,0.23333333333333334,0.7666666666666666,1.0,0.4572727272727272,79.72727272727272,0.5714285714285714,11,0.45454545454545453,0.45454545454545453,0.5454545454545454,0.0,0.18181818181818182,0.125,2
806146,CH,Changeup,Offspeed,54,0.2608695652173913,0.7391304347826086,0.09090909090909091,0.27694833333333335,76.87142857142858,0.2777777777777778,12,0.09090909090909091,0.16666666666666666,0.0,0.08333333333333333,0.25,0.1111111111111111,0
806146,ST,Sweeper,Breaking,45,0.22727272727272727,0.7727272727272727,0.46153846153846156,0.28995571428571437,78.5357142857143,0.5111111111111111,14,0.23076923076923078,0.2857142857142857,0.23076923076923078,0.07142857142857142,0.21428571428571427,0.1111111111111111,1
806198,FF,4-Seam FB,Fastball,343,0.18064516129032257,0.8193548387096774,0.36923076923076925,0.30122347826086954,80.50672268907563,0.5335276967930029,76,0.2923076923076923,0.3815789473684211,0.07692307692307693,0.13157894736842105,0.23684210526315788,0.08163265306122448,1
806198,SI,Sinker,Fastball,195,0.175,0.825,0.25,0.3895131666666667,83.17833333333333,0.5333333333333333,55,0.22727272727272727,0.35185185185185186,0.022727272727272735,0.14545454545454545,0.10909090909090909,0.07179487179487179,0
806198,SL,Slider,Breaking,158,0.2638888888888889,0.7361111111111112,0.46875,0.3633164705882353,82.24615384615383,0.5316455696202531,34,0.40625,0.4411764705882353,0.0625,0.058823529411764705,0.14705882352941177,0.12025316455696203,0
806198,ST,Sweeper,Breaking,110,0.2653061224489796,0.7346938775510203,0.52,0.27955555555555556,77.71714285714286,0.4636363636363636,27,0.32,0.2962962962962963,0.2,0.0,0.2962962962962963,0.11818181818181818,1
806198,FC,Cutter,Fastball,90,0.21052631578947367,0.7894736842105263,0.3684210526315789,0.26945617391304344,85.85714285714286,0.5111111111111111,23,0.3157894736842105,0.43478260869565216,0.05263157894736842,0.13043478260869565,0.043478260869565216,0.08888888888888889,0
806198,CH,Changeup,Offspeed,82,0.17647058823529413,0.8235294117647058,0.37037037037037035,0.17225925925925925,77.75135135135136,0.4024390243902439,31,0.25925925925925924,0.2413793103448276,0.1111111111111111,0.0,0.12903225806451613,0.10975609756097561,0
806198,CU,Curveball,Breaking,66,0.16666666666666666,0.8333333333333334,0.5454545454545454,0.4611575,80.14117647058823,0.4393939393939394,16,0.2727272727272727,0.4375,0.2727272727272727,0.25,0.125,0.06060606060606061,1
806198,FS,Splitter,Offspeed,30,0.45,0.55,0.0,0.1450422222222222,77.62,0.3,9,0.0,0.1111111111111111,0.0,0.1111111111111111,0.5555555555555556,0.3,0
806367,FF,4-Seam FB,Fastball,145,0.09090909090909091,0.9090909090909091,0.41025641025641024,0.3745311111111112,86.19482758620688,0.5241379310344828,45,0.28205128205128205,0.35555555555555557,0.1282051282051282,0.1111111111111111,0.13333333333333333,0.041379310344827586,0
806367,SI,Sinker,Fastball,120,0.06382978723404255,0.9361702127659575,0.15384615384615385,0.27074973333333335,81.72439024390243,0.6083333333333333,30,0.15384615384615385,0.26666666666666666,0.0,0.1,0.13333333333333333,0.025,0
806367,SL,Slider,Breaking,62,0.2727272727272727,0.7272727272727273,0.0,0.25034,79.57857142857142,0.3870967741935484,14,0.0,0.14285714285714285,0.0,0.14285714285714285,0.35714285714285715,0.0967741935483871,0
806367,CH,Changeup,Offspeed,48,0.19047619047619047,0.8095238095238095,0.125,0.15366666666666667,69.31875000000001,0.3958333333333333,9,0.125,0.1111111111111111,0.0,0.0,0.1111111111111111,0.08333333333333333,0
806367,CU,Curveball,Breaking,39,0.13333333333333333,0.8666666666666667,0.7777777777777778,0.28366836363636366,82.85833333333333,0.5128205128205128,11,0.3333333333333333,0.36363636363636365,0.4444444444444445,0.0,0.09090909090909091,0.05128205128205128,1
806367,ST,Sweeper,Breaking,27,0.1111111111111111,0.8888888888888888,0.6666666666666666,0.588595,68.41428571428571,0.5925925925925926,4,0.6666666666666666,0.75,0.0,0.25,0.25,0.037037037037037035,0
806367,FC,Cutter,Fastball,25,0.14285714285714285,0.8571428571428572,0.4,0.37196571428571434,90.73333333333333,0.52,7,0.2,0.42857142857142855,0.2,0.2857142857142857,0.14285714285714285,0.04,0
806956,FF,4-Seam FB,Fastball,52,0.1935483870967742,0.8064516129032258,0.8333333333333334,0.24055555555555555,85.71249999999999,0.5384615384615384,18,0.3888888888888889,0.3888888888888889,0.4444444444444445,0.0,0.2222222222222222,0.11538461538461539,2
807712,FF,4-Seam FB,Fastball,692,0.11285266457680251,0.8871473354231975,0.5403726708074534,0.3473017802197802,82.11025641025641,0.5823699421965318,187,0.3167701863354037,0.40106951871657753,0.22360248447204972,0.09090909090909091,0.1497326203208556,0.05202312138728324,6
807712,SI,Sinker,Fastball,434,0.1130952380952381,0.8869047619047619,0.44554455445544555,0.390470243902439,84.97847222222221,0.5552995391705069,128,0.33663366336633666,0.453125,0.1089108910891089,0.109375,0.0703125,0.04377880184331797,2
807712,SL,Slider,Breaking,335,0.2638888888888889,0.7361111111111112,0.43373493975903615,0.30051613636363633,79.53942307692306,0.41492537313432837,93,0.27710843373493976,0.34782608695652173,0.1566265060240964,0.0967741935483871,0.17204301075268819,0.11343283582089553,3
807712,ST,Sweeper,Breaking,229,0.2222222222222222,0.7777777777777778,0.30952380952380953,0.23025140425531912,74.58032786885245,0.34934497816593885,48,0.2619047619047619,0.3541666666666667,0.047619047619047616,0.041666666666666664,0.16666666666666666,0.07860262008733625,0
807712,CH,Changeup,Offspeed,222,0.2727272727272727,0.7272727272727273,0.24,0.2453494814814815,79.63593750000001,0.38288288288288286,57,0.16,0.23214285714285715,0.07999999999999999,0.07017543859649122,0.21052631578947367,0.12162162162162163,1
807712,FC,Cutter,Fastball,215,0.12037037037037036,0.8796296296296297,0.3584905660377358,0.3353613114754098,82.03736263736265,0.5488372093023256,63,0.2830188679245283,0.36507936507936506,0.07547169811320753,0.12698412698412698,0.047619047619047616,0.06046511627906977,0
807712,CU,Curveball,Breaking,130,0.18333333333333332,0.8166666666666667,0.25,0.19564866666666667,78.21249999999999,0.4461538461538462,38,0.19444444444444445,0.21621621621621623,0.05555555555555555,0.0,0.18421052631578946,0.08461538461538462,0
807712,FS,Splitter,Offspeed,48,0.4375,0.5625,0.36363636363636365,0.28928166666666666,82.02222222222223,0.3125,12,0.36363636363636365,0.4166666666666667,0.0,0.08333333333333333,0.3333333333333333,0.14583333333333334,0
807712,KC,Knuckle-Curve,Breaking,30,0.0,1.0,0.3333333333333333,0.34409500000000004,70.68333333333334,0.23333333333333334,4,0.3333333333333333,0.5,0.0,0.25,0.0,0.0,0
807713,FF,4-Seam FB,Fastball,240,0.2462686567164179,0.7537313432835822,0.5932203389830508,0.3301714285714286,83.89270833333333,0.48333333333333334,70,0.288135593220339,0.4,0.30508474576271183,0.15714285714285714,0.2571428571428571,0.1375,3
807713,SI,Sinker,Fastball,170,0.12987012987012986,0.8701298701298701,0.325,0.2780902564102564,81.70166666666667,0.5882352941176471,44,0.25,0.3181818181818182,0.07500000000000001,0.09090909090909091,0.06818181818181818,0.058823529411764705,0
807713,SL,Slider,Breaking,135,0.22807017543859648,0.7719298245614035,0.5,0.39852782608695647,77.60697674418603,0.4888888888888889,28,0.2916666666666667,0.39285714285714285,0.20833333333333331,0.14285714285714285,0.17857142857142858,0.0962962962962963,1
807713,ST,Sweeper,Breaking,98,0.175,0.825,0.11764705882352941,0.2537417777777778,77.5375,0.40816326530612246,18,0.11764705882352941,0.16666666666666666,0.0,0.0,0.16666666666666666,0.07142857142857142,0
807713,CH,Changeup,Offspeed,76,0.2857142857142857,0.7142857142857143,0.42857142857142855,0.23701809523809525,72.42758620689655,0.32894736842105265,24,0.3333333333333333,0.34782608695652173,0.09523809523809523,0.041666666666666664,0.20833333333333334,0.15789473684210525,0
807713,FC,Cutter,Fastball,56,0.22727272727272727,0.7727272727272727,0.2857142857142857,0.41229750000000004,81.70833333333333,0.4642857142857143,9,0.14285714285714285,0.25,0.14285714285714285,0.1111111111111111,0.0,0.08928571428571429,0
807713,CU,Curveball,Breaking,55,0.14285714285714285,0.8571428571428572,0.5555555555555556,0.1771502222222222,79.38,0.43636363636363634,13,0.2222222222222222,0.3333333333333333,0.33333333333333337,0.07692307692307693,0.15384615384615385,0.03636363636363636,1
807726,FF,4-Seam FB,Fastball,109,0.234375,0.765625,0.05555555555555555,0.35345000000000004,83.61363636363636,0.5045871559633027,23,0.05555555555555555,0.2608695652173913,0.0,0.21739130434782608,0.043478260869565216,0.13761467889908258,0
807726,SI,Sinker,Fastball,47,0.043478260869565216,0.9565217391304348,0.5,0.46223723076923073,87.5142857142857,0.5957446808510638,15,0.5,0.6,0.0,0.06666666666666667,0.0,0.02127659574468085,0
807726,SL,Slider,Breaking,40,0.16666666666666666,0.8333333333333334,0.125,0.4391725,89.2923076923077,0.45,10,0.125,0.2,0.0,0.1,0.0,0.075,0
807726,CH,Changeup,Offspeed,33,0.5263157894736842,0.4736842105263158,0.08333333333333333,0.14748909090909093,60.7625,0.3333333333333333,13,0.08333333333333333,0.15384615384615385,0.0,0.07692307692307693,0.6153846153846154,0.30303030303030304,0
807726,FC,Cutter,Fastball,25,0.3125,0.6875,0.5,0.4487975,84.27272727272727,0.52,9,0.375,0.4444444444444444,0.125,0.1111111111111111,0.1111111111111111,0.2,0
807727,FF,4-Seam FB,Fastball,134,0.2535211267605634,0.7464788732394366,0.32142857142857145,0.25123799999999996,80.07291666666667,0.5298507462686567,31,0.17857142857142858,0.25806451612903225,0.14285714285714288,0.0967741935483871,0.3225806451612903,0.13432835820895522,1
807727,SI,Sinker,Fastball,95,0.05128205128205128,0.9487179487179487,0.42857142857142855,0.33050583333333333,82.88181818181818,0.5684210526315789,24,0.38095238095238093,0.4583333333333333,0.047619047619047616,0.125,0.20833333333333334,0.021052631578947368,0
807727,CH,Changeup,Offspeed,56,0.25,0.75,0.29411764705882354,0.2393888888888889,80.91578947368421,0.42857142857142855,18,0.23529411764705882,0.2222222222222222,0.05882352941176472,0.0,0.16666666666666666,0.125,0
807727,ST,Sweeper,Breaking,35,0.3888888888888889,0.6111111111111112,0.1111111111111111,0.10481999999999998,77.57777777777777,0.45714285714285713,10,0.1111111111111111,0.2,0.0,0.1,0.4,0.2,0
807727,SL,Slider,Breaking,32,0.2222222222222222,0.7777777777777778,0.1,0.2378,79.11666666666666,0.375,10,0.1,0.1,0.0,0.0,0.2,0.125,0
807747,FF,4-Seam FB,Fastball,41,0.13043478260869565,0.8695652173913043,0.16666666666666666,0.2796666666666667,78.145,0.6585365853658537,13,0.16666666666666666,0.16666666666666666,0.0,0.0,0.15384615384615385,0.07317073170731707,0
807799,FF,4-Seam FB,Fastball,396,0.062146892655367235,0.9378531073446328,0.42424242424242425,0.3353257407407408,85.05987654320988,0.5227272727272727,113,0.31313131313131315,0.37168141592920356,0.1111111111111111,0.09734513274336283,0.061946902654867256,0.027777777777777776,2
807799,SI,Sinker,Fastball,157,0.13559322033898305,0.864406779661017,0.3888888888888889,0.31985578947368426,87.81764705882354,0.554140127388535,41,0.16666666666666666,0.25,0.22222222222222224,0.0975609756097561,0.07317073170731707,0.050955414012738856,1
807799,CH,Changeup,Offspeed,144,0.24615384615384617,0.7538461538461538,0.4358974358974359,0.3358814634146341,83.0723404255319,0.4027777777777778,43,0.2564102564102564,0.32558139534883723,0.17948717948717952,0.09302325581395349,0.13953488372093023,0.1111111111111111,1
807799,CU,Curveball,Breaking,113,0.34146341463414637,0.6585365853658536,0.25,0.16024454545454547,78.988,0.4690265486725664,25,0.20833333333333334,0.24,0.04166666666666666,0.04,0.36,0.12389380530973451,0
807799,FC,Cutter,Fastball,106,0.15384615384615385,0.8461538461538461,0.42857142857142855,0.33473706666666664,83.97441860465118,0.49056603773584906,31,0.2857142857142857,0.3548387096774194,0.14285714285714285,0.06451612903225806,0.06451612903225806,0.07547169811320754,1
807799,SL,Slider,Breaking,90,0.19444444444444445,0.8055555555555556,0.47368421052631576,0.2697505882352941,82.90740740740739,0.4777777777777778,21,0.3157894736842105,0.38095238095238093,0.15789473684210525,0.09523809523809523,0.19047619047619047,0.07777777777777778,0
807799,FS,Splitter,Offspeed,65,0.2,0.8,0.46153846153846156,0.38798400000000005,80.47368421052632,0.4,15,0.38461538461538464,0.4666666666666667,0.07692307692307693,0.13333333333333333,0.06666666666666667,0.07692307692307693,0
807799,ST,Sweeper,Breaking,43,0.2,0.8,0.4166666666666667,0.38309760000000004,83.22500000000001,0.27906976744186046,16,0.3333333333333333,0.5,0.08333333333333337,0.125,0.125,0.06976744186046512,0
807799,KC,Knuckle-Curve,Breaking,29,0.2857142857142857,0.7142857142857143,0.125,0.22675,94.69000000000001,0.3448275862068966,8,0.125,0.125,0.0,0.0,0.25,0.13793103448275862,0
808959,FF,4-Seam FB,Fastball,682,0.4158415841584158,0.5841584158415842,0.5510204081632653,0.39280877192982455,90.33987341772152,0.501466275659824,182,0.21768707482993196,0.36813186813186816,0.33333333333333326,0.19230769230769232,0.35714285714285715,0.18475073313782991,14
808959,SL,Slider,Breaking,450,0.5181347150259067,0.4818652849740933,0.3176470588235294,0.29746501960784316,87.05301204819277,0.4311111111111111,102,0.15294117647058825,0.29411764705882354,0.16470588235294115,0.1568627450980392,0.39215686274509803,0.2222222222222222,3
808959,SI,Sinker,Fastball,338,0.32575757575757575,0.6742424242424243,0.5238095238095238,0.4010784533333333,86.53414634146341,0.591715976331361,76,0.2222222222222222,0.35526315789473684,0.3015873015873016,0.14473684210526316,0.3157894736842105,0.12721893491124261,6
808959,CH,Changeup,Offspeed,288,0.47058823529411764,0.5294117647058824,0.5652173913043478,0.32911396226415085,81.82264150943395,0.3854166666666667,55,0.2391304347826087,0.36363636363636365,0.3260869565217391,0.16363636363636364,0.3090909090909091,0.19444444444444445,5
808959,ST,Sweeper,Breaking,264,0.4380952380952381,0.5619047619047619,0.30434782608695654,0.24189676923076925,80.72363636363637,0.39015151515151514,55,0.17391304347826086,0.2909090909090909,0.13043478260869568,0.12727272727272726,0.4,0.17424242424242425,1
808959,FC,Cutter,Fastball,167,0.29411764705882354,0.7058823529411764,0.48,0.34877461538461535,85.13499999999999,0.46706586826347307,28,0.24,0.32142857142857145,0.24,0.10714285714285714,0.21428571428571427,0.11976047904191617,2
808959,CU,Curveball,Breaking,150,0.2608695652173913,0.7391304347826086,0.5517241379310345,0.46948096969696973,88.24,0.5066666666666667,34,0.2413793103448276,0.35294117647058826,0.31034482758620685,0.11764705882352941,0.29411764705882354,0.08,3
808959,FS,Splitter,Offspeed,70,0.5714285714285714,0.4285714285714286,0.26666666666666666,0.11027374999999999,75.34545454545454,0.37142857142857144,16,0.06666666666666667,0.125,0.2,0.0625,0.5625,0.22857142857142856,1
808959,KC,Knuckle-Curve,Breaking,46,0.45454545454545453,0.5454545454545454,1.3333333333333333,0.6144788571428571,93.53333333333335,0.3695652173913043,7,0.6666666666666666,0.7142857142857143,0.6666666666666666,0.0,0.2857142857142857,0.10869565217391304,1
808975,FF,4-Seam FB,Fastball,170,0.18666666666666668,0.8133333333333334,0.4666666666666667,0.444584,81.57307692307691,0.5647058823529412,37,0.4,0.4857142857142857,0.06666666666666665,0.13513513513513514,0.13513513513513514,0.08235294117647059,0
808975,SI,Sinker,Fastball,103,0.23636363636363636,0.7636363636363637,0.5714285714285714,0.3552561904761905,80.5175,0.5533980582524272,23,0.38095238095238093,0.391304347826087,0.19047619047619047,0.043478260869565216,0.17391304347826086,0.1262135922330097,1
808975,CH,Changeup,Offspeed,97,0.32,0.6799999999999999,0.1,0.1982253333333333,75.12058823529412,0.38144329896907214,33,0.1,0.15151515151515152,0.0,0.06060606060606061,0.3333333333333333,0.16494845360824742,0
808975,SL,Slider,Breaking,66,0.27586206896551724,0.7241379310344828,0.2,0.22967,78.58947368421053,0.48484848484848486,16,0.2,0.25,0.0,0.0625,0.25,0.12121212121212122,0
808975,FC,Cutter,Fastball,44,0.2,0.8,0.5714285714285714,0.38109499999999996,81.77142857142857,0.5909090909090909,9,0.2857142857142857,0.4444444444444444,0.2857142857142857,0.2222222222222222,0.1111111111111111,0.09090909090909091,0
808975,CU,Curveball,Breaking,40,0.25,0.75,0.36363636363636365,0.3143966666666667,77.89999999999999,0.5,13,0.36363636363636365,0.46153846153846156,0.0,0.15384615384615385,0.23076923076923078,0.125,0
808975,ST,Sweeper,Breaking,31,0.3076923076923077,0.6923076923076923,0.3333333333333333,0.34833333333333333,79.9625,0.5806451612903226,7,0.3333333333333333,0.42857142857142855,0.0,0.0,0.2857142857142857,0.12903225806451613,0
808975,FS,Splitter,Offspeed,29,0.6,0.4,0.0,0.07533333333333332,67.65,0.3448275862068966,6,0.0,0.0,0.0,0.0,0.6666666666666666,0.3103448275862069,0
808982,FF,4-Seam FB,Fastball,679,0.10149253731343283,0.8985074626865672,0.489010989010989,0.31340851336898395,83.21184668989547,0.5419734904270986,196,0.3241758241758242,0.358974358974359,0.1648351648351648,0.05102040816326531,0.09183673469387756,0.050073637702503684,4
808982,SI,Sinker,Fastball,425,0.12849162011173185,0.8715083798882681,0.26,0.3305165263157895,84.49047619047619,0.5741176470588235,114,0.21,0.2982456140350877,0.05000000000000002,0.09649122807017543,0.08771929824561403,0.05411764705882353,1
808982,SL,Slider,Breaking,311,0.174496644295302,0.825503355704698,0.38271604938271603,0.2896200476190476,81.33706896551725,0.45980707395498394,85,0.30864197530864196,0.32941176470588235,0.07407407407407407,0.011764705882352941,0.09411764705882353,0.08360128617363344,1
808982,CH,Changeup,Offspeed,184,0.10112359550561797,0.898876404494382,0.3695652173913043,0.3164430434782609,80.35277777777777,0.3641304347826087,47,0.30434782608695654,0.3191489361702128,0.06521739130434778,0.02127659574468085,0.0851063829787234,0.04891304347826087,0
808982,FC,Cutter,Fastball,174,0.17582417582417584,0.8241758241758241,0.34146341463414637,0.34627428571428565,80.98550724637681,0.5632183908045977,45,0.1951219512195122,0.26666666666666666,0.14634146341463417,0.08888888888888889,0.08888888888888889,0.09195402298850575,1
808982,ST,Sweeper,Breaking,149,0.09722222222222222,0.9027777777777778,0.55,0.28697869767441864,77.77258064516128,0.4161073825503356,43,0.25,0.3023255813953488,0.30000000000000004,0.023255813953488372,0.13953488372093023,0.04697986577181208,2
808982,CU,Curveball,Breaking,140,0.12121212121212122,0.8787878787878788,0.3235294117647059,0.28723942857142853,84.12549019607843,0.42857142857142855,35,0.23529411764705882,0.2571428571428571,0.08823529411764708,0.02857142857142857,0.17142857142857143,0.05714285714285714,0
808982,FS,Splitter,Offspeed,51,0.20833333333333334,0.7916666666666666,0.8,0.49329999999999996,77.76666666666667,0.35294117647058826,10,0.5,0.5,0.30000000000000004,0.0,0.1,0.09803921568627451,1
808982,KC,Knuckle-Curve,Breaking,43,0.0625,0.9375,0.7272727272727273,0.3052816666666666,87.00666666666666,0.4883720930232558,12,0.2727272727272727,0.3333333333333333,0.4545454545454546,0.08333333333333333,0.0,0.023255813953488372,1
810938,FF,4-Seam FB,Fastball,394,0.07608695652173914,0.9239130434782609,0.34444444444444444,0.33292744680851066,83.8648484848485,0.5710659898477157,103,0.2777777777777778,0.36893203883495146,0.06666666666666665,0.1262135922330097,0.14563106796116504,0.03553299492385787,1
810938,SL,Slider,Breaking,197,0.27710843373493976,0.7228915662650602,0.30612244897959184,0.25973333333333337,88.0,0.4416243654822335,49,0.24489795918367346,0.24489795918367346,0.06122448979591838,0.0,0.24489795918367346,0.116751269035533,0
810938,SI,Sinker,Fastball,183,0.09210526315789473,0.9078947368421053,0.4444444444444444,0.26627982608695655,79.12222222222222,0.4972677595628415,51,0.26666666666666666,0.34,0.17777777777777776,0.0784313725490196,0.11764705882352941,0.03825136612021858,2
810938,FC,Cutter,Fastball,120,0.14893617021276595,0.851063829787234,0.47368421052631576,0.3761848695652174,79.95405405405405,0.36666666666666664,26,0.2631578947368421,0.44,0.21052631578947367,0.19230769230769232,0.07692307692307693,0.058333333333333334,1
810938,CH,Changeup,Offspeed,103,0.3333333333333333,0.6666666666666667,0.13333333333333333,0.244646,76.51714285714286,0.4174757281553398,31,0.13333333333333333,0.16129032258064516,0.0,0.03225806451612903,0.2903225806451613,0.17475728155339806,0
810938,ST,Sweeper,Breaking,93,0.43333333333333335,0.5666666666666667,0.2631578947368421,0.17502,86.42142857142858,0.41935483870967744,20,0.15789473684210525,0.2,0.10526315789473684,0.05,0.45,0.13978494623655913,0
810938,CU,Curveball,Breaking,50,0.21052631578947367,0.7894736842105263,0.3076923076923077,0.2927692307692308,85.01428571428572,0.48,13,0.23076923076923078,0.23076923076923078,0.07692307692307693,0.0,0.23076923076923078,0.08,0
810938,FS,Splitter,Offspeed,28,0.08333333333333333,0.9166666666666666,0.5714285714285714,0.22957142857142854,74.42,0.39285714285714285,7,0.42857142857142855,0.42857142857142855,0.14285714285714285,0.0,0.2857142857142857,0.03571428571428571,0
811965,FF,4-Seam FB,Fastball,97,0.16363636363636364,0.8363636363636364,0.4166666666666667,0.30873883333333335,84.36363636363636,0.5154639175257731,26,0.2916666666666667,0.34615384615384615,0.125,0.038461538461538464,0.23076923076923078,0.09278350515463918,1
811965,SL,Slider,Breaking,44,0.13043478260869565,0.8695652173913043,0.7692307692307693,0.3663636363636363,81.73684210526316,0.5,13,0.46153846153846156,0.46153846153846156,0.3076923076923077,0.0,0.07692307692307693,0.06818181818181818,0
811965,SI,Sinker,Fastball,33,0.07692307692307693,0.9230769230769231,0.2857142857142857,0.2831666666666667,89.41666666666667,0.6060606060606061,7,0.2857142857142857,0.2857142857142857,0.0,0.0,0.14285714285714285,0.030303030303030304,0
811965,ST,Sweeper,Breaking,25,0.3333333333333333,0.6666666666666667,0.875,0.36675,85.67,0.44,8,0.625,0.625,0.25,0.0,0.125,0.2,0
813841,FF,4-Seam FB,Fastball,261,0.42857142857142855,0.5714285714285714,0.29850746268656714,0.21363054054054054,80.23478260869567,0.5823754789272031,75,0.19402985074626866,0.2702702702702703,0.10447761194029848,0.09333333333333334,0.48,0.22988505747126436,1
813841,SI,Sinker,Fastball,88,0.2,0.8,0.5909090909090909,0.4131904347826087,76.34571428571428,0.6136363636363636,27,0.45454545454545453,0.4782608695652174,0.1363636363636364,0.037037037037037035,0.14814814814814814,0.11363636363636363,1
813841,CH,Changeup,Offspeed,60,0.4838709677419355,0.5161290322580645,0.3333333333333333,0.21480947368421055,69.16,0.2833333333333333,20,0.2777777777777778,0.3157894736842105,0.055555555555555525,0.05,0.35,0.25,0
813841,SL,Slider,Breaking,57,0.4375,0.5625,0.1,0.1525,77.42142857142858,0.40350877192982454,11,0.1,0.1,0.0,0.0,0.45454545454545453,0.24561403508771928,0
813841,ST,Sweeper,Breaking,53,0.48,0.52,0.1,0.052500000000000005,71.34545454545454,0.3584905660377358,10,0.1,0.1,0.0,0.0,0.7,0.22641509433962265,0
813841,FC,Cutter,Fastball,42,0.30434782608695654,0.6956521739130435,0.5,0.36791142857142856,83.05625,0.47619047619047616,7,0.16666666666666666,0.2857142857142857,0.33333333333333337,0.14285714285714285,0.14285714285714285,0.16666666666666666,0
813841,CU,Curveball,Breaking,35,0.15384615384615385,0.8461538461538461,0.8888888888888888,0.4201111111111111,77.4,0.5428571428571428,9,0.5555555555555556,0.5555555555555556,0.33333333333333326,0.0,0.2222222222222222,0.05714285714285714,1
814154,FF,4-Seam FB,Fastball,52,0.5555555555555556,0.4444444444444444,0.0,0.069838,76.58333333333333,0.5,10,0.0,0.1,0.0,0.1,0.9,0.28846153846153844,0
814430,FF,4-Seam FB,Fastball,112,0.2711864406779661,0.728813559322034,0.41379310344827586,0.328723125,84.505,0.5357142857142857,32,0.2413793103448276,0.3125,0.17241379310344826,0.09375,0.28125,0.14285714285714285,1
814430,CH,Changeup,Offspeed,35,0.3181818181818182,0.6818181818181819,0.625,0.426928,75.85000000000001,0.37142857142857144,9,0.5,0.5555555555555556,0.125,0.0,0.2222222222222222,0.2,0
814439,FF,4-Seam FB,Fastball,293,0.2,0.8,0.36666666666666664,0.3727503188405797,78.92470588235294,0.5392491467576792,73,0.21666666666666667,0.32857142857142857,0.14999999999999997,0.1232876712328767,0.2876712328767123,0.07849829351535836,1
814439,SI,Sinker,Fastball,207,0.14130434782608695,0.8586956521739131,0.2765957446808511,0.34450484615384613,81.97826086956522,0.5893719806763285,53,0.2553191489361702,0.3333333333333333,0.021276595744680882,0.09433962264150944,0.18867924528301888,0.06280193236714976,0
814439,SL,Slider,Breaking,170,0.37662337662337664,0.6233766233766234,0.8205128205128205,0.3407924878048781,86.49555555555555,0.48823529411764705,46,0.46153846153846156,0.4888888888888889,0.3589743589743589,0.06521739130434782,0.2608695652173913,0.17058823529411765,2
814439,ST,Sweeper,Breaking,160,0.49295774647887325,0.5070422535211268,0.24242424242424243,0.220334705882353,79.07575757575758,0.45,34,0.18181818181818182,0.20588235294117646,0.06060606060606061,0.029411764705882353,0.4411764705882353,0.21875,0
814439,CH,Changeup,Offspeed,101,0.3673469387755102,0.6326530612244898,0.2727272727272727,0.189949375,77.97241379310344,0.38613861386138615,34,0.24242424242424243,0.2647058823529412,0.030303030303030276,0.029411764705882353,0.29411764705882354,0.1782178217821782,0
814439,FC,Cutter,Fastball,88,0.20833333333333334,0.7916666666666666,0.42857142857142855,0.34873968,80.43235294117646,0.6022727272727273,26,0.3333333333333333,0.46153846153846156,0.09523809523809523,0.11538461538461539,0.07692307692307693,0.11363636363636363,0
814439,CU,Curveball,Breaking,68,0.5714285714285714,0.4285714285714286,0.23076923076923078,0.12376923076923077,74.73333333333333,0.4264705882352941,13,0.15384615384615385,0.15384615384615385,0.07692307692307693,0.0,0.5384615384615384,0.17647058823529413,0
814439,FS,Splitter,Offspeed,44,0.6842105263157895,0.3157894736842105,0.1,0.07194109090909091,70.53333333333333,0.29545454545454547,11,0.1,0.18181818181818182,0.0,0.0,0.8181818181818182,0.29545454545454547,0
815589,FF,4-Seam FB,Fastball,26,0.35294117647058826,0.6470588235294117,0.16666666666666666,0.3287685714285714,88.24444444444444,0.5769230769230769,7,0.16666666666666666,0.2857142857142857,0.0,0.14285714285714285,0.42857142857142855,0.23076923076923078,0
815873,FF,4-Seam FB,Fastball,63,0.13157894736842105,0.868421052631579,0.4375,0.37155176470588236,86.9793103448276,0.5873015873015873,18,0.1875,0.2777777777777778,0.25,0.1111111111111111,0.16666666666666666,0.07936507936507936,1
815873,SL,Slider,Breaking,41,0.35294117647058826,0.6470588235294117,0.0,0.2341732,76.06363636363636,0.36585365853658536,10,0.0,0.2,0.0,0.1,0.4,0.14634146341463414,0
815873,CH,Changeup,Offspeed,39,0.38095238095238093,0.6190476190476191,0.16666666666666666,0.18083333333333332,80.78999999999999,0.38461538461538464,6,0.16666666666666666,0.16666666666666666,0.0,0.0,0.3333333333333333,0.20512820512820512,0
815873,SI,Sinker,Fastball,39,0.18518518518518517,0.8148148148148149,0.2222222222222222,0.360625,81.54736842105264,0.717948717948718,9,0.2222222222222222,0.2222222222222222,0.0,0.0,0.2222222222222222,0.1282051282051282,0
815873,ST,Sweeper,Breaking,32,0.2727272727272727,0.7272727272727273,0.25,0.271,77.11250000000001,0.3125,4,0.25,0.25,0.0,0.0,0.25,0.09375,0
815873,FC,Cutter,Fastball,28,0.4166666666666667,0.5833333333333333,0.0,0.174476,89.68333333333332,0.5714285714285714,6,0.0,0.16666666666666666,0.0,0.16666666666666666,0.5,0.17857142857142858,0
815873,CU,Curveball,Breaking,27,0.5,0.5,0.8571428571428571,0.22342857142857145,90.1,0.4444444444444444,7,0.2857142857142857,0.2857142857142857,0.5714285714285714,0.0,0.42857142857142855,0.18518518518518517,1
823550,FF,4-Seam FB,Fastball,252,0.18446601941747573,0.8155339805825242,0.2653061224489796,0.25507642857142854,84.6371794871795,0.5515873015873016,57,0.1836734693877551,0.26785714285714285,0.0816326530612245,0.10526315789473684,0.19298245614035087,0.07539682539682539,1
823550,SI,Sinker,Fastball,96,0.1794871794871795,0.8205128205128205,0.1111111111111111,0.21552363636363633,73.01851851851852,0.6145833333333334,25,0.1111111111111111,0.30434782608695654,0.0,0.2,0.12,0.07291666666666667,0
823550,CH,Changeup,Offspeed,87,0.25,0.75,0.15789473684210525,0.2688457142857143,78.5576923076923,0.3333333333333333,22,0.15789473684210525,0.23809523809523808,0.0,0.09090909090909091,0.18181818181818182,0.11494252873563218,0
823550,SL,Slider,Breaking,57,0.3548387096774194,0.6451612903225806,0.2,0.196892,80.2421052631579,0.43859649122807015,16,0.2,0.25,0.0,0.0625,0.4375,0.19298245614035087,0
823550,FC,Cutter,Fastball,54,0.20833333333333334,0.7916666666666666,0.38461538461538464,0.34013374999999996,85.94444444444446,0.46296296296296297,16,0.23076923076923078,0.375,0.15384615384615385,0.1875,0.125,0.09259259259259259,0
823550,ST,Sweeper,Breaking,32,0.3125,0.6875,0.5,0.32666666666666666,80.95,0.4375,6,0.5,0.5,0.0,0.0,0.3333333333333333,0.15625,0
823550,CU,Curveball,Breaking,26,0.3333333333333333,0.6666666666666667,0.0,0.177845,81.80000000000001,0.34615384615384615,4,0.0,0.25,0.0,0.25,0.25,0.07692307692307693,0
828599,FF,4-Seam FB,Fastball,81,0.425,0.575,0.6842105263157895,0.263619,81.74,0.5555555555555556,20,0.21052631578947367,0.25,0.4736842105263158,0.05,0.45,0.20987654320987653,3
828599,CH,Changeup,Offspeed,31,0.5714285714285714,0.4285714285714286,0.4444444444444444,0.27744444444444444,93.14999999999999,0.41935483870967744,9,0.1111111111111111,0.1111111111111111,0.3333333333333333,0.0,0.5555555555555556,0.25806451612903225,1
828599,SL,Slider,Breaking,26,0.38461538461538464,0.6153846153846154,0.0,0.35284499999999996,91.74,0.2692307692307692,8,0.0,0.25,0.0,0.25,0.375,0.19230769230769232,0
