batter,family,pitches,whiff,contact,slg,xwoba,exit_velo,zone_pct
457705,Breaking,126,0.46551724137931033,0.5344827586206897,0.13636363636363635,0.16675,79.47307692307692,0.4523809523809524
457705,Fastball,241,0.23636363636363636,0.7636363636363637,0.35185185185185186,0.2842258181818182,85.18860759493671,0.5477178423236515
457705,Offspeed,43,0.3888888888888889,0.6111111111111112,0.3333333333333333,0.08875000000000001,75.7909090909091,0.3953488372093023
467793,Fastball,91,0.21739130434782608,0.782608695652174,0.05,0.1676446153846154,84.80909090909088,0.45054945054945056
467793,Offspeed,48,0.25,0.75,0.4,0.32548285714285713,79.17500000000001,0.5
500743,Breaking,254,0.23809523809523808,0.7619047619047619,0.36666666666666664,0.3137889375,80.34933333333335,0.3937007874015748
500743,Fastball,521,0.099644128113879,0.900355871886121,0.46710526315789475,0.3229260129032258,84.82563025210084,0.5201535508637236
500743,Offspeed,137,0.31746031746031744,0.6825396825396826,0.2222222222222222,0.22769214285714284,75.7975,0.3284671532846715
502054,Breaking,40,0.4444444444444444,0.5555555555555556,0.36363636363636365,0.2930316666666667,84.03,0.475
502054,Fastball,60,0.2692307692307692,0.7307692307692308,0.16666666666666666,0.31534,85.37222222222222,0.6333333333333333
502671,Breaking,507,0.26635514018691586,0.7336448598130841,0.40404040404040403,0.29223203809523807,80.5529411764706,0.46548323471400394
502671,Fastball,807,0.2605633802816901,0.7394366197183099,0.4927536231884058,0.31746567741935483,83.93576158940397,0.5377942998760843
502671,Offspeed,226,0.28431372549019607,0.7156862745098039,0.3469387755102041,0.31881296296296296,81.97121212121213,0.3495575221238938
506702,Breaking,41,0.21428571428571427,0.7857142857142857,0.0,0.08,77.69999999999999,0.4146341463414634
506702,Fastball,128,0.3116883116883117,0.6883116883116883,0.14705882352941177,0.1219032258064516,77.25,0.6015625
514888,Breaking,726,0.27123287671232876,0.7287671232876712,0.3516483516483517,0.23305602197802197,76.14320000000001,0.38980716253443526
514888,Fastball,1092,0.18130841121495328,0.8186915887850468,0.41471571906354515,0.2983034355828221,82.6017199017199,0.510989010989011
514888,Offspeed,254,0.25862068965517243,0.7413793103448276,0.38461538461538464,0.23889148148148148,78.99473684210527,0.33858267716535434
516782,Breaking,175,0.32653061224489793,0.6734693877551021,0.28846153846153844,0.22689869230769233,80.37931034482759,0.5085714285714286
516782,Fastball,396,0.21890547263681592,0.7810945273631841,0.3291139240506329,0.3243701904761905,79.06122448979592,0.5353535353535354
516782,Offspeed,123,0.38461538461538464,0.6153846153846154,0.375,0.28543333333333337,80.14102564102564,0.3902439024390244
518595,Breaking,81,0.41025641025641024,0.5897435897435898,0.3333333333333333,0.24110352941176472,81.23809523809524,0.48148148148148145
518595,Fastball,214,0.2641509433962264,0.7358490566037736,0.20833333333333334,0.27347498039215684,83.74133333333333,0.5654205607476636
518595,Offspeed,52,0.4482758620689655,0.5517241379310345,0.1875,0.1004375,79.36874999999999,0.2692307692307692
518692,Breaking,865,0.29048843187660667,0.7095115681233933,0.3468208092485549,0.352408126984127,81.63674242424241,0.42196531791907516
518692,Fastball,1536,0.20528211284513806,0.7947178871548619,0.49560117302052786,0.37492876392572944,83.12090761750405,0.5299479166666666
518692,Offspeed,403,0.1977401129943503,0.8022598870056497,0.3625,0.34041512195121953,85.92631578947369,0.3573200992555831
519317,Breaking,130,0.5074626865671642,0.4925373134328358,0.47368421052631576,0.312574375,88.56785714285715,0.4
519317,Fastball,242,0.30097087378640774,0.6990291262135923,0.35714285714285715,0.3096712195121951,85.72388059701493,0.5206611570247934
519317,Offspeed,79,0.3157894736842105,0.6842105263157895,0.5,0.37192956521739123,91.18000000000002,0.4430379746835443
521692,Breaking,939,0.3225152129817444,0.6774847870182557,0.3153526970954357,0.25370275200000003,81.12249999999999,0.34185303514376997
521692,Fastball,1169,0.20059435364041606,0.799405646359584,0.4490566037735849,0.3907205017421603,84.21124260355029,0.49101796407185627
521692,Offspeed,254,0.23493975903614459,0.7650602409638554,0.47435897435897434,0.2380910243902439,80.58103448275861,0.3661417322834646
542303,Breaking,381,0.41916167664670656,0.5808383233532934,0.2318840579710145,0.21430176470588236,82.02413793103447,0.4015748031496063
542303,Fastball,739,0.19936708860759494,0.8006329113924051,0.37209302325581395,0.34606872316384185,84.77268722466961,0.5385656292286874
542303,Offspeed,188,0.4634146341463415,0.5365853658536586,0.19230769230769232,0.2603758620689655,81.935,0.2712765957446808
543309,Breaking,315,0.38345864661654133,0.6165413533834587,0.13432835820895522,0.2111586865671642,81.72222222222223,0.4158730158730159
543309,Fastball,424,0.15544041450777202,0.844559585492228,0.5510204081632653,0.34549662135922327,83.92,0.5683962264150944
543309,Offspeed,81,0.46153846153846156,0.5384615384615384,0.5384615384615384,0.32338374999999997,83.91111111111111,0.30864197530864196
543510,Breaking,214,0.40476190476190477,0.5952380952380952,0.5303030303030303,0.26929733333333333,84.17323943661971,0.4158878504672897
543510,Fastball,329,0.18493150684931506,0.815068493150685,0.4931506849315068,0.3830619178082192,84.14684684684684,0.5866261398176292
543510,Offspeed,102,0.3770491803278688,0.6229508196721312,0.32,0.14284916666666667,76.47878787878787,0.2549019607843137
543760,Breaking,814,0.3026315789473684,0.6973684210526316,0.17679558011049723,0.21683149206349203,77.00338983050848,0.4533169533169533
543760,Fastball,1085,0.1672661870503597,0.8327338129496403,0.45588235294117646,0.3491363918918919,84.80885780885781,0.5668202764976958
543760,Offspeed,222,0.2830188679245283,0.7169811320754718,0.3673469387755102,0.3256596363636364,80.08382352941176,0.36036036036036034
543807,Breaking,636,0.2909698996655518,0.7090301003344481,0.4620253164556962,0.25518746341463416,80.76502463054187,0.4119496855345912
543807,Fastball,1210,0.17353951890034364,0.8264604810996563,0.4362934362934363,0.3420771830985916,83.09887892376682,0.5388429752066116
543807,Offspeed,261,0.3543307086614173,0.6456692913385826,0.3220338983050847,0.2762226875,82.16111111111111,0.39080459770114945
543877,Breaking,307,0.3262411347517731,0.6737588652482269,0.17647058823529413,0.15840823529411766,76.31827956989248,0.34527687296416937
543877,Fastball,686,0.1510574018126888,0.8489425981873112,0.3905325443786982,0.2654064406779661,81.12857142857143,0.5466472303206997
543877,Offspeed,76,0.1891891891891892,0.8108108108108107,0.14285714285714285,0.19225066666666668,79.01851851851852,0.2631578947368421
545121,Breaking,505,0.21810699588477367,0.7818930041152263,0.37383177570093457,0.25848652427184465,81.0577380952381,0.42574257425742573
545121,Fastball,931,0.0945054945054945,0.9054945054945055,0.43410852713178294,0.32378291176470586,82.63917525773196,0.5252416756176155
545121,Offspeed,333,0.19487179487179487,0.8051282051282052,0.2815533980582524,0.2642299047619048,83.25379310344827,0.4024024024024024
545341,Breaking,298,0.34965034965034963,0.6503496503496504,0.5753424657534246,0.3066522051282051,88.34137931034482,0.3926174496644295
545341,Fastball,611,0.15483870967741936,0.8451612903225807,0.5234899328859061,0.3478768707482993,84.18577235772358,0.55810147299509
545341,Offspeed,164,0.35514018691588783,0.6448598130841121,0.5535714285714286,0.3221224489795918,85.3875,0.3719512195121951
545361,Breaking,698,0.3790322580645161,0.6209677419354839,0.36585365853658536,0.2870466074074074,79.56013986013986,0.4469914040114613
545361,Fastball,1809,0.19471488178025034,0.8052851182197497,0.4431137724550898,0.42344704390243904,83.05132575757575,0.4886677722498618
545361,Offspeed,289,0.3380281690140845,0.6619718309859155,0.44776119402985076,0.31568097297297293,81.49512195121952,0.3494809688581315
547180,Breaking,979,0.38058252427184464,0.6194174757281554,0.4504950495049505,0.3557778632478632,81.94375,0.38100102145045966
547180,Fastball,1312,0.2516025641025641,0.7483974358974359,0.5643939393939394,0.41972223602484465,84.88607305936073,0.49390243902439024
547180,Offspeed,447,0.30735930735930733,0.6926406926406927,0.34210526315789475,0.32269759374999996,82.51052631578948,0.3512304250559284
553869,Breaking,305,0.38372093023255816,0.6162790697674418,0.4146341463414634,0.264281686746988,79.24117647058823,0.3836065573770492
553869,Fastball,552,0.22569444444444445,0.7743055555555556,0.36538461538461536,0.2556292521739131,82.3044776119403,0.5507246376811594
553869,Offspeed,81,0.2727272727272727,0.7272727272727273,0.375,0.2939375,83.37105263157895,0.43209876543209874
553993,Breaking,636,0.4826388888888889,0.5173611111111112,0.39855072463768115,0.2741246842105263,82.84306569343066,0.37735849056603776
553993,Fastball,1220,0.25357142857142856,0.7464285714285714,0.4826254826254826,0.3365742083333333,84.19918699186992,0.5360655737704918
553993,Offspeed,232,0.42990654205607476,0.5700934579439252,0.21739130434782608,0.1970812307692308,79.82068965517242,0.3448275862068966
571448,Breaking,870,0.30730478589420657,0.6926952141057934,0.3482587064676617,0.24344171162790698,79.91863117870722,0.42873563218390803
571448,Fastball,1297,0.17003367003367004,0.82996632996633,0.6066176470588235,0.35123578947368417,84.1905172413793,0.5003855050115652
571448,Offspeed,265,0.33098591549295775,0.6690140845070423,0.36764705882352944,0.24862838356164385,80.8967032967033,0.3660377358490566
571657,Fastball,83,0.4444444444444444,0.5555555555555556,0.16666666666666666,0.18342857142857144,79.65882352941175,0.4819277108433735
571771,Breaking,119,0.3559322033898305,0.6440677966101696,0.3225806451612903,0.176949375,78.78823529411765,0.42016806722689076
571771,Fastball,163,0.15730337078651685,0.8426966292134832,0.5434782608695652,0.36459040000000004,85.29583333333335,0.5828220858895705
571771,Offspeed,57,0.3333333333333333,0.6666666666666667,0.09090909090909091,0.22469833333333333,80.265,0.3333333333333333
571912,Breaking,52,0.3333333333333333,0.6666666666666667,0.06666666666666667,0.19180941176470587,80.61666666666666,0.40384615384615385
571912,Fastball,103,0.22448979591836735,0.7755102040816326,0.25,0.17295230769230768,77.56060606060608,0.5436893203883495
571970,Breaking,823,0.3710691823899371,0.628930817610063,0.40540540540540543,0.26621432500000003,82.54371584699453,0.4507897934386391
571970,Fastball,1083,0.18236472945891782,0.8176352705410822,0.6176470588235294,0.427292147601476,84.92082262210796,0.5281625115420129
571970,Offspeed,441,0.41379310344827586,0.5862068965517242,0.336283185840708,0.26598683333333334,79.81297709923665,0.4036281179138322
572233,Breaking,835,0.38095238095238093,0.6190476190476191,0.4973821989528796,0.26902931282051284,82.86752136752136,0.39281437125748503
572233,Fastball,1430,0.228,0.772,0.3677811550151976,0.31947632520325203,83.44803738317756,0.4965034965034965
572233,Offspeed,259,0.36507936507936506,0.6349206349206349,0.4666666666666667,0.31404603174603174,84.63066666666666,0.4092664092664093
573262,Breaking,460,0.2708333333333333,0.7291666666666667,0.3979591836734694,0.26562957009345795,81.88091603053437,0.45652173913043476
573262,Fastball,1062,0.2222222222222222,0.7777777777777778,0.42857142857142855,0.3283309184549356,85.25955414012739,0.5348399246704332
573262,Offspeed,239,0.211864406779661,0.788135593220339,0.3125,0.29629870967741934,83.81704545454546,0.3723849372384937
575929,Breaking,638,0.40468227424749165,0.5953177257525084,0.40714285714285714,0.3183527724137931,82.25493827160493,0.32601880877742945
575929,Fastball,1173,0.22654867256637168,0.7734513274336283,0.5122950819672131,0.4094925394736842,82.49039408866994,0.5166240409207161
575929,Offspeed,312,0.39520958083832336,0.6047904191616766,0.6533333333333333,0.3424387692307692,86.91190476190475,0.3685897435897436
592206,Breaking,189,0.41284403669724773,0.5871559633027523,0.4444444444444444,0.27266,79.435593220339,0.42857142857142855
592206,Fastball,252,0.24675324675324675,0.7532467532467533,0.3283582089552239,0.32180870967741937,83.5247619047619,0.5119047619047619
592206,Offspeed,79,0.41025641025641024,0.5897435897435898,0.058823529411764705,0.176125,79.53636363636363,0.31645569620253167
592450,Breaking,404,0.36312849162011174,0.6368715083798883,0.46511627906976744,0.36520021739130437,86.97830188679247,0.4381188118811881
592450,Fastball,633,0.27099236641221375,0.7290076335877862,0.5803571428571429,0.4316273432835821,85.49322033898305,0.4881516587677725
592450,Offspeed,221,0.44554455445544555,0.5544554455445545,0.46808510638297873,0.3598780769230769,84.68431372549018,0.3665158371040724
592518,Breaking,862,0.3180722891566265,0.6819277108433734,0.3048128342245989,0.24603835071090047,79.29285714285714,0.41415313225058004
592518,Fastball,1519,0.2013986013986014,0.7986013986013986,0.5030487804878049,0.39161506775067756,86.12892720306515,0.5306122448979592
592518,Offspeed,317,0.30246913580246915,0.6975308641975309,0.20987654320987653,0.25460719101123597,80.69320388349514,0.3501577287066246
592626,Breaking,520,0.34913793103448276,0.6508620689655172,0.45871559633027525,0.31105120689655175,85.25652173913045,0.47307692307692306
592626,Fastball,935,0.2840909090909091,0.7159090909090908,0.5803108808290155,0.3889248868778281,86.85103448275862,0.5219251336898396
592626,Offspeed,343,0.30952380952380953,0.6904761904761905,0.2988505747126437,0.2721226086956522,83.33928571428571,0.39941690962099125
592663,Breaking,581,0.30660377358490565,0.6933962264150944,0.40186915887850466,0.27944664347826087,82.42313432835822,0.45438898450946646
592663,Fastball,1071,0.19117647058823528,0.8088235294117647,0.32196969696969696,0.3353138703071672,85.0843137254902,0.5182072829131653
592663,Offspeed,241,0.3333333333333333,0.6666666666666667,0.22,0.29587267924528304,80.9842857142857,0.3983402489626556
592885,Breaking,623,0.4275618374558304,0.5724381625441697,0.2827586206896552,0.24079785430463574,79.90789473684211,0.3996789727126806
592885,Fastball,1295,0.22948073701842547,0.7705192629815745,0.38076923076923075,0.34485997163120563,82.31364705882353,0.5505791505791506
592885,Offspeed,218,0.2978723404255319,0.7021276595744681,0.6,0.30589851851851857,81.81290322580645,0.3486238532110092
593428,Breaking,802,0.3187919463087248,0.6812080536912752,0.2847682119205298,0.286615294117647,80.81945945945945,0.42643391521197005
593428,Fastball,1341,0.14604810996563575,0.8539518900343642,0.404320987654321,0.36228050810810813,86.44676724137932,0.5533184190902312
593428,Offspeed,282,0.4015151515151515,0.5984848484848485,0.22413793103448276,0.20507290322580646,79.80945945945946,0.36879432624113473
593871,Breaking,160,0.3392857142857143,0.6607142857142857,0.5151515151515151,0.27785096774193546,80.49166666666667,0.4125
593871,Fastball,330,0.14743589743589744,0.8525641025641025,0.14666666666666667,0.24761702702702698,83.23968253968255,0.5333333333333333
593871,Offspeed,145,0.3287671232876712,0.6712328767123288,0.16666666666666666,0.17275333333333331,77.78444444444443,0.38620689655172413
595879,Breaking,303,0.3670212765957447,0.6329787234042553,0.23655913978494625,0.22330377272727275,79.46249999999999,0.37293729372937295
595879,Fastball,334,0.22727272727272727,0.7727272727272727,0.45569620253164556,0.3009588421052632,81.79107142857143,0.47904191616766467
595879,Offspeed,103,0.3230769230769231,0.676923076923077,0.5161290322580645,0.30351266666666665,79.75,0.4077669902912621
595978,Breaking,291,0.3524590163934426,0.6475409836065573,0.3064516129032258,0.21994646153846156,77.59861111111111,0.40893470790378006
595978,Fastball,595,0.17490494296577946,0.8250950570342206,0.4074074074074074,0.30672185987261147,80.83891625615763,0.5260504201680672
595978,Offspeed,74,0.3684210526315789,0.631578947368421,0.42105263157894735,0.2968421052631579,79.39999999999999,0.40540540540540543
596019,Breaking,532,0.3191489361702128,0.6808510638297872,0.4166666666666667,0.28121152000000005,82.35703703703705,0.40789473684210525
596019,Fastball,1133,0.21001926782273603,0.789980732177264,0.4139344262295082,0.3625742205882353,87.12789473684212,0.5092674315975286
596019,Offspeed,374,0.27225130890052357,0.7277486910994764,0.3695652173913043,0.2713353846153846,82.28346456692914,0.3502673796791444
596103,Breaking,59,0.3157894736842105,0.6842105263157895,0.4,0.17114285714285712,81.39090909090909,0.4745762711864407
596103,Fastball,190,0.19,0.81,0.28205128205128205,0.26634869565217395,82.92328767123287,0.5526315789473685
596103,Offspeed,65,0.5714285714285714,0.4285714285714286,0.13333333333333333,0.19476923076923078,69.24545454545455,0.3076923076923077
596115,Breaking,336,0.36363636363636365,0.6363636363636364,0.3853211009174312,0.21949188679245282,79.12735042735042,0.40476190476190477
596115,Fastball,591,0.26517571884984026,0.7348242811501597,0.3984375,0.2821706356589147,82.92122641509435,0.5262267343485617
596115,Offspeed,109,0.40625,0.59375,0.21428571428571427,0.18207692307692308,82.37741935483872,0.3486238532110092
596117,Breaking,76,0.4473684210526316,0.5526315789473684,0.2222222222222222,0.20854066666666668,79.01666666666667,0.3026315789473684
596117,Fastball,180,0.09782608695652174,0.9021739130434783,0.11627906976744186,0.22366953846153848,81.612987012987,0.5388888888888889
596142,Breaking,385,0.3533834586466165,0.6466165413533835,0.3,0.26388053333333333,81.2448717948718,0.44415584415584414
596142,Fastball,575,0.15841584158415842,0.8415841584158416,0.532258064516129,0.39429797333333333,82.82969696969698,0.5408695652173913
596142,Offspeed,197,0.45121951219512196,0.5487804878048781,0.2894736842105263,0.2460780952380952,82.93076923076923,0.3401015228426396
596146,Breaking,121,0.34285714285714286,0.6571428571428571,0.2777777777777778,0.22132717948717948,82.11904761904762,0.39669421487603307
596146,Fastball,281,0.19117647058823528,0.8088235294117647,0.36507936507936506,0.3502449275362319,85.01238095238095,0.5658362989323843
596146,Offspeed,130,0.3026315789473684,0.6973684210526316,0.21212121212121213,0.16855944444444443,78.00909090909092,0.3153846153846154
600869,Breaking,50,0.5769230769230769,0.42307692307692313,0.0,0.29841466666666666,88.74,0.46
600869,Fastball,80,0.3488372093023256,0.6511627906976745,0.6875,0.11374999999999999,80.48148148148148,0.5875
602104,Breaking,125,0.23214285714285715,0.7678571428571428,0.5483870967741935,0.3719956666666666,79.58333333333333,0.44
602104,Fastball,232,0.20909090909090908,0.7909090909090909,0.26,0.2800381538461538,85.65432098765432,0.5258620689655172
602104,Offspeed,42,0.36,0.64,0.16666666666666666,0.18625000000000003,81.47857142857143,0.47619047619047616
605137,Breaking,650,0.304635761589404,0.695364238410596,0.3939393939393939,0.3134377297297297,82.34393939393941,0.44769230769230767
605137,Fastball,1307,0.1815431164901664,0.8184568835098336,0.45222929936305734,0.36424697345132745,84.68852140077821,0.5156847742922723
605137,Offspeed,609,0.26334519572953735,0.7366548042704626,0.3007518796992481,0.27958898550724637,79.33959390862944,0.3415435139573071
605141,Breaking,609,0.21973094170403587,0.7802690582959642,0.4049586776859504,0.2859148217054263,81.84371257485031,0.48440065681444994
605141,Fastball,1189,0.06275303643724696,0.937246963562753,0.5016393442622951,0.3689825896656535,86.41396895787139,0.5374264087468461
605141,Offspeed,236,0.21008403361344538,0.7899159663865546,0.34375,0.30641753846153846,82.39111111111112,0.4110169491525424
605170,Breaking,388,0.3680555555555556,0.6319444444444444,0.4090909090909091,0.30194252631578944,83.66266666666667,0.4484536082474227
605170,Fastball,859,0.12105263157894737,0.8789473684210526,0.3380281690140845,0.325684641350211,84.9933962264151,0.5529685681024447
605170,Offspeed,270,0.4188034188034188,0.5811965811965811,0.20634920634920634,0.2337140895522388,80.77424242424243,0.35185185185185186
605244,Fastball,56,0.22580645161290322,0.7741935483870968,0.23529411764705882,0.2030909090909091,83.33913043478262,0.6071428571428571
606115,Breaking,80,0.16666666666666666,0.8333333333333334,0.2222222222222222,0.14057142857142857,75.73461538461538,0.425
606115,Fastball,117,0.22058823529411764,0.7794117647058824,0.5,0.3122635714285714,83.01568627450983,0.5299145299145299
606192,Breaking,568,0.421259842519685,0.578740157480315,0.37777777777777777,0.25965046808510633,81.3195652173913,0.397887323943662
606192,Fastball,1157,0.2640144665461121,0.7359855334538878,0.5060728744939271,0.36838448669201523,85.66347150259067,0.5151253241140882
606192,Offspeed,300,0.4129032258064516,0.5870967741935484,0.3918918918918919,0.34647215,81.06190476190476,0.4
606466,Breaking,611,0.25252525252525254,0.7474747474747474,0.4652777777777778,0.3397144102564103,86.24754901960785,0.48117839607201307
606466,Fastball,1077,0.1053639846743295,0.8946360153256705,0.4929078014184397,0.3810043778501629,85.13721461187214,0.5301764159702879
606466,Offspeed,599,0.3044982698961938,0.6955017301038062,0.2785714285714286,0.2770456375838926,83.210582010582,0.34056761268781305
606992,Breaking,119,0.5454545454545454,0.4545454545454546,0.06451612903225806,0.13376666666666667,82.9090909090909,0.42857142857142855
606992,Fastball,180,0.25842696629213485,0.7415730337078652,0.7105263157894737,0.38968027906976743,79.36065573770492,0.5055555555555555
607043,Breaking,736,0.28291316526610644,0.7170868347338936,0.4409937888198758,0.36214279069767447,83.74356846473029,0.4320652173913043
607043,Fastball,1579,0.2078720787207872,0.7921279212792128,0.39067055393586003,0.3351999575596817,84.71287625418061,0.5668144395186827
607043,Offspeed,322,0.2742857142857143,0.7257142857142858,0.4,0.3190822222222222,86.1017543859649,0.4192546583850932
607208,Breaking,960,0.35683760683760685,0.6431623931623931,0.3247863247863248,0.2389996363636364,80.63381818181819,0.4166666666666667
607208,Fastball,1409,0.1986111111111111,0.8013888888888889,0.42388059701492536,0.3354437127071823,85.22055045871559,0.525195173882186
607208,Offspeed,335,0.37988826815642457,0.6201117318435754,0.2967032967032967,0.26309811235955055,82.29019607843138,0.3283582089552239
608070,Breaking,632,0.15901060070671377,0.8409893992932862,0.3458646616541353,0.3127374102564103,83.43242009132422,0.4620253164556962
608070,Fastball,1148,0.13680154142581888,0.8631984585741811,0.44782608695652176,0.3484944578313253,84.90093676814988,0.5139372822299652
608070,Offspeed,475,0.18433179723502305,0.815668202764977,0.3170731707317073,0.2933617054263566,83.08439306358382,0.32421052631578945
608324,Breaking,997,0.2681564245810056,0.7318435754189945,0.5291005291005291,0.2904861232227488,80.81150793650794,0.44232698094282846
608324,Fastball,1533,0.09261939218523878,0.9073806078147613,0.4383561643835616,0.3356345831325301,84.30402684563758,0.5440313111545988
608324,Offspeed,252,0.21100917431192662,0.7889908256880733,0.47368421052631576,0.333969375,83.42650602409638,0.42063492063492064
608348,Breaking,560,0.28125,0.71875,0.36507936507936506,0.2678732148148148,80.54252873563219,0.4303571428571429
608348,Fastball,950,0.11031175059952038,0.8896882494004796,0.39732142857142855,0.3432920653061225,81.99943181818182,0.5336842105263158
608348,Offspeed,173,0.3626373626373626,0.6373626373626373,0.4358974358974359,0.23496899999999998,81.33703703703705,0.3930635838150289
608369,Breaking,531,0.4,0.6,0.3559322033898305,0.28637719354838714,84.28344827586207,0.3634651600753296
608369,Fastball,850,0.28842105263157897,0.7115789473684211,0.45023696682464454,0.3744211234042553,86.14887459807075,0.5129411764705882
608369,Offspeed,277,0.35766423357664234,0.6423357664233577,0.42424242424242425,0.3806848115942029,83.71058823529411,0.36462093862815886
608701,Breaking,169,0.40625,0.59375,0.21212121212121213,0.17901405714285715,80.84117647058824,0.514792899408284
608701,Fastball,330,0.24528301886792453,0.7547169811320755,0.2631578947368421,0.29319813698630137,81.83008849557521,0.47878787878787876
608701,Offspeed,85,0.3055555555555556,0.6944444444444444,0.2222222222222222,0.24487555555555554,80.22608695652173,0.4117647058823529
608841,Fastball,49,0.17857142857142858,0.8214285714285714,0.3125,0.38717075,87.3913043478261,0.46938775510204084
609280,Breaking,380,0.26256983240223464,0.7374301675977654,0.38823529411764707,0.2624169,82.13135593220339,0.41842105263157897
609280,Fastball,475,0.11678832116788321,0.8832116788321168,0.38345864661654133,0.33293884444444444,83.4414847161572,0.5684210526315789
609280,Offspeed,130,0.275,0.725,0.4864864864864865,0.2320653333333333,77.19999999999999,0.3769230769230769
620443,Breaking,355,0.37267080745341613,0.6273291925465838,0.2988505747126437,0.1911830909090909,80.14742268041236,0.4
620443,Fastball,649,0.14556962025316456,0.8544303797468354,0.48148148148148145,0.3602668187919463,84.36746031746031,0.5192604006163328
620443,Offspeed,104,0.14545454545454545,0.8545454545454545,0.3333333333333333,0.23345714285714284,87.11219512195122,0.41346153846153844
621020,Breaking,782,0.34718100890207715,0.6528189910979229,0.2847222222222222,0.23293581699346408,80.16915422885572,0.42071611253196933
621020,Fastball,915,0.24572649572649571,0.7542735042735043,0.47058823529411764,0.3514844679245283,85.86553846153846,0.5311475409836065
621020,Offspeed,234,0.4152542372881356,0.5847457627118644,0.2857142857142857,0.262585,82.4876923076923,0.44017094017094016
621043,Breaking,211,0.29896907216494845,0.7010309278350515,0.4772727272727273,0.3537902127659575,77.9171875,0.3933649289099526
621043,Fastball,349,0.15333333333333332,0.8466666666666667,0.410958904109589,0.38388951219512196,83.60166666666667,0.5300859598853869
621043,Offspeed,64,0.3870967741935484,0.6129032258064516,0.18181818181818182,0.2597618181818182,76.5529411764706,0.15625
621438,Breaking,296,0.22556390977443608,0.7744360902255639,0.4411764705882353,0.2493968253968254,81.42978723404256,0.44594594594594594
621438,Fastball,500,0.17695473251028807,0.823045267489712,0.5121951219512195,0.31920033082706767,81.43958333333333,0.546
621438,Offspeed,105,0.3125,0.6875,0.5,0.36436709677419354,79.1390243902439,0.37142857142857144
621439,Breaking,493,0.356,0.644,0.4642857142857143,0.2828875371900827,81.71192052980132,0.40365111561866124
621439,Fastball,778,0.2641509433962264,0.7358490566037736,0.6208530805687204,0.38872212500000003,86.36723549488055,0.5244215938303342
621439,Offspeed,266,0.37404580152671757,0.6259541984732824,0.25925925925925924,0.29381318032786885,85.67671232876712,0.38345864661654133
621493,Breaking,785,0.26639344262295084,0.7336065573770492,0.176056338028169,0.25917542857142856,80.8,0.4267515923566879
621493,Fastball,1522,0.16666666666666666,0.8333333333333334,0.37662337662337664,0.37572119261213716,84.18899521531101,0.5486202365308804
621493,Offspeed,237,0.17391304347826086,0.8260869565217391,0.2830188679245283,0.2712414285714286,81.6068493150685,0.4008438818565401
621550,Breaking,59,0.59375,0.40625,0.26666666666666666,0.259,83.69166666666666,0.3050847457627119
621550,Fastball,126,0.3150684931506849,0.6849315068493151,0.06451612903225806,0.19892533333333334,83.61521739130436,0.5873015873015873
621566,Breaking,903,0.3075060532687651,0.6924939467312349,0.47783251231527096,0.302812037735849,83.78671586715868,0.4219269102990033
621566,Fastball,1657,0.22857142857142856,0.7714285714285715,0.5220994475138122,0.375713797979798,86.49626485568761,0.56004828002414
621566,Offspeed,412,0.26136363636363635,0.7386363636363636,0.5263157894736842,0.3418353086419753,82.76974789915967,0.33980582524271846
622268,Breaking,329,0.375,0.625,0.328125,0.24044710447761194,80.0035294117647,0.46504559270516715
622268,Fastball,495,0.14590747330960854,0.8540925266903915,0.5669291338582677,0.37515145945945944,81.50266666666666,0.5616161616161616
622268,Offspeed,228,0.41964285714285715,0.5803571428571428,0.23404255319148937,0.2788560869565217,77.34354838709677,0.3684210526315789
622761,Breaking,267,0.4267515923566879,0.5732484076433121,0.27631578947368424,0.19269945945945946,78.64698795180723,0.40823970037453183
622761,Fastball,474,0.2073170731707317,0.7926829268292683,0.3584905660377358,0.3377161090909091,79.86927374301676,0.5168776371308017
622761,Offspeed,141,0.4430379746835443,0.5569620253164558,0.15151515151515152,0.1516451612903226,78.28372093023256,0.3404255319148936
623168,Breaking,200,0.25225225225225223,0.7477477477477478,0.12244897959183673,0.17588233333333333,77.57945205479452,0.48
623168,Fastball,355,0.13157894736842105,0.868421052631579,0.33766233766233766,0.28968239024390247,75.96,0.5633802816901409
623168,Offspeed,157,0.25252525252525254,0.7474747474747474,0.15789473684210525,0.19861342857142858,75.73,0.3375796178343949
624413,Breaking,1005,0.3520408163265306,0.6479591836734694,0.445,0.3403826964285714,84.90569105691058,0.39104477611940297
624413,Fastball,1647,0.2182741116751269,0.7817258883248731,0.5446685878962536,0.44390565979381436,87.72093425605536,0.5282331511839709
624413,Offspeed,313,0.31788079470198677,0.6821192052980132,0.581081081081081,0.37005755,86.73541666666667,0.3450479233226837
624424,Breaking,375,0.36153846153846153,0.6384615384615384,0.5230769230769231,0.3114626486486487,82.67,0.448
624424,Fastball,647,0.18153846153846154,0.8184615384615385,0.5562913907284768,0.36524734545454546,84.15960784313725,0.5347758887171561
624424,Offspeed,265,0.3925925925925926,0.6074074074074074,0.27692307692307694,0.26755064516129035,82.56133333333332,0.4037735849056604
624428,Breaking,159,0.375,0.625,0.13953488372093023,0.24567709999999998,80.08043478260869,0.4779874213836478
624428,Fastball,386,0.2019704433497537,0.7980295566502463,0.4691358024691358,0.30190015,78.13916083916084,0.5595854922279793
624428,Offspeed,98,0.34,0.6599999999999999,0.2,0.15973238095238096,74.55937499999999,0.3163265306122449
624431,Breaking,198,0.25742574257425743,0.7425742574257426,0.22580645161290322,0.21563157894736842,77.16428571428571,0.45454545454545453
624431,Fastball,330,0.16025641025641027,0.8397435897435898,0.5058823529411764,0.23424846153846154,84.78861788617886,0.5818181818181818
624431,Offspeed,69,0.22857142857142856,0.7714285714285715,0.1111111111111111,0.1993125,74.30434782608695,0.4057971014492754
624512,Breaking,43,0.2,0.8,0.4,0.253476,76.52307692307693,0.5581395348837209
624512,Fastball,89,0.28,0.72,0.19230769230769232,0.25046539130434786,79.46060606060605,0.651685393258427
624585,Breaking,554,0.46835443037974683,0.5316455696202531,0.3474576271186441,0.2632150476190476,80.69734513274335,0.42057761732851984
624585,Fastball,777,0.2868421052631579,0.7131578947368421,0.46745562130177515,0.3357541761658031,84.33032786885245,0.528957528957529
624585,Offspeed,194,0.47,0.53,0.23809523809523808,0.19637523809523807,81.75531914893617,0.41237113402061853
624641,Breaking,300,0.3352272727272727,0.6647727272727273,0.32051282051282054,0.3149158461538462,80.81047619047618,0.39666666666666667
624641,Fastball,495,0.19528619528619529,0.8047138047138047,0.39166666666666666,0.3496246333333333,81.74162895927603,0.5252525252525253
624641,Offspeed,150,0.3867924528301887,0.6132075471698113,0.5909090909090909,0.28936399999999995,83.325,0.3333333333333333
628451,Fastball,70,0.08108108108108109,0.9189189189189189,0.3333333333333333,0.16003166666666668,83.25588235294119,0.6428571428571429
630105,Breaking,445,0.2885572139303483,0.7114427860696517,0.3106796116504854,0.21557329523809524,81.32380952380952,0.4651685393258427
630105,Fastball,1062,0.13174946004319654,0.8682505399568035,0.3669724770642202,0.32456900000000005,82.25256064690026,0.5263653483992468
630105,Offspeed,275,0.36423841059602646,0.6357615894039735,0.208955223880597,0.1712758823529412,77.87241379310345,0.3418181818181818
640459,Breaking,69,0.3793103448275862,0.6206896551724138,0.07142857142857142,0.143794,70.41250000000001,0.4057971014492754
640459,Fastball,121,0.16883116883116883,0.8311688311688312,0.38461538461538464,0.24202714285714283,80.4372881355932,0.5702479338842975
640459,Offspeed,54,0.7142857142857143,0.2857142857142857,0.3333333333333333,0.0612,81.05,0.2962962962962963
640492,Fastball,63,0.29411764705882354,0.7058823529411764,0.25,0.2566725,76.5952380952381,0.49206349206349204
640902,Breaking,145,0.22950819672131148,0.7704918032786885,0.3793103448275862,0.4077037333333333,81.3409090909091,0.4068965517241379
640902,Fastball,262,0.2,0.8,0.375,0.30553931034482756,83.20202020202021,0.5725190839694656
641343,Breaking,756,0.3890675241157556,0.6109324758842444,0.4658385093167702,0.3102394754098361,84.81722222222223,0.4113756613756614
641343,Fastball,1304,0.20074349442379183,0.7992565055762082,0.5478927203065134,0.4085707524115756,84.29899749373435,0.5306748466257669
641343,Offspeed,396,0.4452054794520548,0.5547945205479452,0.5230769230769231,0.35790260869565216,87.76575342465753,0.3712121212121212
641355,Breaking,574,0.29924242424242425,0.7007575757575757,0.5409836065573771,0.34026953846153846,83.39764705882352,0.44773519163763065
641355,Fastball,1223,0.15424610051993068,0.8457538994800693,0.4161073825503356,0.3540587573964497,84.40366379310345,0.5380212591986917
641355,Offspeed,347,0.21764705882352942,0.7823529411764706,0.2727272727272727,0.25867604395604393,83.03839285714285,0.37175792507204614
641487,Breaking,540,0.24761904761904763,0.7523809523809524,0.33620689655172414,0.24859050406504066,81.00205479452055,0.4425925925925926
641487,Fastball,1299,0.14112903225806453,0.8588709677419355,0.3215686274509804,0.3400909392971246,81.25481481481481,0.5604311008468053
641487,Offspeed,218,0.1375,0.8625,0.6052631578947368,0.368014347826087,84.36451612903227,0.3486238532110092
641555,Breaking,130,0.46,0.54,0.0,0.12365217391304349,80.33200000000001,0.4230769230769231
641555,Fastball,220,0.14414414414414414,0.8558558558558559,0.453125,0.3081706896551724,86.07777777777778,0.5590909090909091
641555,Offspeed,54,0.3333333333333333,0.6666666666666667,0.36363636363636365,0.22388888888888892,74.95882352941175,0.4074074074074074
641584,Breaking,118,0.35,0.65,0.3125,0.3029385714285714,83.89999999999999,0.3898305084745763
641584,Fastball,258,0.17293233082706766,0.8270676691729324,0.38461538461538464,0.23889548387096773,77.89999999999999,0.6046511627906976
641584,Offspeed,79,0.3125,0.6875,0.5555555555555556,0.3475136842105263,81.16363636363636,0.35443037974683544
641598,Breaking,243,0.5789473684210527,0.42105263157894735,0.20512820512820512,0.20718199999999998,81.7918918918919,0.35802469135802467
641598,Fastball,386,0.2222222222222222,0.7777777777777778,0.39080459770114945,0.35498602150537634,87.48636363636365,0.5284974093264249
641598,Offspeed,64,0.5,0.5,0.14285714285714285,0.22060825,78.45,0.265625
641680,Breaking,354,0.24607329842931938,0.7539267015706806,0.24742268041237114,0.20823583673469387,80.92700729927007,0.480225988700565
641680,Fastball,907,0.19489559164733178,0.8051044083526682,0.39487179487179486,0.32592459259259254,83.46360856269114,0.5325248070562293
641680,Offspeed,247,0.23809523809523808,0.7619047619047619,0.4266666666666667,0.2646910810810811,79.83522727272727,0.3562753036437247
641820,Breaking,52,0.2413793103448276,0.7586206896551724,0.5555555555555556,0.3578,79.92222222222222,0.4807692307692308
641820,Fastball,50,0.2727272727272727,0.7272727272727273,0.375,0.269375,82.17083333333333,0.52
641857,Breaking,486,0.44075829383886256,0.5592417061611374,0.19444444444444445,0.22152325,85.2183486238532,0.4156378600823045
641857,Fastball,869,0.20854271356783918,0.7914572864321608,0.46368715083798884,0.3541537894736842,82.89522184300341,0.567318757192175
641857,Offspeed,204,0.37142857142857144,0.6285714285714286,0.36363636363636365,0.2544911111111111,82.05079365079364,0.39215686274509803
641933,Breaking,331,0.4028776978417266,0.5971223021582734,0.36363636363636365,0.2972541176470588,81.78630136986303,0.4350453172205438
641933,Fastball,610,0.2533783783783784,0.7466216216216216,0.4621212121212121,0.3402528163265306,86.08267326732674,0.5065573770491804
641933,Offspeed,152,0.35714285714285715,0.6428571428571428,0.11627906976744186,0.21278933333333336,77.36603773584905,0.3618421052631579
642020,Fastball,62,0.32432432432432434,0.6756756756756757,0.06666666666666667,0.16046666666666667,74.93636363636364,0.6935483870967742
642086,Breaking,345,0.29069767441860467,0.7093023255813953,0.41333333333333333,0.30742663414634147,81.30181818181818,0.4289855072463768
642086,Fastball,651,0.13592233009708737,0.8640776699029127,0.37254901960784315,0.3173498136645963,84.9484,0.5422427035330261
642086,Offspeed,196,0.30526315789473685,0.6947368421052631,0.3269230769230769,0.23917176470588233,79.55624999999999,0.3622448979591837
642201,Breaking,248,0.31896551724137934,0.6810344827586207,0.40384615384615385,0.2419626666666667,78.68266666666666,0.41935483870967744
642201,Fastball,469,0.21370967741935484,0.7862903225806451,0.5309734513274337,0.28497765765765765,80.58681318681319,0.5692963752665245
642201,Offspeed,127,0.3287671232876712,0.6712328767123288,0.1875,0.27015117647058823,79.97391304347825,0.29133858267716534
642215,Breaking,264,0.45054945054945056,0.5494505494505495,0.35714285714285715,0.2365028085106383,75.9804347826087,0.42045454545454547
642215,Fastball,401,0.2560386473429952,0.7439613526570048,0.35714285714285715,0.2921667961165048,82.13098591549296,0.5785536159600998
642215,Offspeed,141,0.43478260869565216,0.5652173913043479,0.07142857142857142,0.15486592592592593,81.43666666666667,0.3546099290780142
642350,Breaking,315,0.4627659574468085,0.5372340425531915,0.30952380952380953,0.24709657142857144,81.61702127659575,0.41904761904761906
642350,Fastball,538,0.3053435114503817,0.6946564885496183,0.4778761061946903,0.34775937190082645,82.49756097560974,0.5241635687732342
642350,Offspeed,138,0.4125,0.5875,0.40540540540540543,0.2668378378378378,81.14500000000001,0.36231884057971014
642708,Breaking,280,0.35333333333333333,0.6466666666666667,0.47297297297297297,0.31556356164383564,83.02921348314607,0.4107142857142857
642708,Fastball,485,0.1867704280155642,0.8132295719844358,0.30833333333333335,0.30718387096774197,84.0425641025641,0.5072164948453608
642708,Offspeed,164,0.3076923076923077,0.6923076923076923,0.4791666666666667,0.2906444444444445,80.98730158730159,0.42073170731707316
642715,Breaking,670,0.4,0.6,0.3051948051948052,0.24031975308641973,80.98862275449102,0.3970149253731343
642715,Fastball,1122,0.2257495590828924,0.7742504409171076,0.5130111524163569,0.3351196210526316,83.75915841584158,0.5561497326203209
642715,Offspeed,242,0.34513274336283184,0.6548672566371682,0.29411764705882354,0.25728342857142855,79.57164179104478,0.35537190082644626
642851,Breaking,135,0.38333333333333336,0.6166666666666667,0.11538461538461539,0.1527352,77.50588235294117,0.45185185185185184
642851,Fastball,206,0.16101694915254236,0.8389830508474576,0.2727272727272727,0.32913040000000005,80.9977011494253,0.5436893203883495
642851,Offspeed,43,0.34615384615384615,0.6538461538461539,0.0,0.05149999999999999,79.67857142857143,0.4186046511627907
643217,Breaking,519,0.3333333333333333,0.6666666666666667,0.43846153846153846,0.2863997878787879,80.59575757575757,0.43159922928709055
643217,Fastball,937,0.2540322580645161,0.7459677419354839,0.4672897196261682,0.3352914893617021,84.96131805157593,0.5240128068303095
643217,Offspeed,375,0.31693989071038253,0.6830601092896175,0.2391304347826087,0.26340978723404257,79.45508474576272,0.3333333333333333
643289,Breaking,670,0.2155688622754491,0.7844311377245509,0.4506172839506173,0.3030941686746988,78.67670682730923,0.4014925373134328
643289,Fastball,1365,0.12907608695652173,0.8709239130434783,0.3795180722891566,0.31365484726224785,81.31598023064251,0.5084249084249084
643289,Offspeed,269,0.12727272727272726,0.8727272727272728,0.32967032967032966,0.25983143478260873,79.18970588235295,0.3754646840148699
643376,Breaking,280,0.33043478260869563,0.6695652173913044,0.2909090909090909,0.17353155555555555,77.73030303030305,0.43214285714285716
643376,Fastball,551,0.2109375,0.7890625,0.3821138211382114,0.3007946762589928,84.56974358974358,0.573502722323049
643376,Offspeed,93,0.3953488372093023,0.6046511627906976,0.5,0.2864273846153846,85.28800000000001,0.3333333333333333
643396,Breaking,204,0.27472527472527475,0.7252747252747253,0.38,0.3145029166666667,80.87833333333334,0.4362745098039216
643396,Fastball,438,0.10628019323671498,0.893719806763285,0.24770642201834864,0.2784575221238938,76.19540229885058,0.5091324200913242
643396,Offspeed,84,0.2222222222222222,0.7777777777777778,0.2777777777777778,0.35652375000000003,74.25151515151515,0.3333333333333333
643446,Breaking,440,0.2175732217573222,0.7824267782426778,0.27722772277227725,0.3000390091743119,80.53016759776536,0.4159090909090909
643446,Fastball,1073,0.12557427258805512,0.8744257274119449,0.39792387543252594,0.3126005490196078,80.7083179297597,0.5442684063373718
643446,Offspeed,314,0.20320855614973263,0.7967914438502673,0.35106382978723405,0.25734484210526315,80.91843971631205,0.3662420382165605
644433,Breaking,68,0.42105263157894735,0.5789473684210527,0.1,0.15845,76.76190476190476,0.39705882352941174
644433,Fastball,110,0.11290322580645161,0.8870967741935484,0.23333333333333334,0.18274999999999997,78.53000000000002,0.5909090909090909
645277,Breaking,738,0.23877068557919623,0.7612293144208038,0.3597560975609756,0.26185602209944747,79.47430555555555,0.470189701897019
645277,Fastball,1321,0.18948824343015214,0.8105117565698479,0.41414141414141414,0.30100965765765764,84.10107913669064,0.4814534443603331
645277,Offspeed,547,0.21875,0.78125,0.3575757575757576,0.2221235,81.27554585152838,0.31078610603290674
645302,Breaking,205,0.29411764705882354,0.7058823529411764,0.32558139534883723,0.26049428571428573,74.74531250000001,0.44390243902439025
645302,Fastball,310,0.12222222222222222,0.8777777777777778,0.37209302325581395,0.30330983529411765,80.05342465753425,0.5161290322580645
645302,Offspeed,62,0.45714285714285713,0.5428571428571429,0.23529411764705882,0.2266322222222222,77.28235294117647,0.3387096774193548
645305,Breaking,75,0.3409090909090909,0.6590909090909092,0.12,0.20777408,83.1148148148148,0.48
645305,Fastball,218,0.1941747572815534,0.8058252427184466,0.34545454545454546,0.2578229285714286,78.92112676056338,0.5458715596330275
646240,Breaking,638,0.2875,0.7125,0.5,0.32418591194968555,83.35607476635515,0.42476489028213166
646240,Fastball,1650,0.3114323258869908,0.6885676741130091,0.5632530120481928,0.3465781505376344,86.31241970021414,0.5218181818181818
646240,Offspeed,325,0.20253164556962025,0.7974683544303798,0.42528735632183906,0.3540067956989248,86.7550847457627,0.3446153846153846
647304,Breaking,687,0.2873900293255132,0.7126099706744868,0.32075471698113206,0.26462486956521736,78.86578947368422,0.4279475982532751
647304,Fastball,1162,0.09238249594813615,0.9076175040518638,0.40285714285714286,0.3330294731182796,84.14007421150278,0.4819277108433735
647304,Offspeed,332,0.21311475409836064,0.7868852459016393,0.20618556701030927,0.30812407547169807,80.48646616541355,0.37650602409638556
649966,Breaking,88,0.075,0.925,0.42105263157894735,0.2176552380952381,79.53636363636363,0.38636363636363635
649966,Fastball,110,0.11864406779661017,0.8813559322033898,0.5,0.33810827586206893,78.47551020408163,0.5545454545454546
650333,Breaking,581,0.0931899641577061,0.9068100358422939,0.5116279069767442,0.3218085755395683,79.34309623430963,0.4819277108433735
650333,Fastball,1616,0.06257982120051085,0.9374201787994891,0.405,0.31037217674418605,82.46315789473684,0.5532178217821783
650333,Offspeed,272,0.07246376811594203,0.927536231884058,0.3287671232876712,0.2639701578947368,79.37966101694914,0.36764705882352944
650391,Breaking,62,0.2647058823529412,0.7352941176470589,0.4117647058823529,0.2659635294117647,82.78695652173913,0.3870967741935484
650391,Fastball,78,0.3333333333333333,0.6666666666666667,0.35714285714285715,0.27298285714285714,82.76666666666667,0.4358974358974359
650402,Breaking,534,0.24873096446700507,0.751269035532995,0.3103448275862069,0.28995505511811026,76.45000000000002,0.46441947565543074
650402,Fastball,1090,0.2222222222222222,0.7777777777777778,0.41037735849056606,0.348376576,84.08043478260869,0.5238532110091743
650402,Offspeed,195,0.2537313432835821,0.7462686567164178,0.3333333333333333,0.2912785,79.0,0.35384615384615387
650489,Breaking,468,0.3293172690763052,0.6706827309236948,0.4,0.2818635789473684,81.6301282051282,0.3888888888888889
650489,Fastball,1062,0.2571428571428571,0.7428571428571429,0.5113122171945701,0.3691007540983607,81.83647959183673,0.5188323917137476
650489,Offspeed,428,0.4008438818565401,0.5991561181434599,0.2631578947368421,0.19545155102040815,77.16141732283465,0.32710280373831774
650490,Breaking,661,0.13183279742765272,0.8681672025723473,0.585635359116022,0.40991945549738223,83.1767175572519,0.4084720121028744
650490,Fastball,1696,0.15317559153175592,0.8468244084682441,0.37967914438502676,0.31693973267326736,85.13006134969325,0.5330188679245284
650490,Offspeed,273,0.14084507042253522,0.8591549295774648,0.4430379746835443,0.3393859,84.00258620689655,0.4175824175824176
650559,Breaking,147,0.26865671641791045,0.7313432835820896,0.5,0.2822535,79.0860465116279,0.4557823129251701
650559,Fastball,224,0.1875,0.8125,0.40384615384615385,0.33600572727272726,86.16046511627906,0.5267857142857143
650559,Offspeed,51,0.2857142857142857,0.7142857142857143,0.25,0.1885,84.98,0.29411764705882354
650859,Breaking,386,0.2074468085106383,0.7925531914893618,0.3793103448275862,0.27032823529411765,82.21185185185186,0.38341968911917096
650859,Fastball,820,0.17098445595854922,0.8290155440414508,0.33516483516483514,0.31584056585365855,82.05685618729098,0.526829268292683
650859,Offspeed,220,0.23577235772357724,0.7642276422764227,0.26666666666666666,0.30853298245614036,82.49888888888889,0.36363636363636365
650968,Breaking,81,0.32653061224489793,0.6734693877551021,0.20833333333333334,0.1615263157894737,81.73225806451612,0.4074074074074074
650968,Fastball,144,0.11956521739130435,0.8804347826086957,0.3076923076923077,0.31603030303030305,81.36666666666667,0.5347222222222222
655316,Breaking,507,0.242152466367713,0.757847533632287,0.3025210084033613,0.21486900000000003,80.11572327044026,0.46745562130177515
655316,Fastball,865,0.1377672209026128,0.8622327790973872,0.4057142857142857,0.3257973886010363,81.4568862275449,0.5757225433526012
655316,Offspeed,167,0.313953488372093,0.686046511627907,0.41379310344827586,0.3511296551724138,80.64285714285714,0.3473053892215569
656305,Breaking,425,0.24022346368715083,0.7597765363128491,0.46808510638297873,0.288116,82.85118110236219,0.44941176470588234
656305,Fastball,888,0.2123456790123457,0.7876543209876543,0.358695652173913,0.2808345048543689,81.00340136054422,0.5540540540540541
656305,Offspeed,141,0.265625,0.734375,0.35,0.304784,82.27674418604651,0.2765957446808511
656413,Breaking,58,0.5416666666666666,0.45833333333333337,0.07692307692307693,0.03585714285714286,71.27000000000001,0.5
656413,Fastball,95,0.5531914893617021,0.44680851063829785,0.36363636363636365,0.3834451111111111,85.73333333333333,0.4842105263157895
656484,Breaking,254,0.4859154929577465,0.5140845070422535,0.2835820895522388,0.22226909090909092,83.0952380952381,0.41338582677165353
656484,Fastball,389,0.19724770642201836,0.8027522935779816,0.3625,0.32251509333333334,81.64969696969698,0.5758354755784062
656484,Offspeed,154,0.43373493975903615,0.5662650602409638,0.2558139534883721,0.2079158139534884,76.47727272727273,0.34415584415584416
656537,Breaking,266,0.3918918918918919,0.6081081081081081,0.43661971830985913,0.26871705882352936,77.89753086419753,0.42105263157894735
656537,Fastball,524,0.2885375494071146,0.7114624505928854,0.45132743362831856,0.3013004444444445,81.11055900621118,0.5362595419847328
656537,Offspeed,113,0.34545454545454546,0.6545454545454545,0.32142857142857145,0.2883103703703704,75.64137931034483,0.3185840707964602
656555,Breaking,444,0.3541666666666667,0.6458333333333333,0.4794520547945205,0.2868319523809524,81.98181818181818,0.40765765765765766
656555,Fastball,806,0.27486910994764396,0.7251308900523561,0.38953488372093026,0.3125261836734694,86.40936329588014,0.543424317617866
656555,Offspeed,150,0.5,0.5,0.34375,0.23483513513513515,81.73333333333333,0.32666666666666666
656577,Breaking,91,0.35185185185185186,0.6481481481481481,0.6086956521739131,0.30120723809523814,78.76363636363635,0.46153846153846156
656577,Fastball,177,0.2755102040816326,0.7244897959183674,0.2558139534883721,0.1865264761904762,78.14920634920634,0.5254237288135594
656582,Breaking,92,0.2903225806451613,0.7096774193548387,0.5882352941176471,0.42850875,83.555,0.4673913043478261
656582,Fastball,152,0.16923076923076924,0.8307692307692307,0.20689655172413793,0.30033739130434783,79.06274509803922,0.5131578947368421
656716,Breaking,431,0.24444444444444444,0.7555555555555555,0.24742268041237114,0.29614120754716977,81.67674418604652,0.43387470997679817
656716,Fastball,983,0.10909090909090909,0.8909090909090909,0.3317972350230415,0.30204920338983055,79.55179856115107,0.5737538148524923
656716,Offspeed,250,0.2878787878787879,0.7121212121212122,0.14925373134328357,0.21203999999999998,77.6593023255814,0.46
656775,Breaking,535,0.25,0.75,0.3157894736842105,0.20901209836065576,81.49060773480663,0.45981308411214955
656775,Fastball,1249,0.20385232744783308,0.7961476725521669,0.3516483516483517,0.27804443137254903,80.75263157894736,0.4811849479583667
656775,Offspeed,234,0.2169811320754717,0.7830188679245282,0.4,0.2927587636363636,81.66756756756756,0.3418803418803419
656811,Breaking,562,0.34210526315789475,0.6578947368421053,0.3828125,0.2703580895522388,81.47831325301205,0.4234875444839858
656811,Fastball,1007,0.14680851063829786,0.8531914893617021,0.4763779527559055,0.3360587211895911,85.34252577319586,0.5471698113207547
656811,Offspeed,225,0.2653061224489796,0.7346938775510203,0.2631578947368421,0.33137795348837207,79.04848484848485,0.3111111111111111
656941,Breaking,1146,0.4121212121212121,0.5878787878787879,0.3588516746411483,0.30790508786610876,83.49442379182156,0.4075043630017452
656941,Fastball,1428,0.24770642201834864,0.7522935779816513,0.6033898305084746,0.41400699435028243,87.51081677704195,0.5217086834733894
656941,Offspeed,433,0.4262295081967213,0.5737704918032787,0.5060240963855421,0.3134349361702128,83.78020833333333,0.3325635103926097
656976,Breaking,178,0.2698412698412698,0.7301587301587302,0.19230769230769232,0.2155733333333333,80.8780487804878,0.43820224719101125
656976,Fastball,267,0.09923664122137404,0.9007633587786259,0.3246753246753247,0.30823128205128203,85.075,0.5880149812734082
656976,Offspeed,85,0.36585365853658536,0.6341463414634146,0.4117647058823529,0.2881725,77.27499999999999,0.4117647058823529
657041,Breaking,519,0.2914285714285714,0.7085714285714286,0.2823529411764706,0.24485397849462368,79.6280701754386,0.4277456647398844
657041,Fastball,904,0.18564356435643564,0.8143564356435644,0.41706161137440756,0.337209640167364,83.1111821086262,0.5553097345132744
657041,Offspeed,168,0.3333333333333333,0.6666666666666667,0.35,0.31247380952380954,79.28809523809524,0.3273809523809524
657136,Breaking,311,0.3219178082191781,0.678082191780822,0.3548387096774194,0.2883467826086956,80.71348314606742,0.40836012861736337
657136,Fastball,545,0.1724137931034483,0.8275862068965517,0.34814814814814815,0.2969666478873239,81.43712871287129,0.5486238532110091
657136,Offspeed,81,0.3953488372093023,0.6046511627906976,0.3333333333333333,0.17520857142857144,80.632,0.35802469135802467
657656,Breaking,270,0.40336134453781514,0.5966386554621849,0.3018867924528302,0.2035876,80.396875,0.44074074074074077
657656,Fastball,541,0.2572463768115942,0.7427536231884058,0.3853211009174312,0.3703590569105691,82.61576086956521,0.49722735674676527
657656,Offspeed,116,0.3880597014925373,0.6119402985074627,0.5,0.2593260606060606,80.06285714285715,0.3706896551724138
657757,Breaking,541,0.30939226519337015,0.6906077348066298,0.34065934065934067,0.29063796153846155,82.63793103448276,0.41035120147874304
657757,Fastball,963,0.1511879049676026,0.8488120950323974,0.4873096446700508,0.3577663891402715,84.13940217391303,0.5379023883696781
657757,Offspeed,352,0.23780487804878048,0.7621951219512195,0.30337078651685395,0.2235786813186813,78.58620689655173,0.3181818181818182
660162,Breaking,199,0.44047619047619047,0.5595238095238095,0.2926829268292683,0.22088891428571428,80.2377777777778,0.4371859296482412
660162,Fastball,318,0.20491803278688525,0.7950819672131147,0.3387096774193548,0.2988773521126761,83.30659340659341,0.5660377358490566
660162,Offspeed,113,0.3695652173913043,0.6304347826086957,0.23809523809523808,0.25144363636363637,80.44814814814815,0.35398230088495575
660271,Breaking,690,0.37572254335260113,0.6242774566473989,0.42011834319526625,0.3454882328042328,85.31188118811882,0.42028985507246375
660271,Fastball,1273,0.2605633802816901,0.7394366197183099,0.5779467680608364,0.44068809302325584,86.0249357326478,0.5223880597014925
660271,Offspeed,426,0.3865979381443299,0.6134020618556701,0.5,0.3643535769230769,84.6447619047619,0.32629107981220656
660644,Fastball,50,0.17391304347826086,0.8260869565217391,0.25,0.2797685714285714,72.525,0.42
660670,Breaking,487,0.31891891891891894,0.681081081081081,0.5053763440860215,0.3519188461538461,84.53589743589743,0.3757700205338809
660670,Fastball,1181,0.27527216174183516,0.7247278382581648,0.4356060606060606,0.37679148514851485,81.99516129032257,0.4826418289585097
660670,Offspeed,231,0.34234234234234234,0.6576576576576576,0.45614035087719296,0.3375626666666667,83.01714285714287,0.37662337662337664
660688,Breaking,352,0.16,0.84,0.4166666666666667,0.26458025,79.31343283582089,0.5056818181818182
660688,Fastball,591,0.08653846153846154,0.9134615384615384,0.4556213017751479,0.3351721136363637,85.75071942446043,0.5363790186125211
660688,Offspeed,234,0.21641791044776118,0.7835820895522388,0.3950617283950617,0.21554024691358023,80.60776699029125,0.4188034188034188
660710,Breaking,130,0.3090909090909091,0.6909090909090909,0.30303030303030304,0.219142,77.40810810810812,0.38461538461538464
660710,Fastball,197,0.15555555555555556,0.8444444444444444,0.48936170212765956,0.3150337777777778,85.02857142857142,0.5532994923857868
660710,Offspeed,50,0.52,0.48,0.0,0.09767250000000001,67.59,0.38
660821,Breaking,276,0.3312883435582822,0.6687116564417178,0.28421052631578947,0.3267153663366336,84.3631067961165,0.37681159420289856
660821,Fastball,743,0.2689295039164491,0.7310704960835509,0.5031446540880503,0.31927578181818184,83.22238805970149,0.5356662180349933
660821,Offspeed,228,0.2767857142857143,0.7232142857142857,0.3023255813953488,0.3119448888888889,79.84027777777777,0.29385964912280704
660844,Breaking,165,0.45098039215686275,0.5490196078431373,0.041666666666666664,0.1865043076923077,71.63461538461539,0.4484848484848485
660844,Fastball,456,0.1588235294117647,0.8411764705882353,0.22826086956521738,0.25986593684210524,81.17575757575759,0.5548245614035088
660844,Offspeed,106,0.3023255813953488,0.6976744186046512,0.14285714285714285,0.252744,76.3391304347826,0.39622641509433965
661388,Breaking,773,0.2879746835443038,0.7120253164556962,0.29714285714285715,0.28470322994652403,82.08325358851675,0.4230271668822768
661388,Fastball,1284,0.1561051004636785,0.8438948995363215,0.5075075075075075,0.359908,86.42727272727272,0.5257009345794392
661388,Offspeed,254,0.27906976744186046,0.7209302325581395,0.34328358208955223,0.2930443243243243,85.78292682926829,0.40551181102362205
661531,Breaking,90,0.38636363636363635,0.6136363636363636,0.0,0.14210818181818183,82.55238095238094,0.4222222222222222
661531,Fastball,210,0.28431372549019607,0.7156862745098039,0.48,0.3507369795918367,83.08115942028986,0.6
661531,Offspeed,44,0.25,0.75,0.5454545454545454,0.19536363636363638,81.8875,0.3181818181818182
662139,Breaking,638,0.24193548387096775,0.7580645161290323,0.30434782608695654,0.2509570666666667,77.69761904761904,0.4263322884012539
662139,Fastball,1191,0.1984375,0.8015625,0.3715277777777778,0.29090684175084175,82.10886075949367,0.5054575986565911
662139,Offspeed,242,0.26573426573426573,0.7342657342657343,0.3835616438356164,0.3066916266666667,78.911,0.3305785123966942
663330,Breaking,249,0.4782608695652174,0.5217391304347826,0.34782608695652173,0.19257652173913045,82.39230769230768,0.41767068273092367
663330,Fastball,329,0.24203821656050956,0.7579617834394905,0.42857142857142855,0.40600362500000003,84.54553571428572,0.5501519756838906
663330,Offspeed,148,0.3493975903614458,0.6506024096385542,0.34210526315789475,0.29951428571428573,84.22500000000001,0.3581081081081081
663368,Breaking,83,0.25,0.75,0.3,0.34043390476190477,80.85217391304347,0.4457831325301205
663368,Fastball,277,0.1935483870967742,0.8064516129032258,0.2727272727272727,0.2621809836065574,80.23483146067416,0.5523465703971119
663368,Offspeed,78,0.22857142857142856,0.7714285714285715,0.21052631578947367,0.1823529411764706,76.30454545454546,0.2692307692307692
663457,Breaking,369,0.2818181818181818,0.7181818181818183,0.4153846153846154,0.34164438356164384,87.24411764705881,0.46612466124661245
663457,Fastball,769,0.15100671140939598,0.848993288590604,0.432258064516129,0.37831362162162163,86.80464135021097,0.5591677503250976
663457,Offspeed,233,0.18627450980392157,0.8137254901960784,0.21311475409836064,0.257019104477612,81.14615384615384,0.39914163090128757
663494,Breaking,185,0.23684210526315788,0.7631578947368421,0.2727272727272727,0.2191731914893617,77.02549019607844,0.4810810810810811
663494,Fastball,475,0.1943127962085308,0.8056872037914692,0.40860215053763443,0.3419764,82.259375,0.5263157894736842
663494,Offspeed,96,0.2916666666666667,0.7083333333333333,0.1724137931034483,0.19434482758620686,75.51379310344828,0.40625
663538,Breaking,761,0.1774193548387097,0.8225806451612903,0.4723926380368098,0.30905990532544375,78.67148760330579,0.4612352168199737
663538,Fastball,1467,0.06584362139917696,0.934156378600823,0.33415233415233414,0.3334227363636364,82.47653374233128,0.5480572597137015
663538,Offspeed,272,0.2483221476510067,0.7516778523489933,0.2608695652173913,0.2889407222222222,79.29326923076923,0.33088235294117646
663586,Breaking,813,0.37066666666666664,0.6293333333333333,0.34104046242774566,0.2745108324324324,82.1653153153153,0.4132841328413284
663586,Fastball,1444,0.2793914246196404,0.7206085753803596,0.4059701492537313,0.32488042739726025,85.03697478991596,0.5034626038781164
663586,Offspeed,318,0.3741935483870968,0.6258064516129032,0.3380281690140845,0.23804656000000005,85.56590909090909,0.330188679245283
663604,Breaking,150,0.2676056338028169,0.7323943661971831,0.43902439024390244,0.2202246153846154,75.79782608695652,0.4666666666666667
663604,Fastball,298,0.25,0.75,0.3392857142857143,0.28186352941176473,80.7163043478261,0.5436241610738255
663604,Offspeed,74,0.4888888888888889,0.5111111111111111,0.3,0.25933578947368424,80.59047619047618,0.3918918918918919
663611,Breaking,86,0.125,0.875,0.2,0.23329391304347827,81.36764705882354,0.4883720930232558
663611,Fastball,131,0.030303030303030304,0.9696969696969697,0.36666666666666664,0.3247106285714286,82.61500000000001,0.5648854961832062
663616,Breaking,538,0.39823008849557523,0.6017699115044248,0.4423076923076923,0.2973915714285714,83.18854961832062,0.4721189591078067
663616,Fastball,853,0.14025974025974025,0.8597402597402597,0.4976958525345622,0.36936663333333336,84.45746753246753,0.5263774912075029
663616,Offspeed,349,0.4064516129032258,0.5935483870967742,0.2465753424657534,0.23418307692307694,82.27701149425287,0.32664756446991405
663624,Breaking,51,0.3333333333333333,0.6666666666666667,0.3125,0.27475,83.52631578947368,0.45098039215686275
663624,Fastball,67,0.14285714285714285,0.8571428571428572,0.45454545454545453,0.438076,82.43666666666667,0.44776119402985076
663647,Breaking,297,0.32231404958677684,0.6776859504132231,0.1038961038961039,0.24812469333333334,82.465,0.4444444444444444
663647,Fastball,561,0.1797752808988764,0.8202247191011236,0.296551724137931,0.30853675,85.61243781094527,0.5276292335115864
663647,Offspeed,77,0.3157894736842105,0.6842105263157895,0.21052631578947367,0.2777222222222222,79.91739130434782,0.4025974025974026
663656,Breaking,751,0.2736156351791531,0.7263843648208469,0.3671875,0.33164908108108104,81.01761904761905,0.4340878828229028
663656,Fastball,1298,0.16100443131462333,0.8389955686853767,0.4272151898734177,0.3580967752808989,83.75103189493433,0.5677966101694916
663656,Offspeed,467,0.2782608695652174,0.7217391304347827,0.2761904761904762,0.243340350877193,80.333125,0.3533190578158458
663662,Fastball,63,0.20689655172413793,0.7931034482758621,0.25,0.2885384615384616,77.48636363636363,0.5396825396825397
663697,Breaking,77,0.45,0.55,0.0,0.13404222222222223,67.28999999999999,0.42857142857142855
663697,Fastball,177,0.13043478260869565,0.8695652173913043,0.2619047619047619,0.3326753333333333,82.20576923076922,0.5141242937853108
663698,Breaking,144,0.36231884057971014,0.6376811594202898,0.4166666666666667,0.2790733684210527,79.52820512820513,0.4236111111111111
663698,Fastball,298,0.23448275862068965,0.7655172413793103,0.3157894736842105,0.3178536774193549,80.08349514563108,0.5369127516778524
663698,Offspeed,89,0.4772727272727273,0.5227272727272727,0.3333333333333333,0.25303040000000004,82.73499999999999,0.24719101123595505
663728,Breaking,630,0.3881578947368421,0.611842105263158,0.4015748031496063,0.27508107801418435,84.47117647058823,0.4015873015873016
663728,Fastball,1267,0.27994011976047906,0.7200598802395209,0.375,0.3224528611111111,86.15034013605442,0.468034727703236
663728,Offspeed,428,0.35609756097560974,0.6439024390243903,0.3058823529411765,0.32514021276595745,81.21764705882353,0.3411214953271028
663743,Breaking,336,0.2781456953642384,0.7218543046357616,0.3108108108108108,0.2628015384615385,83.03203883495145,0.40476190476190477
663743,Fastball,653,0.1048158640226629,0.8951841359773371,0.4032258064516129,0.2908955935828877,80.74266211604095,0.5298621745788668
663743,Offspeed,156,0.32142857142857145,0.6785714285714286,0.38636363636363635,0.23211955555555555,81.07692307692308,0.3717948717948718
663757,Breaking,546,0.2721518987341772,0.7278481012658228,0.4222222222222222,0.311106213592233,83.87321428571428,0.4597069597069597
663757,Fastball,1204,0.12450592885375494,0.8754940711462451,0.38686131386861317,0.3635104207119741,86.07253012048194,0.5365448504983389
663757,Offspeed,282,0.3046875,0.6953125,0.36363636363636365,0.2636742028985507,83.04556962025318,0.43617021276595747
663837,Breaking,316,0.19760479041916168,0.8023952095808383,0.3673469387755102,0.2546896629213483,81.86692913385826,0.5
663837,Fastball,691,0.16455696202531644,0.8354430379746836,0.32653061224489793,0.34318919254658387,83.68483606557376,0.5412445730824892
663837,Offspeed,144,0.2463768115942029,0.7536231884057971,0.34285714285714286,0.24476055555555554,77.3265306122449,0.375
663853,Breaking,78,0.4146341463414634,0.5853658536585367,0.26666666666666666,0.239396,76.72999999999999,0.4230769230769231
663853,Fastball,164,0.27906976744186046,0.7209302325581395,0.358974358974359,0.3353834545454546,82.44237288135592,0.5121951219512195
663853,Offspeed,46,0.4166666666666667,0.5833333333333333,0.18181818181818182,0.17772727272727273,71.34,0.34782608695652173
663886,Breaking,668,0.34962406015037595,0.650375939849624,0.3560606060606061,0.25099915942028983,79.7863354037267,0.44011976047904194
663886,Fastball,1066,0.21104536489151873,0.7889546351084813,0.48582995951417,0.3919856740740741,85.11029810298102,0.5590994371482176
663886,Offspeed,261,0.35964912280701755,0.6403508771929824,0.14,0.18480148148148146,83.34590163934426,0.42528735632183906
663967,Fastball,60,0.047619047619047616,0.9523809523809523,0.2,0.4183066666666667,81.60526315789474,0.48333333333333334
663968,Breaking,443,0.20300751879699247,0.7969924812030076,0.4117647058823529,0.286817390070922,78.52279792746114,0.4040632054176072
663968,Fastball,1048,0.20136518771331058,0.7986348122866894,0.35964912280701755,0.29418845528455284,80.96550116550115,0.5353053435114504
663968,Offspeed,287,0.26881720430107525,0.7311827956989247,0.25,0.2365946153846154,74.0563492063492,0.33797909407665505
663993,Breaking,413,0.31547619047619047,0.6845238095238095,0.5384615384615384,0.2524479012345679,83.04599999999999,0.43825665859564167
663993,Fastball,1166,0.18525179856115107,0.814748201438849,0.4196078431372549,0.36508125090909094,82.96941176470588,0.5334476843910806
663993,Offspeed,237,0.21428571428571427,0.7857142857142857,0.4827586206896552,0.31165741935483876,81.6076923076923,0.4050632911392405
664023,Breaking,690,0.3575757575757576,0.6424242424242423,0.5172413793103449,0.3305487453416149,81.60304568527918,0.4492753623188406
664023,Fastball,1441,0.2520458265139116,0.7479541734860884,0.45018450184501846,0.3309612996845425,83.3934731934732,0.5176960444136016
664023,Offspeed,641,0.35,0.65,0.25735294117647056,0.25344786206896547,79.57283950617284,0.41341653666146644
664034,Breaking,576,0.2974683544303797,0.7025316455696202,0.4857142857142857,0.2920885479452055,83.45658536585366,0.4340277777777778
664034,Fastball,1233,0.2581143740340031,0.7418856259659969,0.46184738955823296,0.3425782253521127,82.6240990990991,0.49148418491484186
664034,Offspeed,211,0.34074074074074073,0.6592592592592592,0.6774193548387096,0.3263620327868853,88.42168674698796,0.3886255924170616
664040,Breaking,937,0.42857142857142855,0.5714285714285714,0.41232227488151657,0.2490673484162896,82.92328244274809,0.4279615795090715
664040,Fastball,1341,0.28685897435897434,0.7131410256410257,0.5467625899280576,0.3859041875,85.67675544794189,0.5108128262490679
664040,Offspeed,399,0.38392857142857145,0.6160714285714286,0.4380952380952381,0.33301812612612613,80.51507936507937,0.3583959899749373
664056,Breaking,138,0.5138888888888888,0.48611111111111116,0.375,0.2680595,85.00882352941176,0.4420289855072464
664056,Fastball,244,0.2047244094488189,0.7952755905511811,0.2777777777777778,0.27720931034482754,83.67422680412372,0.5327868852459017
664056,Offspeed,55,0.3870967741935484,0.6129032258064516,0.5714285714285714,0.26030769230769235,81.84705882352942,0.32727272727272727
664059,Breaking,72,0.4857142857142857,0.5142857142857142,0.2,0.11501955555555557,72.21176470588235,0.4305555555555556
664059,Fastball,130,0.171875,0.828125,0.13333333333333333,0.19767090909090912,78.516,0.5461538461538461
664068,Fastball,58,0.2916666666666667,0.7083333333333333,0.18181818181818182,0.15600000000000003,78.45625,0.41379310344827586
664238,Fastball,82,0.15,0.85,0.06666666666666667,0.2965581818181818,81.43571428571428,0.5365853658536586
664702,Breaking,363,0.24166666666666667,0.7583333333333333,0.2571428571428571,0.2018075,77.17790697674418,0.46005509641873277
664702,Fastball,779,0.08238636363636363,0.9176136363636364,0.36683417085427134,0.3319619816513762,80.76233766233766,0.5648267008985879
664702,Offspeed,138,0.16666666666666666,0.8333333333333334,0.375,0.21774193548387097,78.71395348837208,0.34057971014492755
664728,Breaking,309,0.25874125874125875,0.7412587412587412,0.37333333333333335,0.22888457142857144,81.05714285714285,0.4336569579288026
664728,Fastball,719,0.11782477341389729,0.8821752265861027,0.34502923976608185,0.26370373033707867,80.22238805970149,0.521557719054242
664728,Offspeed,158,0.26804123711340205,0.731958762886598,0.2727272727272727,0.25506145454545454,82.38235294117646,0.4240506329113924
664731,Breaking,62,0.3333333333333333,0.6666666666666667,0.25,0.3301,73.77647058823528,0.45161290322580644
664731,Fastball,114,0.20833333333333334,0.7916666666666666,0.36363636363636365,0.2785977777777778,78.58285714285715,0.5614035087719298
664761,Breaking,679,0.2150170648464164,0.7849829351535836,0.31736526946107785,0.2961748670520231,83.97196261682242,0.42415316642120765
664761,Fastball,1463,0.13642960812772134,0.8635703918722787,0.3770949720670391,0.335946320610687,84.80808435852373,0.5481886534518113
664761,Offspeed,218,0.22330097087378642,0.7766990291262136,0.5964912280701754,0.3656091428571428,83.27534246575343,0.3761467889908257
664770,Breaking,378,0.19553072625698323,0.8044692737430168,0.4897959183673469,0.31623875471698115,81.15179856115108,0.4417989417989418
664770,Fastball,1178,0.14846416382252559,0.8515358361774744,0.30278884462151395,0.2842947063197026,80.55541401273885,0.5543293718166383
664770,Offspeed,252,0.15441176470588236,0.8455882352941176,0.5352112676056338,0.2881698507462686,78.52429906542055,0.3253968253968254
664774,Breaking,153,0.21052631578947367,0.7894736842105263,0.3548387096774194,0.18263379310344827,80.73488372093024,0.35294117647058826
664774,Fastball,455,0.22727272727272727,0.7727272727272727,0.39473684210526316,0.31058747252747254,81.73984375,0.5406593406593406
664774,Offspeed,105,0.35555555555555557,0.6444444444444444,0.46153846153846156,0.2113352,81.83846153846154,0.3619047619047619
664954,Breaking,249,0.22727272727272727,0.7727272727272727,0.27419354838709675,0.20713966666666667,76.9221052631579,0.5140562248995983
664954,Fastball,495,0.14785992217898833,0.8521400778210116,0.49230769230769234,0.31264344525547444,83.9096618357488,0.5313131313131313
664954,Offspeed,121,0.18181818181818182,0.8181818181818181,0.3888888888888889,0.2798965714285714,84.23137254901961,0.4297520661157025
664983,Breaking,694,0.3095890410958904,0.6904109589041096,0.35294117647058826,0.2661971724137931,80.38430493273543,0.40057636887608067
664983,Fastball,1061,0.14599686028257458,0.8540031397174255,0.555205047318612,0.3600935197568389,78.93029702970297,0.5315739868049011
664983,Offspeed,265,0.25806451612903225,0.7419354838709677,0.4430379746835443,0.2757845,76.91698113207546,0.4
665019,Breaking,650,0.29283489096573206,0.7071651090342679,0.5106382978723404,0.31716171812080535,83.11822660098522,0.4338461538461538
665019,Fastball,1325,0.2215568862275449,0.7784431137724551,0.4559748427672956,0.32522076190476196,85.24744376278119,0.5441509433962264
665019,Offspeed,323,0.23225806451612904,0.7677419354838709,0.43529411764705883,0.38897309090909093,86.12612612612612,0.3498452012383901
665052,Breaking,396,0.43478260869565216,0.5652173913043479,0.3958333333333333,0.33348718518518516,83.43958333333332,0.4444444444444444
665052,Fastball,600,0.2730263157894737,0.7269736842105263,0.6589147286821705,0.4517331310344828,86.8712918660287,0.5266666666666666
665052,Offspeed,261,0.5153846153846153,0.48461538461538467,0.2878787878787879,0.22111938461538463,77.58983050847458,0.27586206896551724
665161,Breaking,604,0.4404432132963989,0.5595567867036011,0.4276729559748428,0.2433516023391813,80.91027027027027,0.41887417218543044
665161,Fastball,887,0.1945031712473573,0.8054968287526427,0.5387931034482759,0.3946137529880478,84.60790960451976,0.5062006764374295
665161,Offspeed,260,0.4351145038167939,0.5648854961832062,0.34,0.279502074074074,82.03384615384616,0.36538461538461536
665487,Breaking,784,0.3418079096045198,0.6581920903954802,0.4896907216494845,0.3523944854368932,84.5743119266055,0.4260204081632653
665487,Fastball,1447,0.19940029985007496,0.800599700149925,0.4777777777777778,0.40408581907090463,87.500796812749,0.5321354526606773
665487,Offspeed,342,0.33974358974358976,0.6602564102564102,0.37662337662337664,0.31442148148148147,81.97912087912088,0.3508771929824561
665489,Breaking,644,0.26625386996904027,0.7337461300309598,0.2824858757062147,0.3105245388601036,81.21057268722467,0.391304347826087
665489,Fastball,1320,0.14480408858603067,0.8551959114139693,0.41776315789473684,0.3430543905325444,85.62762886597939,0.5037878787878788
665489,Offspeed,245,0.2824427480916031,0.7175572519083969,0.35714285714285715,0.32724,86.66555555555556,0.3551020408163265
665506,Fastball,46,0.21739130434782608,0.782608695652174,0.25,0.13625,78.5,0.5
665561,Breaking,112,0.24489795918367346,0.7551020408163265,0.12,0.223098,78.8970588235294,0.44642857142857145
665561,Fastball,248,0.09836065573770492,0.9016393442622951,0.19672131147540983,0.21594933333333335,80.83203883495146,0.5645161290322581
665561,Offspeed,66,0.2972972972972973,0.7027027027027026,0.058823529411764705,0.10835714285714285,77.1421052631579,0.36363636363636365
665742,Breaking,615,0.22274881516587677,0.7772511848341233,0.5121951219512195,0.4010374825174825,84.93398692810456,0.4195121951219512
665742,Fastball,983,0.2088167053364269,0.7911832946635731,0.5550239234449761,0.437756406779661,88.27075471698114,0.5320447609359105
665742,Offspeed,292,0.184,0.8160000000000001,0.4,0.35454962025316455,83.26666666666667,0.3835616438356164
665750,Breaking,505,0.3319327731092437,0.6680672268907564,0.31896551724137934,0.21698531092436976,78.99485294117646,0.4297029702970297
665750,Fastball,1049,0.205078125,0.794921875,0.34893617021276596,0.3123186872586873,81.30271002710028,0.5309818875119161
665750,Offspeed,386,0.2564102564102564,0.7435897435897436,0.37777777777777777,0.2368928260869565,72.30930232558138,0.33678756476683935
665804,Breaking,388,0.34502923976608185,0.6549707602339181,0.32926829268292684,0.26539652380952383,78.44368932038836,0.38917525773195877
665804,Fastball,556,0.19924812030075187,0.8007518796992481,0.4878048780487805,0.32561884444444444,84.1135,0.5017985611510791
665804,Offspeed,104,0.38333333333333336,0.6166666666666667,0.2608695652173913,0.21076000000000003,78.65625,0.33653846153846156
665828,Breaking,40,0.4,0.6,0.2222222222222222,0.027714285714285716,74.675,0.375
665828,Fastball,80,0.25,0.75,0.3157894736842105,0.17850000000000002,79.95172413793104,0.65
665833,Breaking,586,0.42436974789915966,0.5756302521008403,0.4881889763779528,0.3238289051094891,84.1472440944882,0.3532423208191126
665833,Fastball,885,0.25,0.75,0.5083798882681564,0.39739547208121834,85.69762845849803,0.5468926553672316
665833,Offspeed,318,0.5104895104895105,0.4895104895104895,0.4189189189189189,0.28000846153846154,83.109375,0.3270440251572327
665861,Breaking,93,0.30434782608695654,0.6956521739130435,0.20833333333333334,0.25606272727272733,74.46551724137932,0.3870967741935484
665861,Fastball,153,0.22826086956521738,0.7717391304347826,0.3225806451612903,0.3006948148148148,76.18676470588237,0.5424836601307189
665862,Breaking,696,0.3834355828220859,0.6165644171779141,0.4319526627218935,0.2495850847457627,83.60806451612902,0.4755747126436782
665862,Fastball,1171,0.2428842504743833,0.7571157495256167,0.3775933609958506,0.3334292014652015,85.39972527472527,0.5046968403074296
665862,Offspeed,368,0.38271604938271603,0.617283950617284,0.36486486486486486,0.25291680000000005,83.20561797752808,0.3423913043478261
665877,Breaking,501,0.14093959731543623,0.8590604026845637,0.2696629213483146,0.2676956595744681,79.03770491803279,0.46706586826347307
665877,Fastball,907,0.12682926829268293,0.8731707317073171,0.39903846153846156,0.3015818392857143,83.58830409356726,0.5501653803748622
665877,Offspeed,168,0.16883116883116883,0.8311688311688312,0.2558139534883721,0.30200863636363634,81.44310344827588,0.44642857142857145
665923,Breaking,289,0.3548387096774194,0.6451612903225806,0.3698630136986301,0.22474646153846153,76.77222222222221,0.43252595155709345
665923,Fastball,607,0.2846441947565543,0.7153558052434457,0.36363636363636365,0.3049953984962406,75.42440476190475,0.5057660626029654
665923,Offspeed,137,0.38961038961038963,0.6103896103896104,0.3142857142857143,0.27243545945945946,73.20681818181816,0.30656934306569344
665926,Breaking,531,0.27946127946127947,0.7205387205387206,0.3680555555555556,0.2636640784313725,78.6740932642487,0.4218455743879473
665926,Fastball,1113,0.2089783281733746,0.7910216718266254,0.40234375,0.2902446131386861,80.47806451612904,0.5363881401617251
665926,Offspeed,249,0.32,0.6799999999999999,0.273972602739726,0.2442132222222222,77.98969072164948,0.3453815261044177
665953,Breaking,329,0.4444444444444444,0.5555555555555556,0.3225806451612903,0.2907577464788732,85.75394736842105,0.4012158054711246
665953,Fastball,402,0.20089285714285715,0.7991071428571428,0.6036036036036037,0.4032396521739131,86.37848837209303,0.5373134328358209
665953,Offspeed,193,0.4631578947368421,0.5368421052631579,0.2972972972972973,0.21844473684210527,80.18541666666667,0.32124352331606215
665966,Breaking,348,0.3901098901098901,0.6098901098901099,0.27710843373493976,0.23954775903614456,80.09313725490195,0.41954022988505746
665966,Fastball,761,0.30526315789473685,0.6947368421052631,0.17880794701986755,0.27110795151515155,81.15573770491804,0.545335085413929
665966,Offspeed,95,0.3157894736842105,0.6842105263157895,0.27586206896551724,0.2547848275862069,85.49999999999999,0.4
666018,Breaking,620,0.24081632653061225,0.7591836734693878,0.49635036496350365,0.3449507284768212,82.68622754491017,0.42096774193548386
666018,Fastball,1749,0.23376623376623376,0.7662337662337663,0.4173669467787115,0.34808850980392153,84.95494327390601,0.5197255574614065
666018,Offspeed,338,0.16201117318435754,0.8379888268156425,0.4020618556701031,0.31902326530612246,80.67361111111111,0.3609467455621302
666023,Breaking,340,0.3860759493670886,0.6139240506329113,0.23529411764705882,0.24201777777777778,79.37272727272726,0.4176470588235294
666023,Fastball,614,0.1924198250728863,0.8075801749271136,0.3466666666666667,0.28814964556962025,82.35976095617531,0.5309446254071661
666023,Offspeed,105,0.38,0.62,0.2857142857142857,0.2457323636363636,79.97500000000001,0.3047619047619048
666126,Breaking,400,0.3248730964467005,0.6751269035532995,0.34285714285714286,0.25029071698113203,82.88968253968254,0.455
666126,Fastball,862,0.16624040920716113,0.8337595907928389,0.46706586826347307,0.3451188994708995,83.01396103896104,0.5174013921113689
666126,Offspeed,292,0.2605633802816901,0.7394366197183099,0.28205128205128205,0.2659617283950617,79.73960396039604,0.4486301369863014
666139,Breaking,378,0.3472222222222222,0.6527777777777778,0.34408602150537637,0.24496982608695655,82.68124999999999,0.4126984126984127
666139,Fastball,878,0.32040816326530613,0.6795918367346938,0.39655172413793105,0.2957314623655914,82.30969899665551,0.5387243735763098
666139,Offspeed,261,0.3,0.7,0.375,0.3178258620689655,77.1494382022472,0.3524904214559387
666152,Breaking,473,0.35096153846153844,0.6490384615384616,0.26732673267326734,0.172640618556701,76.59026548672567,0.452431289640592
666152,Fastball,903,0.13539192399049882,0.8646080760095012,0.43781094527363185,0.32994773094170404,78.15808383233532,0.5548172757475083
666152,Offspeed,209,0.3163265306122449,0.6836734693877551,0.1875,0.22147617021276597,73.87966101694916,0.3253588516746411
666160,Breaking,503,0.3888888888888889,0.6111111111111112,0.4918032786885246,0.27703693233082705,82.77721518987342,0.40357852882703776
666160,Fastball,744,0.24561403508771928,0.7543859649122807,0.5147058823529411,0.3018353076923077,83.65501519756839,0.5403225806451613
666160,Offspeed,325,0.3333333333333333,0.6666666666666667,0.34782608695652173,0.23257191489361703,81.31039999999999,0.38153846153846155
666163,Breaking,41,0.3684210526315789,0.631578947368421,0.16666666666666666,0.10077777777777779,77.88181818181819,0.43902439024390244
666163,Fastball,65,0.18181818181818182,0.8181818181818181,0.21052631578947367,0.24106249999999999,73.8423076923077,0.6923076923076923
666176,Breaking,869,0.35033259423503327,0.6496674057649667,0.4574468085106383,0.28464525531914897,82.02201492537313,0.38895281933256615
666176,Fastball,1436,0.225130890052356,0.774869109947644,0.37941176470588234,0.3497682994652406,83.408014571949,0.5222841225626741
666176,Offspeed,323,0.37305699481865284,0.6269430051813472,0.36046511627906974,0.30429301149425286,86.43027522935779,0.4055727554179567
666181,Breaking,163,0.4852941176470588,0.5147058823529411,0.17142857142857143,0.16854388235294118,85.82666666666667,0.3619631901840491
666181,Fastball,240,0.22123893805309736,0.7787610619469026,0.42105263157894735,0.43360037037037036,82.89333333333333,0.6125
666181,Offspeed,136,0.44642857142857145,0.5535714285714286,0.38095238095238093,0.16753047619047617,79.10434782608696,0.34558823529411764
666182,Breaking,808,0.2806236080178174,0.7193763919821826,0.5067264573991032,0.3526343965517242,81.28501628664495,0.40594059405940597
666182,Fastball,1554,0.1357234314980794,0.8642765685019206,0.35347432024169184,0.3199399776536313,83.90331753554503,0.5012870012870013
666182,Offspeed,296,0.23353293413173654,0.7664670658682635,0.32608695652173914,0.3183599191919192,80.830081300813,0.3885135135135135
666185,Fastball,47,0.47368421052631576,0.5263157894736843,0.45454545454545453,0.03133333333333333,89.08888888888889,0.6170212765957447
666211,Breaking,336,0.47619047619047616,0.5238095238095238,0.3013698630136986,0.21684308860759496,82.8111111111111,0.44642857142857145
666211,Fastball,614,0.3210702341137124,0.6789297658862876,0.44274809160305345,0.35831757823129257,82.68697916666666,0.5342019543973942
666211,Offspeed,197,0.44144144144144143,0.5585585585585586,0.21052631578947367,0.18919964912280704,78.635,0.39086294416243655
666310,Breaking,161,0.208955223880597,0.791044776119403,0.06896551724137931,0.26944962962962965,82.93469387755103,0.40993788819875776
666310,Fastball,260,0.09448818897637795,0.905511811023622,0.3,0.31666925925925926,81.56607142857145,0.55
666310,Offspeed,83,0.35294117647058826,0.6470588235294117,0.6,0.2521586666666667,81.91904761904763,0.3253012048192771
666397,Breaking,354,0.4074074074074074,0.5925925925925926,0.352112676056338,0.31459686075949367,82.79857142857142,0.4774011299435028
666397,Fastball,689,0.11808118081180811,0.8819188191881919,0.3208955223880597,0.37008503401360543,84.00266666666666,0.5312046444121916
666397,Offspeed,203,0.34444444444444444,0.6555555555555556,0.30612244897959184,0.2822104,82.7423076923077,0.42857142857142855
666464,Breaking,69,0.1891891891891892,0.8108108108108107,0.23529411764705882,0.2268,80.65666666666668,0.43478260869565216
666464,Fastball,104,0.14,0.86,0.5333333333333333,0.15350000000000003,82.91463414634147,0.5576923076923077
666624,Breaking,159,0.4246575342465753,0.5753424657534247,0.3125,0.2129032258064516,76.275,0.44654088050314467
666624,Fastball,222,0.24271844660194175,0.7572815533980582,0.13333333333333333,0.2157152786885246,82.33108108108108,0.5135135135135135
666624,Offspeed,46,0.6,0.4,0.5,0.18207692307692308,80.70000000000002,0.32608695652173914
666969,Breaking,353,0.38285714285714284,0.6171428571428572,0.43820224719101125,0.2597106966292135,84.281,0.37960339943342775
666969,Fastball,647,0.2862453531598513,0.7137546468401488,0.296,0.32228011678832114,85.81318681318682,0.5162287480680062
666969,Offspeed,152,0.4246575342465753,0.5753424657534247,0.375,0.26611393939393935,83.28285714285714,0.40131578947368424
666971,Breaking,205,0.29347826086956524,0.7065217391304348,0.24390243902439024,0.2536634782608696,80.72258064516129,0.33658536585365856
666971,Fastball,399,0.1590909090909091,0.8409090909090909,0.3063063063063063,0.3057601983471075,84.05146198830408,0.5363408521303258
666971,Offspeed,123,0.4305555555555556,0.5694444444444444,0.29411764705882354,0.1844705882352941,78.97435897435898,0.34146341463414637
667472,Breaking,428,0.21764705882352942,0.7823529411764706,0.3894736842105263,0.288002625,81.15166666666666,0.4392523364485981
667472,Fastball,856,0.20833333333333334,0.7916666666666666,0.38953488372093026,0.31343701554404146,82.82371541501976,0.5257009345794392
667472,Offspeed,170,0.2558139534883721,0.7441860465116279,0.2631578947368421,0.34546105263157895,83.85283018867923,0.3588235294117647
667670,Breaking,288,0.5035971223021583,0.49640287769784175,0.25396825396825395,0.27024843750000005,82.72615384615385,0.3923611111111111
667670,Fastball,381,0.23529411764705882,0.7647058823529411,0.5490196078431373,0.3668045818181818,84.39924812030074,0.5406824146981627
667670,Offspeed,109,0.5,0.5,0.2692307692307692,0.1724325,81.036,0.3853211009174312
668227,Breaking,852,0.2727272727272727,0.7272727272727273,0.5365853658536586,0.30948137614678894,82.5560553633218,0.4154929577464789
668227,Fastball,1582,0.26323529411764707,0.736764705882353,0.4589041095890411,0.38232348985507253,84.75956989247312,0.515802781289507
668227,Offspeed,381,0.24731182795698925,0.7526881720430108,0.42696629213483145,0.3140981414141414,80.371875,0.3779527559055118
668670,Breaking,213,0.34210526315789475,0.6578947368421053,0.2,0.19196200000000002,78.38723404255319,0.4507042253521127
668670,Fastball,435,0.21,0.79,0.34408602150537637,0.31130552380952375,82.53636363636363,0.5310344827586206
668670,Offspeed,73,0.5185185185185185,0.4814814814814815,0.125,0.16943411764705885,76.70909090909092,0.3424657534246575
668709,Breaking,641,0.3360995850622407,0.6639004149377593,0.44166666666666665,0.2862564,82.87094594594595,0.44461778471138846
668709,Fastball,1030,0.16926070038910507,0.8307392996108949,0.45867768595041325,0.38724892086330936,84.51658291457287,0.5611650485436893
668709,Offspeed,478,0.4,0.6,0.3113207547169811,0.28948254237288135,79.214598540146,0.41631799163179917
668715,Breaking,477,0.26605504587155965,0.7339449541284404,0.3584905660377358,0.3270395102040816,85.74843750000001,0.4192872117400419
668715,Fastball,931,0.23039215686274508,0.7696078431372549,0.4492753623188406,0.35643527753303966,84.52418772563176,0.5402792696025779
668715,Offspeed,181,0.2903225806451613,0.7096774193548387,0.5,0.2963426046511628,82.44035087719297,0.43646408839779005
668723,Breaking,287,0.3023255813953488,0.6976744186046512,0.29850746268656714,0.32177032258064514,81.01176470588236,0.3867595818815331
668723,Fastball,753,0.2154255319148936,0.7845744680851063,0.40625,0.3204523111111111,80.96183745583038,0.5405046480743692
668723,Offspeed,109,0.21153846153846154,0.7884615384615384,0.8666666666666667,0.4051165517241379,85.43513513513514,0.3944954128440367
668800,Breaking,91,0.3,0.7,0.5714285714285714,0.41825419999999996,84.93703703703704,0.4175824175824176
668800,Fastball,175,0.21951219512195122,0.7804878048780488,0.23809523809523808,0.22703552380952385,82.89672131147542,0.5314285714285715
668800,Offspeed,49,0.24242424242424243,0.7575757575757576,0.3157894736842105,0.22350000000000003,77.3,0.2857142857142857
668804,Breaking,882,0.4053398058252427,0.5946601941747574,0.3191489361702128,0.29915693392070486,83.70651162790698,0.4126984126984127
668804,Fastball,1353,0.2018348623853211,0.7981651376146789,0.5016611295681063,0.40941101466275653,86.2924949290061,0.5757575757575758
668804,Offspeed,541,0.2894736842105263,0.7105263157894737,0.3813559322033898,0.3085112258064516,81.9718120805369,0.3659889094269871
668885,Breaking,387,0.34074074074074073,0.6592592592592592,0.2948717948717949,0.23979632183908045,78.31012658227849,0.43410852713178294
668885,Fastball,872,0.11796246648793565,0.8820375335120644,0.37755102040816324,0.34737877586206894,82.141,0.5389908256880734
668885,Offspeed,162,0.35384615384615387,0.6461538461538461,0.12121212121212122,0.176068,69.87179487179488,0.38271604938271603
668901,Breaking,379,0.3968253968253968,0.6031746031746033,0.31521739130434784,0.2899401304347826,83.36306306306305,0.42744063324538256
668901,Fastball,544,0.23026315789473684,0.7697368421052632,0.4233576642335766,0.3181675277777778,84.29672897196262,0.5551470588235294
668901,Offspeed,193,0.38461538461538464,0.6153846153846154,0.43103448275862066,0.2951231034482759,82.38615384615385,0.38341968911917096
668904,Breaking,685,0.3870967741935484,0.6129032258064516,0.36363636363636365,0.2605581257142857,82.70918367346938,0.39124087591240875
668904,Fastball,1105,0.2638146167557932,0.7361853832442068,0.398406374501992,0.34250171863117873,84.86897435897434,0.5420814479638009
668904,Offspeed,280,0.3958333333333333,0.6041666666666667,0.234375,0.25758321212121216,80.93924050632911,0.36428571428571427
668930,Breaking,792,0.2581818181818182,0.7418181818181818,0.45348837209302323,0.33880021505376345,84.35549738219896,0.4734848484848485
668930,Fastball,1637,0.20742637644046094,0.7925736235595391,0.4967105263157895,0.36615344044321335,84.28850174216028,0.5442883323152108
668930,Offspeed,473,0.2871287128712871,0.7128712871287128,0.3333333333333333,0.2778603448275862,77.41052631578947,0.3488372093023256
668939,Breaking,487,0.19760479041916168,0.8023952095808383,0.3333333333333333,0.28779923232323235,82.07596899224805,0.43737166324435317
668939,Fastball,930,0.12886597938144329,0.8711340206185567,0.5233160621761658,0.3518145539906103,85.0170731707317,0.5311827956989247
668939,Offspeed,330,0.2012987012987013,0.7987012987012987,0.2696629213483146,0.29985347826086955,79.85309734513274,0.3515151515151515
668942,Breaking,110,0.24444444444444444,0.7555555555555555,0.3,0.2869658947368421,77.46774193548387,0.35454545454545455
668942,Fastball,245,0.15748031496062992,0.8425196850393701,0.32857142857142857,0.2162304347826087,82.85288461538462,0.563265306122449
668942,Offspeed,95,0.2777777777777778,0.7222222222222222,0.2608695652173913,0.18154545454545454,75.77777777777777,0.42105263157894735
668952,Breaking,371,0.35384615384615387,0.6461538461538461,0.2159090909090909,0.24266946666666667,77.88290598290598,0.4339622641509434
668952,Fastball,561,0.2508591065292096,0.7491408934707904,0.5177304964539007,0.343528,85.3019801980198,0.5614973262032086
668952,Offspeed,113,0.39655172413793105,0.603448275862069,0.08,0.2110676923076923,77.48181818181818,0.39823008849557523
669003,Breaking,598,0.3969465648854962,0.6030534351145038,0.4861111111111111,0.35019910526315795,85.31456953642385,0.451505016722408
669003,Fastball,1227,0.30036630036630035,0.6996336996336996,0.41312741312741313,0.3759891683848797,85.16203966005665,0.5550122249388753
669003,Offspeed,365,0.5316455696202531,0.4683544303797469,0.21428571428571427,0.25046324324324326,82.1608695652174,0.33424657534246577
669004,Breaking,199,0.3373493975903614,0.6626506024096386,0.32432432432432434,0.2355239111111111,82.26938775510203,0.457286432160804
669004,Fastball,333,0.345679012345679,0.654320987654321,0.375,0.2816118947368421,86.0422680412371,0.4864864864864865
669004,Offspeed,82,0.35714285714285715,0.6428571428571428,0.3157894736842105,0.36841545454545455,83.2304347826087,0.3170731707317073
669016,Breaking,681,0.3411764705882353,0.6588235294117647,0.41317365269461076,0.2575374269005848,80.4816425120773,0.4302496328928047
669016,Fastball,1155,0.17207792207792208,0.827922077922078,0.4548736462093863,0.34947673720136524,82.79670103092782,0.5506493506493506
669016,Offspeed,333,0.34502923976608185,0.6549707602339181,0.2553191489361702,0.2280784615384615,78.95533980582525,0.3483483483483483
669065,Breaking,500,0.39097744360902253,0.6090225563909775,0.5934959349593496,0.37129685714285715,83.95866666666666,0.434
669065,Fastball,1057,0.2849264705882353,0.7150735294117647,0.3907563025210084,0.32181011070110704,84.81977715877439,0.5014191106906338
669065,Offspeed,378,0.48372093023255813,0.5162790697674419,0.46153846153846156,0.2863608421052632,86.5089108910891,0.328042328042328
669087,Breaking,46,0.56,0.43999999999999995,0.0,0.13444833333333336,86.07777777777778,0.43478260869565216
669087,Fastball,82,0.34782608695652173,0.6521739130434783,0.3,0.14173684210526316,85.11923076923078,0.5365853658536586
669127,Breaking,634,0.3344262295081967,0.6655737704918032,0.4391891891891892,0.3451761282051282,83.79010416666667,0.3785488958990536
669127,Fastball,942,0.25316455696202533,0.7468354430379747,0.5180180180180181,0.3763503020408164,86.10843373493977,0.5191082802547771
669127,Offspeed,230,0.3053435114503817,0.6946564885496183,0.38333333333333336,0.245,80.31904761904764,0.3565217391304348
669134,Breaking,389,0.3473053892215569,0.652694610778443,0.35526315789473684,0.2478337073170732,79.66458333333334,0.42930591259640105
669134,Fastball,534,0.2037735849056604,0.7962264150943397,0.4609375,0.3674322836879433,84.63686868686868,0.5149812734082397
669134,Offspeed,123,0.25862068965517243,0.7413793103448276,0.6111111111111112,0.368288,78.13783783783784,0.3902439024390244
669208,Fastball,70,0.3055555555555556,0.6944444444444444,0.09090909090909091,0.2431725,78.67499999999998,0.5142857142857142
669221,Breaking,122,0.5535714285714286,0.4464285714285714,0.3333333333333333,0.17619214285714285,80.21363636363635,0.30327868852459017
669221,Fastball,269,0.17518248175182483,0.8248175182481752,0.30303030303030304,0.308987027027027,81.7018691588785,0.5762081784386617
669221,Offspeed,48,0.6153846153846154,0.3846153846153846,0.0,0.15348285714285717,84.17777777777776,0.3541666666666667
669224,Breaking,511,0.3674418604651163,0.6325581395348837,0.2,0.18985612244897956,81.05680000000001,0.4050880626223092
669224,Fastball,809,0.19338422391857507,0.806615776081425,0.4540540540540541,0.3629356697247706,84.79533333333333,0.5512978986402967
669224,Offspeed,289,0.4028776978417266,0.5971223021582734,0.15,0.2516009090909091,78.80526315789473,0.3771626297577855
669236,Breaking,396,0.36036036036036034,0.6396396396396397,0.3333333333333333,0.2511507387387388,82.07384615384615,0.4696969696969697
669236,Fastball,571,0.18654434250764526,0.8134556574923547,0.475177304964539,0.3154114326241135,84.59681274900399,0.563922942206655
669236,Offspeed,139,0.40540540540540543,0.5945945945945945,0.24324324324324326,0.24869421052631582,85.30833333333334,0.3237410071942446
669242,Breaking,335,0.3355263157894737,0.6644736842105263,0.2727272727272727,0.2775335263157895,79.49895833333333,0.4208955223880597
669242,Fastball,650,0.16610169491525423,0.8338983050847457,0.3939393939393939,0.308846455026455,83.15338983050847,0.5215384615384615
669242,Offspeed,214,0.24770642201834864,0.7522935779816513,0.45614035087719296,0.3075237931034483,84.53235294117647,0.38317757009345793
669257,Breaking,409,0.225,0.775,0.3448275862068966,0.2755730666666667,79.96440677966103,0.4449877750611247
669257,Fastball,677,0.14915254237288136,0.8508474576271187,0.4296875,0.458082614379085,85.81617021276595,0.5598227474150664
669257,Offspeed,142,0.15517241379310345,0.8448275862068966,0.5666666666666667,0.35983624999999997,81.06595744680853,0.34507042253521125
669288,Fastball,42,0.15789473684210525,0.8421052631578947,0.5,0.33122999999999997,85.29285714285713,0.4523809523809524
669289,Breaking,88,0.19047619047619047,0.8095238095238095,0.5909090909090909,0.3133684210526316,78.82903225806452,0.4318181818181818
669289,Fastball,163,0.189873417721519,0.810126582278481,0.36585365853658536,0.324246,84.36896551724138,0.5398773006134969
669326,Breaking,96,0.4583333333333333,0.5416666666666667,0.13043478260869565,0.1552988888888889,75.42857142857143,0.40625
669326,Fastball,182,0.35294117647058826,0.6470588235294117,0.23404255319148937,0.24282604651162792,72.18,0.5439560439560439
669357,Breaking,301,0.38095238095238093,0.6190476190476191,0.2222222222222222,0.24768716417910444,81.66705882352942,0.40863787375415284
669357,Fastball,700,0.322884012539185,0.677115987460815,0.45454545454545453,0.3489773333333333,85.9910891089109,0.5257142857142857
669357,Offspeed,280,0.4840764331210191,0.5159235668789809,0.13333333333333333,0.1839376923076923,81.33943661971831,0.39285714285714285
669364,Breaking,652,0.23985239852398524,0.7601476014760148,0.26515151515151514,0.27388150684931506,78.25027027027026,0.4217791411042945
669364,Fastball,1244,0.10777385159010601,0.892226148409894,0.45084745762711864,0.3437289361702128,82.93675213675213,0.5530546623794212
669364,Offspeed,453,0.29015544041450775,0.7098445595854923,0.27722772277227725,0.25648,75.416,0.32891832229580575
669369,Breaking,70,0.38235294117647056,0.6176470588235294,0.4,0.17014285714285715,75.2421052631579,0.4
669369,Fastball,137,0.3220338983050847,0.6779661016949152,0.25925925925925924,0.1672456,77.19444444444444,0.5255474452554745
669369,Offspeed,43,0.391304347826087,0.6086956521739131,0.16666666666666666,0.1902222222222222,71.91818181818182,0.3488372093023256
669384,Fastball,101,0.1346153846153846,0.8653846153846154,0.32142857142857145,0.27264560000000004,81.94883720930233,0.6336633663366337
669392,Breaking,194,0.36,0.64,0.3617021276595745,0.23259125000000003,77.06222222222223,0.4484536082474227
669392,Fastball,407,0.16666666666666666,0.8333333333333334,0.4578313253012048,0.35692431999999996,76.70743801652891,0.5036855036855037
669392,Offspeed,81,0.39215686274509803,0.607843137254902,0.3157894736842105,0.274269,71.0782608695652,0.41975308641975306
669394,Breaking,872,0.4116279069767442,0.5883720930232559,0.39,0.26794871028037387,82.13865546218487,0.41284403669724773
669394,Fastball,1214,0.2465277777777778,0.7534722222222222,0.4634146341463415,0.3605083406940063,85.98365853658537,0.4901153212520593
669394,Offspeed,296,0.4624277456647399,0.5375722543352601,0.4,0.2718234146341464,81.4784090909091,0.39864864864864863
669397,Breaking,155,0.3188405797101449,0.6811594202898551,0.1875,0.151011,74.9047619047619,0.43870967741935485
669397,Fastball,408,0.19791666666666666,0.8020833333333334,0.4380952380952381,0.27132545454545454,79.93402777777777,0.553921568627451
669397,Offspeed,42,0.28,0.72,0.5,0.25464285714285717,76.82941176470588,0.5238095238095238
669398,Breaking,48,0.391304347826087,0.6086956521739131,0.8333333333333334,0.2549166666666667,84.325,0.4583333333333333
669398,Fastball,75,0.19148936170212766,0.8085106382978724,0.2777777777777778,0.41976470588235293,86.41764705882353,0.56
669477,Breaking,509,0.2962962962962963,0.7037037037037037,0.48872180451127817,0.33516646616541357,83.38839779005525,0.4538310412573674
669477,Fastball,853,0.1437908496732026,0.8562091503267975,0.44155844155844154,0.35863762343096234,84.4633952254642,0.52989449003517
669477,Offspeed,136,0.33783783783783783,0.6621621621621622,0.6764705882352942,0.4010209142857143,80.13409090909092,0.4338235294117647
669699,Breaking,95,0.3389830508474576,0.6610169491525424,0.0967741935483871,0.18968749999999998,82.62499999999999,0.47368421052631576
669699,Fastball,160,0.1875,0.8125,0.4634146341463415,0.3080176744186046,82.93013698630136,0.54375
669699,Offspeed,40,0.19230769230769232,0.8076923076923077,1.0833333333333333,0.5275,83.72352941176472,0.275
669701,Breaking,302,0.3511450381679389,0.6488549618320612,0.4444444444444444,0.22525878571428568,80.87922077922077,0.40728476821192056
669701,Fastball,576,0.18796992481203006,0.8120300751879699,0.32231404958677684,0.3214714108527132,80.87661691542289,0.5434027777777778
669701,Offspeed,178,0.21978021978021978,0.7802197802197802,0.16326530612244897,0.21826509803921573,75.99242424242425,0.38764044943820225
669707,Breaking,418,0.3433734939759036,0.6566265060240963,0.2345679012345679,0.2639814090909091,80.08415841584159,0.44019138755980863
669707,Fastball,802,0.16445623342175067,0.8355437665782494,0.3140096618357488,0.29047614611872147,82.24055944055945,0.5548628428927681
669707,Offspeed,161,0.2625,0.7375,0.3617021276595745,0.2986544680851064,79.27962962962964,0.35403726708074534
669720,Breaking,176,0.37894736842105264,0.6210526315789473,0.3958333333333333,0.2669859090909091,83.57735849056604,0.4375
669720,Fastball,176,0.2916666666666667,0.7083333333333333,0.43478260869565216,0.35925351351351353,86.25076923076924,0.5056818181818182
669720,Offspeed,75,0.45652173913043476,0.5434782608695652,0.375,0.22181250000000002,74.87200000000001,0.4266666666666667
669743,Breaking,242,0.19801980198019803,0.801980198019802,0.2641509433962264,0.25465305263157895,77.31168831168831,0.4462809917355372
669743,Fastball,574,0.16170212765957448,0.8382978723404255,0.33,0.2975460504201681,79.1625,0.5348432055749129
669743,Offspeed,79,0.15151515151515152,0.8484848484848485,0.35294117647058826,0.18106666666666668,78.572,0.31645569620253167
669899,Breaking,65,0.08108108108108109,0.9189189189189189,0.7777777777777778,0.4527433333333334,81.028125,0.4461538461538462
669899,Fastball,153,0.36585365853658536,0.6341463414634146,0.2857142857142857,0.25089125,82.48775510204081,0.49019607843137253
669911,Fastball,64,0.2,0.8,0.26666666666666666,0.3156725,83.59166666666668,0.671875
670032,Breaking,294,0.2328767123287671,0.7671232876712328,0.21875,0.26004594444444445,75.5,0.45918367346938777
670032,Fastball,578,0.14838709677419354,0.8516129032258064,0.38461538461538464,0.2975433230769231,80.17377049180328,0.5570934256055363
670032,Offspeed,157,0.21794871794871795,0.782051282051282,0.21568627450980393,0.21509046153846154,74.78666666666666,0.40764331210191085
670042,Breaking,347,0.48466257668711654,0.5153374233128835,0.36363636363636365,0.28115183561643836,84.35066666666668,0.42363112391930835
670042,Fastball,559,0.3081967213114754,0.6918032786885246,0.5972222222222222,0.41026860927152314,85.35076142131979,0.5366726296958855
670042,Offspeed,269,0.5031055900621118,0.49689440993788825,0.2711864406779661,0.24365233333333333,77.82676056338028,0.35687732342007433
670097,Breaking,60,0.2727272727272727,0.7272727272727273,0.2,0.37298000000000003,73.7,0.36666666666666664
670097,Fastball,186,0.3023255813953488,0.6976744186046512,0.21212121212121213,0.223468,80.32181818181817,0.5376344086021505
670156,Fastball,67,0.125,0.875,0.25,0.22021636363636363,83.625,0.5970149253731343
670224,Breaking,58,0.39285714285714285,0.6071428571428572,0.2777777777777778,0.2065625,74.67999999999999,0.43103448275862066
670224,Fastball,109,0.31746031746031744,0.6825396825396826,0.2,0.23098799999999997,78.71794871794872,0.6146788990825688
670231,Breaking,195,0.275,0.725,0.37209302325581395,0.28711069767441855,79.44807692307691,0.38974358974358975
670231,Fastball,373,0.1962025316455696,0.8037974683544304,0.4342105263157895,0.34081105882352936,81.29310344827586,0.5415549597855228
670231,Offspeed,84,0.38461538461538464,0.6153846153846154,0.48148148148148145,0.2782331034482759,85.08636363636364,0.44047619047619047
670242,Breaking,178,0.5411764705882353,0.45882352941176474,0.23684210526315788,0.23805484210526318,80.95625,0.43820224719101125
670242,Fastball,343,0.3241758241758242,0.6758241758241759,0.43661971830985913,0.3131766111111111,81.77387387387387,0.5539358600583091
670242,Offspeed,96,0.5535714285714286,0.4464285714285714,0.24,0.25431039999999994,77.34347826086957,0.3125
670541,Breaking,691,0.2757475083056478,0.7242524916943522,0.6,0.4362757225433526,85.57487684729064,0.37626628075253254
670541,Fastball,1498,0.15814696485623003,0.84185303514377,0.6233333333333333,0.4808696848137537,87.2065606361829,0.5053404539385847
670541,Offspeed,462,0.2096069868995633,0.7903930131004366,0.5166666666666667,0.3496215503875969,83.28103448275861,0.30952380952380953
670623,Breaking,923,0.2219178082191781,0.7780821917808219,0.34177215189873417,0.26724760465116276,80.43397683397684,0.36836403033586135
670623,Fastball,1641,0.0958904109589041,0.904109589041096,0.5154320987654321,0.3561022142857143,84.4816,0.5423522242535039
670623,Offspeed,378,0.2247191011235955,0.7752808988764045,0.3855421686746988,0.2898879540229885,81.09609375,0.3835978835978836
670764,Breaking,411,0.25384615384615383,0.7461538461538462,0.14925373134328357,0.1925210909090909,70.21744186046513,0.46958637469586373
670764,Fastball,1039,0.17418032786885246,0.8258196721311475,0.36475409836065575,0.2887302238267148,81.92783783783784,0.5206929740134745
670764,Offspeed,256,0.3813559322033898,0.6186440677966102,0.18333333333333332,0.14804380952380952,71.19516129032259,0.35546875
670770,Breaking,209,0.32051282051282054,0.6794871794871795,0.26666666666666666,0.22657688,79.02083333333333,0.44019138755980863
670770,Fastball,652,0.13602941176470587,0.8639705882352942,0.3148148148148148,0.2823874634146341,81.20140845070424,0.5398773006134969
670770,Offspeed,207,0.4807692307692308,0.5192307692307692,0.13333333333333333,0.1599724347826087,77.46,0.3671497584541063
671056,Breaking,927,0.28292682926829266,0.7170731707317073,0.375,0.31660847457627117,83.26254416961132,0.43042071197411
671056,Fastball,1612,0.13630041724617525,0.8636995827538247,0.4,0.3475313280839895,83.7188255613126,0.5291563275434243
671056,Offspeed,355,0.3333333333333333,0.6666666666666667,0.36,0.3225703058823529,84.0784946236559,0.37183098591549296
671083,Breaking,78,0.29411764705882354,0.7058823529411764,0.29411764705882354,0.2814506666666666,85.47272727272728,0.44871794871794873
671083,Fastball,126,0.19672131147540983,0.8032786885245902,0.14285714285714285,0.3048121666666666,80.44222222222221,0.5238095238095238
671083,Offspeed,40,0.5333333333333333,0.4666666666666667,0.18181818181818182,0.06439999999999999,65.5,0.425
671155,Breaking,43,0.5555555555555556,0.4444444444444444,0.0,0.17826444444444445,75.65714285714286,0.4418604651162791
671155,Fastball,42,0.3333333333333333,0.6666666666666667,0.45454545454545453,0.29930666666666667,85.62727272727273,0.5476190476190477
671218,Breaking,480,0.3292181069958848,0.6707818930041152,0.464,0.3471909457364341,84.18376623376624,0.4166666666666667
671218,Fastball,1104,0.2737226277372263,0.7262773722627738,0.3888888888888889,0.32377384126984127,83.88885941644564,0.519927536231884
671218,Offspeed,194,0.3018867924528302,0.6981132075471699,0.37037037037037035,0.3111322222222222,83.78615384615384,0.3917525773195876
671277,Breaking,626,0.277602523659306,0.722397476340694,0.5670731707317073,0.36959400000000003,84.28685446009389,0.3706070287539936
671277,Fastball,952,0.14960629921259844,0.8503937007874016,0.5434782608695652,0.3702772151898734,85.37698019801981,0.5399159663865546
671277,Offspeed,485,0.24521072796934865,0.7547892720306514,0.38028169014084506,0.25618140845070425,82.81621621621622,0.3628865979381443
671289,Breaking,295,0.16551724137931034,0.8344827586206897,0.2682926829268293,0.26864771084337347,82.13888888888889,0.46440677966101696
671289,Fastball,625,0.08681672025723473,0.9131832797427653,0.3448275862068966,0.33495161445783134,79.87230769230769,0.5136
671289,Offspeed,106,0.20967741935483872,0.7903225806451613,0.25,0.2628244,77.95454545454545,0.41509433962264153
671655,Fastball,50,0.23076923076923078,0.7692307692307692,0.5833333333333334,0.2595,85.25500000000001,0.54
671732,Breaking,571,0.34684684684684686,0.6531531531531531,0.4375,0.30894813114754094,82.3062015503876,0.4185639229422067
671732,Fastball,1329,0.22932917316692666,0.7706708268330733,0.3956043956043956,0.34560500645161296,83.2948275862069,0.5530474040632054
671732,Offspeed,389,0.3259668508287293,0.6740331491712708,0.34444444444444444,0.28047106382978726,77.83716814159291,0.35218508997429304
671739,Breaking,699,0.30536130536130535,0.6946386946386947,0.5045871559633027,0.3002215090909091,83.60882352941178,0.4177396280400572
671739,Fastball,1196,0.18312101910828024,0.8168789808917197,0.44244604316546765,0.3646974809688581,84.6,0.5091973244147158
671739,Offspeed,339,0.3188405797101449,0.6811594202898551,0.47619047619047616,0.32925980582524267,82.47803030303031,0.3480825958702065
671976,Breaking,511,0.26492537313432835,0.7350746268656716,0.4608695652173913,0.25407006451612907,80.6288888888889,0.46771037181996084
671976,Fastball,1011,0.192090395480226,0.807909604519774,0.4578313253012048,0.34595274820143884,80.78299492385787,0.5370919881305638
671976,Offspeed,287,0.28313253012048195,0.7168674698795181,0.3717948717948718,0.3015633766233767,80.26936936936939,0.42857142857142855
672012,Breaking,40,0.2631578947368421,0.736842105263158,0.4,0.27,87.61538461538461,0.5
672012,Fastball,78,0.2,0.8,0.6,0.08057142857142859,82.05000000000001,0.5897435897435898
672016,Breaking,112,0.4888888888888889,0.5111111111111111,0.08333333333333333,0.11417789473684212,80.80000000000001,0.35714285714285715
672016,Fastball,241,0.2542372881355932,0.7457627118644068,0.2037037037037037,0.23750538461538462,79.77605633802817,0.5477178423236515
672016,Offspeed,47,0.4444444444444444,0.5555555555555556,0.09090909090909091,0.214938,83.5,0.3191489361702128
672275,Breaking,378,0.35359116022099446,0.6464088397790055,0.3409090909090909,0.28103534782608697,84.0355140186916,0.3994708994708995
672275,Fastball,757,0.20844327176781002,0.79155672823219,0.35185185185185186,0.34168350282485876,83.64109090909092,0.5508586525759577
672275,Offspeed,258,0.3106060606060606,0.6893939393939394,0.25,0.2420710447761194,81.38214285714287,0.375968992248062
672284,Breaking,104,0.5111111111111111,0.48888888888888893,0.28,0.33462521739130435,83.31,0.36538461538461536
672284,Fastball,176,0.2571428571428571,0.7428571428571429,0.19230769230769232,0.37892200000000004,83.51702127659574,0.4943181818181818
672284,Offspeed,90,0.5098039215686274,0.4901960784313726,0.3103448275862069,0.280792,85.9913043478261,0.45555555555555555
672356,Breaking,223,0.49107142857142855,0.5089285714285714,0.5892857142857143,0.38744113207547165,86.30740740740741,0.4170403587443946
672356,Fastball,339,0.36627906976744184,0.6337209302325582,0.2716049382716049,0.2142486111111111,81.65612244897959,0.5073746312684366
672356,Offspeed,63,0.6341463414634146,0.36585365853658536,0.16666666666666666,0.1477222222222222,85.05384615384614,0.38095238095238093
672386,Breaking,368,0.22777777777777777,0.7722222222222223,0.44036697247706424,0.2699792592592593,82.82868217054263,0.4266304347826087
672386,Fastball,799,0.13719512195121952,0.8628048780487805,0.4276315789473684,0.33299117647058823,83.39148148148148,0.541927409261577
672386,Offspeed,102,0.14,0.86,0.32142857142857145,0.3057857142857143,85.12619047619046,0.38235294117647056
672515,Breaking,757,0.20846905537459284,0.7915309446254072,0.42105263157894735,0.28975938853503186,82.36147186147186,0.404227212681638
672515,Fastball,1393,0.11580882352941177,0.8841911764705882,0.5658914728682171,0.410616127388535,83.9321507760532,0.5211773151471644
672515,Offspeed,275,0.18181818181818182,0.8181818181818181,0.43478260869565216,0.31911829333333336,83.89351851851852,0.36363636363636365
672580,Breaking,379,0.22962962962962963,0.7703703703703704,0.38461538461538464,0.28302374999999996,82.59599999999999,0.38522427440633245
672580,Fastball,860,0.11461318051575932,0.8853868194842407,0.373134328358209,0.34051405405405405,85.7193220338983,0.5674418604651162
672580,Offspeed,97,0.13157894736842105,0.868421052631579,0.375,0.20131818181818184,77.59333333333333,0.32989690721649484
672613,Fastball,96,0.12280701754385964,0.8771929824561404,0.3333333333333333,0.23555555555555557,84.156,0.5833333333333334
672640,Breaking,883,0.26941747572815533,0.7305825242718447,0.3761467889908257,0.27535882882882884,79.4201413427562,0.4190260475651189
672640,Fastball,1327,0.10175438596491228,0.8982456140350877,0.5161290322580645,0.4031745391304348,86.38501026694045,0.5644310474755087
672640,Offspeed,358,0.3033175355450237,0.6966824644549763,0.34234234234234234,0.19932855172413794,78.3858208955224,0.3743016759776536
672695,Breaking,720,0.15151515151515152,0.8484848484848485,0.3644067796610169,0.3166867153284672,81.66910112359551,0.42777777777777776
672695,Fastball,1718,0.10635155096011817,0.8936484490398818,0.3878787878787879,0.34601167512690356,82.2168439716312,0.5785797438882422
672695,Offspeed,484,0.1277533039647577,0.8722466960352423,0.36666666666666664,0.3045502255639098,81.05274725274724,0.35537190082644626
672724,Breaking,480,0.4015151515151515,0.5984848484848485,0.2698412698412698,0.232830752,79.8159420289855,0.4166666666666667
672724,Fastball,792,0.21311475409836064,0.7868852459016393,0.36,0.31346560869565215,80.52715654952077,0.5353535353535354
672724,Offspeed,177,0.3867924528301887,0.6132075471698113,0.375,0.22420123076923076,77.80833333333334,0.3220338983050847
672761,Breaking,161,0.2,0.8,0.0967741935483871,0.24431266666666665,83.00416666666666,0.5093167701863354
672761,Fastball,396,0.15343915343915343,0.8465608465608465,0.38461538461538464,0.30818452830188675,83.97191780821919,0.5429292929292929
672761,Offspeed,145,0.23376623376623376,0.7662337662337663,0.46153846153846156,0.17898368421052635,79.2719298245614,0.35172413793103446
672820,Breaking,175,0.25,0.75,0.15217391304347827,0.15863869565217392,80.49577464788733,0.34285714285714286
672820,Fastball,252,0.16911764705882354,0.8308823529411764,0.35714285714285715,0.31116704,82.33461538461539,0.48412698412698413
672820,Offspeed,55,0.2972972972972973,0.7027027027027026,0.36363636363636365,0.31657894736842107,86.2576923076923,0.34545454545454546
672960,Breaking,945,0.3855421686746988,0.6144578313253012,0.42857142857142855,0.29108147572815535,82.78260869565217,0.44656084656084655
672960,Fastball,1469,0.2926490984743412,0.7073509015256588,0.4845679012345679,0.3533753222222222,85.40127118644068,0.5282505105513955
672960,Offspeed,298,0.32857142857142857,0.6714285714285715,0.36507936507936506,0.3098545074626866,80.85,0.412751677852349
673237,Breaking,417,0.23628691983122363,0.7637130801687764,0.3821138211382114,0.3061643548387097,83.21411764705883,0.4244604316546763
673237,Fastball,610,0.19940476190476192,0.8005952380952381,0.47023809523809523,0.31610316279069767,83.13424124513618,0.5311475409836065
673237,Offspeed,152,0.22105263157894736,0.7789473684210526,0.5614035087719298,0.31665820000000006,85.17058823529412,0.375
673357,Breaking,296,0.375,0.625,0.3225806451612903,0.27047838709677424,83.95,0.3783783783783784
673357,Fastball,539,0.22142857142857142,0.7785714285714286,0.475177304964539,0.35557006622516557,83.59264705882353,0.5343228200371057
673357,Offspeed,126,0.38095238095238093,0.6190476190476191,0.17647058823529413,0.20014,82.83529411764707,0.30952380952380953
673490,Breaking,135,0.24489795918367346,0.7551020408163265,0.1724137931034483,0.208992,83.51714285714284,0.45925925925925926
673490,Fastball,428,0.18333333333333332,0.8166666666666667,0.12941176470588237,0.22001595833333334,77.74338235294117,0.5420560747663551
673490,Offspeed,49,0.25806451612903225,0.7419354838709677,0.16666666666666666,0.22610615384615385,84.17826086956521,0.40816326530612246
673548,Breaking,999,0.2975,0.7025,0.40375586854460094,0.2749259912663755,82.28768656716417,0.42842842842842843
673548,Fastball,1468,0.17537942664418213,0.8246205733558178,0.4964788732394366,0.3755517233429395,82.94387527839645,0.534741144414169
673548,Offspeed,248,0.34,0.6599999999999999,0.5581395348837209,0.3630718367346939,81.91694915254237,0.34274193548387094
673962,Breaking,551,0.23983739837398374,0.7601626016260162,0.4117647058823529,0.3262956571428572,83.33028571428571,0.426497277676951
673962,Fastball,950,0.13852813852813853,0.8614718614718615,0.48672566371681414,0.3680349881422925,84.27061994609164,0.5357894736842105
673962,Offspeed,167,0.27586206896551724,0.7241379310344828,0.5625,0.3109974901960784,83.66666666666667,0.33532934131736525
675085,Fastball,48,0.15,0.85,0.6666666666666666,0.0,84.5125,0.4583333333333333
675659,Fastball,54,0.30303030303030304,0.696969696969697,0.05555555555555555,0.167,75.9181818181818,0.5370370370370371
675961,Breaking,290,0.3769230769230769,0.6230769230769231,0.26865671641791045,0.13435957575757576,73.32763157894736,0.42758620689655175
675961,Fastball,480,0.14181818181818182,0.8581818181818182,0.52,0.31040613953488366,80.07289719626168,0.5770833333333333
675961,Offspeed,111,0.2542372881355932,0.7457627118644068,0.3225806451612903,0.227543125,77.23953488372094,0.42342342342342343
676070,Fastball,42,0.35294117647058826,0.6470588235294117,0.5,0.0,74.16,0.5
676356,Breaking,405,0.3541666666666667,0.6458333333333333,0.37735849056603776,0.21882038095238096,79.30833333333334,0.4222222222222222
676356,Fastball,785,0.1876484560570071,0.8123515439429929,0.44660194174757284,0.28627885714285717,80.82,0.5477707006369427
676356,Offspeed,181,0.2909090909090909,0.7090909090909091,0.2978723404255319,0.23380340425531917,80.22972972972973,0.35911602209944754
676369,Breaking,139,0.36,0.64,0.2692307692307692,0.3542414814814815,88.55333333333333,0.4460431654676259
676369,Fastball,277,0.33774834437086093,0.6622516556291391,0.581081081081081,0.3728368333333334,85.82395833333334,0.5270758122743683
676369,Offspeed,77,0.5365853658536586,0.46341463414634143,0.0,0.1397142857142857,78.86,0.4155844155844156
676391,Breaking,609,0.23615160349854228,0.7638483965014577,0.31216931216931215,0.22754283333333333,77.97019607843137,0.4220032840722496
676391,Fastball,1075,0.09165302782324058,0.9083469721767594,0.3987730061349693,0.27896322580645166,81.68323917137477,0.5144186046511627
676391,Offspeed,258,0.21739130434782608,0.782608695652174,0.32926829268292684,0.24068309523809522,74.9675,0.39147286821705424
676439,Breaking,344,0.2926829268292683,0.7073170731707317,0.15625,0.1995401935483871,76.92168674698796,0.4273255813953488
676439,Fastball,539,0.15702479338842976,0.8429752066115702,0.37398373983739835,0.35797970802919704,84.84893617021278,0.5473098330241187
676439,Offspeed,163,0.38028169014084506,0.619718309859155,0.34285714285714286,0.33184358974358974,76.57619047619048,0.3374233128834356
676475,Breaking,802,0.2752941176470588,0.7247058823529412,0.3717277486910995,0.3365723428571429,85.47464788732395,0.38403990024937656
676475,Fastball,1295,0.20974889217134415,0.7902511078286558,0.5311475409836065,0.41680092592592594,87.34268537074148,0.522007722007722
676475,Offspeed,451,0.1867704280155642,0.8132295719844358,0.4838709677419355,0.32686870229007636,84.25492227979275,0.352549889135255
676551,Fastball,115,0.45901639344262296,0.540983606557377,0.36363636363636365,0.30451076923076925,84.33548387096774,0.5130434782608696
676572,Breaking,78,0.2962962962962963,0.7037037037037037,0.1875,0.24509657142857139,77.27058823529411,0.41025641025641024
676572,Fastball,143,0.3055555555555556,0.6944444444444444,0.46875,0.3150048275862069,82.81914893617021,0.5454545454545454
676572,Offspeed,43,0.1875,0.8125,0.0,0.31626444444444446,78.13,0.4186046511627907
676609,Breaking,597,0.35144927536231885,0.6485507246376812,0.3356164383561644,0.23346581333333333,77.27245508982035,0.38358458961474035
676609,Fastball,1109,0.2452504317789292,0.7547495682210708,0.3482142857142857,0.30341260162601624,78.90493506493506,0.5193868349864743
676609,Offspeed,199,0.2608695652173913,0.7391304347826086,0.39622641509433965,0.2899163137254902,72.19487179487179,0.3768844221105528
676694,Breaking,202,0.35714285714285715,0.6428571428571428,0.21428571428571427,0.210088,74.28297872340426,0.43564356435643564
676694,Fastball,310,0.13259668508287292,0.8674033149171271,0.4222222222222222,0.29471268817204305,83.77,0.5548387096774193
676694,Offspeed,65,0.3333333333333333,0.6666666666666667,0.1111111111111111,0.1583125,74.944,0.4
676724,Breaking,407,0.3548387096774194,0.6451612903225806,0.41836734693877553,0.2768216699029127,83.52242990654207,0.4619164619164619
676724,Fastball,773,0.19346049046321526,0.8065395095367848,0.391812865497076,0.33725319148936167,83.66204379562045,0.5019404915912031
676724,Offspeed,201,0.22641509433962265,0.7735849056603774,0.49019607843137253,0.3479290196078431,81.53461538461538,0.35323383084577115
676914,Breaking,234,0.35714285714285715,0.6428571428571428,0.04878048780487805,0.15315618181818183,79.29166666666667,0.41452991452991456
676914,Fastball,445,0.32142857142857145,0.6785714285714286,0.352112676056338,0.3329510344827586,84.57264150943396,0.501123595505618
676914,Offspeed,61,0.26666666666666666,0.7333333333333334,0.6842105263157895,0.35335444444444447,86.5157894736842,0.4262295081967213
677008,Fastball,59,0.37037037037037035,0.6296296296296297,0.16666666666666666,0.085,80.27333333333333,0.4745762711864407
677060,Breaking,68,0.5,0.5,0.08333333333333333,0.23864666666666667,82.13076923076923,0.4117647058823529
677060,Fastball,110,0.2692307692307692,0.7307692307692308,0.06666666666666667,0.23127599999999998,76.07575757575758,0.39090909090909093
677347,Fastball,45,0.23809523809523808,0.7619047619047619,0.0,0.309514,78.02666666666667,0.5555555555555556
677587,Breaking,623,0.305019305019305,0.6949806949806949,0.3181818181818182,0.2619081967213115,79.91377245508983,0.42536115569823435
677587,Fastball,1215,0.14420062695924765,0.8557993730407524,0.4503311258278146,0.3262363282674772,82.07134724857686,0.5374485596707819
677587,Offspeed,453,0.319672131147541,0.680327868852459,0.32061068702290074,0.24530121212121214,80.64409937888199,0.3554083885209713
677588,Breaking,360,0.4383561643835616,0.5616438356164384,0.28378378378378377,0.21050533333333335,81.73333333333332,0.4361111111111111
677588,Fastball,624,0.25471698113207547,0.7452830188679245,0.44029850746268656,0.34415224161073826,85.97880184331798,0.5464743589743589
677588,Offspeed,256,0.3939393939393939,0.6060606060606061,0.265625,0.2633083125,80.55000000000001,0.375
677592,Breaking,136,0.43661971830985913,0.5633802816901409,0.6944444444444444,0.3718317714285714,83.52631578947368,0.4117647058823529
677592,Fastball,254,0.28776978417266186,0.7122302158273381,0.2727272727272727,0.29027462068965515,80.46516853932584,0.5039370078740157
677592,Offspeed,71,0.5128205128205128,0.4871794871794872,0.55,0.17670588235294116,82.49374999999999,0.39436619718309857
677594,Breaking,813,0.35766423357664234,0.6423357664233577,0.32972972972972975,0.28932113705583756,81.26,0.3874538745387454
677594,Fastball,1349,0.1917024320457797,0.8082975679542204,0.42485549132947975,0.3562317104557641,85.04143126177024,0.5100074128984433
677594,Offspeed,305,0.34705882352941175,0.6529411764705882,0.5352112676056338,0.3590066486486487,80.6,0.2983606557377049
677595,Breaking,79,0.5208333333333334,0.47916666666666663,0.125,0.14085,86.06666666666668,0.4177215189873418
677595,Fastball,95,0.17543859649122806,0.8245614035087719,0.625,0.3809127692307692,81.92727272727274,0.5263157894736842
677649,Breaking,775,0.34760705289672544,0.6523929471032746,0.46445497630331756,0.2728457556561086,81.26652719665272,0.40903225806451615
677649,Fastball,1347,0.21037463976945245,0.7896253602305475,0.4064748201438849,0.3351024935064935,82.42874015748032,0.51818856718634
677649,Offspeed,246,0.2746478873239437,0.7253521126760563,0.39655172413793105,0.23404677966101695,80.18444444444444,0.3943089430894309
677800,Breaking,676,0.2516778523489933,0.7483221476510067,0.49673202614379086,0.348507103030303,80.44744186046512,0.4349112426035503
677800,Fastball,1695,0.23462986198243413,0.7653701380175659,0.45896656534954405,0.3536190352303524,82.52433862433863,0.5008849557522124
677800,Offspeed,404,0.2850678733031674,0.7149321266968326,0.3524590163934426,0.32243597014925374,84.59597315436241,0.3613861386138614
677870,Breaking,236,0.358695652173913,0.6413043478260869,0.09090909090909091,0.24212924444444445,79.11052631578946,0.4067796610169492
677870,Fastball,462,0.14432989690721648,0.8556701030927836,0.31313131313131315,0.36197752212389384,84.27272727272727,0.49567099567099565
677870,Offspeed,116,0.4126984126984127,0.5873015873015873,0.29411764705882354,0.2516582352941177,79.89428571428572,0.3706896551724138
677942,Breaking,321,0.3353658536585366,0.6646341463414633,0.4482758620689655,0.3648442325581395,83.81650485436893,0.40186915887850466
677942,Fastball,712,0.2243436754176611,0.7756563245823389,0.4144736842105263,0.357476938271605,83.32392026578073,0.5561797752808989
677942,Offspeed,109,0.29508196721311475,0.7049180327868853,0.2727272727272727,0.284949375,80.01818181818182,0.3761467889908257
677943,Fastball,61,0.3076923076923077,0.6923076923076923,0.125,0.21910000000000002,79.49999999999999,0.45901639344262296
677950,Breaking,159,0.313953488372093,0.686046511627907,0.20833333333333334,0.25768409523809527,83.45882352941176,0.4339622641509434
677950,Fastball,232,0.23076923076923078,0.7692307692307692,0.40384615384615385,0.33056984,83.6641304347826,0.5172413793103449
677950,Offspeed,96,0.2982456140350877,0.7017543859649122,0.6071428571428571,0.22460000000000002,85.48571428571428,0.4375
677951,Breaking,816,0.32418952618453867,0.6758104738154613,0.37155963302752293,0.31187684684684686,83.38031496062992,0.39338235294117646
677951,Fastball,1316,0.2090032154340836,0.7909967845659164,0.4787234042553192,0.41787674534161495,85.85873362445416,0.5045592705167173
677951,Offspeed,217,0.21487603305785125,0.7851239669421488,0.5,0.42179703030303034,84.13695652173915,0.2857142857142857
677956,Breaking,122,0.515625,0.484375,0.27586206896551724,0.1027504,84.63333333333334,0.3114754098360656
677956,Fastball,135,0.3472222222222222,0.6527777777777778,0.5588235294117647,0.26210581818181816,83.21162790697674,0.562962962962963
677956,Offspeed,62,0.475,0.525,0.0,0.13518181818181818,75.42500000000001,0.3709677419354839
678009,Breaking,43,0.06666666666666667,0.9333333333333333,0.7272727272727273,0.3473724444444445,83.59285714285716,0.4418604651162791
678009,Fastball,115,0.1509433962264151,0.8490566037735849,0.34782608695652173,0.28039764705882353,79.02142857142856,0.5391304347826087
678009,Offspeed,49,0.34615384615384615,0.6538461538461539,0.23076923076923078,0.14261538461538462,76.50666666666667,0.3469387755102041
678011,Breaking,144,0.30158730158730157,0.6984126984126984,0.3870967741935484,0.26050329411764706,80.15581395348836,0.4166666666666667
678011,Fastball,400,0.20540540540540542,0.7945945945945946,0.46511627906976744,0.37208529411764707,83.8376811594203,0.535
678011,Offspeed,100,0.20833333333333334,0.7916666666666666,0.25,0.19315823529411763,79.76486486486488,0.42
678218,Breaking,248,0.3671875,0.6328125,0.4897959183673469,0.3184037192982456,81.03378378378379,0.4274193548387097
678218,Fastball,633,0.17665615141955837,0.8233438485804416,0.3191489361702128,0.3085838993710692,82.4752100840336,0.5624012638230648
678218,Offspeed,220,0.3786407766990291,0.6213592233009708,0.3404255319148936,0.2926559183673469,77.91754385964913,0.35
678246,Breaking,868,0.2184873949579832,0.7815126050420168,0.42613636363636365,0.3642453401015228,81.86628787878787,0.4032258064516129
678246,Fastball,1773,0.21455457967377667,0.7854454203262233,0.4906166219839142,0.3819474311512416,85.27086882453152,0.5284827975183305
678246,Offspeed,232,0.17647058823529413,0.8235294117647058,0.4716981132075472,0.39867,82.3925,0.38362068965517243
678391,Breaking,350,0.2411764705882353,0.7588235294117647,0.3924050632911392,0.2831005057471264,78.14102564102564,0.44285714285714284
678391,Fastball,781,0.09788359788359788,0.9021164021164021,0.329608938547486,0.3078778490566038,77.71851851851852,0.48655569782330343
678391,Offspeed,227,0.35833333333333334,0.6416666666666666,0.2033898305084746,0.23958566666666667,79.01527777777778,0.36123348017621143
678489,Breaking,188,0.32432432432432434,0.6756756756756757,0.2972972972972973,0.1777532972972973,75.3340909090909,0.40425531914893614
678489,Fastball,513,0.25675675675675674,0.7432432432432432,0.4,0.25093184615384617,79.25369127516778,0.49122807017543857
678489,Offspeed,119,0.21311475409836064,0.7868852459016393,0.5416666666666666,0.28814695652173916,74.41666666666667,0.42016806722689076
678545,Breaking,161,0.34375,0.65625,0.3142857142857143,0.2492274117647059,84.51176470588234,0.4161490683229814
678545,Fastball,329,0.18823529411764706,0.8117647058823529,0.37662337662337664,0.298147950617284,82.83919999999999,0.5927051671732523
678545,Offspeed,90,0.2777777777777778,0.7222222222222222,0.3333333333333333,0.2803753846153846,82.7625,0.23333333333333334
678554,Breaking,436,0.2929936305732484,0.7070063694267517,0.43820224719101125,0.29022644,81.88301886792453,0.4151376146788991
678554,Fastball,859,0.1384180790960452,0.8615819209039548,0.5449101796407185,0.38949843478260865,82.54877192982457,0.5180442374854481
678554,Offspeed,161,0.14285714285714285,0.8571428571428572,0.4358974358974359,0.37032253658536585,82.66166666666668,0.40372670807453415
678577,Fastball,85,0.3333333333333333,0.6666666666666667,0.15,0.24830380952380954,83.53214285714284,0.5764705882352941
678662,Breaking,626,0.34096692111959287,0.6590330788804071,0.36416184971098264,0.26779370786516854,76.60954356846473,0.3865814696485623
678662,Fastball,1106,0.23712948517940718,0.7628705148205928,0.36363636363636365,0.3050771692307692,80.98989010989013,0.5244122965641953
678662,Offspeed,204,0.4195804195804196,0.5804195804195804,0.3389830508474576,0.20373525423728814,79.08157894736841,0.3088235294117647
678882,Breaking,682,0.27525252525252525,0.7247474747474747,0.5310734463276836,0.28317557303370783,78.72148148148148,0.40615835777126097
678882,Fastball,1246,0.2300140252454418,0.7699859747545582,0.3675496688741722,0.28923007692307695,81.798814229249,0.5056179775280899
678882,Offspeed,251,0.28187919463087246,0.7181208053691275,0.5769230769230769,0.26218346666666664,81.86930693069306,0.47808764940239046
679529,Breaking,899,0.40988372093023256,0.5901162790697674,0.40236686390532544,0.23955375824175826,81.11623036649215,0.42936596218020023
679529,Fastball,1411,0.22857142857142856,0.7714285714285715,0.5182724252491694,0.3807052685714285,85.85714285714286,0.5464209780297661
679529,Offspeed,358,0.4591194968553459,0.5408805031446541,0.21333333333333335,0.18392693333333335,79.89871794871796,0.3547486033519553
679822,Breaking,306,0.2578125,0.7421875,0.39473684210526316,0.3184421265822785,83.94090909090909,0.5032679738562091
679822,Fastball,594,0.19718309859154928,0.8028169014084507,0.5158730158730159,0.34319529411764704,82.10233644859814,0.5673400673400674
679822,Offspeed,129,0.19047619047619047,0.8095238095238095,0.4666666666666667,0.25693333333333335,83.25111111111111,0.3643410852713178
679845,Breaking,553,0.33004926108374383,0.6699507389162562,0.27927927927927926,0.256417888,78.39365079365079,0.42857142857142855
679845,Fastball,916,0.07672634271099744,0.9232736572890026,0.47555555555555556,0.31857635483870966,82.31876832844576,0.5502183406113537
679845,Offspeed,195,0.27906976744186046,0.7209302325581395,0.2222222222222222,0.2445855319148936,83.05666666666666,0.3435897435897436
680474,Breaking,122,0.2926829268292683,0.7073170731707317,0.28,0.27016963636363633,75.6,0.5
680474,Fastball,246,0.2222222222222222,0.7777777777777778,0.4489795918367347,0.36045516981132075,82.88,0.4878048780487805
680474,Offspeed,68,0.4864864864864865,0.5135135135135135,0.2727272727272727,0.18761454545454545,71.26470588235296,0.3235294117647059
680574,Breaking,655,0.3371212121212121,0.6628787878787878,0.34355828220858897,0.26879067441860466,79.86187500000001,0.42442748091603055
680574,Fastball,1202,0.23572744014732966,0.7642725598526703,0.3888888888888889,0.3324979076923077,81.93124999999999,0.5307820299500832
680574,Offspeed,202,0.36363636363636365,0.6363636363636364,0.2641509433962264,0.18647153846153847,76.32962962962962,0.3811881188118812
680636,Fastball,40,0.38461538461538464,0.6153846153846154,0.6666666666666666,0.0,77.4875,0.325
680664,Breaking,162,0.2926829268292683,0.7073170731707317,0.6774193548387096,0.3807091764705883,83.80816326530613,0.42592592592592593
680664,Fastball,312,0.21818181818181817,0.7818181818181819,0.5375,0.35801076543209875,83.73416666666665,0.5608974358974359
680664,Offspeed,59,0.42105263157894735,0.5789473684210527,0.7058823529411765,0.3884705882352941,87.36842105263158,0.3389830508474576
680700,Breaking,441,0.26066350710900477,0.7393364928909952,0.2696629213483146,0.23472804395604394,80.4,0.4421768707482993
680700,Fastball,846,0.12860892388451445,0.8713910761154855,0.4077669902912621,0.3288218016528926,82.14134615384614,0.4739952718676123
680700,Offspeed,252,0.3333333333333333,0.6666666666666667,0.39215686274509803,0.3271841509433962,79.07567567567568,0.34523809523809523
680716,Fastball,46,0.3125,0.6875,0.4,0.31783799999999995,79.95714285714286,0.5217391304347826
680718,Breaking,42,0.38461538461538464,0.6153846153846154,0.16666666666666666,0.37889666666666666,82.875,0.35714285714285715
680718,Fastball,119,0.203125,0.796875,0.35714285714285715,0.20905699999999997,83.95918367346938,0.4117647058823529
680728,Breaking,233,0.34615384615384615,0.6538461538461539,0.23529411764705882,0.21980526315789473,78.31562499999998,0.4248927038626609
680728,Fastball,409,0.22966507177033493,0.7703349282296651,0.3829787234042553,0.3151278431372549,82.49740259740258,0.5207823960880196
680728,Offspeed,142,0.38461538461538464,0.6153846153846154,0.22857142857142856,0.13376470588235295,81.96,0.4295774647887324
680737,Breaking,42,0.23076923076923078,0.7692307692307692,0.7272727272727273,0.09044444444444445,75.98888888888888,0.4523809523809524
680737,Fastball,72,0.17073170731707318,0.8292682926829268,0.17647058823529413,0.2247095,81.0516129032258,0.5138888888888888
680757,Breaking,598,0.14485981308411214,0.8551401869158879,0.34057971014492755,0.2786009863013698,78.16610169491526,0.42642140468227424
680757,Fastball,1862,0.0554675118858954,0.9445324881141046,0.36764705882352944,0.35775792039801,79.65193661971831,0.5472610096670247
680757,Offspeed,274,0.11666666666666667,0.8833333333333333,0.28378378378378377,0.2695262337662338,75.34411764705882,0.3905109489051095
680776,Breaking,648,0.4133738601823708,0.5866261398176291,0.2988505747126437,0.24918420454545454,82.2264367816092,0.4506172839506173
680776,Fastball,1255,0.27344992050874406,0.7265500794912559,0.4227941176470588,0.3565260468227425,82.68028503562945,0.5250996015936255
680776,Offspeed,412,0.3853211009174312,0.6146788990825688,0.3050847457627119,0.24072822950819675,82.16585365853658,0.36893203883495146
680777,Breaking,510,0.2923076923076923,0.7076923076923076,0.5050505050505051,0.31607535238095236,81.70232558139534,0.3980392156862745
680777,Fastball,872,0.11413043478260869,0.8858695652173914,0.4619289340101523,0.35804085185185186,83.40806451612903,0.5493119266055045
680777,Offspeed,189,0.20512820512820512,0.7948717948717949,0.2972972972972973,0.3089442857142857,83.54193548387097,0.31216931216931215
680779,Breaking,322,0.30303030303030304,0.696969696969697,0.25,0.25715866666666665,82.69607843137257,0.4472049689440994
680779,Fastball,688,0.21739130434782608,0.782608695652174,0.4074074074074074,0.31758887912087913,85.07520325203252,0.5334302325581395
680779,Offspeed,156,0.3493975903614458,0.6506024096385542,0.09375,0.18995235294117646,86.07727272727273,0.3141025641025641
680869,Breaking,524,0.3023255813953488,0.6976744186046512,0.424,0.2789286875,80.52642857142858,0.42748091603053434
680869,Fastball,1000,0.26326530612244897,0.736734693877551,0.5022026431718062,0.3535082105263158,84.26484848484849,0.569
680869,Offspeed,186,0.3870967741935484,0.6129032258064516,0.4772727272727273,0.300486612244898,81.74038461538461,0.41397849462365593
680977,Breaking,178,0.27380952380952384,0.7261904761904762,0.3023255813953488,0.2634389523809524,79.37166666666667,0.43820224719101125
680977,Fastball,442,0.11956521739130435,0.8804347826086957,0.5217391304347826,0.3383225376344086,83.44342105263159,0.5226244343891403
680977,Offspeed,71,0.2571428571428571,0.7428571428571429,0.42857142857142855,0.31042636363636367,77.25,0.3380281690140845
681047,Breaking,103,0.30434782608695654,0.6956521739130435,0.08695652173913043,0.1294176,79.08387096774193,0.39805825242718446
681047,Fastball,175,0.24285714285714285,0.7571428571428571,0.2727272727272727,0.406394303030303,83.79318181818181,0.5028571428571429
681082,Breaking,663,0.20521172638436483,0.7947882736156352,0.3870967741935484,0.28050761445783134,82.77767857142855,0.4132730015082956
681082,Fastball,1543,0.17218543046357615,0.8278145695364238,0.4440677966101695,0.3593668449848025,84.79194915254237,0.5398574206092028
681082,Offspeed,377,0.20454545454545456,0.7954545454545454,0.29411764705882354,0.30938730769230766,81.2078125,0.35543766578249336
681198,Breaking,761,0.2768361581920904,0.7231638418079096,0.4682080924855491,0.3014579891891892,79.88416666666666,0.35742444152431013
681198,Fastball,1349,0.12612612612612611,0.8738738738738738,0.4459016393442623,0.3490128774928775,81.77568058076226,0.5374351371386212
681198,Offspeed,362,0.23076923076923078,0.7692307692307692,0.42045454545454547,0.33250718181818184,78.33358778625954,0.31767955801104975
681230,Fastball,57,0.17857142857142858,0.8214285714285714,0.2727272727272727,0.10600000000000001,83.11363636363636,0.47368421052631576
681297,Breaking,543,0.4340425531914894,0.5659574468085107,0.4,0.24950456140350877,80.63728813559322,0.430939226519337
681297,Fastball,797,0.22662889518413598,0.773371104815864,0.4090909090909091,0.403369155080214,84.034765625,0.5646173149309912
681297,Offspeed,411,0.391304347826087,0.6086956521739131,0.2441860465116279,0.21490311111111107,75.86415094339623,0.36496350364963503
681351,Breaking,363,0.3526570048309179,0.6473429951690821,0.3707865168539326,0.24210645161290326,81.92727272727274,0.3774104683195592
681351,Fastball,547,0.19767441860465115,0.8023255813953488,0.2805755395683453,0.3055440275862069,83.07127659574466,0.5319926873857403
681351,Offspeed,127,0.43548387096774194,0.564516129032258,0.18181818181818182,0.17395152941176473,81.52121212121212,0.3228346456692913
681393,Breaking,474,0.4444444444444444,0.5555555555555556,0.32653061224489793,0.24860547747747747,80.3125,0.41139240506329117
681393,Fastball,822,0.20758928571428573,0.7924107142857143,0.4583333333333333,0.3441437581395349,83.07117117117116,0.5389294403892944
681393,Offspeed,216,0.37037037037037035,0.6296296296296297,0.21739130434782608,0.2772471372549019,78.59516129032258,0.39351851851851855
681481,Breaking,371,0.37058823529411766,0.6294117647058823,0.24,0.21620261333333332,82.05979381443298,0.4123989218328841
681481,Fastball,546,0.23272727272727273,0.7672727272727273,0.43410852713178294,0.34633972519083966,86.45939086294416,0.5164835164835165
681481,Offspeed,191,0.3063063063063063,0.6936936936936937,0.5106382978723404,0.2787938775510204,80.45416666666667,0.36649214659685864
681508,Breaking,274,0.21428571428571427,0.7857142857142857,0.28888888888888886,0.3126030204081633,84.384375,0.4708029197080292
681508,Fastball,443,0.11413043478260869,0.8858695652173914,0.5714285714285714,0.4148280317460318,86.49303797468355,0.5079006772009029
681508,Offspeed,170,0.29333333333333333,0.7066666666666667,0.375,0.2362681632653061,75.99,0.4117647058823529
681546,Breaking,207,0.44554455445544555,0.5544554455445545,0.40384615384615385,0.19183126530612246,82.04117647058823,0.4492753623188406
681546,Fastball,397,0.3058252427184466,0.6941747572815534,0.43037974683544306,0.29345155,82.51221374045802,0.5138539042821159
681546,Offspeed,164,0.6,0.4,0.11904761904761904,0.11472500000000001,73.45294117647059,0.39634146341463417
681624,Breaking,651,0.27844311377245506,0.721556886227545,0.4968944099378882,0.3031037818181818,80.87292576419215,0.423963133640553
681624,Fastball,1496,0.18115942028985507,0.8188405797101449,0.43769968051118213,0.36078628080229225,83.27370441458734,0.49331550802139035
681624,Offspeed,253,0.27102803738317754,0.7289719626168225,0.35294117647058826,0.3339083018867924,81.27837837837838,0.31225296442687744
681715,Breaking,626,0.3759124087591241,0.6240875912408759,0.4788732394366197,0.3460326233766234,84.069375,0.4073482428115016
681715,Fastball,1118,0.2656546489563567,0.7343453510436433,0.4189723320158103,0.35970708127208484,87.01111111111112,0.5152057245080501
681715,Offspeed,286,0.4782608695652174,0.5217391304347826,0.3888888888888889,0.26815836065573767,79.53928571428571,0.3986013986013986
681807,Breaking,296,0.3181818181818182,0.6818181818181819,0.2978723404255319,0.2105406530612245,79.80588235294117,0.39864864864864863
681807,Fastball,523,0.24180327868852458,0.7581967213114754,0.4462809917355372,0.2964802480620155,83.58502994011977,0.5239005736137667
681807,Offspeed,137,0.390625,0.609375,0.24,0.25932827586206897,78.92571428571429,0.3722627737226277
681987,Breaking,112,0.36,0.64,0.05,0.26985247058823525,84.51724137931035,0.4375
681987,Fastball,174,0.22988505747126436,0.7701149425287357,0.21212121212121213,0.322789125,80.96065573770493,0.4942528735632184
682177,Breaking,365,0.358695652173913,0.6413043478260869,0.29545454545454547,0.22682206896551724,80.70666666666668,0.44931506849315067
682177,Fastball,605,0.2619047619047619,0.7380952380952381,0.373134328358209,0.3389230344827586,84.16442307692306,0.5669421487603306
682177,Offspeed,195,0.4019607843137255,0.5980392156862745,0.2553191489361702,0.24124500000000001,78.87592592592593,0.3333333333333333
682622,Breaking,295,0.3393939393939394,0.6606060606060606,0.32432432432432434,0.2639445945945946,79.11,0.36271186440677966
682622,Fastball,442,0.2191780821917808,0.7808219178082192,0.26548672566371684,0.2156684615384616,84.11,0.5271493212669683
682622,Offspeed,86,0.32,0.6799999999999999,0.6956521739130435,0.2232105263157895,79.66896551724139,0.37209302325581395
682626,Breaking,589,0.4092664092664093,0.5907335907335907,0.4166666666666667,0.2940862158273381,83.14081632653061,0.41086587436332767
682626,Fastball,985,0.3042505592841163,0.6957494407158837,0.375,0.33155630357142857,85.75089605734767,0.4883248730964467
682626,Offspeed,212,0.3584905660377358,0.6415094339622642,0.48,0.3546157777777777,84.42063492063492,0.4056603773584906
682634,Breaking,66,0.6818181818181818,0.31818181818181823,0.4,0.09554750000000001,89.57499999999999,0.3333333333333333
682634,Fastball,86,0.1951219512195122,0.8048780487804879,0.3181818181818182,0.2969523076923077,86.89999999999999,0.5813953488372093
682641,Fastball,83,0.22916666666666666,0.7708333333333334,0.21739130434782608,0.1389523076923077,82.29354838709678,0.4457831325301205
682657,Breaking,410,0.27314814814814814,0.7268518518518519,0.6022727272727273,0.29220518181818184,79.92323943661972,0.43658536585365854
682657,Fastball,818,0.15347721822541965,0.8465227817745804,0.49760765550239233,0.3359367962962963,82.41454545454545,0.5501222493887531
682657,Offspeed,311,0.24623115577889448,0.7537688442211055,0.36538461538461536,0.23747524752475246,79.53407407407407,0.33762057877813506
682663,Breaking,315,0.3310810810810811,0.6689189189189189,0.423728813559322,0.28305081249999997,81.30103092783504,0.4031746031746032
682663,Fastball,561,0.24548736462093862,0.7545126353790614,0.35,0.2870379869281045,83.45939086294416,0.5472370766488414
682663,Offspeed,173,0.43023255813953487,0.5697674418604651,0.30303030303030304,0.2921254545454546,82.39791666666666,0.3872832369942196
682668,Breaking,252,0.336283185840708,0.663716814159292,0.2923076923076923,0.19493749999999999,79.8625,0.4007936507936508
682668,Fastball,447,0.16228070175438597,0.8377192982456141,0.31092436974789917,0.3363514827586207,83.91878453038673,0.5391498881431768
682668,Offspeed,126,0.3972602739726027,0.6027397260273972,0.16216216216216217,0.16024324324324324,81.17073170731709,0.3333333333333333
682674,Breaking,176,0.4375,0.5625,0.4222222222222222,0.29432634146341463,84.85102040816327,0.4318181818181818
682674,Fastball,225,0.1968503937007874,0.8031496062992126,0.45,0.28219620689655167,83.79021739130435,0.5244444444444445
682674,Offspeed,75,0.38095238095238093,0.6190476190476191,0.5333333333333333,0.3804557142857143,84.344,0.3333333333333333
682729,Fastball,73,0.3076923076923077,0.6923076923076923,0.3333333333333333,0.305676,83.04666666666667,0.4794520547945205
682818,Breaking,182,0.3793103448275862,0.6206896551724138,0.2608695652173913,0.2137608695652174,83.29583333333333,0.4175824175824176
682818,Fastball,391,0.2019704433497537,0.7980295566502463,0.4125,0.3801507865168539,83.5141935483871,0.5421994884910486
682818,Offspeed,133,0.2537313432835821,0.7462686567164178,0.5454545454545454,0.2647502222222222,83.94081632653062,0.43609022556390975
682829,Breaking,843,0.3712374581939799,0.6287625418060201,0.37714285714285717,0.2714871956521739,85.20451612903226,0.40569395017793597
682829,Fastball,1306,0.19294990723562153,0.8070500927643784,0.578397212543554,0.4303726018808777,89.3075,0.5382848392036753
682829,Offspeed,543,0.37142857142857144,0.6285714285714286,0.5625,0.3850491525423729,81.05846153846153,0.3848987108655617
682848,Breaking,171,0.2894736842105263,0.7105263157894737,0.34210526315789475,0.27296476190476193,85.925,0.45614035087719296
682848,Fastball,344,0.2077922077922078,0.7922077922077921,0.5945945945945946,0.39692733333333335,86.41428571428571,0.5319767441860465
682848,Offspeed,102,0.3673469387755102,0.6326530612244898,0.25,0.2391446153846154,80.4741935483871,0.3627450980392157
682877,Breaking,134,0.36065573770491804,0.639344262295082,0.2857142857142857,0.2949836129032258,78.91388888888888,0.41044776119402987
682877,Fastball,246,0.18840579710144928,0.8115942028985508,0.5370370370370371,0.35014280701754386,82.25673076923076,0.6341463414634146
682877,Offspeed,92,0.3829787234042553,0.6170212765957447,0.16,0.16653826086956522,76.10384615384615,0.2608695652173913
682927,Breaking,63,0.21951219512195122,0.7804878048780488,0.23529411764705882,0.23094117647058823,78.41290322580645,0.4444444444444444
682927,Fastball,152,0.15476190476190477,0.8452380952380952,0.3235294117647059,0.30388210526315784,79.12615384615385,0.47368421052631576
682927,Offspeed,44,0.21052631578947367,0.7894736842105263,0.7777777777777778,0.44166666666666665,74.06153846153846,0.5
682928,Breaking,937,0.36610878661087864,0.6338912133891214,0.4646017699115044,0.29954144855967074,84.3117857142857,0.40981856990394877
682928,Fastball,1273,0.22677165354330708,0.7732283464566929,0.5168539325842697,0.36272086956521743,83.38311403508771,0.5113904163393559
682928,Offspeed,363,0.33658536585365856,0.6634146341463414,0.5102040816326531,0.31565596039603966,83.16984126984129,0.36363636363636365
682985,Breaking,635,0.3553113553113553,0.6446886446886446,0.512,0.39863642105263153,82.43726708074536,0.42992125984251967
682985,Fastball,1359,0.2130637636080871,0.7869362363919129,0.5467128027681661,0.40815814153846164,83.51118143459917,0.5452538631346578
682985,Offspeed,531,0.43873517786561267,0.5612648221343873,0.2956521739130435,0.2447184,82.13257575757575,0.3352165725047081
682987,Breaking,340,0.4385026737967914,0.5614973262032086,0.3625,0.27885764705882354,84.49130434782609,0.37058823529411766
682987,Fastball,687,0.3240223463687151,0.6759776536312849,0.5037037037037037,0.38006455263157896,86.69022222222223,0.5080058224163028
682987,Offspeed,213,0.49122807017543857,0.5087719298245614,0.3958333333333333,0.245495,84.81509433962266,0.27230046948356806
682988,Breaking,60,0.1875,0.8125,0.5454545454545454,0.3908753846153846,82.43043478260869,0.45
682988,Fastball,95,0.2619047619047619,0.7380952380952381,0.3157894736842105,0.3023257391304348,79.10714285714286,0.5263157894736842
682997,Breaking,134,0.3114754098360656,0.6885245901639344,0.32142857142857145,0.26508306666666664,78.8923076923077,0.44776119402985076
682997,Fastball,248,0.31690140845070425,0.6830985915492958,0.5283018867924528,0.2759681481481482,82.09647058823529,0.5443548387096774
682997,Offspeed,82,0.5,0.5,0.21739130434782608,0.1745909090909091,78.80909090909091,0.4268292682926829
682998,Breaking,698,0.2626582278481013,0.7373417721518987,0.43859649122807015,0.3330500756756757,85.1126168224299,0.4297994269340974
682998,Fastball,1572,0.29098966026587886,0.7090103397341212,0.5033112582781457,0.3505414670487106,86.03022222222222,0.48091603053435117
682998,Offspeed,402,0.2511013215859031,0.748898678414097,0.3949579831932773,0.3292384,84.79102564102564,0.4054726368159204
683002,Breaking,821,0.3012658227848101,0.6987341772151898,0.42424242424242425,0.27555903773584906,80.74863813229572,0.415347137637028
683002,Fastball,1508,0.1875,0.8125,0.3961661341853035,0.34933958309859153,83.12803030303029,0.5649867374005305
683002,Offspeed,509,0.24899598393574296,0.751004016064257,0.4146341463414634,0.32382268702290073,81.97117647058823,0.3280943025540275
683011,Breaking,300,0.27702702702702703,0.722972972972973,0.29411764705882354,0.2484168888888889,81.50196078431374,0.46
683011,Fastball,573,0.22134387351778656,0.7786561264822134,0.36363636363636365,0.33204600000000006,83.2891304347826,0.5427574171029669
683011,Offspeed,100,0.34782608695652173,0.6521739130434783,0.34782608695652173,0.2112173913043478,82.75555555555557,0.33
683021,Breaking,49,0.23529411764705882,0.7647058823529411,0.3333333333333333,0.24203799999999998,83.87692307692308,0.46938775510204084
683021,Fastball,101,0.043478260869565216,0.9565217391304348,0.6470588235294118,0.35656769230769225,80.5047619047619,0.5544554455445545
683083,Breaking,462,0.24083769633507854,0.7591623036649214,0.21782178217821782,0.24336616822429907,77.00763358778626,0.4675324675324675
683083,Fastball,1285,0.19769357495881384,0.8023064250411862,0.23715415019762845,0.2909527285714286,79.88430493273543,0.532295719844358
683083,Offspeed,294,0.2692307692307692,0.7307692307692308,0.2696629213483146,0.22148159090909092,77.3360824742268,0.4013605442176871
683090,Fastball,40,0.42105263157894735,0.5789473684210527,0.0,0.19076857142857143,83.75555555555555,0.45
683146,Breaking,559,0.3686274509803922,0.6313725490196078,0.28205128205128205,0.27376612698412706,81.61875,0.45080500894454384
683146,Fastball,1049,0.22574626865671643,0.7742537313432836,0.4406779661016949,0.3541041081081081,84.41465968586388,0.5710200190657769
683146,Offspeed,351,0.39880952380952384,0.6011904761904762,0.3116883116883117,0.2961131707317073,82.58181818181819,0.358974358974359
683227,Breaking,88,0.20588235294117646,0.7941176470588236,0.5294117647058824,0.301404380952381,70.99600000000001,0.3522727272727273
683227,Fastball,278,0.16101694915254236,0.8389830508474576,0.22807017543859648,0.19573762711864406,79.98297872340426,0.5575539568345323
683357,Breaking,440,0.44607843137254904,0.553921568627451,0.22772277227722773,0.2122209818181818,83.23195876288659,0.41818181818181815
683357,Fastball,709,0.25742574257425743,0.7425742574257426,0.48175182481751827,0.35795468354430376,82.89760765550238,0.5317348377997179
683357,Offspeed,254,0.4485294117647059,0.5514705882352942,0.5517241379310345,0.32200852459016394,77.0,0.3464566929133858
683679,Breaking,68,0.2727272727272727,0.7272727272727273,0.3333333333333333,0.20804222222222224,82.065,0.35294117647058826
683679,Fastball,131,0.19736842105263158,0.8026315789473684,0.5142857142857142,0.36271187878787875,82.58448275862068,0.6030534351145038
683734,Breaking,480,0.29375,0.70625,0.2222222222222222,0.2359448888888889,81.47289719626168,0.43333333333333335
683734,Fastball,750,0.11501597444089456,0.8849840255591055,0.5730994152046783,0.3767405894736842,85.64259259259259,0.5226666666666666
683734,Offspeed,191,0.3,0.7,0.38636363636363635,0.32197608695652175,84.18636363636364,0.3507853403141361
683737,Breaking,924,0.36857142857142855,0.6314285714285715,0.43037974683544306,0.3085950918918919,81.21675126903553,0.43506493506493504
683737,Fastball,1464,0.1426470588235294,0.8573529411764707,0.4319526627218935,0.37254429591836735,83.77767527675277,0.5484972677595629
683737,Offspeed,462,0.4413145539906103,0.5586854460093897,0.21100917431192662,0.2234492307692308,78.55545454545454,0.3203463203463203
683748,Breaking,244,0.26515151515151514,0.7348484848484849,0.421875,0.27147782352941174,83.76136363636364,0.4262295081967213
683748,Fastball,559,0.25165562913907286,0.7483443708609272,0.515625,0.34742684563758386,81.85545023696683,0.5241502683363148
683748,Offspeed,112,0.2647058823529412,0.7352941176470589,0.6052631578947368,0.38560526315789473,82.38367346938776,0.36607142857142855
683766,Breaking,231,0.38738738738738737,0.6126126126126126,0.31666666666666665,0.23338842105263155,79.84666666666666,0.3722943722943723
683766,Fastball,485,0.23465703971119134,0.7653429602888087,0.3383458646616541,0.25348472727272725,77.08717948717948,0.5422680412371134
683766,Offspeed,81,0.4489795918367347,0.5510204081632653,0.25,0.14711111111111108,70.27826086956522,0.2962962962962963
683953,Breaking,632,0.32599118942731276,0.6740088105726872,0.3700787401574803,0.22477740145985403,78.53846153846153,0.4462025316455696
683953,Fastball,1155,0.17412935323383086,0.8258706467661692,0.47368421052631576,0.3428352287581699,85.00418410041841,0.5437229437229437
683953,Offspeed,323,0.36363636363636365,0.6363636363636364,0.3770491803278688,0.26681014925373137,80.0338028169014,0.34365325077399383
685133,Breaking,325,0.2698412698412698,0.7301587301587302,0.2878787878787879,0.2873411830985915,79.64024390243902,0.44
685133,Fastball,655,0.12162162162162163,0.8783783783783784,0.4067796610169492,0.34169946798029555,82.90612244897959,0.5404580152671755
685133,Offspeed,239,0.3652173913043478,0.6347826086956522,0.43103448275862066,0.2558793103448276,78.81384615384614,0.4309623430962343
686217,Breaking,374,0.1419753086419753,0.8580246913580247,0.40229885057471265,0.25302022988505746,80.8216,0.48663101604278075
686217,Fastball,984,0.09134615384615384,0.9086538461538461,0.31140350877192985,0.2886219109311741,80.38848314606743,0.5447154471544715
686217,Offspeed,145,0.06153846153846154,0.9384615384615385,0.23684210526315788,0.28457588888888885,78.4574074074074,0.3586206896551724
686452,Breaking,165,0.3815789473684211,0.618421052631579,0.11904761904761904,0.2088550243902439,81.5439024390244,0.45454545454545453
686452,Fastball,366,0.13725490196078433,0.8627450980392157,0.2972972972972973,0.3076868292682927,78.35447154471544,0.5163934426229508
686452,Offspeed,97,0.3333333333333333,0.6666666666666667,0.34782608695652173,0.21678260869565216,74.25483870967743,0.3711340206185567
686469,Breaking,594,0.21686746987951808,0.7831325301204819,0.2972972972972973,0.306095305785124,82.58225806451613,0.4074074074074074
686469,Fastball,1048,0.09197651663405088,0.9080234833659491,0.42248062015503873,0.3438987361111111,85.78820861678004,0.5162213740458015
686469,Offspeed,276,0.25757575757575757,0.7424242424242424,0.5344827586206896,0.337660625,83.57340425531915,0.2898550724637681
686475,Breaking,156,0.38636363636363635,0.6136363636363636,0.5,0.2576863414634146,76.62127659574469,0.4358974358974359
686475,Fastball,309,0.18309859154929578,0.8169014084507042,0.3472222222222222,0.3135527894736842,79.19903846153846,0.5501618122977346
686475,Offspeed,82,0.5454545454545454,0.4545454545454546,0.35,0.26103454545454546,79.3941176470588,0.43902439024390244
686527,Breaking,650,0.36082474226804123,0.6391752577319587,0.47794117647058826,0.2872227692307692,82.18742857142857,0.4046153846153846
686527,Fastball,960,0.17880794701986755,0.8211920529801324,0.5523012552301255,0.4193122716981132,86.37225433526012,0.5364583333333334
686527,Offspeed,412,0.3116279069767442,0.6883720930232557,0.3944954128440367,0.31471768965517244,81.4695652173913,0.39563106796116504
686555,Breaking,432,0.3,0.7,0.34177215189873417,0.262208,80.83157894736843,0.4513888888888889
686555,Fastball,1306,0.15173674588665448,0.8482632541133455,0.33574007220216606,0.32205398787878786,81.67897196261684,0.5421133231240429
686555,Offspeed,347,0.3900709219858156,0.6099290780141844,0.23076923076923078,0.21144140425531915,83.69759036144578,0.37752161383285304
686611,Breaking,498,0.4675324675324675,0.5324675324675325,0.35294117647058826,0.29452430188679246,83.8125,0.42771084337349397
686611,Fastball,953,0.19653179190751446,0.8034682080924855,0.39920948616600793,0.3425409892473118,84.17551546391753,0.5183630640083945
686611,Offspeed,196,0.47115384615384615,0.5288461538461539,0.23529411764705882,0.21947657142857144,77.132,0.3673469387755102
686668,Breaking,270,0.3888888888888889,0.6111111111111112,0.2916666666666667,0.18156158730158728,80.65949367088608,0.4666666666666667
686668,Fastball,458,0.21161825726141079,0.7883817427385892,0.37168141592920356,0.29105225225225223,82.58857142857143,0.5589519650655022
686668,Offspeed,115,0.45714285714285713,0.5428571428571429,0.425,0.20734307692307688,81.24117647058826,0.3565217391304348
686681,Breaking,421,0.2946859903381642,0.7053140096618358,0.5568181818181818,0.32455872340425534,84.26821705426357,0.44655581947743467
686681,Fastball,963,0.14453125,0.85546875,0.42857142857142855,0.3130090774907749,83.3313725490196,0.5441329179646937
686681,Offspeed,257,0.22641509433962265,0.7735849056603774,0.2891566265060241,0.2661904761904762,83.43423423423422,0.3424124513618677
686765,Breaking,307,0.24545454545454545,0.7545454545454545,0.26229508196721313,0.24785230303030303,81.65384615384616,0.4495114006514658
686765,Fastball,594,0.15384615384615385,0.8461538461538461,0.4573643410852713,0.3370180263157894,82.2025,0.5387205387205387
686765,Offspeed,230,0.28125,0.71875,0.3333333333333333,0.3000352,75.92878787878787,0.34782608695652173
686780,Breaking,269,0.31386861313868614,0.6861313868613139,0.3,0.21907062686567166,80.52222222222223,0.4684014869888476
686780,Fastball,489,0.19327731092436976,0.8067226890756303,0.34782608695652173,0.3293642352941176,81.11874999999999,0.5276073619631901
686780,Offspeed,134,0.5151515151515151,0.48484848484848486,0.2,0.16076909090909092,82.35161290322581,0.34328358208955223
686797,Breaking,747,0.26370757180156656,0.7362924281984334,0.437125748502994,0.24803539884393067,82.9557251908397,0.4605087014725569
686797,Fastball,1135,0.14677419354838708,0.853225806451613,0.5068493150684932,0.32106726451612905,84.60665322580645,0.5444933920704845
686797,Offspeed,580,0.2532467532467532,0.7467532467532467,0.27972027972027974,0.2159486524822695,80.35896226415093,0.3586206896551724
686823,Fastball,66,0.05,0.95,0.0,0.205,81.62647058823529,0.5151515151515151
686894,Breaking,130,0.38181818181818183,0.6181818181818182,0.10714285714285714,0.16458080000000003,80.73793103448274,0.4307692307692308
686894,Fastball,219,0.24175824175824176,0.7582417582417582,0.7619047619047619,0.34057639024390246,83.03934426229507,0.4977168949771689
686894,Offspeed,55,0.32,0.6799999999999999,0.8666666666666667,0.4827349999999999,83.60000000000001,0.36363636363636365
686948,Breaking,720,0.3447368421052632,0.6552631578947368,0.4134078212290503,0.3038206666666667,83.03766233766234,0.42083333333333334
686948,Fastball,1372,0.1861152141802068,0.8138847858197932,0.5275862068965518,0.41874008722741435,85.54054054054055,0.5233236151603499
686948,Offspeed,360,0.2512820512820513,0.7487179487179487,0.4,0.34241438461538465,81.56641221374046,0.3277777777777778
687093,Breaking,559,0.29553264604810997,0.70446735395189,0.4,0.25452412195121954,81.48835978835979,0.43112701252236135
687093,Fastball,1011,0.16452991452991453,0.8354700854700855,0.43349753694581283,0.3576815294117647,82.78753387533875,0.5657764589515332
687093,Offspeed,221,0.2711864406779661,0.728813559322034,0.21666666666666667,0.2756745230769231,77.01851851851852,0.3891402714932127
687221,Breaking,270,0.3643410852713178,0.6356589147286822,0.671875,0.3732265507246377,86.0150684931507,0.42592592592592593
687221,Fastball,572,0.29213483146067415,0.7078651685393258,0.43333333333333335,0.34370581538461537,84.02068965517242,0.5262237762237763
687221,Offspeed,191,0.3711340206185567,0.6288659793814433,0.3191489361702128,0.27943983333333333,80.94561403508771,0.3612565445026178
687231,Breaking,198,0.32222222222222224,0.6777777777777778,0.35135135135135137,0.2750783783783784,76.88867924528302,0.4090909090909091
687231,Fastball,375,0.1925133689839572,0.8074866310160428,0.2962962962962963,0.2723766896551724,79.33758865248225,0.49066666666666664
687231,Offspeed,89,0.3333333333333333,0.6666666666666667,0.2,0.2182825806451613,73.39473684210526,0.3707865168539326
687263,Breaking,1062,0.4497153700189753,0.5502846299810247,0.3495575221238938,0.23630665020576133,79.40789473684211,0.3361581920903955
687263,Fastball,1338,0.2088235294117647,0.7911764705882353,0.5610561056105611,0.3943468070175439,85.68977955911824,0.5284005979073244
687263,Offspeed,454,0.4366812227074236,0.5633187772925764,0.23469387755102042,0.2512185945945946,81.54789915966387,0.33480176211453744
687282,Breaking,106,0.4098360655737705,0.5901639344262295,0.2857142857142857,0.16222727272727272,82.78571428571429,0.44339622641509435
687282,Fastball,180,0.2079207920792079,0.7920792079207921,0.2619047619047619,0.22560145454545452,83.84857142857142,0.55
687282,Offspeed,58,0.3888888888888889,0.6111111111111112,0.3333333333333333,0.20705,84.78333333333333,0.3448275862068966
687363,Breaking,219,0.3,0.7,0.24561403508771928,0.24687915789473683,74.67611940298507,0.4977168949771689
687363,Fastball,438,0.1932367149758454,0.8067632850241546,0.2653061224489796,0.2878944,78.53557046979866,0.58675799086758
687363,Offspeed,98,0.40540540540540543,0.5945945945945945,0.21739130434782608,0.21898800000000002,72.88636363636364,0.3469387755102041
687401,Breaking,520,0.2727272727272727,0.7272727272727273,0.42276422764227645,0.23208311475409837,82.93767123287672,0.4346153846153846
687401,Fastball,981,0.14912280701754385,0.8508771929824561,0.4125560538116592,0.34319359999999993,83.94918032786886,0.5443425076452599
687401,Offspeed,166,0.31645569620253167,0.6835443037974683,0.23684210526315788,0.18753405405405407,76.89166666666667,0.3253012048192771
687462,Breaking,534,0.21100917431192662,0.7889908256880733,0.3247863247863248,0.2761374193548387,81.5469512195122,0.46254681647940077
687462,Fastball,1070,0.1346578366445916,0.8653421633554084,0.3722943722943723,0.3265454962962963,82.18548812664908,0.5121495327102804
687462,Offspeed,254,0.19791666666666666,0.8020833333333334,0.3877551020408163,0.30691960784313727,80.90675675675676,0.37401574803149606
687515,Breaking,135,0.37037037037037035,0.6296296296296297,0.41304347826086957,0.2551018604651163,84.80434782608695,0.4222222222222222
687515,Fastball,248,0.30405405405405406,0.6959459459459459,0.42857142857142855,0.272402693877551,82.09222222222222,0.5645161290322581
687515,Offspeed,98,0.36065573770491804,0.639344262295082,0.11538461538461539,0.19339851851851855,81.52903225806452,0.35714285714285715
687529,Breaking,126,0.5,0.5,0.20689655172413793,0.22204758620689655,80.64137931034485,0.35714285714285715
687529,Fastball,227,0.21505376344086022,0.7849462365591398,0.3953488372093023,0.3606749019607844,78.0353846153846,0.5374449339207048
687529,Offspeed,50,0.4666666666666667,0.5333333333333333,0.0,0.085,80.21666666666667,0.2
687551,Breaking,428,0.25842696629213485,0.7415730337078652,0.4157303370786517,0.31099255913978496,80.34789915966387,0.47897196261682246
687551,Fastball,911,0.1774193548387097,0.8225806451612903,0.40487804878048783,0.35364077922077924,81.75033557046979,0.5192096597145993
687551,Offspeed,270,0.3008130081300813,0.6991869918699187,0.3559322033898305,0.2964753333333333,77.40246913580248,0.3925925925925926
687597,Breaking,284,0.38095238095238093,0.6190476190476191,0.3181818181818182,0.26376645161290324,82.38,0.426056338028169
687597,Fastball,379,0.2074468085106383,0.7925531914893618,0.3372093023255814,0.25389951807228917,80.62700729927009,0.5329815303430079
687597,Offspeed,110,0.45714285714285713,0.5428571428571429,0.23333333333333334,0.18438444444444443,74.18787878787879,0.33636363636363636
687605,Breaking,40,0.5833333333333334,0.41666666666666663,0.25,0.2524732,80.5,0.5
687605,Fastball,52,0.19230769230769232,0.8076923076923077,0.7142857142857143,0.348125,89.97,0.6153846153846154
687637,Breaking,424,0.31543624161073824,0.6845637583892618,0.3333333333333333,0.23552712500000003,81.73548387096774,0.42452830188679247
687637,Fastball,836,0.20466321243523317,0.7953367875647668,0.3783783783783784,0.32367533980582525,82.6704861111111,0.5992822966507177
687637,Offspeed,258,0.3431372549019608,0.6568627450980392,0.39622641509433965,0.2917913793103448,78.7328125,0.2868217054263566
687749,Breaking,106,0.5161290322580645,0.4838709677419355,0.28125,0.2516328275862069,82.27083333333333,0.42452830188679247
687749,Fastball,226,0.22018348623853212,0.7798165137614679,0.3090909090909091,0.26467576923076924,79.3,0.5
687749,Offspeed,59,0.5142857142857142,0.48571428571428577,0.3157894736842105,0.15259999999999999,96.0076923076923,0.4067796610169492
687859,Breaking,476,0.2733812949640288,0.7266187050359711,0.47761194029850745,0.28451841134751776,81.94836956521739,0.43487394957983194
687859,Fastball,940,0.23234624145785876,0.7676537585421412,0.3945945945945946,0.35710921904761905,82.74006211180124,0.5170212765957447
687859,Offspeed,257,0.25477707006369427,0.7452229299363058,0.38636363636363635,0.28958441379310346,82.25309734513273,0.4046692607003891
687952,Breaking,214,0.35294117647058826,0.6470588235294117,0.391304347826087,0.26000336,82.3280487804878,0.37850467289719625
687952,Fastball,484,0.23722627737226276,0.7627737226277372,0.56,0.3493076296296296,81.88031088082903,0.5289256198347108
687952,Offspeed,94,0.35384615384615387,0.6461538461538461,0.6538461538461539,0.45895471428571427,82.02250000000001,0.2978723404255319
687957,Breaking,162,0.3333333333333333,0.6666666666666667,0.28125,0.25966,80.90714285714286,0.3888888888888889
687957,Fastball,265,0.0873015873015873,0.9126984126984127,0.35294117647058826,0.3408907179487179,81.68636363636364,0.5509433962264151
687957,Offspeed,93,0.2727272727272727,0.7272727272727273,0.6333333333333333,0.3040967741935484,75.32368421052631,0.46236559139784944
688363,Breaking,162,0.28205128205128205,0.717948717948718,0.3157894736842105,0.15886411764705882,77.925,0.4506172839506173
688363,Fastball,357,0.17575757575757575,0.8242424242424242,0.4,0.2901265747126437,82.33749999999999,0.5658263305322129
688363,Offspeed,132,0.2698412698412698,0.7301587301587302,0.2962962962962963,0.2005925925925926,75.92045454545455,0.25
689172,Fastball,46,0.23809523809523808,0.7619047619047619,0.8,0.0,84.11333333333333,0.5869565217391305
689414,Breaking,602,0.1921182266009852,0.8078817733990148,0.4336283185840708,0.3019809375,80.34248366013071,0.4318936877076412
689414,Fastball,1122,0.05138339920948617,0.9486166007905138,0.4146341463414634,0.33589781931464174,80.42304347826087,0.5374331550802139
689414,Offspeed,354,0.22012578616352202,0.779874213836478,0.4318181818181818,0.29266165217391304,79.9637168141593,0.3248587570621469
690022,Fastball,83,0.26666666666666666,0.7333333333333334,0.6842105263157895,0.1747975,84.07692307692308,0.5542168674698795
690291,Fastball,55,0.08695652173913043,0.9130434782608696,0.2727272727272727,0.5047200000000001,84.11578947368422,0.5818181818181818
690924,Breaking,122,0.4482758620689655,0.5517241379310345,0.09375,0.08975,78.45333333333335,0.45901639344262296
690924,Fastball,213,0.2608695652173913,0.7391304347826086,0.5,0.29951820408163266,81.62272727272726,0.4694835680751174
690976,Breaking,334,0.4051724137931034,0.5948275862068966,0.25757575757575757,0.2816544109589041,84.67121212121212,0.44610778443113774
690976,Fastball,632,0.19133574007220217,0.8086642599277978,0.4122137404580153,0.32831217391304346,83.53428571428572,0.555379746835443
690976,Offspeed,222,0.39759036144578314,0.6024096385542168,0.1836734693877551,0.24952188679245282,80.48695652173915,0.3108108108108108
690984,Breaking,183,0.27102803738317754,0.7289719626168225,0.23404255319148937,0.2237088163265306,79.60945945945946,0.366120218579235
690984,Fastball,395,0.2894736842105263,0.7105263157894737,0.37755102040816324,0.32216563809523807,79.33266666666665,0.5417721518987342
690984,Offspeed,84,0.1320754716981132,0.8679245283018868,0.28125,0.3068666666666667,77.29130434782608,0.38095238095238093
690993,Breaking,388,0.3381294964028777,0.6618705035971223,0.47058823529411764,0.3758270804597701,86.21785714285714,0.41494845360824745
690993,Fastball,913,0.13493975903614458,0.8650602409638555,0.39351851851851855,0.35641750649350645,84.67851002865329,0.5750273822562979
690993,Offspeed,385,0.3567567567567568,0.6432432432432432,0.37755102040816324,0.24300138613861383,80.93603603603603,0.4077922077922078
691002,Breaking,69,0.2647058823529412,0.7352941176470589,0.5,0.36566666666666664,82.33333333333333,0.42028985507246375
691002,Fastball,91,0.3958333333333333,0.6041666666666667,0.6190476190476191,0.26804761904761903,86.97777777777776,0.5384615384615384
691011,Breaking,222,0.3434343434343434,0.6565656565656566,0.2727272727272727,0.2376456923076923,79.11290322580645,0.4144144144144144
691011,Fastball,332,0.20652173913043478,0.7934782608695652,0.3977272727272727,0.32334989690721644,81.21205673758865,0.5030120481927711
691011,Offspeed,193,0.4411764705882353,0.5588235294117647,0.12,0.17271423076923076,76.99361702127659,0.38341968911917096
691016,Breaking,531,0.36231884057971014,0.6376811594202898,0.5360824742268041,0.2994928,83.81344537815126,0.4105461393596987
691016,Fastball,941,0.14680851063829786,0.8531914893617021,0.49411764705882355,0.36104689752650176,84.99010695187167,0.5536663124335813
691016,Offspeed,307,0.3161764705882353,0.6838235294117647,0.2777777777777778,0.21492,82.14642857142856,0.3322475570032573
691019,Breaking,206,0.42028985507246375,0.5797101449275363,0.175,0.22846139130434787,78.81500000000001,0.34951456310679613
691019,Fastball,334,0.3160919540229885,0.6839080459770115,0.5072463768115942,0.3854664,82.06542056074767,0.5059880239520959
691019,Offspeed,72,0.42857142857142855,0.5714285714285714,0.1,0.22014666666666668,75.06666666666666,0.2777777777777778
691023,Breaking,904,0.3788187372708758,0.6211812627291242,0.4034334763948498,0.2898333891213389,83.97957746478873,0.39823008849557523
691023,Fastball,1259,0.24646781789638933,0.7535321821036107,0.490625,0.3654349799426934,86.00045146726862,0.5321683876092137
691023,Offspeed,274,0.4722222222222222,0.5277777777777778,0.582089552238806,0.38362216216216216,88.9469696969697,0.3467153284671533
691026,Breaking,693,0.3007246376811594,0.6992753623188406,0.32298136645962733,0.25915770454545456,79.01270718232044,0.42424242424242425
691026,Fastball,1305,0.18691588785046728,0.8130841121495327,0.3082706766917293,0.3242925016949153,83.3024154589372,0.5616858237547893
691026,Offspeed,214,0.3473684210526316,0.6526315789473685,0.30357142857142855,0.2693267796610169,82.53620689655173,0.35514018691588783
691176,Breaking,180,0.24719101123595505,0.752808988764045,0.5675675675675675,0.29501978378378374,84.34603174603176,0.46111111111111114
691176,Fastball,486,0.17721518987341772,0.8227848101265822,0.3,0.30104147692307687,83.34324324324325,0.5041152263374485
691176,Offspeed,209,0.3728813559322034,0.6271186440677966,0.4642857142857143,0.2545543396226415,79.54927536231885,0.33014354066985646
691181,Breaking,54,0.3684210526315789,0.631578947368421,0.375,0.250625,85.70909090909092,0.5
691181,Fastball,81,0.16666666666666666,0.8333333333333334,0.6190476190476191,0.5130058333333333,85.59032258064516,0.5679012345679012
691181,Offspeed,43,0.5769230769230769,0.42307692307692313,0.125,0.16625,81.28,0.3488372093023256
691182,Breaking,90,0.15,0.85,0.42857142857142855,0.1815970434782609,77.15333333333335,0.5
691182,Fastball,209,0.13761467889908258,0.8623853211009174,0.574468085106383,0.33164000000000005,79.78901098901099,0.5741626794258373
691182,Offspeed,53,0.2,0.8,0.23076923076923078,0.1914557142857143,75.86363636363636,0.37735849056603776
691277,Breaking,44,0.3333333333333333,0.6666666666666667,0.2727272727272727,0.1740909090909091,84.00714285714287,0.38636363636363635
691277,Fastball,79,0.14705882352941177,0.8529411764705882,0.16666666666666666,0.2473343157894737,84.99615384615387,0.5822784810126582
691373,Breaking,82,0.4897959183673469,0.5102040816326531,0.05,0.12111111111111111,80.42916666666666,0.4024390243902439
691373,Fastball,114,0.29577464788732394,0.704225352112676,0.28125,0.3185618571428571,76.89574468085107,0.5
691406,Breaking,948,0.30504587155963303,0.694954128440367,0.4700854700854701,0.3107888925619835,83.86879432624113,0.37869198312236285
691406,Fastball,1366,0.16946308724832215,0.8305369127516778,0.5913621262458472,0.402319325443787,88.42309368191721,0.4978038067349927
691406,Offspeed,417,0.3386243386243386,0.6613756613756614,0.3953488372093023,0.36205943434343435,85.27586206896552,0.34292565947242204
691458,Breaking,245,0.2689075630252101,0.73109243697479,0.38461538461538464,0.3579195,82.09367088607596,0.44081632653061226
691458,Fastball,392,0.16203703703703703,0.837962962962963,0.3465346534653465,0.2821747407407407,82.29941176470588,0.5433673469387755
691458,Offspeed,85,0.25,0.75,0.47058823529411764,0.36205882352941177,82.79743589743589,0.4117647058823529
691594,Breaking,521,0.16981132075471697,0.8301886792452831,0.4225352112676056,0.2317595862068966,79.95188679245283,0.4107485604606526
691594,Fastball,958,0.08731808731808732,0.9126819126819127,0.5,0.3331347368421053,83.09261904761905,0.5260960334029228
691594,Offspeed,189,0.140625,0.859375,0.38571428571428573,0.27002202898550726,77.97596153846153,0.4126984126984127
691718,Breaking,876,0.30982905982905984,0.6901709401709402,0.5228426395939086,0.3541547102803738,82.77674418604653,0.386986301369863
691718,Fastball,1566,0.2313937753721245,0.7686062246278755,0.567398119122257,0.36721220266666665,84.1496138996139,0.5446998722860792
691718,Offspeed,480,0.27099236641221375,0.7290076335877862,0.6206896551724138,0.4251431746031746,84.21920903954803,0.32083333333333336
691720,Breaking,688,0.42528735632183906,0.5747126436781609,0.22580645161290322,0.2613748251748252,78.93161764705883,0.3633720930232558
691720,Fastball,1042,0.12550607287449392,0.8744939271255061,0.5381526104417671,0.37359812363636363,85.38626506024097,0.5393474088291746
691720,Offspeed,215,0.3584905660377358,0.6415094339622642,0.2857142857142857,0.33192122448979594,77.84406779661016,0.3627906976744186
691723,Breaking,768,0.38461538461538464,0.6153846153846154,0.4235294117647059,0.2582187514450867,83.10449999999999,0.4309895833333333
691723,Fastball,938,0.19298245614035087,0.8070175438596492,0.494949494949495,0.40407623214285715,85.6906432748538,0.535181236673774
691723,Offspeed,236,0.43636363636363634,0.5636363636363637,0.43636363636363634,0.30737754385964916,80.67966101694914,0.3305084745762712
691728,Breaking,63,0.3170731707317073,0.6829268292682926,0.6875,0.362,80.29545454545455,0.31746031746031744
691728,Fastball,194,0.4117647058823529,0.5882352941176471,0.3023255813953488,0.23051591836734697,80.49272727272728,0.42783505154639173
691728,Offspeed,45,0.52,0.48,0.6,0.30803454545454545,83.94166666666668,0.35555555555555557
691740,Breaking,198,0.33962264150943394,0.6603773584905661,0.375,0.2513215319148936,80.78461538461538,0.35353535353535354
691740,Fastball,329,0.13513513513513514,0.8648648648648649,0.3614457831325301,0.3149661123595506,81.88199999999999,0.5775075987841946
691740,Offspeed,98,0.3559322033898305,0.6440677966101696,0.5416666666666666,0.31617391304347825,77.6909090909091,0.30612244897959184
691777,Breaking,388,0.398989898989899,0.601010101010101,0.25263157894736843,0.21448684536082474,81.5867924528302,0.4381443298969072
691777,Fastball,640,0.24115755627009647,0.7588424437299035,0.5869565217391305,0.34934075675675674,83.75492957746481,0.4953125
691777,Offspeed,144,0.45454545454545453,0.5454545454545454,0.13157894736842105,0.23496748717948718,85.41351351351352,0.4166666666666667
691781,Breaking,440,0.33014354066985646,0.6698564593301435,0.46551724137931033,0.316417,83.1651515151515,0.4022727272727273
691781,Fastball,736,0.2572944297082228,0.7427055702917772,0.38857142857142857,0.3475743068783068,84.94846153846153,0.5203804347826086
691781,Offspeed,144,0.4,0.6,0.25,0.3087278,80.36666666666666,0.2847222222222222
691783,Breaking,184,0.30985915492957744,0.6901408450704225,0.2222222222222222,0.20585915151515152,79.8674418604651,0.32608695652173914
691783,Fastball,329,0.25308641975308643,0.7469135802469136,0.5357142857142857,0.32866195348837207,83.1438596491228,0.5683890577507599
691783,Offspeed,80,0.3157894736842105,0.6842105263157895,0.6923076923076923,0.4635947692307693,79.84,0.375
691785,Breaking,282,0.36220472440944884,0.6377952755905512,0.2857142857142857,0.22854222857142859,86.81780821917806,0.41134751773049644
691785,Fastball,448,0.15510204081632653,0.8448979591836735,0.3644067796610169,0.2914605309734513,81.73064516129033,0.5535714285714286
691785,Offspeed,251,0.4017094017094017,0.5982905982905983,0.1346153846153846,0.2213375,78.30588235294117,0.398406374501992
691788,Breaking,408,0.32085561497326204,0.679144385026738,0.3118279569892473,0.2519861782178218,79.13333333333334,0.4534313725490196
691788,Fastball,611,0.14754098360655737,0.8524590163934427,0.5099337748344371,0.3374481212121212,84.157805907173,0.563011456628478
691788,Offspeed,262,0.41935483870967744,0.5806451612903225,0.2711864406779661,0.23613966666666666,79.43636363636364,0.38549618320610685
691858,Fastball,76,0.25,0.75,0.2222222222222222,0.16116899999999998,82.66666666666667,0.4868421052631579
691907,Breaking,48,0.375,0.625,0.3333333333333333,0.236,75.53333333333335,0.5208333333333334
691907,Fastball,112,0.375,0.625,0.24,0.33259,80.41785714285713,0.48214285714285715
692216,Breaking,45,0.5,0.5,0.3,0.1037975,78.57777777777778,0.3111111111111111
692216,Fastball,114,0.21212121212121213,0.7878787878787878,0.4583333333333333,0.36098213333333334,85.675,0.543859649122807
693304,Breaking,643,0.2834890965732087,0.7165109034267914,0.42168674698795183,0.3234963976608187,80.71441860465117,0.4199066874027994
693304,Fastball,1347,0.18169398907103826,0.8183060109289617,0.3761194029850746,0.33825868131868125,82.6847670250896,0.5352635486265775
693304,Offspeed,262,0.3381294964028777,0.6618705035971223,0.31666666666666665,0.268498,78.73372093023256,0.36259541984732824
693307,Breaking,688,0.3161290322580645,0.6838709677419355,0.4968944099378882,0.29141668292682926,83.6046875,0.4258720930232558
693307,Fastball,1414,0.14053254437869822,0.8594674556213018,0.49382716049382713,0.3902574700854701,83.51582867783985,0.5212164073550212
693307,Offspeed,312,0.34806629834254144,0.6519337016574586,0.2926829268292683,0.25433130232558143,81.11047619047618,0.34294871794871795
693409,Fastball,66,0.09375,0.90625,0.045454545454545456,0.27297181818181815,83.93571428571428,0.5303030303030303
693459,Fastball,59,0.36363636363636365,0.6363636363636364,0.08333333333333333,0.18487599999999998,83.42941176470588,0.5932203389830508
694025,Breaking,50,0.3448275862068966,0.6551724137931034,0.3125,0.14246666666666666,85.14736842105262,0.42
694025,Fastball,64,0.13157894736842105,0.868421052631579,0.4782608695652174,0.31252941176470594,87.11,0.5
694192,Breaking,725,0.3113207547169811,0.6886792452830188,0.3860759493670886,0.2843915527950311,81.30439024390245,0.40413793103448276
694192,Fastball,1253,0.22833333333333333,0.7716666666666667,0.5205479452054794,0.37595299378881986,86.82488479262673,0.5211492418196328
694192,Offspeed,242,0.2391304347826087,0.7608695652173914,0.5131578947368421,0.3071152631578947,82.42040816326531,0.41735537190082644
694197,Breaking,139,0.39285714285714285,0.6071428571428572,0.37037037037037035,0.22726758620689652,84.64838709677419,0.34532374100719426
694197,Fastball,283,0.1678832116788321,0.8321167883211679,0.2857142857142857,0.322865023255814,86.4355140186916,0.5477031802120141
694197,Offspeed,89,0.24242424242424243,0.7575757575757576,0.21052631578947367,0.226769,86.13478260869566,0.2696629213483146
694203,Breaking,350,0.2918918918918919,0.7081081081081081,0.2727272727272727,0.24656484210526314,77.05118110236221,0.3942857142857143
694203,Fastball,638,0.2073170731707317,0.7926829268292683,0.3841059602649007,0.29583707006369425,81.42489451476794,0.5611285266457681
694203,Offspeed,133,0.4235294117647059,0.5764705882352941,0.2926829268292683,0.17836586046511632,79.80833333333334,0.43609022556390975
694208,Breaking,418,0.33649289099526064,0.6635071090047393,0.3163265306122449,0.26947425742574255,83.3765625,0.41148325358851673
694208,Fastball,722,0.2579787234042553,0.7420212765957447,0.41358024691358025,0.299767816091954,83.23954372623574,0.4598337950138504
694208,Offspeed,264,0.25806451612903225,0.7419354838709677,0.3235294117647059,0.3002798873239437,80.87586206896552,0.3977272727272727
694212,Breaking,533,0.3935018050541516,0.6064981949458483,0.3277310924369748,0.2761036615384616,82.6,0.3789868667917448
694212,Fastball,736,0.24736842105263157,0.7526315789473684,0.43820224719101125,0.34285100529100526,84.85114503816794,0.5122282608695652
694212,Offspeed,255,0.29285714285714287,0.7071428571428571,0.5454545454545454,0.3294751578947368,85.18876404494382,0.3333333333333333
694249,Breaking,418,0.37640449438202245,0.6235955056179776,0.4805194805194805,0.2709254117647059,82.37766990291261,0.35406698564593303
694249,Fastball,753,0.17567567567567569,0.8243243243243243,0.47540983606557374,0.32465540000000004,82.23691860465117,0.5564409030544488
694249,Offspeed,282,0.31125827814569534,0.6887417218543046,0.4657534246575342,0.3332064935064935,80.00967741935483,0.31560283687943264
694362,Breaking,178,0.37209302325581395,0.627906976744186,0.3541666666666667,0.22977816666666664,83.97954545454546,0.46629213483146065
694362,Fastball,325,0.14666666666666667,0.8533333333333333,0.3875,0.3302591904761905,79.93063063063063,0.5415384615384615
694362,Offspeed,52,0.34782608695652173,0.6521739130434783,0.4666666666666667,0.18233625,67.85000000000001,0.4423076923076923
694371,Breaking,218,0.37894736842105264,0.6210526315789473,0.0975609756097561,0.22292266666666669,74.766,0.42660550458715596
694371,Fastball,292,0.13333333333333333,0.8666666666666667,0.47297297297297297,0.3571834146341463,81.5880733944954,0.541095890410959
694371,Offspeed,64,0.4642857142857143,0.5357142857142857,0.46153846153846156,0.2529557142857143,78.74,0.4375
694374,Breaking,497,0.37272727272727274,0.6272727272727272,0.3333333333333333,0.25276282828282826,79.65634920634922,0.42857142857142855
694374,Fastball,793,0.1970074812967581,0.8029925187032418,0.375,0.344318391959799,83.00207612456748,0.5081967213114754
694374,Offspeed,165,0.4157303370786517,0.5842696629213483,0.6,0.3400595,85.0891304347826,0.3939393939393939
694376,Breaking,166,0.3048780487804878,0.6951219512195121,0.275,0.27543942857142856,77.95384615384614,0.40963855421686746
694376,Fastball,262,0.2204724409448819,0.7795275590551181,0.4090909090909091,0.30111156250000004,83.1311111111111,0.5267175572519084
694376,Offspeed,56,0.5172413793103449,0.48275862068965514,0.21052631578947367,0.06633333333333333,74.61538461538461,0.4107142857142857
694377,Breaking,154,0.2830188679245283,0.7169811320754718,0.2222222222222222,0.21857377777777778,83.18611111111112,0.37662337662337664
694377,Fastball,294,0.18452380952380953,0.8154761904761905,0.3283582089552239,0.3401943384615384,82.2968253968254,0.5816326530612245
694377,Offspeed,98,0.30612244897959184,0.6938775510204082,0.21428571428571427,0.22774999999999998,79.95454545454545,0.35714285714285715
694378,Breaking,216,0.21238938053097345,0.7876106194690266,0.48,0.32670692307692306,80.52000000000001,0.4398148148148148
694378,Fastball,488,0.19852941176470587,0.8014705882352942,0.33980582524271846,0.3282056842105263,81.85522388059702,0.5450819672131147
694378,Offspeed,165,0.22772277227722773,0.7722772277227723,0.3148148148148148,0.24702555555555558,79.86197183098591,0.43636363636363634
694384,Breaking,485,0.2651162790697674,0.7348837209302326,0.42990654205607476,0.3190742564102564,80.84078947368421,0.4309278350515464
694384,Fastball,973,0.08413461538461539,0.9158653846153846,0.3739130434782609,0.3595748015564202,82.72195121951219,0.5477903391572456
694384,Offspeed,296,0.2537313432835821,0.7462686567164178,0.3125,0.2691642253521127,78.13402061855669,0.38175675675675674
694388,Breaking,184,0.3707865168539326,0.6292134831460674,0.2857142857142857,0.2367134736842105,79.35714285714286,0.41847826086956524
694388,Fastball,268,0.25925925925925924,0.7407407407407407,0.36065573770491804,0.3240534375,84.91052631578947,0.5746268656716418
694388,Offspeed,89,0.3684210526315789,0.631578947368421,0.2777777777777778,0.31335999999999997,76.12727272727274,0.3595505617977528
694410,Breaking,83,0.2222222222222222,0.7777777777777778,0.25,0.4061414545454545,83.86923076923077,0.4578313253012048
694410,Fastball,126,0.10909090909090909,0.8909090909090909,0.4482758620689655,0.20572896551724135,82.80681818181817,0.6190476190476191
694497,Breaking,495,0.4021164021164021,0.5978835978835979,0.2653061224489796,0.24031544444444444,79.78796296296295,0.43434343434343436
694497,Fastball,1002,0.20823798627002288,0.7917620137299771,0.35,0.3162238387096774,80.03827160493827,0.5788423153692615
694497,Offspeed,388,0.39622641509433965,0.6037735849056604,0.2375,0.22085103448275858,77.34698795180724,0.38917525773195877
694514,Breaking,79,0.4358974358974359,0.5641025641025641,0.17647058823529413,0.23900419999999997,81.34090909090911,0.4050632911392405
694514,Fastball,177,0.20652173913043478,0.7934782608695652,0.43478260869565216,0.32398984,83.58955223880596,0.5254237288135594
694514,Offspeed,54,0.4782608695652174,0.5217391304347826,0.4,0.25472999999999996,63.92857142857143,0.24074074074074073
694671,Breaking,565,0.27099236641221375,0.7290076335877862,0.5181818181818182,0.3394470322580645,81.61767955801105,0.4407079646017699
694671,Fastball,1130,0.2,0.8,0.39147286821705424,0.3240931567944251,85.27539267015706,0.5300884955752212
694671,Offspeed,247,0.40336134453781514,0.5966386554621849,0.41509433962264153,0.24935927272727273,83.52769230769229,0.3441295546558704
694673,Breaking,163,0.2727272727272727,0.7272727272727273,0.3783783783783784,0.24874684210526316,85.45961538461539,0.44171779141104295
694673,Fastball,310,0.17391304347826086,0.8260869565217391,0.3384615384615385,0.2956988235294118,84.37603305785125,0.5225806451612903
694673,Offspeed,125,0.3230769230769231,0.676923076923077,0.32142857142857145,0.24073724137931032,86.76511627906977,0.336
694728,Breaking,320,0.39344262295081966,0.6065573770491803,0.2459016393442623,0.17978896551724136,80.17833333333333,0.415625
694728,Fastball,586,0.3192982456140351,0.6807017543859649,0.46875,0.3413157352941177,80.74885057471265,0.552901023890785
694728,Offspeed,118,0.4827586206896552,0.5172413793103448,0.08823529411764706,0.08883942857142858,76.96666666666665,0.3898305084745763
694876,Fastball,53,0.14285714285714285,0.8571428571428572,0.1,0.24054923076923077,83.92666666666668,0.6792452830188679
695020,Fastball,78,0.30303030303030304,0.696969696969697,0.3125,0.3722073333333333,84.0909090909091,0.4230769230769231
695238,Breaking,43,0.14285714285714285,0.8571428571428572,0.125,0.25007599999999996,78.05,0.37209302325581395
695238,Fastball,95,0.08108108108108109,0.9189189189189189,0.3888888888888889,0.38838639999999996,77.17419354838708,0.5157894736842106
695257,Breaking,81,0.35294117647058826,0.6470588235294117,0.25925925925925924,0.1457676,78.11428571428571,0.4691358024691358
695257,Fastball,133,0.3684210526315789,0.631578947368421,0.21875,0.1868152,81.74883720930232,0.6390977443609023
695336,Breaking,213,0.3389830508474576,0.6610169491525424,0.35714285714285715,0.2878445614035087,81.47333333333333,0.4272300469483568
695336,Fastball,474,0.24675324675324675,0.7532467532467533,0.3723404255319149,0.31480702912621356,84.55605095541401,0.5295358649789029
695336,Offspeed,52,0.2962962962962963,0.7037037037037037,0.4117647058823529,0.37195571428571433,88.58888888888889,0.28846153846153844
695391,Breaking,58,0.2962962962962963,0.7037037037037037,0.2727272727272727,0.31156239999999996,78.28235294117648,0.4482758620689655
695391,Fastball,98,0.2608695652173913,0.7391304347826086,0.16666666666666666,0.22287538461538461,80.59354838709676,0.5510204081632653
695490,Breaking,182,0.40404040404040403,0.595959595959596,0.2222222222222222,0.211624,82.77499999999999,0.4340659340659341
695490,Fastball,282,0.15432098765432098,0.845679012345679,0.2463768115942029,0.3367061081081081,83.14112903225806,0.5638297872340425
695490,Offspeed,119,0.35064935064935066,0.6493506493506493,0.3142857142857143,0.2799817647058823,83.01282051282051,0.3445378151260504
695491,Breaking,143,0.38028169014084506,0.619718309859155,0.6,0.37073066666666665,85.55365853658537,0.46853146853146854
695491,Fastball,188,0.3177570093457944,0.6822429906542056,0.46296296296296297,0.29231294915254236,85.03235294117647,0.574468085106383
695491,Offspeed,51,0.40625,0.59375,0.5,0.20074999999999998,83.92777777777776,0.29411764705882354
695506,Breaking,673,0.36065573770491804,0.639344262295082,0.5363128491620112,0.3604995721925134,86.1206572769953,0.3789004457652303
695506,Fastball,948,0.23745173745173745,0.7625482625482626,0.4583333333333333,0.3646393076923077,85.13619302949061,0.5316455696202531
695506,Offspeed,353,0.31746031746031744,0.6825396825396826,0.4782608695652174,0.32042498969072164,86.8869918699187,0.34560906515580736
695508,Breaking,67,0.43333333333333335,0.5666666666666667,0.1875,0.25816070588235296,80.06470588235294,0.4925373134328358
695508,Fastball,154,0.3142857142857143,0.6857142857142857,0.41935483870967744,0.18395647058823528,77.45116279069767,0.5064935064935064
695578,Breaking,942,0.4273255813953488,0.5726744186046512,0.44148936170212766,0.3509428792270531,86.38514285714287,0.4150743099787686
695578,Fastball,1311,0.18962075848303392,0.810379241516966,0.5808823529411765,0.45579677419354836,89.546529562982,0.5255530129672006
695578,Offspeed,447,0.3872832369942196,0.6127167630057804,0.33783783783783783,0.34854738461538465,82.98936170212765,0.3713646532438479
695600,Breaking,753,0.3194444444444444,0.6805555555555556,0.40425531914893614,0.29592382352941177,83.45450643776823,0.44754316069057104
695600,Fastball,1410,0.297029702970297,0.7029702970297029,0.4907749077490775,0.32619288745980707,84.38908629441624,0.5226950354609929
695600,Offspeed,368,0.2484472049689441,0.7515527950310559,0.46835443037974683,0.34323858823529413,81.65714285714284,0.328804347826087
695657,Breaking,791,0.4607329842931937,0.5392670157068062,0.27741935483870966,0.24992305325443787,85.49623655913977,0.4247787610619469
695657,Fastball,1416,0.31989247311827956,0.6801075268817205,0.4331395348837209,0.3144254623655914,82.79700214132761,0.5233050847457628
695657,Offspeed,320,0.4166666666666667,0.5833333333333333,0.46987951807228917,0.30368209302325583,82.90795454545454,0.33125
695670,Breaking,159,0.3103448275862069,0.6896551724137931,0.45161290322580644,0.2817688235294118,81.99189189189188,0.4088050314465409
695670,Fastball,303,0.20300751879699247,0.7969924812030076,0.32142857142857145,0.32394547058823525,78.60408163265306,0.5643564356435643
695670,Offspeed,61,0.3548387096774194,0.6451612903225806,0.16666666666666666,0.10166666666666668,73.03529411764706,0.36065573770491804
695681,Breaking,168,0.4268292682926829,0.5731707317073171,0.23255813953488372,0.16523255813953489,79.4048780487805,0.4583333333333333
695681,Fastball,361,0.24607329842931938,0.7539267015706806,0.36,0.3169930120481928,82.47751937984495,0.5484764542936288
695681,Offspeed,55,0.56,0.43999999999999995,0.0,0.13554575,72.67999999999999,0.3090909090909091
695720,Breaking,223,0.3275862068965517,0.6724137931034483,0.20689655172413793,0.2604561403508772,77.93698630136986,0.3811659192825112
695720,Fastball,429,0.16883116883116883,0.8311688311688312,0.3611111111111111,0.33817339449541284,82.48636363636363,0.5268065268065268
695720,Offspeed,81,0.3,0.7,0.42857142857142855,0.18523076923076925,80.15806451612903,0.345679012345679
695731,Breaking,376,0.33532934131736525,0.6646706586826348,0.2857142857142857,0.3136752183908046,81.43592233009709,0.4122340425531915
695731,Fastball,684,0.2596685082872928,0.7403314917127072,0.4645161290322581,0.374932306010929,85.36280000000001,0.5570175438596491
695731,Offspeed,330,0.3588235294117647,0.6411764705882352,0.21176470588235294,0.2339902272727273,76.5278350515464,0.34545454545454546
695734,Breaking,726,0.2617801047120419,0.7382198952879582,0.4690721649484536,0.3087759191919192,83.0094696969697,0.46005509641873277
695734,Fastball,1297,0.20952380952380953,0.7904761904761904,0.4452296819787986,0.35480388349514563,82.35149253731343,0.5065535851966075
695734,Offspeed,417,0.2757201646090535,0.7242798353909465,0.35714285714285715,0.2842240287769784,82.29823529411765,0.3261390887290168
696030,Breaking,202,0.2524271844660194,0.7475728155339806,0.2727272727272727,0.32248167272727274,81.98088235294118,0.45544554455445546
696030,Fastball,535,0.15,0.85,0.308411214953271,0.3332778305084746,82.27287234042552,0.5570093457943925
696030,Offspeed,130,0.1375,0.8625,0.37037037037037035,0.21938385454545456,79.80937499999999,0.3769230769230769
696100,Breaking,782,0.4261904761904762,0.5738095238095238,0.535,0.2771648780487805,81.27822222222221,0.3721227621483376
696100,Fastball,1147,0.26198083067092653,0.7380191693290734,0.6090225563909775,0.3781966077738516,85.80207852193996,0.4882301656495205
696100,Offspeed,292,0.39156626506024095,0.608433734939759,0.3142857142857143,0.24010894736842106,82.08351648351648,0.3424657534246575
696135,Breaking,107,0.29508196721311475,0.7049180327868853,0.3333333333333333,0.25615642857142856,79.77894736842106,0.42990654205607476
696135,Fastball,180,0.32323232323232326,0.6767676767676767,0.3888888888888889,0.269585,84.9655737704918,0.5833333333333334
696135,Offspeed,52,0.6521739130434783,0.34782608695652173,0.0,0.018,64.4,0.28846153846153844
696285,Breaking,544,0.288135593220339,0.711864406779661,0.3,0.2697330074074074,80.27337662337662,0.4338235294117647
696285,Fastball,1038,0.1489841986455982,0.8510158013544018,0.4262948207171315,0.34395537906137186,84.21629213483146,0.5481695568400771
696285,Offspeed,199,0.3069306930693069,0.693069306930693,0.391304347826087,0.2785856666666667,81.01166666666667,0.38190954773869346
699013,Breaking,360,0.4094488188976378,0.5905511811023623,0.5076923076923077,0.3466582716049383,81.76567164179103,0.4111111111111111
699013,Fastball,720,0.3685897435897436,0.6314102564102564,0.6296296296296297,0.3669856100628931,86.04426229508196,0.5208333333333334
699013,Offspeed,185,0.5180722891566265,0.4819277108433735,0.1,0.18098434782608694,80.40526315789472,0.34054054054054056
699024,Breaking,132,0.40625,0.59375,0.36363636363636365,0.3271469565217391,81.23125,0.3939393939393939
699024,Fastball,195,0.14285714285714285,0.8571428571428572,0.5172413793103449,0.340051475409836,86.79863013698629,0.5487179487179488
699024,Offspeed,45,0.2857142857142857,0.7142857142857143,0.25,0.30464461538461535,81.99333333333333,0.35555555555555557
699115,Breaking,52,0.4827586206896552,0.5172413793103448,0.18181818181818182,0.24703166666666668,76.27272727272727,0.4423076923076923
699115,Fastball,108,0.2833333333333333,0.7166666666666667,0.375,0.2949626086956522,75.33,0.5740740740740741
699302,Breaking,166,0.31521739130434784,0.6847826086956521,0.35555555555555557,0.19268355555555558,82.20327868852459,0.4879518072289157
699302,Fastball,278,0.22297297297297297,0.777027027027027,0.47761194029850745,0.28319266666666665,83.35596330275229,0.4892086330935252
699302,Offspeed,103,0.34375,0.65625,0.36666666666666664,0.27546387096774194,85.59,0.27184466019417475
699393,Breaking,273,0.2578125,0.7421875,0.3442622950819672,0.2620725333333333,84.5093023255814,0.46886446886446886
699393,Fastball,520,0.15555555555555556,0.8444444444444444,0.44,0.3101686764705882,82.88333333333333,0.5538461538461539
699393,Offspeed,209,0.2803738317757009,0.719626168224299,0.34545454545454546,0.23586034482758617,81.84594594594596,0.3397129186602871
699625,Breaking,162,0.4393939393939394,0.5606060606060606,0.5,0.2574325263157895,82.87714285714287,0.4506172839506173
699625,Fastball,301,0.2360248447204969,0.7639751552795031,0.2911392405063291,0.3213253953488372,86.53070175438596,0.5049833887043189
699625,Offspeed,102,0.5370370370370371,0.4629629629629629,0.23809523809523808,0.25519833333333336,81.54285714285713,0.28431372549019607
699912,Breaking,283,0.2971014492753623,0.7028985507246377,0.375,0.2699722222222223,80.11348314606742,0.4452296819787986
699912,Fastball,451,0.1507537688442211,0.8492462311557789,0.375,0.3257511452991453,80.51354838709678,0.5476718403547672
699912,Offspeed,128,0.46551724137931033,0.5344827586206897,0.14814814814814814,0.12396296296296296,76.26206896551726,0.2578125
700246,Breaking,64,0.4857142857142857,0.5142857142857142,0.5,0.22963636363636367,81.31666666666666,0.453125
700246,Fastball,93,0.1568627450980392,0.8431372549019608,0.19047619047619047,0.262788,82.0945945945946,0.5698924731182796
700250,Breaking,952,0.32186732186732187,0.6781326781326782,0.4540540540540541,0.3407444093023256,81.38032128514055,0.4432773109243697
700250,Fastball,1314,0.18134715025906736,0.8186528497409327,0.6204620462046204,0.4222960705882353,87.72882483370287,0.5441400304414004
700250,Offspeed,462,0.31840796019900497,0.681592039800995,0.40594059405940597,0.31254095238095236,82.78976377952756,0.36147186147186144
700337,Breaking,172,0.27941176470588236,0.7205882352941176,0.2857142857142857,0.263276375,83.73181818181818,0.43023255813953487
700337,Fastball,579,0.22077922077922077,0.7792207792207793,0.23846153846153847,0.289806,83.31846846846847,0.5250431778929189
700337,Offspeed,147,0.16666666666666666,0.8333333333333334,0.24444444444444444,0.2611081818181818,80.23846153846154,0.3401360544217687
700932,Breaking,465,0.3769633507853403,0.6230366492146597,0.37894736842105264,0.25998656310679613,80.56521739130434,0.410752688172043
700932,Fastball,841,0.2567237163814181,0.7432762836185819,0.46285714285714286,0.3625406041666667,86.3295138888889,0.5457788347205708
700932,Offspeed,230,0.3697478991596639,0.6302521008403361,0.18032786885245902,0.20083413793103447,81.58219178082192,0.3565217391304348
701162,Breaking,146,0.30303030303030304,0.696969696969697,0.4358974358974359,0.2575838095238095,82.9025641025641,0.4657534246575342
701162,Fastball,295,0.17424242424242425,0.8257575757575757,0.3333333333333333,0.37152646913580245,83.3069306930693,0.535593220338983
701162,Offspeed,92,0.55,0.44999999999999996,0.7333333333333333,0.21262499999999998,79.95882352941176,0.34782608695652173
701305,Breaking,102,0.425,0.575,0.08695652173913043,0.13039083333333332,73.75000000000001,0.38235294117647056
701305,Fastball,205,0.3465346534653465,0.6534653465346535,0.4666666666666667,0.3146133333333333,83.91451612903225,0.5560975609756098
701350,Breaking,322,0.3902439024390244,0.6097560975609756,0.2647058823529412,0.30012707692307694,82.6861111111111,0.43788819875776397
701350,Fastball,519,0.17,0.83,0.5221238938053098,0.407834214876033,88.40129032258065,0.5626204238921002
701350,Offspeed,161,0.44776119402985076,0.5522388059701493,0.275,0.23154205128205127,83.68,0.4161490683229814
701358,Breaking,826,0.40307692307692305,0.5969230769230769,0.4264705882352941,0.3092396137931035,82.28603351955307,0.4067796610169492
701358,Fastball,1256,0.20520231213872833,0.7947976878612717,0.37623762376237624,0.3364597824773414,83.50609037328095,0.5374203821656051
701358,Offspeed,296,0.4785714285714286,0.5214285714285714,0.358974358974359,0.2376648780487805,78.79710144927536,0.3918918918918919
701398,Breaking,1045,0.25,0.75,0.40540540540540543,0.29865722123893806,82.80407523510972,0.41626794258373206
701398,Fastball,1482,0.2822164948453608,0.7177835051546392,0.5161290322580645,0.373120064171123,86.67663366336633,0.5317139001349528
701398,Offspeed,304,0.2896551724137931,0.7103448275862069,0.4189189189189189,0.33628220512820517,81.10114942528735,0.3651315789473684
701538,Breaking,684,0.3010204081632653,0.6989795918367347,0.44,0.3227214143646409,81.94630350194552,0.3815789473684211
701538,Fastball,1455,0.2687116564417178,0.7312883435582822,0.45645645645645644,0.3722614899713467,85.47789661319074,0.5271477663230241
701538,Offspeed,451,0.26877470355731226,0.7312252964426877,0.3416666666666667,0.29997,82.09709302325582,0.352549889135255
701675,Breaking,461,0.2074688796680498,0.7925311203319502,0.3722627737226277,0.25021095652173914,78.77514450867051,0.43383947939262474
701675,Fastball,1054,0.18057921635434412,0.8194207836456558,0.3480392156862745,0.30237078026905834,78.870814479638,0.5132827324478179
701675,Offspeed,315,0.24102564102564103,0.7589743589743589,0.4019607843137255,0.28724247058823527,78.42642857142857,0.346031746031746
701678,Breaking,427,0.2722772277227723,0.7277227722772277,0.38738738738738737,0.2693667796610169,82.34825174825174,0.45433255269320844
701678,Fastball,806,0.25815217391304346,0.7418478260869565,0.4602272727272727,0.33421680000000004,84.02529182879377,0.5136476426799007
701678,Offspeed,138,0.3150684931506849,0.6849315068493151,0.41025641025641024,0.2565595,80.076,0.4057971014492754
701762,Breaking,513,0.40487804878048783,0.5951219512195122,0.6122448979591837,0.3817095636363636,86.14827586206897,0.43079922027290446
701762,Fastball,1047,0.32346723044397463,0.6765327695560254,0.4623115577889447,0.3919949958158996,85.52702702702703,0.5119388729703916
701762,Offspeed,344,0.4405594405594406,0.5594405594405594,0.35294117647058826,0.305464,82.3376811594203,0.3372093023255814
701785,Breaking,158,0.3424657534246575,0.6575342465753424,0.23333333333333334,0.25671,83.04285714285714,0.43670886075949367
701785,Fastball,228,0.17355371900826447,0.8264462809917356,0.4827586206896552,0.3293315076923077,82.9757894736842,0.5043859649122807
701785,Offspeed,88,0.3,0.7,0.4166666666666667,0.2658695652173913,82.27297297297298,0.375
701807,Breaking,776,0.2631578947368421,0.736842105263158,0.3333333333333333,0.2939817142857143,82.01620370370371,0.4265463917525773
701807,Fastball,1559,0.16124469589816123,0.8387553041018387,0.4818181818181818,0.3831763777777778,82.47150635208712,0.5625400898011546
701807,Offspeed,372,0.31155778894472363,0.6884422110552764,0.4,0.2728068518518519,81.84108527131782,0.3709677419354839
701852,Breaking,178,0.391304347826087,0.6086956521739131,0.1111111111111111,0.23352111111111112,75.96666666666667,0.43258426966292135
701852,Fastball,383,0.24870466321243523,0.7512953367875648,0.3953488372093023,0.32343320000000003,79.64402985074626,0.5404699738903395
701852,Offspeed,78,0.34285714285714286,0.6571428571428571,0.23529411764705882,0.3412505263157895,73.9095238095238,0.2692307692307692
702176,Breaking,112,0.20512820512820512,0.7948717948717949,0.5,0.32890470588235293,77.85,0.48214285714285715
702176,Fastball,233,0.12727272727272726,0.8727272727272728,0.35185185185185186,0.3865754385964913,85.18777777777777,0.5321888412017167
702176,Offspeed,48,0.1724137931034483,0.8275862068965517,0.3684210526315789,0.3128621052631579,82.72857142857143,0.3541666666666667
702222,Breaking,394,0.19523809523809524,0.8047619047619048,0.3697478991596639,0.26759749593495935,82.00588235294119,0.4289340101522843
702222,Fastball,1126,0.17094017094017094,0.829059829059829,0.36666666666666664,0.292458736,82.0228888888889,0.5452930728241563
702222,Offspeed,213,0.2076923076923077,0.7923076923076923,0.2948717948717949,0.2843094871794872,78.96526315789474,0.3427230046948357
702284,Breaking,661,0.2773722627737226,0.7226277372262774,0.3904109589041096,0.29648628571428576,82.15810055865921,0.43267776096822996
702284,Fastball,1459,0.16486486486486487,0.8351351351351352,0.4011627906976744,0.3379364043715847,82.87217391304348,0.5538039753255655
702284,Offspeed,361,0.20108695652173914,0.7989130434782609,0.34951456310679613,0.2676906666666667,79.86444444444444,0.3379501385041551
702332,Breaking,622,0.2076923076923077,0.7923076923076923,0.38405797101449274,0.26077264788732396,76.18638743455497,0.45819935691318325
702332,Fastball,1334,0.12241653418124006,0.8775834658187599,0.38153846153846155,0.3125702136986302,80.07678916827852,0.527736131934033
702332,Offspeed,268,0.29927007299270075,0.7007299270072993,0.2833333333333333,0.24424896774193547,75.27011494252874,0.4141791044776119
702616,Breaking,359,0.33540372670807456,0.6645962732919255,0.1951219512195122,0.24880478260869565,80.82400000000001,0.3732590529247911
702616,Fastball,763,0.23076923076923078,0.7692307692307692,0.39766081871345027,0.31653200000000004,82.96875,0.562254259501966
702616,Offspeed,217,0.28448275862068967,0.7155172413793103,0.3770491803278688,0.2734663492063492,78.66103896103895,0.4009216589861751
703155,Breaking,83,0.4117647058823529,0.5882352941176471,0.6,0.31048909090909094,91.21875000000001,0.39759036144578314
703155,Fastball,134,0.44,0.56,0.4444444444444444,0.32037103448275867,81.3162162162162,0.6343283582089553
703197,Fastball,69,0.21621621621621623,0.7837837837837838,0.6923076923076923,0.4561,80.76296296296296,0.4927536231884058
703492,Breaking,49,0.4,0.6,0.3076923076923077,0.25969230769230767,82.89090909090909,0.46938775510204084
703492,Fastball,105,0.27906976744186046,0.7209302325581395,0.23809523809523808,0.2989170769230769,81.47857142857141,0.49523809523809526
703520,Breaking,171,0.17333333333333334,0.8266666666666667,0.6052631578947368,0.30453846153846154,74.28666666666666,0.4853801169590643
703520,Fastball,462,0.11290322580645161,0.8870967741935484,0.3804347826086957,0.33357948623853206,80.30324675324675,0.525974025974026
703520,Offspeed,86,0.2608695652173913,0.7391304347826086,0.3076923076923077,0.21244,76.20625,0.38372093023255816
703601,Breaking,178,0.3333333333333333,0.6666666666666667,0.5952380952380952,0.3330768181818182,83.76521739130435,0.4044943820224719
703601,Fastball,481,0.1085972850678733,0.8914027149321266,0.44954128440366975,0.324415968,80.24468085106383,0.5405405405405406
703601,Offspeed,82,0.22727272727272727,0.7727272727272727,0.04,0.27043075862068966,81.77333333333333,0.4024390243902439
703607,Breaking,501,0.44583333333333336,0.5541666666666667,0.4107142857142857,0.3323755666666667,83.86521739130434,0.3932135728542914
703607,Fastball,1059,0.2665441176470588,0.7334558823529411,0.4,0.3229341258741259,83.61428571428573,0.5401322001888574
703607,Offspeed,215,0.4117647058823529,0.5882352941176471,0.40384615384615385,0.2688998545454545,83.46111111111111,0.3674418604651163
800050,Breaking,646,0.20689655172413793,0.7931034482758621,0.48936170212765956,0.3309847682119206,83.50335195530727,0.4241486068111455
800050,Fastball,1194,0.12,0.88,0.549645390070922,0.3697941968253968,84.32317596566523,0.535175879396985
800050,Offspeed,371,0.1780821917808219,0.821917808219178,0.23809523809523808,0.2903941860465116,85.26637168141592,0.3692722371967655
800325,Breaking,241,0.1958762886597938,0.8041237113402062,0.2,0.2551233898305085,83.16849315068494,0.43568464730290457
800325,Fastball,523,0.15948275862068967,0.8405172413793103,0.34782608695652173,0.3061728135593221,82.32139037433154,0.5162523900573613
800325,Offspeed,151,0.1864406779661017,0.8135593220338984,0.2962962962962963,0.30351625,78.54878048780488,0.3708609271523179
800543,Breaking,61,0.4375,0.5625,0.5,0.36246999999999996,83.73333333333333,0.3442622950819672
800543,Fastball,88,0.10256410256410256,0.8974358974358975,0.47619047619047616,0.44596689655172417,83.865625,0.5454545454545454
801126,Breaking,73,0.4827586206896552,0.5172413793103448,0.13636363636363635,0.2074890909090909,84.41428571428571,0.4931506849315068
801126,Fastball,202,0.2826086956521739,0.7173913043478262,0.4,0.28037945945945947,82.61864406779661,0.4504950495049505
801126,Offspeed,69,0.4857142857142857,0.5142857142857142,0.13333333333333333,0.14192307692307693,80.38235294117646,0.391304347826087
801501,Breaking,46,0.3076923076923077,0.6923076923076923,0.08333333333333333,0.16379846153846156,76.4,0.5
801501,Fastball,86,0.06451612903225806,0.935483870967742,0.07142857142857142,0.28869555555555554,75.73076923076923,0.4186046511627907
802139,Breaking,722,0.21374045801526717,0.7862595419847328,0.3013698630136986,0.3102535,83.35000000000001,0.4404432132963989
802139,Fastball,1432,0.19626168224299065,0.8037383177570093,0.4123076923076923,0.3794423422459893,85.66846473029045,0.5537709497206704
802139,Offspeed,335,0.22302158273381295,0.7769784172661871,0.23684210526315788,0.2665214683544304,80.71182795698925,0.3761194029850746
802415,Breaking,471,0.20855614973262032,0.7914438502673797,0.4117647058823529,0.25152210526315794,73.22971014492754,0.4437367303609342
802415,Fastball,1265,0.054878048780487805,0.9451219512195121,0.36989795918367346,0.2675488669950739,79.07730375426621,0.5636363636363636
802415,Offspeed,259,0.2248062015503876,0.7751937984496124,0.22666666666666666,0.25966853333333334,70.92553191489361,0.4015444015444015
803011,Breaking,542,0.1625615763546798,0.8374384236453202,0.2909090909090909,0.29196,79.56687898089172,0.44280442804428044
803011,Fastball,1341,0.1305785123966942,0.8694214876033057,0.4682274247491639,0.3818629828571428,83.03638170974156,0.5712155108128263
803011,Offspeed,316,0.1935483870967742,0.8064516129032258,0.2602739726027397,0.26859610810810813,80.19148936170212,0.31645569620253167
804606,Breaking,447,0.34763948497854075,0.6523605150214593,0.29906542056074764,0.26706067289719626,84.32377622377622,0.3959731543624161
804606,Fastball,732,0.24324324324324326,0.7567567567567568,0.4817073170731707,0.35868813483146067,80.98333333333333,0.5341530054644809
804606,Offspeed,180,0.3877551020408163,0.6122448979591837,0.26666666666666666,0.2309631818181818,82.67321428571428,0.3611111111111111
804668,Breaking,212,0.3253012048192771,0.6746987951807228,0.7441860465116279,0.4207404081632653,83.8529411764706,0.4858490566037736
804668,Fastball,369,0.2784090909090909,0.7215909090909092,0.45348837209302323,0.35561415730337076,85.7575221238938,0.5691056910569106
804668,Offspeed,84,0.425,0.575,0.35,0.20701999999999998,78.03809523809524,0.39285714285714285
805249,Breaking,46,0.42105263157894735,0.5789473684210527,0.1,0.2407142857142857,79.55,0.4782608695652174
805249,Fastball,106,0.2857142857142857,0.7142857142857143,0.48148148148148145,0.2611332307692308,77.52571428571427,0.5377358490566038
805300,Breaking,589,0.29004329004329005,0.7099567099567099,0.3360655737704918,0.2822755912408759,78.4632258064516,0.44482173174872663
805300,Fastball,1518,0.09886547811993517,0.9011345218800648,0.3333333333333333,0.32064,80.91121856866538,0.5335968379446641
805300,Offspeed,296,0.3656716417910448,0.6343283582089552,0.4852941176470588,0.33575978666666667,80.83797468354432,0.36486486486486486
805346,Fastball,49,0.4090909090909091,0.5909090909090908,0.3333333333333333,0.16036363636363637,79.28333333333333,0.5714285714285714
805347,Breaking,115,0.28888888888888886,0.7111111111111111,0.2608695652173913,0.13117391304347822,79.43103448275862,0.4
805347,Fastball,270,0.1271186440677966,0.8728813559322034,0.296875,0.3333858028169014,83.26767676767676,0.5555555555555556
805347,Offspeed,79,0.24390243902439024,0.7560975609756098,0.32,0.21112000000000003,77.35862068965517,0.3291139240506329
805367,Breaking,735,0.2413793103448276,0.7586206896551724,0.375,0.22679049101796409,76.35756097560976,0.4272108843537415
805367,Fastball,1688,0.15529753265602322,0.8447024673439768,0.4430769230769231,0.3380717024793388,84.44803738317758,0.5462085308056872
805367,Offspeed,313,0.2934131736526946,0.7065868263473054,0.46464646464646464,0.2875135841584158,81.35943396226415,0.3738019169329074
805672,Fastball,40,0.5714285714285714,0.4285714285714286,0.3333333333333333,0.3974828571428572,89.76666666666667,0.35
805779,Breaking,337,0.1569767441860465,0.8430232558139534,0.25333333333333335,0.2540626315789474,76.92014925373134,0.42136498516320475
805779,Fastball,722,0.1308641975308642,0.8691358024691358,0.45588235294117646,0.30981483495145634,81.86128048780488,0.5401662049861495
805779,Offspeed,120,0.20512820512820512,0.7948717948717949,0.2830188679245283,0.2168,81.48166666666665,0.3333333333333333
805805,Breaking,118,0.25,0.75,0.28,0.2907688888888889,81.3558823529412,0.4830508474576271
805805,Fastball,159,0.25925925925925924,0.7407407407407407,0.5675675675675675,0.3647733023255814,82.69818181818181,0.5094339622641509
805805,Offspeed,51,0.20689655172413793,0.7931034482758621,0.16666666666666666,0.2115,78.99090909090908,0.45098039215686275
805808,Breaking,868,0.23355263157894737,0.7664473684210527,0.375,0.2808966233766234,80.9906103286385,0.4573732718894009
805808,Fastball,1541,0.10013717421124829,0.8998628257887518,0.47282608695652173,0.3986386481481482,83.69681020733651,0.5528877352368592
805808,Offspeed,487,0.2731707317073171,0.7268292682926829,0.3238095238095238,0.2937087719298246,79.14388489208633,0.3531827515400411
805811,Breaking,681,0.39344262295081966,0.6065573770491803,0.42727272727272725,0.31860515625,82.99705882352941,0.4185022026431718
805811,Fastball,941,0.16997792494481237,0.8300220750551877,0.5,0.3882364566929134,86.05685714285714,0.5377258235919234
805811,Offspeed,284,0.416,0.5840000000000001,0.3492063492063492,0.3248971428571429,80.65,0.30985915492957744
805904,Breaking,89,0.48717948717948717,0.5128205128205128,0.47619047619047616,0.2694705882352941,87.27894736842104,0.4157303370786517
805904,Fastball,148,0.44776119402985076,0.5522388059701493,0.36363636363636365,0.3642493333333333,86.71470588235294,0.5945945945945946
805904,Offspeed,65,0.4583333333333333,0.5416666666666667,0.36363636363636365,0.09844444444444445,78.17692307692309,0.3384615384615385
805999,Breaking,577,0.35826771653543305,0.6417322834645669,0.3178294573643411,0.2768601428571429,79.05310344827585,0.4246100519930676
805999,Fastball,1020,0.14712153518123666,0.8528784648187633,0.4336283185840708,0.36638024427480914,83.42015915119364,0.5333333333333333
805999,Offspeed,310,0.3710691823899371,0.628930817610063,0.3076923076923077,0.2304920512820513,77.63186813186813,0.3935483870967742
806068,Breaking,285,0.35664335664335667,0.6433566433566433,0.2727272727272727,0.20733044776119403,81.10595238095237,0.4105263157894737
806068,Fastball,566,0.33116883116883117,0.6688311688311688,0.3870967741935484,0.26340355882352945,80.98846153846155,0.5371024734982333
806068,Offspeed,138,0.32,0.6799999999999999,0.3888888888888889,0.2639291891891892,78.61489361702128,0.38405797101449274
806146,Breaking,172,0.21621621621621623,0.7837837837837838,0.4666666666666667,0.29493106382978723,81.374,0.5
806146,Fastball,416,0.25980392156862747,0.7401960784313726,0.44086021505376344,0.3061471764705882,81.99568345323742,0.5360576923076923
806146,Offspeed,69,0.36666666666666664,0.6333333333333333,0.06666666666666667,0.25175866666666663,78.60666666666665,0.3188405797101449
806198,Breaking,335,0.2482758620689655,0.7517241379310344,0.5,0.3542763636363636,80.37788461538463,0.48955223880597015
806198,Fastball,628,0.18315018315018314,0.8168498168498168,0.328125,0.3262753142857143,82.0048309178744,0.5302547770700637
806198,Offspeed,112,0.2535211267605634,0.7464788732394366,0.2857142857142857,0.165455,77.72340425531915,0.375
806367,Breaking,134,0.2127659574468085,0.7872340425531915,0.375,0.29931640000000004,78.4030303030303,0.4552238805970149
806367,Fastball,290,0.08333333333333333,0.9166666666666666,0.3142857142857143,0.3363433170731707,84.7085714285714,0.5586206896551724
806367,Offspeed,58,0.20833333333333334,0.7916666666666666,0.2222222222222222,0.2219,70.49444444444445,0.41379310344827586
806956,Breaking,53,0.3333333333333333,0.6666666666666667,0.09090909090909091,0.19319833333333333,84.56,0.5283018867924528
806956,Fastball,73,0.14285714285714285,0.8571428571428572,0.68,0.268125,87.56470588235294,0.5753424657534246
807712,Breaking,732,0.22483221476510068,0.7751677852348993,0.3575757575757576,0.25958504545454547,77.59099099099099,0.39344262295081966
807712,Fastball,1342,0.11428571428571428,0.8857142857142857,0.4793650793650794,0.35981913661202186,82.91023622047244,0.5685543964232489
807712,Offspeed,270,0.2956521739130435,0.7043478260869565,0.26229508196721313,0.2533371515151515,79.93013698630136,0.37037037037037035
807713,Breaking,322,0.2033898305084746,0.7966101694915254,0.3392857142857143,0.27580078571428573,77.75955056179775,0.43788819875776397
807713,Fastball,466,0.20600858369098712,0.7939914163090129,0.4716981132075472,0.31767909090909097,82.95416666666667,0.51931330472103
807713,Offspeed,87,0.2708333333333333,0.7291666666666667,0.34615384615384615,0.23047155555555554,72.04117647058823,0.3103448275862069
807726,Breaking,86,0.28205128205128205,0.717948717948718,0.1,0.22391900000000003,87.48695652173913,0.4069767441860465
807726,Fastball,181,0.20388349514563106,0.7961165048543689,0.2894736842105263,0.40407823255813957,84.78684210526315,0.5303867403314917
807727,Breaking,83,0.27906976744186046,0.7209302325581395,0.13043478260869565,0.22471217391304352,78.27777777777777,0.43373493975903615
807727,Fastball,250,0.18333333333333332,0.8166666666666667,0.4423076923076923,0.30980857142857143,81.36551724137932,0.52
807727,Offspeed,64,0.25,0.75,0.3333333333333333,0.25822727272727275,82.10454545454546,0.40625
807747,Fastball,69,0.14705882352941177,0.8529411764705882,0.25,0.27831578947368424,79.45172413793105,0.5797101449275363
807799,Breaking,276,0.2616822429906542,0.7383177570093458,0.328125,0.25464450793650795,83.42933333333335,0.4311594202898551
807799,Fastball,659,0.09375,0.90625,0.4171779141104294,0.3318852954545454,85.42695312500001,0.5250379362670713
807799,Offspeed,209,0.23333333333333334,0.7666666666666666,0.4423076923076923,0.3498375,82.32424242424241,0.4019138755980861
808959,Breaking,924,0.4623955431754875,0.5376044568245125,0.38461538461538464,0.3189253197969543,85.51257142857143,0.4264069264069264
808959,Fastball,1193,0.37623762376237624,0.6237623762376238,0.5338983050847458,0.3894480732600733,88.41779359430606,0.5213746856663872
808959,Offspeed,358,0.4897959183673469,0.5102040816326531,0.4918032786885246,0.2783684057971014,80.709375,0.38268156424581007
808975,Breaking,142,0.26153846153846155,0.7384615384615385,0.2857142857142857,0.27165117647058823,79.11818181818181,0.5211267605633803
808975,Fastball,317,0.20666666666666667,0.7933333333333333,0.5172413793103449,0.4041806779661017,81.2009433962264,0.5646687697160884
808975,Offspeed,126,0.38461538461538464,0.6153846153846154,0.08333333333333333,0.1777433333333333,74.3342105263158,0.373015873015873
808982,Breaking,648,0.13725490196078433,0.8627450980392157,0.4311377245508982,0.28795387428571423,81.22388663967611,0.44598765432098764
808982,Fastball,1280,0.12046204620462046,0.8795379537953796,0.39814814814814814,0.3225110348837209,83.26607142857144,0.55546875
808982,Offspeed,238,0.12280701754385964,0.8771929824561404,0.43859649122807015,0.34412947368421054,80.08636363636364,0.36554621848739494
810938,Breaking,358,0.30935251798561153,0.6906474820143884,0.2891566265060241,0.2420681012658228,87.04588235294118,0.4301675977653631
810938,Fastball,697,0.09120521172638436,0.9087947882736156,0.38961038961038963,0.32022272392638035,82.19132075471697,0.5164992826398852
810938,Offspeed,131,0.2878787878787879,0.7121212121212122,0.21621621621621623,0.24179405405405405,76.05111111111111,0.4122137404580153
811965,Breaking,92,0.24,0.76,0.6666666666666666,0.3231428571428571,84.78333333333333,0.4782608695652174
811965,Fastball,150,0.14102564102564102,0.858974358974359,0.38235294117647056,0.30396157575757576,84.05846153846154,0.5466666666666666
813841,Breaking,157,0.4,0.6,0.3225806451612903,0.19429032258064516,76.39729729729729,0.42038216560509556
813841,Fastball,395,0.35648148148148145,0.6435185185185186,0.4329896907216495,0.2896549056603773,79.75691056910568,0.579746835443038
813841,Offspeed,67,0.4411764705882353,0.5588235294117647,0.3157894736842105,0.21096900000000002,68.48823529411764,0.26865671641791045
814154,Fastball,70,0.5454545454545454,0.4545454545454546,0.0,0.06348909090909091,75.98666666666666,0.4714285714285714
814430,Breaking,55,0.24242424242424243,0.7575757575757576,0.3076923076923077,0.32388375,82.71739130434783,0.5454545454545454
814430,Fastball,153,0.24719101123595505,0.752808988764045,0.3783783783783784,0.29329609756097563,82.78412698412698,0.5228758169934641
814430,Offspeed,57,0.3888888888888889,0.6111111111111112,0.2631578947368421,0.2875676,77.84,0.40350877192982454
814439,Breaking,411,0.44508670520231214,0.5549132947976878,0.5,0.2615874666666667,81.89,0.45985401459854014
814439,Fastball,588,0.1803921568627451,0.8196078431372549,0.34375,0.3585788767123288,80.31808510638298,0.5663265306122449
814439,Offspeed,145,0.45588235294117646,0.5441176470588236,0.23255813953488372,0.15976120930232557,77.275,0.3586206896551724
815873,Breaking,112,0.3953488372093023,0.6046511627906976,0.3181818181818182,0.20306928,79.708,0.375
815873,Fastball,133,0.189873417721519,0.810126582278481,0.3225806451612903,0.33486322580645156,86.01964285714287,0.6165413533834586
815873,Offspeed,54,0.3793103448275862,0.6206896551724138,0.3,0.23088888888888892,79.70714285714287,0.35185185185185186
823550,Breaking,120,0.34545454545454546,0.6545454545454545,0.24,0.2163369230769231,80.13823529411764,0.4
823550,Fastball,402,0.18674698795180722,0.8132530120481928,0.25,0.26029723404255317,82.27804878048781,0.554726368159204
823550,Offspeed,94,0.22727272727272727,0.7727272727272727,0.13636363636363635,0.24632333333333334,78.55,0.3404255319148936
828599,Breaking,55,0.5,0.5,0.0,0.320678,79.83333333333331,0.32727272727272727
828599,Fastball,124,0.3384615384615385,0.6615384615384615,0.5806451612903226,0.25707437499999997,82.18918918918921,0.5564516129032258
828599,Offspeed,46,0.47619047619047616,0.5238095238095238,0.5454545454545454,0.35954545454545456,87.62727272727271,0.391304347826087
