id,season,week,start_date,start_time_tbd,completed,neutral_site,venue,home_id,home_team,home_conference,home_points,away_id,away_team,away_conference,away_points
401856766,2026,1,2026-08-29T16:00:00.000Z,False,False,True,Aviva Stadium,2628,TCU,Big 12,,153,North Carolina,ACC,
401864494,2026,1,2026-08-29T19:00:00.000Z,False,False,False,Los Angeles Memorial Coliseum,30,USC,Big Ten,,23,San José State,Mountain West,
401858202,2026,1,2026-08-29T19:30:00.000Z,False,False,False,Scott Stadium,258,Virginia,ACC,,152,NC State,ACC,
401864577,2026,1,2026-08-29T21:30:00.000Z,False,False,False,Fargodome,2449,North Dakota State,Mountain West,,55,Jacksonville State,Conference USA,
401866408,2026,1,2026-08-29T22:30:00.000Z,False,False,False,Rynearson Stadium,2199,Eastern Michigan,Mid-American,,16,Sacramento State,Mid-American,
401864570,2026,1,2026-08-29T23:00:00.000Z,False,False,False,Doak Campbell Stadium,52,Florida State,ACC,,166,New Mexico State,Conference USA,
401858201,2026,1,2026-08-29T23:00:00.000Z,False,False,False,Stanford Stadium,24,Stanford,ACC,,62,Hawai'i,Mountain West,
401862693,2026,1,2026-08-30T02:00:00.000Z,False,False,False,Allegiant Stadium,2439,UNLV,Mountain West,,235,Memphis,American Athletic,
401858423,2026,1,2026-09-03T22:00:00.000Z,False,False,False,SHI Stadium,164,Rutgers,Big Ten,,113,Massachusetts,Mid-American,
401858204,2026,1,2026-09-03T23:00:00.000Z,False,False,False,Allegacy Federal Credit Union Stadium,154,Wake Forest,ACC,,2006,Akron,Mid-American,
401866409,2026,1,2026-09-03T23:00:00.000Z,False,False,False,UB Stadium,2084,Buffalo,Mid-American,,399,UAlbany,Coastal Athletic,
401864425,2026,1,2026-09-03T23:00:00.000Z,False,False,False,Fifth Third Stadium,338,Kennesaw State,Conference USA,,2698,West Georgia,UAC,
401864424,2026,1,2026-09-03T23:00:00.000Z,False,False,False,Delaware Stadium,48,Delaware,Conference USA,,2771,Merrimack,FCS Independents,
401856767,2026,1,2026-09-03T23:00:00.000Z,False,False,False,FBC Mortgage Stadium,2116,UCF,Big 12,,2065,Bethune-Cookman,SWAC,
401856663,2026,1,2026-09-04T00:00:00.000Z,False,False,False,Memorial Stadium,142,Missouri,SEC,,2029,Arkansas-Pine Bluff,SWAC,
401858422,2026,1,2026-09-04T00:00:00.000Z,False,False,False,Huntington Bank Stadium,135,Minnesota,Big Ten,,2197,Eastern Illinois,OVC,
401856776,2026,1,2026-09-04T00:00:00.000Z,False,False,False,Bobby Dodd Stadium,59,Georgia Tech,ACC,,38,Colorado,Big 12,
401856768,2026,1,2026-09-04T01:00:00.000Z,False,False,False,Rice-Eccles Stadium,254,Utah,Big 12,,70,Idaho,Big Sky,
401858424,2026,1,2026-09-04T01:00:00.000Z,False,False,False,"Memorial Stadium (Champaign, IL)",356,Illinois,Big Ten,,5,UAB,American Athletic,
401864495,2026,1,2026-09-04T22:30:00.000Z,False,False,False,Rynearson Stadium,2199,Eastern Michigan,Mid-American,,23,San José State,Mountain West,
401866623,2026,1,2026-09-04T23:00:00.000Z,False,False,False,Center Parc Stadium,2247,Georgia State,Sun Belt,,2448,North Carolina A&T,Coastal Athletic,
401858435,2026,1,2026-09-04T23:00:00.000Z,False,False,False,Ross-Ade Stadium,2509,Purdue,Big Ten,,282,Indiana State,MVFC,
401858429,2026,1,2026-09-05T00:00:00.000Z,False,False,False,Spartan Stadium,127,Michigan State,Big Ten,,2649,Toledo,Mid-American,
401856769,2026,1,2026-09-05T00:00:00.000Z,False,False,False,Memorial Stadium,2305,Kansas,Big 12,,2341,Long Island University,NEC,
401856664,2026,1,2026-09-05T00:00:00.000Z,False,False,False,"Memorial Stadium (Norman, OK)",201,Oklahoma,SEC,,2638,UTEP,Mountain West,
401858206,2026,1,2026-09-05T01:00:00.000Z,False,False,False,Stanford Stadium,24,Stanford,ACC,,2390,Miami,ACC,
401858436,2026,1,2026-09-05T01:00:00.000Z,False,False,False,Los Angeles Memorial Coliseum,30,USC,Big Ten,,278,Fresno State,Pac-12,
401856634,2026,1,2026-09-05T16:00:00.000Z,False,False,False,Bryant-Denny Stadium,333,Alabama,SEC,,151,East Carolina,American Athletic,
401861962,2026,1,2026-09-05T16:00:00.000Z,False,False,False,Pratt & Whitney Stadium,41,UConn,FBS Independents,,322,Lafayette,Patriot,
401858425,2026,1,2026-09-05T16:00:00.000Z,False,False,False,"Memorial Stadium (Bloomington, IN)",84,Indiana,Big Ten,,249,North Texas,American Athletic,
401858208,2026,1,2026-09-05T16:00:00.000Z,False,False,False,JMA Wireless Dome,183,Syracuse,ACC,,160,New Hampshire,Coastal Athletic,
401866410,2026,1,2026-09-05T16:00:00.000Z,False,False,False,Doyt L. Perry Stadium,189,Bowling Green,Mid-American,,2627,Tarleton State,UAC,
401858430,2026,1,2026-09-05T16:00:00.000Z,False,False,False,"Memorial Stadium (Lincoln, NE)",158,Nebraska,Big Ten,,195,Ohio,Mid-American,
401856778,2026,1,2026-09-05T16:00:00.000Z,False,False,False,TDECU Stadium,248,Houston,Big 12,,204,Oregon State,Pac-12,
401862701,2026,1,2026-09-05T16:00:00.000Z,False,False,False,Michie Stadium,349,Army,American Athletic,,2803,Bryant,Coastal Athletic,
401869960,2026,1,2026-09-05T16:00:00.000Z,False,False,False,Bridgeforth Stadium,256,James Madison,Sun Belt,,2335,Liberty,Conference USA,
401856780,2026,1,2026-09-05T16:00:00.000Z,False,False,False,Milan Puskar Stadium,277,West Virginia,Big 12,,324,Coastal Carolina,Sun Belt,
401858207,2026,1,2026-09-05T16:30:00.000Z,False,False,False,Acrisure Stadium,221,Pittsburgh,ACC,,193,Miami (OH),Mid-American,
401858432,2026,1,2026-09-05T16:30:00.000Z,False,False,False,Ohio Stadium,194,Ohio State,Big Ten,,2050,Ball State,Mid-American,
401856665,2026,1,2026-09-05T16:45:00.000Z,False,False,False,Williams-Brice Stadium,2579,South Carolina,SEC,,2309,Kent State,Mid-American,
401856779,2026,1,2026-09-05T17:00:00.000Z,False,False,False,Jack Trice Stadium,66,Iowa State,Big 12,,2546,Southeast Missouri State,OVC,
401864496,2026,1,2026-09-05T17:00:00.000Z,False,False,False,Falcon Stadium,2005,Air Force,Mountain West,,2184,Duquesne,NEC,
401856659,2026,1,2026-09-05T17:00:00.000Z,False,False,False,Kroger Field,96,Kentucky,SEC,,2754,Youngstown State,MVFC,
401862698,2026,1,2026-09-05T18:00:00.000Z,False,False,False,Lincoln Financial Field,218,Temple,American Athletic,,227,Rhode Island,Coastal Athletic,
401856658,2026,1,2026-09-05T19:00:00.000Z,False,False,False,Sanford Stadium,61,Georgia,SEC,,2634,Tennessee State,OVC,
401858209,2026,1,2026-09-05T19:30:00.000Z,False,False,False,Wallace Wade Stadium,150,Duke,ACC,,2655,Tulane,American Athletic,
401856636,2026,1,2026-09-05T19:30:00.000Z,False,False,True,Mercedes-Benz Stadium,2,Auburn,SEC,,239,Baylor,Big 12,
401856667,2026,1,2026-09-05T19:30:00.000Z,False,False,False,DKR-Texas Memorial Stadium,251,Texas,SEC,,326,Texas State,Pac-12,
401858434,2026,1,2026-09-05T19:30:00.000Z,False,False,False,Beaver Stadium,213,Penn State,Big Ten,,276,Marshall,Sun Belt,
401862700,2026,1,2026-09-05T19:30:00.000Z,False,False,False,Alamodome,2636,UTSA,American Athletic,,292,UT Rio Grande Valley,Southland,
401864499,2026,1,2026-09-05T19:30:00.000Z,False,False,False,Fargodome,2449,North Dakota State,Mountain West,,2230,Fordham,Patriot,
401866627,2026,1,2026-09-05T19:30:00.000Z,False,False,False,Kidd Brewer Stadium,2026,App State,Sun Belt,,311,Maine,Coastal Athletic,
401856777,2026,1,2026-09-05T19:30:00.000Z,False,False,False,Nippert Stadium,2132,Cincinnati,Big 12,,103,Boston College,ACC,
401862696,2026,1,2026-09-05T19:30:00.000Z,False,False,False,Navy-Marine Corps Memorial Stadium,2426,Navy,American Athletic,,119,Towson,Coastal Athletic,
401862694,2026,1,2026-09-05T19:30:00.000Z,False,False,False,Jerry Richardson Stadium,2429,Charlotte,American Athletic,,2643,The Citadel,Southern,
401858433,2026,1,2026-09-05T19:30:00.000Z,False,False,False,Autzen Stadium,2483,Oregon,Big Ten,,68,Boise State,Pac-12,
401856666,2026,1,2026-09-05T19:30:00.000Z,False,False,False,Neyland Stadium,2633,Tennessee,SEC,,231,Furman,Southern,
401856772,2026,1,2026-09-05T19:45:00.000Z,False,False,False,Chapman Stadium,202,Tulsa,American Athletic,,197,Oklahoma State,Big 12,
401856635,2026,1,2026-09-05T20:15:00.000Z,False,False,False,Razorback Stadium,8,Arkansas,SEC,,2453,North Alabama,UAC,
401858426,2026,1,2026-09-05T20:15:00.000Z,False,False,False,Kinnick Stadium,2294,Iowa,Big Ten,,2459,Northern Illinois,Mountain West,
401868356,2026,1,2026-09-05T21:00:00.000Z,False,False,False,M. M. Roberts Stadium,2572,Southern Miss,Sun Belt,,2016,Alcorn State,SWAC,
401867973,2026,1,2026-09-05T22:00:00.000Z,False,False,False,S.B. Ballard Stadium,295,Old Dominion,Sun Belt,,2450,Norfolk State,MEAC,
401860878,2026,1,2026-09-05T22:00:00.000Z,False,False,False,Canvas Stadium,36,Colorado State,Pac-12,,2751,Wyoming,Mountain West,
401862699,2026,1,2026-09-05T23:00:00.000Z,False,False,False,Raymond James Stadium,58,South Florida,American Athletic,,2229,Florida International,Conference USA,
401867866,2026,1,2026-09-05T23:00:00.000Z,False,False,False,"Johnny ""Red"" Floyd Stadium",2393,Middle Tennessee,Conference USA,,93,Murray State,MVFC,
401870763,2026,1,2026-09-05T23:00:00.000Z,False,False,False,Veterans Memorial Stadium (AL),2653,Troy,Sun Belt,,2534,Sam Houston,Conference USA,
401862695,2026,1,2026-09-05T23:00:00.000Z,False,False,False,Simmons Bank Liberty Stadium,235,Memphis,American Athletic,,2032,Arkansas State,Sun Belt,
401856770,2026,1,2026-09-05T23:00:00.000Z,False,False,False,Jones AT&T Stadium,2641,Texas Tech,Big 12,,2000,Abilene Christian,UAC,
401856771,2026,1,2026-09-05T23:00:00.000Z,False,False,False,Bill Snyder Family Stadium,2306,Kansas State,Big 12,,2447,Nicholls,Southland,
401860880,2026,1,2026-09-05T23:00:00.000Z,False,False,False,Maverik Stadium,328,Utah State,Pac-12,,304,Idaho State,Big Sky,
401856668,2026,1,2026-09-05T23:00:00.000Z,False,False,False,Kyle Field,245,Texas A&M,SEC,,2623,Missouri State,Conference USA,
401868140,2026,1,2026-09-05T23:00:00.000Z,False,False,False,AmFirst Stadium,55,Jacksonville State,Conference USA,,2198,Eastern Kentucky,UAC,
401868170,2026,1,2026-09-05T23:00:00.000Z,False,False,False,Allen E. Paulson Stadium,290,Georgia Southern,Sun Belt,,2127,Charleston Southern,OVC,
401856669,2026,1,2026-09-05T23:00:00.000Z,False,False,False,FirstBank Stadium,238,Vanderbilt,SEC,,2046,Austin Peay,UAC,
401862697,2026,1,2026-09-05T23:00:00.000Z,False,False,False,Rice Stadium,242,Rice,American Athletic,,2277,Houston Christian,Southland,
401868316,2026,1,2026-09-05T23:00:00.000Z,False,False,False,Hancock Whitney Stadium,6,South Alabama,Sun Belt,,2545,SE Louisiana,Southland,
401858211,2026,1,2026-09-05T23:30:00.000Z,False,False,False,Lane Stadium,259,Virginia Tech,ACC,,2678,VMI,Southern,
401856660,2026,1,2026-09-05T23:30:00.000Z,False,False,False,Tiger Stadium (LA),99,LSU,SEC,,228,Clemson,ACC,
401869129,2026,1,2026-09-05T23:30:00.000Z,False,False,False,Joe Aillet Stadium,2348,Louisiana Tech,Sun Belt,,2466,Northwestern State,Southland,
401856662,2026,1,2026-09-05T23:30:00.000Z,False,False,False,Davis Wade Stadium,344,Mississippi State,SEC,,2433,UL Monroe,Sun Belt,
401858428,2026,1,2026-09-05T23:30:00.000Z,False,False,False,Michigan Stadium,130,Michigan,Big Ten,,2711,Western Michigan,Mid-American,
401856637,2026,1,2026-09-05T23:45:00.000Z,False,False,False,Ben Hill Griffin Stadium,57,Florida,SEC,,2226,Florida Atlantic,American Athletic,
401858431,2026,1,2026-09-06T00:00:00.000Z,False,False,False,Lanny and Sharon Martin Stadium,77,Northwestern,Big Ten,,2571,South Dakota State,MVFC,
401858427,2026,1,2026-09-06T00:00:00.000Z,False,False,False,SECU Stadium,120,Maryland,Big Ten,,2261,Hampton,Coastal Athletic,
401856775,2026,1,2026-09-06T00:00:00.000Z,False,False,False,LaVell Edwards Stadium,252,BYU,Big 12,,3101,Utah Tech,Big Sky,
401869142,2026,1,2026-09-06T00:00:00.000Z,False,False,False,Cajun Field,309,Louisiana,Sun Belt,,2320,Lamar,Southland,
401870790,2026,1,2026-09-06T01:00:00.000Z,False,False,False,Aggie Memorial Stadium,166,New Mexico State,Conference USA,,2385,Mercyhurst,NEC,
401856773,2026,1,2026-09-06T01:30:00.000Z,False,False,False,Arizona Stadium,12,Arizona,Big 12,,2464,Northern Arizona,Big Sky,
401860879,2026,1,2026-09-06T01:30:00.000Z,False,False,False,Snapdragon Stadium,21,San Diego State,Pac-12,,2502,Portland State,Big Sky,
401866411,2026,1,2026-09-06T02:00:00.000Z,False,False,False,Hornet Stadium,16,Sacramento State,Mid-American,,2400,Mississippi Valley State,SWAC,
401864497,2026,1,2026-09-06T02:00:00.000Z,False,False,False,Clarence T.C. Ching Athletics Complex,62,Hawai'i,Mountain West,,2439,UNLV,Mountain West,
401856774,2026,1,2026-09-06T02:00:00.000Z,False,False,False,Mountain America Stadium,9,Arizona State,Big 12,,2415,Morgan State,MEAC,
401864498,2026,1,2026-09-06T02:00:00.000Z,False,False,False,University Stadium (NM),167,New Mexico,Mountain West,,2117,Central Michigan,Mid-American,
401858210,2026,1,2026-09-06T02:30:00.000Z,False,False,False,California Memorial Stadium,25,California,ACC,,26,UCLA,Big Ten,
401864432,2026,1,2026-09-06T02:30:00.000Z,False,False,False,Mackay Stadium,2440,Nevada,Mountain West,,98,Western Kentucky,Conference USA,
401858437,2026,1,2026-09-06T20:00:00.000Z,False,False,False,Husky Stadium,264,Washington,Big Ten,,265,Washington State,Pac-12,
401858438,2026,1,2026-09-06T23:30:00.000Z,False,False,True,Lambeau Field,87,Notre Dame,FBS Independents,,275,Wisconsin,Big Ten,
401856661,2026,1,2026-09-06T23:30:00.000Z,False,False,True,Nissan Stadium,145,Ole Miss,SEC,,97,Louisville,ACC,
401858212,2026,1,2026-09-07T23:30:00.000Z,False,False,False,Doak Campbell Stadium,52,Florida State,ACC,,2567,SMU,ACC,
401858213,2026,2,2026-09-11T00:00:00.000Z,False,False,False,Hard Rock Stadium,2390,Miami,ACC,,50,Florida A&M,SWAC,
401858220,2026,2,2026-09-11T23:00:00.000Z,False,False,False,Scott Stadium,258,Virginia,ACC,,2450,Norfolk State,MEAC,
401858222,2026,2,2026-09-11T23:00:00.000Z,False,False,False,Carter-Finley Stadium,152,NC State,ACC,,257,Richmond,Patriot,
401858215,2026,2,2026-09-11T23:00:00.000Z,False,False,False,L&N Federal Credit Union Stadium,97,Louisville,ACC,,222,Villanova,Patriot,
401858214,2026,2,2026-09-11T23:30:00.000Z,False,False,False,"Alumni Stadium (Chestnut Hill, MA)",103,Boston College,ACC,,164,Rutgers,Big Ten,
401856678,2026,2,2026-09-12T00:00:00.000Z,False,False,False,Memorial Stadium,2305,Kansas,Big 12,,142,Missouri,SEC,
401865252,2026,2,2026-09-12T04:00:00.000Z,True,False,False,University Stadium (NM),167,New Mexico,Mountain West,,2385,Mercyhurst,NEC,
401864504,2026,2,2026-09-12T04:00:00.000Z,True,False,False,CEFCU Stadium,23,San José State,Mountain West,,13,Cal Poly,Big Sky,
401862702,2026,2,2026-09-12T16:00:00.000Z,False,False,False,Michie Stadium,349,Army,American Athletic,,58,South Florida,American Athletic,
401858221,2026,2,2026-09-12T16:00:00.000Z,False,False,False,Lane Stadium,259,Virginia Tech,ACC,,295,Old Dominion,Sun Belt,
401866416,2026,2,2026-09-12T16:00:00.000Z,False,False,False,Dix Stadium,2309,Kent State,Mid-American,,2747,Wofford,Southern,
401864571,2026,2,2026-09-12T16:00:00.000Z,False,False,False,Dowdy-Ficklen Stadium,151,East Carolina,American Athletic,,2026,App State,Sun Belt,
401858218,2026,2,2026-09-12T16:00:00.000Z,False,False,False,Kenan Stadium,153,North Carolina,ACC,,2193,East Tennessee State,Southern,
401856683,2026,2,2026-09-12T16:00:00.000Z,False,False,False,Kyle Field,245,Texas A&M,SEC,,9,Arizona State,Big 12,
401856781,2026,2,2026-09-12T16:00:00.000Z,False,False,False,Bill Snyder Family Stadium,2306,Kansas State,Big 12,,265,Washington State,Pac-12,
401856782,2026,2,2026-09-12T16:00:00.000Z,False,False,False,Boone Pickens Stadium,197,Oklahoma State,Big 12,,2483,Oregon,Big Ten,
401858442,2026,2,2026-09-12T16:00:00.000Z,False,False,False,Lincoln Financial Field,218,Temple,American Athletic,,213,Penn State,Big Ten,
401858439,2026,2,2026-09-12T16:00:00.000Z,False,False,False,"Memorial Stadium (Bloomington, IN)",84,Indiana,Big Ten,,47,Howard,MEAC,
401858224,2026,2,2026-09-12T16:00:00.000Z,False,False,False,Ross-Ade Stadium,2509,Purdue,Big Ten,,154,Wake Forest,ACC,
401856679,2026,2,2026-09-12T16:00:00.000Z,False,False,False,Michigan Stadium,130,Michigan,Big Ten,,201,Oklahoma,SEC,
401856673,2026,2,2026-09-12T16:45:00.000Z,False,False,False,Sanford Stadium,61,Georgia,SEC,,98,Western Kentucky,Conference USA,
401856791,2026,2,2026-09-12T17:00:00.000Z,False,False,False,Milan Puskar Stadium,277,West Virginia,Big 12,,2630,UT Martin,OVC,
401866415,2026,2,2026-09-12T17:00:00.000Z,False,False,False,Kelly/Shorts Stadium,2117,Central Michigan,Mid-American,,2142,Colgate,Patriot,
401866417,2026,2,2026-09-12T17:00:00.000Z,False,False,False,Yager Stadium,193,Miami (OH),Mid-American,,107,Holy Cross,Patriot,
401866413,2026,2,2026-09-12T18:00:00.000Z,False,False,False,Scheumann Stadium,2050,Ball State,Mid-American,,2619,Stony Brook,Coastal Athletic,
401866420,2026,2,2026-09-12T19:30:00.000Z,False,False,False,Warren McGuirk Alumni Stadium,113,Massachusetts,Mid-American,,2529,Sacred Heart,Coastal Athletic,
401860884,2026,2,2026-09-12T19:30:00.000Z,False,False,False,Bobcat Stadium (TX),326,Texas State,Pac-12,,2636,UTSA,American Athletic,
401862708,2026,2,2026-09-12T19:30:00.000Z,False,False,False,Protective Stadium,5,UAB,American Athletic,,2433,UL Monroe,Sun Belt,
401859184,2026,2,2026-09-12T19:30:00.000Z,False,False,False,Notre Dame Stadium,87,Notre Dame,FBS Independents,,242,Rice,American Athletic,
401858446,2026,2,2026-09-12T19:30:00.000Z,False,False,False,Husky Stadium,264,Washington,Big Ten,,328,Utah State,Pac-12,
401858444,2026,2,2026-09-12T19:30:00.000Z,False,False,False,Pratt & Whitney Stadium,41,UConn,FBS Independents,,120,Maryland,Big Ten,
401858440,2026,2,2026-09-12T19:30:00.000Z,False,False,False,Spartan Stadium,127,Michigan State,Big Ten,,2199,Eastern Michigan,Mid-American,
401858217,2026,2,2026-09-12T19:30:00.000Z,False,False,False,"Memorial Stadium (Champaign, IL)",356,Illinois,Big Ten,,150,Duke,ACC,
401858216,2026,2,2026-09-12T19:30:00.000Z,False,False,False,JMA Wireless Dome,183,Syracuse,ACC,,25,California,ACC,
401856810,2026,2,2026-09-12T19:30:00.000Z,False,False,False,LaVell Edwards Stadium,252,BYU,Big 12,,12,Arizona,Big 12,
401856790,2026,2,2026-09-12T19:30:00.000Z,False,False,False,Acrisure Stadium,221,Pittsburgh,ACC,,2116,UCF,Big 12,
401856785,2026,2,2026-09-12T19:30:00.000Z,False,False,False,Folsom Field,38,Colorado,Big 12,,2692,Weber State,Big Sky,
401856677,2026,2,2026-09-12T19:30:00.000Z,False,False,False,Huntington Bank Stadium,135,Minnesota,Big Ten,,344,Mississippi State,SEC,
401856674,2026,2,2026-09-12T19:30:00.000Z,False,False,False,Kroger Field,96,Kentucky,SEC,,333,Alabama,SEC,
401866419,2026,2,2026-09-12T19:30:00.000Z,False,False,False,Glass Bowl,2649,Toledo,Mid-American,,2115,Central Connecticut,NEC,
401867929,2026,2,2026-09-12T19:30:00.000Z,False,False,False,Bridgeforth Stadium,256,James Madison,Sun Belt,,2681,Wagner,NEC,
401866412,2026,2,2026-09-12T19:30:00.000Z,False,False,False,InfoCision Stadium,2006,Akron,Mid-American,,2523,Robert Morris,NEC,
401862705,2026,2,2026-09-12T19:45:00.000Z,False,False,False,DATCU Stadium,249,North Texas,American Athletic,,2439,UNLV,Mountain West,
401864506,2026,2,2026-09-12T20:00:00.000Z,False,False,False,War Memorial Stadium,2751,Wyoming,Mountain West,,2458,Northern Colorado,Big Sky,
401858223,2026,2,2026-09-12T20:00:00.000Z,False,False,False,Gerald J. Ford Stadium,2567,SMU,ACC,,302,UC Davis,Big Sky,
401868326,2026,2,2026-09-12T20:00:00.000Z,False,False,False,Veterans Memorial Stadium (AL),2653,Troy,Sun Belt,,2011,Alabama State,SWAC,
401856684,2026,2,2026-09-12T20:15:00.000Z,False,False,False,FirstBank Stadium,238,Vanderbilt,SEC,,48,Delaware,Conference USA,
401856672,2026,2,2026-09-12T21:30:00.000Z,False,False,False,Ben Hill Griffin Stadium,57,Florida,SEC,,2097,Campbell,Coastal Athletic,
401860881,2026,2,2026-09-12T22:00:00.000Z,False,False,False,Albertsons Stadium,68,Boise State,Pac-12,,235,Memphis,American Athletic,
401866414,2026,2,2026-09-12T22:00:00.000Z,False,False,False,Pitbull Stadium,2229,Florida International,Conference USA,,2084,Buffalo,Mid-American,
401866418,2026,2,2026-09-12T22:00:00.000Z,False,False,False,Peden Stadium,195,Ohio,Mid-American,,55,Jacksonville State,Conference USA,
401868187,2026,2,2026-09-12T22:00:00.000Z,False,False,False,Williams Stadium (VA),2335,Liberty,Conference USA,,2241,Gardner-Webb,OVC,
401866421,2026,2,2026-09-12T22:30:00.000Z,False,False,False,Waldo Stadium,2711,Western Michigan,Mid-American,,2405,Monmouth,Coastal Athletic,
401856786,2026,2,2026-09-12T23:00:00.000Z,False,False,False,Nippert Stadium,2132,Cincinnati,Big 12,,2717,Western Carolina,Southern,
401856681,2026,2,2026-09-12T23:00:00.000Z,False,False,False,Bobby Dodd Stadium,59,Georgia Tech,ACC,,2633,Tennessee,SEC,
401856680,2026,2,2026-09-12T23:00:00.000Z,False,False,False,Williams-Brice Stadium,2579,South Carolina,SEC,,119,Towson,Coastal Athletic,
401858441,2026,2,2026-09-12T23:00:00.000Z,False,False,False,"Memorial Stadium (Lincoln, NE)",158,Nebraska,Big Ten,,189,Bowling Green,Mid-American,
401856787,2026,2,2026-09-12T23:00:00.000Z,False,False,False,TDECU Stadium,248,Houston,Big 12,,2582,Southern,SWAC,
401864503,2026,2,2026-09-12T23:00:00.000Z,False,False,False,Huskie Stadium,2459,Northern Illinois,Mountain West,,2287,Illinois State,MVFC,
401862707,2026,2,2026-09-12T23:00:00.000Z,False,False,False,Elliott T. Bowers Stadium,2534,Sam Houston,Conference USA,,202,Tulsa,American Athletic,
401864575,2026,2,2026-09-12T23:00:00.000Z,False,False,False,Yulman Stadium,2655,Tulane,American Athletic,,6,South Alabama,Sun Belt,
401860882,2026,2,2026-09-12T23:00:00.000Z,False,False,False,Canvas Stadium,36,Colorado State,Pac-12,,253,Southern Utah,Big Sky,
401871045,2026,2,2026-09-12T23:00:00.000Z,False,False,False,Joan C. Edwards Stadium,276,Marshall,Sun Belt,,2393,Middle Tennessee,Conference USA,
401868241,2026,2,2026-09-12T23:00:00.000Z,False,False,False,Centennial Bank Stadium,2032,Arkansas State,Sun Belt,,2698,West Georgia,UAC,
401871046,2026,2,2026-09-12T23:00:00.000Z,False,False,False,Plaster Sports Complex,2623,Missouri State,Conference USA,,2815,Lindenwood,OVC,
401869955,2026,2,2026-09-12T23:00:00.000Z,False,False,False,Fifth Third Stadium,338,Kennesaw State,Conference USA,,2247,Georgia State,Sun Belt,
401858443,2026,2,2026-09-12T23:15:00.000Z,False,False,False,Rose Bowl,26,UCLA,Big Ten,,21,San Diego State,Pac-12,
401858447,2026,2,2026-09-12T23:15:00.000Z,False,False,False,Camp Randall Stadium,275,Wisconsin,Big Ten,,2710,Western Illinois,OVC,
401856783,2026,2,2026-09-12T23:30:00.000Z,False,False,False,Reser Stadium,204,Oregon State,Pac-12,,2641,Texas Tech,Big 12,
401856788,2026,2,2026-09-12T23:30:00.000Z,False,False,False,Kinnick Stadium,2294,Iowa,Big Ten,,66,Iowa State,Big 12,
401858219,2026,2,2026-09-12T23:30:00.000Z,False,False,False,"Memorial Stadium (Clemson, SC)",228,Clemson,ACC,,290,Georgia Southern,Sun Belt,
401856682,2026,2,2026-09-12T23:30:00.000Z,False,False,False,DKR-Texas Memorial Stadium,251,Texas,SEC,,194,Ohio State,Big Ten,
401862703,2026,2,2026-09-12T23:30:00.000Z,False,False,False,FAU Stadium,2226,Florida Atlantic,American Athletic,,2426,Navy,American Athletic,
401868008,2026,2,2026-09-12T23:30:00.000Z,False,False,False,Brooks Stadium (SC),324,Coastal Carolina,Sun Belt,,2230,Fordham,Patriot,
401867796,2026,2,2026-09-12T23:30:00.000Z,False,False,False,Tiger Stadium (LA),99,LSU,SEC,,2348,Louisiana Tech,Sun Belt,
401856671,2026,2,2026-09-12T23:45:00.000Z,False,False,False,Jordan-Hare Stadium,2,Auburn,SEC,,2572,Southern Miss,Sun Belt,
401856676,2026,2,2026-09-12T23:45:00.000Z,False,False,False,Vaught-Hemingway Stadium,145,Ole Miss,SEC,,2429,Charlotte,American Athletic,
401856784,2026,2,2026-09-13T00:00:00.000Z,False,False,False,McLane Stadium,239,Baylor,Big 12,,2504,Prairie View A&M,SWAC,
401856789,2026,2,2026-09-13T00:00:00.000Z,False,False,False,Amon G. Carter Stadium,2628,TCU,Big 12,,2755,Grambling,SWAC,
401864505,2026,2,2026-09-13T01:00:00.000Z,False,False,False,Sun Bowl,2638,UTEP,Mountain West,,2640,Texas Southern,SWAC,
401864502,2026,2,2026-09-13T02:00:00.000Z,False,False,False,Falcon Stadium,2005,Air Force,Mountain West,,2449,North Dakota State,Mountain West,
401856670,2026,2,2026-09-13T02:15:00.000Z,False,False,False,Rice-Eccles Stadium,254,Utah,Big 12,,8,Arkansas,SEC,
401864500,2026,2,2026-09-13T02:30:00.000Z,False,False,False,Mackay Stadium,2440,Nevada,Mountain West,,147,Montana State,Big Sky,
401860883,2026,2,2026-09-13T02:30:00.000Z,False,False,False,Valley Children's Stadium,278,Fresno State,Pac-12,,16,Sacramento State,Mid-American,
401858445,2026,2,2026-09-13T03:00:00.000Z,False,False,False,Los Angeles Memorial Coliseum,30,USC,Big Ten,,309,Louisiana,Sun Belt,
401864578,2026,2,2026-09-13T03:59:00.000Z,False,False,False,Clarence T.C. Ching Athletics Complex,62,Hawai'i,Mountain West,,166,New Mexico State,Conference USA,
401858225,2026,3,2026-09-17T23:30:00.000Z,False,False,False,Acrisure Stadium,221,Pittsburgh,ACC,,183,Syracuse,ACC,
401858226,2026,3,2026-09-18T23:30:00.000Z,False,False,False,Allegacy Federal Credit Union Stadium,154,Wake Forest,ACC,,2390,Miami,ACC,
401856811,2026,3,2026-09-19T00:00:00.000Z,False,False,False,Jones AT&T Stadium,2641,Texas Tech,Big 12,,248,Houston,Big 12,
401858455,2026,3,2026-09-19T02:30:00.000Z,False,False,False,Autzen Stadium,2483,Oregon,Big Ten,,2502,Portland State,Big Sky,
401869940,2026,3,2026-09-19T15:30:00.000Z,False,False,False,Delaware Stadium,48,Delaware,Conference USA,,324,Coastal Carolina,Sun Belt,
401856812,2026,3,2026-09-19T16:00:00.000Z,False,False,True,Wembley Stadium,2305,Kansas,Big 12,,9,Arizona State,Big 12,
401858229,2026,3,2026-09-19T16:00:00.000Z,False,False,False,"Memorial Stadium (Clemson, SC)",228,Clemson,ACC,,153,North Carolina,ACC,
401858451,2026,3,2026-09-19T16:00:00.000Z,False,False,False,Huntington Bank Stadium,135,Minnesota,Big Ten,,2006,Akron,Mid-American,
401858454,2026,3,2026-09-19T16:00:00.000Z,False,False,False,Ohio Stadium,194,Ohio State,Big Ten,,2309,Kent State,Mid-American,
401858228,2026,3,2026-09-19T16:00:00.000Z,False,False,False,Bobby Dodd Stadium,59,Georgia Tech,ACC,,2382,Mercer,Southern,
401858456,2026,3,2026-09-19T16:00:00.000Z,False,False,False,Beaver Stadium,213,Penn State,Big Ten,,2084,Buffalo,Mid-American,
401856686,2026,3,2026-09-19T16:00:00.000Z,False,False,False,Razorback Stadium,8,Arkansas,SEC,,61,Georgia,SEC,
401856798,2026,3,2026-09-19T16:00:00.000Z,False,False,False,Jack Trice Stadium,66,Iowa State,Big 12,,189,Bowling Green,Mid-American,
401860889,2026,3,2026-09-19T16:00:00.000Z,False,False,False,Bobcat Stadium (TX),326,Texas State,Pac-12,,249,North Texas,American Athletic,
401856792,2026,3,2026-09-19T16:00:00.000Z,False,False,False,Bill Snyder Family Stadium,2306,Kansas State,Big 12,,2655,Tulane,American Athletic,
401858460,2026,3,2026-09-19T16:30:00.000Z,False,False,False,Camp Randall Stadium,275,Wisconsin,Big Ten,,2199,Eastern Michigan,Mid-American,
401856695,2026,3,2026-09-19T16:45:00.000Z,False,False,False,FirstBank Stadium,238,Vanderbilt,SEC,,152,NC State,ACC,
401856689,2026,3,2026-09-19T16:45:00.000Z,False,False,False,Memorial Stadium,142,Missouri,SEC,,2653,Troy,Sun Belt,
401864508,2026,3,2026-09-19T17:00:00.000Z,False,False,False,Kelly/Shorts Stadium,2117,Central Michigan,Mid-American,,2751,Wyoming,Mountain West,
401858227,2026,3,2026-09-19T18:00:00.000Z,False,False,False,"Alumni Stadium (Chestnut Hill, MA)",103,Boston College,ACC,,311,Maine,Coastal Athletic,
401858448,2026,3,2026-09-19T18:00:00.000Z,False,False,False,"Memorial Stadium (Champaign, IL)",356,Illinois,Big Ten,,79,Southern Illinois,MVFC,
401862774,2026,3,2026-09-19T19:00:00.000Z,False,False,False,Glass Bowl,2649,Toledo,Mid-American,,218,Temple,American Athletic,
401856685,2026,3,2026-09-19T19:30:00.000Z,False,False,False,Bryant-Denny Stadium,333,Alabama,SEC,,52,Florida State,ACC,
401856797,2026,3,2026-09-19T19:30:00.000Z,False,False,False,TQL Stadium,2132,Cincinnati,Big 12,,193,Miami (OH),Mid-American,
401858230,2026,3,2026-09-19T19:30:00.000Z,False,False,False,L&N Federal Credit Union Stadium,97,Louisville,ACC,,2567,SMU,ACC,
401858457,2026,3,2026-09-19T19:30:00.000Z,False,False,False,SHI Stadium,164,Rutgers,Big Ten,,30,USC,Big Ten,
401866424,2026,3,2026-09-19T19:30:00.000Z,False,False,False,Warren McGuirk Alumni Stadium,113,Massachusetts,Mid-American,,284,Stonehill,NEC,
401856694,2026,3,2026-09-19T19:30:00.000Z,False,False,False,Kyle Field,245,Texas A&M,SEC,,96,Kentucky,SEC,
401860890,2026,3,2026-09-19T19:30:00.000Z,False,False,False,Gesa Field,265,Washington State,Pac-12,,2184,Duquesne,NEC,
401858233,2026,3,2026-09-19T19:30:00.000Z,False,False,False,California Memorial Stadium,25,California,ACC,,2681,Wagner,NEC,
401856801,2026,3,2026-09-19T19:30:00.000Z,False,False,False,Rice-Eccles Stadium,254,Utah,Big 12,,328,Utah State,Pac-12,
401858450,2026,3,2026-09-19T19:30:00.000Z,False,False,False,Michigan Stadium,130,Michigan,Big Ten,,2638,UTEP,Mountain West,
401858231,2026,3,2026-09-19T20:00:00.000Z,False,False,False,Wallace Wade Stadium,150,Duke,ACC,,24,Stanford,ACC,
401858471,2026,3,2026-09-19T20:00:00.000Z,False,False,False,Kinnick Stadium,2294,Iowa,Big Ten,,2460,Northern Iowa,MVFC,
401858449,2026,3,2026-09-19T20:00:00.000Z,False,False,False,"Memorial Stadium (Bloomington, IN)",84,Indiana,Big Ten,,98,Western Kentucky,Conference USA,
401866422,2026,3,2026-09-19T20:00:00.000Z,False,False,False,Williams Stadium (VA),2335,Liberty,Conference USA,,2050,Ball State,Mid-American,
401867804,2026,3,2026-09-19T20:00:00.000Z,False,False,False,McLane Stadium,239,Baylor,Big 12,,2348,Louisiana Tech,Sun Belt,
401856691,2026,3,2026-09-19T20:15:00.000Z,False,False,False,Williams-Brice Stadium,2579,South Carolina,SEC,,344,Mississippi State,SEC,
401868317,2026,3,2026-09-19T20:30:00.000Z,False,False,False,Malone Stadium,2433,UL Monroe,Sun Belt,,2545,SE Louisiana,Southland,
401864574,2026,3,2026-09-19T22:00:00.000Z,False,False,False,Kidd Brewer Stadium,2026,App State,Sun Belt,,2429,Charlotte,American Athletic,
401862771,2026,3,2026-09-19T22:00:00.000Z,False,False,False,FAU Stadium,2226,Florida Atlantic,American Athletic,,2229,Florida International,Conference USA,
401862710,2026,3,2026-09-19T22:00:00.000Z,False,False,False,S.B. Ballard Stadium,295,Old Dominion,Sun Belt,,151,East Carolina,American Athletic,
401871047,2026,3,2026-09-19T22:30:00.000Z,False,False,False,Plaster Sports Complex,2623,Missouri State,Conference USA,,276,Marshall,Sun Belt,
401856800,2026,3,2026-09-19T23:00:00.000Z,False,False,False,FBC Mortgage Stadium,2116,UCF,Big 12,,2247,Georgia State,Sun Belt,
401870764,2026,3,2026-09-19T23:00:00.000Z,False,False,False,Elliott T. Bowers Stadium,2534,Sam Houston,Conference USA,,2447,Nicholls,Southland,
401869948,2026,3,2026-09-19T23:00:00.000Z,False,False,False,AmFirst Stadium,55,Jacksonville State,Conference USA,,290,Georgia Southern,Sun Belt,
401866423,2026,3,2026-09-19T23:00:00.000Z,False,False,False,Hancock Whitney Stadium,6,South Alabama,Sun Belt,,195,Ohio,Mid-American,
401864443,2026,3,2026-09-19T23:00:00.000Z,False,False,False,"Johnny ""Red"" Floyd Stadium",2393,Middle Tennessee,Conference USA,,2440,Nevada,Mountain West,
401862777,2026,3,2026-09-19T23:00:00.000Z,False,False,False,Raymond James Stadium,58,South Florida,American Athletic,,2169,Delaware State,MEAC,
401856687,2026,3,2026-09-19T23:00:00.000Z,False,False,False,Jordan-Hare Stadium,2,Auburn,SEC,,57,Florida,SEC,
401861963,2026,3,2026-09-19T23:00:00.000Z,False,False,False,M. M. Roberts Stadium,2572,Southern Miss,Sun Belt,,41,UConn,FBS Independents,
401862772,2026,3,2026-09-19T23:00:00.000Z,False,False,False,Simmons Bank Liberty Stadium,235,Memphis,American Athletic,,2630,UT Martin,OVC,
401856803,2026,3,2026-09-19T23:00:00.000Z,False,False,False,Boone Pickens Stadium,197,Oklahoma State,Big 12,,93,Murray State,MVFC,
401862773,2026,3,2026-09-19T23:00:00.000Z,False,False,False,Rice Stadium,242,Rice,American Athletic,,2711,Western Michigan,Mid-American,
401858452,2026,3,2026-09-19T23:15:00.000Z,False,False,False,"Memorial Stadium (Lincoln, NE)",158,Nebraska,Big Ten,,155,North Dakota,MVFC,
401858459,2026,3,2026-09-19T23:15:00.000Z,False,False,False,Husky Stadium,264,Washington,Big Ten,,331,Eastern Washington,Big Sky,
401856795,2026,3,2026-09-19T23:30:00.000Z,False,False,False,Canvas Stadium,36,Colorado State,Pac-12,,252,BYU,Big 12,
401856688,2026,3,2026-09-19T23:30:00.000Z,False,False,False,Vaught-Hemingway Stadium,145,Ole Miss,SEC,,99,LSU,SEC,
401856690,2026,3,2026-09-19T23:30:00.000Z,False,False,False,"Memorial Stadium (Norman, OK)",201,Oklahoma,SEC,,167,New Mexico,Mountain West,
401856796,2026,3,2026-09-19T23:30:00.000Z,False,False,False,Lanny and Sharon Martin Stadium,77,Northwestern,Big Ten,,38,Colorado,Big 12,
401858232,2026,3,2026-09-19T23:30:00.000Z,False,False,False,SECU Stadium,120,Maryland,Big Ten,,259,Virginia Tech,ACC,
401858453,2026,3,2026-09-19T23:30:00.000Z,False,False,False,Notre Dame Stadium,87,Notre Dame,FBS Independents,,127,Michigan State,Big Ten,
401856802,2026,3,2026-09-19T23:30:00.000Z,False,False,True,Bank of America Stadium,258,Virginia,ACC,,277,West Virginia,Big 12,
401856692,2026,3,2026-09-19T23:45:00.000Z,False,False,False,Neyland Stadium,2633,Tennessee,SEC,,338,Kennesaw State,Conference USA,
401862775,2026,3,2026-09-20T00:00:00.000Z,False,False,False,Chapman Stadium,202,Tulsa,American Athletic,,2837,East Texas A&M,Southland,
401862776,2026,3,2026-09-20T00:00:00.000Z,False,False,False,Cajun Field,309,Louisiana,Sun Belt,,5,UAB,American Athletic,
401856693,2026,3,2026-09-20T00:00:00.000Z,False,False,False,DKR-Texas Memorial Stadium,251,Texas,SEC,,2636,UTSA,American Athletic,
401856799,2026,3,2026-09-20T00:00:00.000Z,False,False,False,Amon G. Carter Stadium,2628,TCU,Big 12,,2032,Arkansas State,Sun Belt,
401860887,2026,3,2026-09-20T02:00:00.000Z,False,False,False,Snapdragon Stadium,21,San Diego State,Pac-12,,256,James Madison,Sun Belt,
401860885,2026,3,2026-09-20T02:00:00.000Z,False,False,False,Albertsons Stadium,68,Boise State,Pac-12,,233,South Dakota,MVFC,
401856793,2026,3,2026-09-20T02:30:00.000Z,False,False,False,Arizona Stadium,12,Arizona,Big 12,,2459,Northern Illinois,Mountain West,
401864507,2026,3,2026-09-20T02:30:00.000Z,False,False,False,Hornet Stadium,16,Sacramento State,Mid-American,,2449,North Dakota State,Mountain West,
401858458,2026,3,2026-09-20T03:00:00.000Z,False,False,False,Rose Bowl,26,UCLA,Big Ten,,2509,Purdue,Big Ten,
401860886,2026,3,2026-09-20T03:00:00.000Z,False,False,False,Reser Stadium,204,Oregon State,Pac-12,,149,Montana,Big Sky,
401860888,2026,3,2026-09-20T03:00:00.000Z,False,False,False,CEFCU Stadium,23,San José State,Mountain West,,278,Fresno State,Pac-12,
401869941,2026,4,2026-09-24T23:30:00.000Z,False,False,False,Brooks Stadium (SC),324,Coastal Carolina,Sun Belt,,2335,Liberty,Conference USA,
401862779,2026,4,2026-09-25T20:00:00.000Z,False,False,False,Lincoln Financial Field,218,Temple,American Athletic,,349,Army,American Athletic,
401858468,2026,4,2026-09-25T23:00:00.000Z,False,False,False,SHI Stadium,164,Rutgers,Big Ten,,47,Howard,MEAC,
401862778,2026,4,2026-09-25T23:00:00.000Z,False,False,False,Protective Stadium,5,UAB,American Athletic,,2426,Navy,American Athletic,
401858461,2026,4,2026-09-26T00:00:00.000Z,False,False,False,"Memorial Stadium (Bloomington, IN)",84,Indiana,Big Ten,,77,Northwestern,Big Ten,
401858234,2026,4,2026-09-26T02:30:00.000Z,False,False,False,California Memorial Stadium,25,California,ACC,,228,Clemson,ACC,
401856881,2026,4,2026-09-26T04:00:00.000Z,True,False,False,Milan Puskar Stadium,277,West Virginia,Big 12,,197,Oklahoma State,Big 12,
401866425,2026,4,2026-09-26T04:00:00.000Z,True,False,False,Dix Stadium,2309,Kent State,Mid-American,,2050,Ball State,Mid-American,
401866429,2026,4,2026-09-26T04:00:00.000Z,True,False,False,Hornet Stadium,16,Sacramento State,Mid-American,,113,Massachusetts,Mid-American,
401858243,2026,4,2026-09-26T04:00:00.000Z,True,False,False,L&N Federal Credit Union Stadium,97,Louisville,ACC,,154,Wake Forest,ACC,
401856815,2026,4,2026-09-26T04:00:00.000Z,True,False,False,FBC Mortgage Stadium,2116,UCF,Big 12,,2628,TCU,Big 12,
401858462,2026,4,2026-09-26T04:00:00.000Z,True,False,False,SECU Stadium,120,Maryland,Big Ten,,26,UCLA,Big Ten,
401858463,2026,4,2026-09-26T04:00:00.000Z,True,False,False,Michigan Stadium,130,Michigan,Big Ten,,2294,Iowa,Big Ten,
401858464,2026,4,2026-09-26T04:00:00.000Z,True,False,False,Spartan Stadium,127,Michigan State,Big Ten,,158,Nebraska,Big Ten,
401858465,2026,4,2026-09-26T04:00:00.000Z,True,False,False,Ohio Stadium,194,Ohio State,Big Ten,,356,Illinois,Big Ten,
401860896,2026,4,2026-09-26T04:00:00.000Z,True,False,False,Alamodome,2636,UTSA,American Athletic,,36,Colorado State,Pac-12,
401858466,2026,4,2026-09-26T04:00:00.000Z,True,False,False,Beaver Stadium,213,Penn State,Big Ten,,275,Wisconsin,Big Ten,
401862785,2026,4,2026-09-26T04:00:00.000Z,True,False,False,Doyt L. Perry Stadium,189,Bowling Green,Mid-American,,58,South Florida,American Athletic,
401862784,2026,4,2026-09-26T04:00:00.000Z,True,False,False,Yulman Stadium,2655,Tulane,American Athletic,,2572,Southern Miss,Sun Belt,
401856813,2026,4,2026-09-26T04:00:00.000Z,True,False,False,McLane Stadium,239,Baylor,Big 12,,38,Colorado,Big 12,
401862782,2026,4,2026-09-26T04:00:00.000Z,True,False,False,Malone Stadium,2433,UL Monroe,Sun Belt,,2226,Florida Atlantic,American Athletic,
401862780,2026,4,2026-09-26T04:00:00.000Z,True,False,False,Jerry Richardson Stadium,2429,Charlotte,American Athletic,,309,Louisiana,Sun Belt,
401858469,2026,4,2026-09-26T04:00:00.000Z,True,False,False,Los Angeles Memorial Coliseum,30,USC,Big Ten,,2483,Oregon,Big Ten,
401856814,2026,4,2026-09-26T04:00:00.000Z,True,False,False,Nippert Stadium,2132,Cincinnati,Big 12,,2306,Kansas State,Big 12,
401860893,2026,4,2026-09-26T04:00:00.000Z,True,False,False,Glass Bowl,2649,Toledo,Mid-American,,21,San Diego State,Pac-12,
401858467,2026,4,2026-09-26T04:00:00.000Z,True,False,False,Ross-Ade Stadium,2509,Purdue,Big Ten,,87,Notre Dame,FBS Independents,
401860897,2026,4,2026-09-26T04:00:00.000Z,True,False,False,Waldo Stadium,2711,Western Michigan,Mid-American,,68,Boise State,Pac-12,
401856806,2026,4,2026-09-26T04:00:00.000Z,True,False,False,Allen E. Paulson Stadium,290,Georgia Southern,Sun Belt,,248,Houston,Big 12,
401856805,2026,4,2026-09-26T04:00:00.000Z,True,False,False,Jones AT&T Stadium,2641,Texas Tech,Big 12,,2534,Sam Houston,Conference USA,
401856703,2026,4,2026-09-26T04:00:00.000Z,True,False,False,Davis Wade Stadium,344,Mississippi State,SEC,,142,Missouri,SEC,
401856702,2026,4,2026-09-26T04:00:00.000Z,True,False,False,Tiger Stadium (LA),99,LSU,SEC,,245,Texas A&M,SEC,
401856700,2026,4,2026-09-26T04:00:00.000Z,True,False,False,Sanford Stadium,61,Georgia,SEC,,201,Oklahoma,SEC,
401856699,2026,4,2026-09-26T04:00:00.000Z,True,False,False,Ben Hill Griffin Stadium,57,Florida,SEC,,145,Ole Miss,SEC,
401856698,2026,4,2026-09-26T04:00:00.000Z,True,False,False,Jordan-Hare Stadium,2,Auburn,SEC,,238,Vanderbilt,SEC,
401856696,2026,4,2026-09-26T04:00:00.000Z,True,False,False,Bryant-Denny Stadium,333,Alabama,SEC,,2579,South Carolina,SEC,
401858237,2026,4,2026-09-26T04:00:00.000Z,True,False,False,Doak Campbell Stadium,52,Florida State,ACC,,2110,Central Arkansas,UAC,
401856816,2026,4,2026-09-26T04:00:00.000Z,True,False,False,Jack Trice Stadium,66,Iowa State,Big 12,,254,Utah,Big 12,
401858239,2026,4,2026-09-26T04:00:00.000Z,True,False,False,Scott Stadium,258,Virginia,ACC,,48,Delaware,Conference USA,
401858241,2026,4,2026-09-26T04:00:00.000Z,True,False,False,Gerald J. Ford Stadium,2567,SMU,ACC,,2623,Missouri State,Conference USA,
401858242,2026,4,2026-09-26T04:00:00.000Z,True,False,False,"Alumni Stadium (Chestnut Hill, MA)",103,Boston College,ACC,,259,Virginia Tech,ACC,
401864509,2026,4,2026-09-26T04:00:00.000Z,True,False,False,Mackay Stadium,2440,Nevada,Mountain West,,2005,Air Force,Mountain West,
401864511,2026,4,2026-09-26T04:00:00.000Z,True,False,False,Center Parc Stadium,2247,Georgia State,Sun Belt,,2459,Northern Illinois,Mountain West,
401861970,2026,4,2026-09-26T04:00:00.000Z,True,False,False,Yager Stadium,193,Miami (OH),Mid-American,,41,UConn,FBS Independents,
401864572,2026,4,2026-09-26T04:00:00.000Z,True,False,False,Carter-Finley Stadium,152,NC State,ACC,,2026,App State,Sun Belt,
401858470,2026,4,2026-09-26T04:00:00.000Z,True,False,False,Husky Stadium,264,Washington,Big Ten,,135,Minnesota,Big Ten,
401864512,2026,4,2026-09-26T04:00:00.000Z,True,False,False,InfoCision Stadium,2006,Akron,Mid-American,,2439,UNLV,Mountain West,
401869961,2026,4,2026-09-26T04:00:00.000Z,True,False,False,S.B. Ballard Stadium,295,Old Dominion,Sun Belt,,256,James Madison,Sun Belt,
401856704,2026,4,2026-09-26T16:00:00.000Z,False,False,False,Neyland Stadium,2633,Tennessee,SEC,,251,Texas,SEC,
401858236,2026,4,2026-09-26T16:00:00.000Z,False,False,False,Acrisure Stadium,221,Pittsburgh,ACC,,2083,Bucknell,Patriot,
401864576,2026,4,2026-09-26T16:45:00.000Z,False,False,False,Kroger Field,96,Kentucky,SEC,,6,South Alabama,Sun Belt,
401866427,2026,4,2026-09-26T17:00:00.000Z,False,False,False,Rynearson Stadium,2199,Eastern Michigan,Mid-American,,2815,Lindenwood,OVC,
401864510,2026,4,2026-09-26T19:00:00.000Z,False,False,False,War Memorial Stadium,2751,Wyoming,Mountain West,,62,Hawai'i,Mountain West,
401858244,2026,4,2026-09-26T19:30:00.000Z,False,False,False,Wallace Wade Stadium,150,Duke,ACC,,2729,William & Mary,Patriot,
401866426,2026,4,2026-09-26T19:30:00.000Z,False,False,False,UB Stadium,2084,Buffalo,Mid-American,,2523,Robert Morris,NEC,
401864579,2026,4,2026-09-26T19:30:00.000Z,False,False,False,Aggie Memorial Stadium,166,New Mexico State,Conference USA,,167,New Mexico,Mountain West,
401866428,2026,4,2026-09-26T19:30:00.000Z,False,False,False,Peden Stadium,195,Ohio,Mid-American,,284,Stonehill,NEC,
401868188,2026,4,2026-09-26T19:30:00.000Z,False,False,False,Joan C. Edwards Stadium,276,Marshall,Sun Belt,,2241,Gardner-Webb,OVC,
401862781,2026,4,2026-09-26T20:00:00.000Z,False,False,False,Dowdy-Ficklen Stadium,151,East Carolina,American Athletic,,2428,North Carolina Central,MEAC,
401860892,2026,4,2026-09-26T22:00:00.000Z,False,False,False,Bobcat Stadium (TX),326,Texas State,Pac-12,,2916,Incarnate Word,Southland,
401867909,2026,4,2026-09-26T22:00:00.000Z,False,False,False,Pitbull Stadium,2229,Florida International,Conference USA,,2341,Long Island University,NEC,
401858238,2026,4,2026-09-26T22:30:00.000Z,False,False,False,Hard Rock Stadium,2390,Miami,ACC,,2117,Central Michigan,Mid-American,
401869931,2026,4,2026-09-26T23:00:00.000Z,False,False,False,Centennial Bank Stadium,2032,Arkansas State,Sun Belt,,338,Kennesaw State,Conference USA,
401870745,2026,4,2026-09-26T23:00:00.000Z,False,False,False,Houchens Industries-L.T. Smith Stadium,98,Western Kentucky,Conference USA,,2385,Mercyhurst,NEC,
401871048,2026,4,2026-09-26T23:00:00.000Z,False,False,False,AmFirst Stadium,55,Jacksonville State,Conference USA,,2393,Middle Tennessee,Conference USA,
401862783,2026,4,2026-09-26T23:30:00.000Z,False,False,False,DATCU Stadium,249,North Texas,American Athletic,,2277,Houston Christian,Southland,
401860894,2026,4,2026-09-26T23:30:00.000Z,False,False,False,Maverik Stadium,328,Utah State,Pac-12,,2653,Troy,Sun Belt,
401856804,2026,4,2026-09-26T23:30:00.000Z,False,False,False,Gesa Field,265,Washington State,Pac-12,,12,Arizona,Big 12,
401856697,2026,4,2026-09-27T00:00:00.000Z,False,False,False,Razorback Stadium,8,Arkansas,SEC,,202,Tulsa,American Athletic,
401860895,2026,4,2026-09-27T01:00:00.000Z,False,False,False,Sun Bowl,2638,UTEP,Mountain West,,204,Oregon State,Pac-12,
401860891,2026,4,2026-09-27T02:00:00.000Z,False,False,False,Valley Children's Stadium,278,Fresno State,Pac-12,,242,Rice,American Athletic,
401858240,2026,4,2026-09-27T02:30:00.000Z,False,False,False,Stanford Stadium,24,Stanford,ACC,,59,Georgia Tech,ACC,
401871049,2026,5,2026-10-02T00:00:00.000Z,False,False,False,Aggie Memorial Stadium,166,New Mexico State,Conference USA,,98,Western Kentucky,Conference USA,
401862786,2026,5,2026-10-02T01:00:00.000Z,False,False,False,Chapman Stadium,202,Tulsa,American Athletic,,249,North Texas,American Athletic,
401858245,2026,5,2026-10-02T23:00:00.000Z,False,False,False,Lane Stadium,259,Virginia Tech,ACC,,221,Pittsburgh,ACC,
401871050,2026,5,2026-10-02T23:00:00.000Z,False,False,False,Delaware Stadium,48,Delaware,Conference USA,,2335,Liberty,Conference USA,
401858476,2026,5,2026-10-03T00:00:00.000Z,False,False,False,Ryan Field,77,Northwestern,Big Ten,,213,Penn State,Big Ten,
401856817,2026,5,2026-10-03T04:00:00.000Z,True,False,False,Mountain America Stadium,9,Arizona State,Big 12,,239,Baylor,Big 12,
401866477,2026,5,2026-10-03T04:00:00.000Z,True,False,False,Yager Stadium,193,Miami (OH),Mid-American,,189,Bowling Green,Mid-American,
401862792,2026,5,2026-10-03T04:00:00.000Z,True,False,False,Raymond James Stadium,58,South Florida,American Athletic,,218,Temple,American Athletic,
401862788,2026,5,2026-10-03T04:00:00.000Z,True,False,False,Rice Stadium,242,Rice,American Athletic,,2636,UTSA,American Athletic,
401862787,2026,5,2026-10-03T04:00:00.000Z,True,False,False,Jerry Richardson Stadium,2429,Charlotte,American Athletic,,235,Memphis,American Athletic,
401856818,2026,5,2026-10-03T04:00:00.000Z,True,False,False,Amon G. Carter Stadium,2628,TCU,Big 12,,252,BYU,Big 12,
401856819,2026,5,2026-10-03T04:00:00.000Z,True,False,False,TDECU Stadium,248,Houston,Big 12,,2116,UCF,Big 12,
401858479,2026,5,2026-10-03T04:00:00.000Z,True,False,False,Camp Randall Stadium,275,Wisconsin,Big Ten,,127,Michigan State,Big Ten,
401858478,2026,5,2026-10-03T04:00:00.000Z,True,False,False,Los Angeles Memorial Coliseum,30,USC,Big Ten,,264,Washington,Big Ten,
401856820,2026,5,2026-10-03T04:00:00.000Z,True,False,False,Arizona Stadium,12,Arizona,Big 12,,2132,Cincinnati,Big 12,
401856705,2026,5,2026-10-03T04:00:00.000Z,True,False,False,Sanford Stadium,61,Georgia,SEC,,238,Vanderbilt,SEC,
401856707,2026,5,2026-10-03T04:00:00.000Z,True,False,False,Davis Wade Stadium,344,Mississippi State,SEC,,333,Alabama,SEC,
401871089,2026,5,2026-10-03T04:00:00.000Z,True,False,False,Hancock Whitney Stadium,6,South Alabama,Sun Belt,,2433,UL Monroe,Sun Belt,
401869962,2026,5,2026-10-03T04:00:00.000Z,True,False,False,Bridgeforth Stadium,256,James Madison,Sun Belt,,276,Marshall,Sun Belt,
401869956,2026,5,2026-10-03T04:00:00.000Z,True,False,False,Center Parc Stadium,2247,Georgia State,Sun Belt,,295,Old Dominion,Sun Belt,
401869842,2026,5,2026-10-03T04:00:00.000Z,True,False,False,Joe Aillet Stadium,2348,Louisiana Tech,Sun Belt,,349,Army,American Athletic,
401856708,2026,5,2026-10-03T04:00:00.000Z,True,False,False,Memorial Stadium,142,Missouri,SEC,,57,Florida,SEC,
401856709,2026,5,2026-10-03T04:00:00.000Z,True,False,False,Williams-Brice Stadium,2579,South Carolina,SEC,,96,Kentucky,SEC,
401866434,2026,5,2026-10-03T04:00:00.000Z,True,False,False,Dix Stadium,2309,Kent State,Mid-American,,195,Ohio,Mid-American,
401866433,2026,5,2026-10-03T04:00:00.000Z,True,False,False,Warren McGuirk Alumni Stadium,113,Massachusetts,Mid-American,,2199,Eastern Michigan,Mid-American,
401866432,2026,5,2026-10-03T04:00:00.000Z,True,False,False,UB Stadium,2084,Buffalo,Mid-American,,2711,Western Michigan,Mid-American,
401866431,2026,5,2026-10-03T04:00:00.000Z,True,False,False,Scheumann Stadium,2050,Ball State,Mid-American,,2649,Toledo,Mid-American,
401866430,2026,5,2026-10-03T04:00:00.000Z,True,False,False,Kelly/Shorts Stadium,2117,Central Michigan,Mid-American,,2006,Akron,Mid-American,
401864514,2026,5,2026-10-03T04:00:00.000Z,True,False,False,University Stadium (NM),167,New Mexico,Mountain West,,2638,UTEP,Mountain West,
401856710,2026,5,2026-10-03T04:00:00.000Z,True,False,False,Neyland Stadium,2633,Tennessee,SEC,,2,Auburn,SEC,
401856711,2026,5,2026-10-03T04:00:00.000Z,True,False,False,Kyle Field,245,Texas A&M,SEC,,8,Arkansas,SEC,
401858249,2026,5,2026-10-03T04:00:00.000Z,True,False,False,"Memorial Stadium (Clemson, SC)",228,Clemson,ACC,,2390,Miami,ACC,
401856807,2026,5,2026-10-03T04:00:00.000Z,True,False,False,Memorial Stadium,2305,Kansas,Big 12,,2393,Middle Tennessee,Conference USA,
401856821,2026,5,2026-10-03T04:00:00.000Z,True,False,False,Folsom Field,38,Colorado,Big 12,,2641,Texas Tech,Big 12,
401856822,2026,5,2026-10-03T04:00:00.000Z,True,False,False,Jack Trice Stadium,66,Iowa State,Big 12,,277,West Virginia,Big 12,
401858246,2026,5,2026-10-03T04:00:00.000Z,True,False,False,Gerald J. Ford Stadium,2567,SMU,ACC,,103,Boston College,ACC,
401858248,2026,5,2026-10-03T04:00:00.000Z,True,False,False,Carter-Finley Stadium,152,NC State,ACC,,97,Louisville,ACC,
401858475,2026,5,2026-10-03T04:00:00.000Z,True,False,False,"Memorial Stadium (Lincoln, NE)",158,Nebraska,Big Ten,,120,Maryland,Big Ten,
401858474,2026,5,2026-10-03T04:00:00.000Z,True,False,False,Huntington Bank Stadium,135,Minnesota,Big Ten,,130,Michigan,Big Ten,
401858473,2026,5,2026-10-03T04:00:00.000Z,True,False,False,Kinnick Stadium,2294,Iowa,Big Ten,,194,Ohio State,Big Ten,
401858472,2026,5,2026-10-03T04:00:00.000Z,True,False,False,"Memorial Stadium (Champaign, IL)",356,Illinois,Big Ten,,2509,Purdue,Big Ten,
401858253,2026,5,2026-10-03T04:00:00.000Z,True,False,False,Doak Campbell Stadium,52,Florida State,ACC,,258,Virginia,ACC,
401858251,2026,5,2026-10-03T04:00:00.000Z,True,False,False,Allegacy Federal Credit Union Stadium,154,Wake Forest,ACC,,24,Stanford,ACC,
401858250,2026,5,2026-10-03T04:00:00.000Z,True,False,False,Kenan Stadium,153,North Carolina,ACC,,87,Notre Dame,FBS Independents,
401869932,2026,5,2026-10-03T04:00:00.000Z,True,False,False,Cajun Field,309,Louisiana,Sun Belt,,2032,Arkansas State,Sun Belt,
401869942,2026,5,2026-10-03T04:00:00.000Z,True,False,False,Brooks Stadium (SC),324,Coastal Carolina,Sun Belt,,290,Georgia Southern,Sun Belt,
401862791,2026,5,2026-10-03T16:00:00.000Z,False,False,False,Falcon Stadium,2005,Air Force,Mountain West,,2426,Navy,American Athletic,
401858252,2026,5,2026-10-03T16:00:00.000Z,False,False,False,Pratt & Whitney Stadium,41,UConn,FBS Independents,,183,Syracuse,ACC,
401864515,2026,5,2026-10-03T19:30:00.000Z,False,False,False,Fargodome,2449,North Dakota State,Mountain West,,2751,Wyoming,Mountain West,
401858247,2026,5,2026-10-03T19:30:00.000Z,False,False,False,Allegiant Stadium,2439,UNLV,Mountain West,,25,California,ACC,
401862793,2026,5,2026-10-03T19:30:00.000Z,False,False,False,Protective Stadium,5,UAB,American Athletic,,2535,Samford,Southern,
401860899,2026,5,2026-10-03T22:00:00.000Z,False,False,False,Canvas Stadium,36,Colorado State,Pac-12,,204,Oregon State,Pac-12,
401862790,2026,5,2026-10-03T22:00:00.000Z,False,False,False,FAU Stadium,2226,Florida Atlantic,American Athletic,,2640,Texas Southern,SWAC,
401860898,2026,5,2026-10-03T23:30:00.000Z,False,False,False,Albertsons Stadium,68,Boise State,Pac-12,,328,Utah State,Pac-12,
401856706,2026,5,2026-10-03T23:45:00.000Z,False,False,False,Tiger Stadium (LA),99,LSU,SEC,,2377,McNeese,Southland,
401858477,2026,5,2026-10-04T00:00:00.000Z,False,False,False,SHI Stadium,164,Rutgers,Big Ten,,84,Indiana,Big Ten,
401860921,2026,5,2026-10-04T01:30:00.000Z,False,False,False,Gesa Field,265,Washington State,Pac-12,,278,Fresno State,Pac-12,
401860900,2026,5,2026-10-04T02:30:00.000Z,False,False,False,Snapdragon Stadium,21,San Diego State,Pac-12,,326,Texas State,Pac-12,
401864513,2026,5,2026-10-04T03:59:00.000Z,False,False,False,Clarence T.C. Ching Athletics Complex,62,Hawai'i,Mountain West,,23,San José State,Mountain West,
401871090,2026,6,2026-10-07T00:00:00.000Z,False,False,False,Veterans Memorial Stadium (AL),2653,Troy,Sun Belt,,2572,Southern Miss,Sun Belt,
401871051,2026,6,2026-10-07T23:00:00.000Z,False,False,False,Fifth Third Stadium,338,Kennesaw State,Conference USA,,55,Jacksonville State,Conference USA,
401871066,2026,6,2026-10-07T23:30:00.000Z,False,False,False,Pitbull Stadium,2229,Florida International,Conference USA,,166,New Mexico State,Conference USA,
401871052,2026,6,2026-10-08T23:00:00.000Z,False,False,False,Houchens Industries-L.T. Smith Stadium,98,Western Kentucky,Conference USA,,2623,Missouri State,Conference USA,
401870766,2026,6,2026-10-08T23:00:00.000Z,False,False,False,Williams Stadium (VA),2335,Liberty,Conference USA,,2534,Sam Houston,Conference USA,
401869933,2026,6,2026-10-08T23:30:00.000Z,False,False,False,Centennial Bank Stadium,2032,Arkansas State,Sun Belt,,6,South Alabama,Sun Belt,
401862794,2026,6,2026-10-08T23:30:00.000Z,False,False,False,Alamodome,2636,UTSA,American Athletic,,58,South Florida,American Athletic,
401858254,2026,6,2026-10-09T23:00:00.000Z,False,False,False,L&N Federal Credit Union Stadium,97,Louisville,ACC,,52,Florida State,ACC,
401864519,2026,6,2026-10-10T01:00:00.000Z,False,False,False,CEFCU Stadium,23,San José State,Mountain West,,2751,Wyoming,Mountain West,
401860922,2026,6,2026-10-10T01:00:00.000Z,False,False,False,Maverik Stadium,328,Utah State,Pac-12,,265,Washington State,Pac-12,
401858487,2026,6,2026-10-10T01:00:00.000Z,False,False,False,Husky Stadium,264,Washington,Big Ten,,2294,Iowa,Big Ten,
401856826,2026,6,2026-10-10T02:15:00.000Z,False,False,False,LaVell Edwards Stadium,252,BYU,Big 12,,66,Iowa State,Big 12,
401858481,2026,6,2026-10-10T04:00:00.000Z,True,False,False,"Memorial Stadium (Lincoln, NE)",158,Nebraska,Big Ten,,84,Indiana,Big Ten,
401858480,2026,6,2026-10-10T04:00:00.000Z,True,False,False,Spartan Stadium,127,Michigan State,Big Ten,,356,Illinois,Big Ten,
401858260,2026,6,2026-10-10T04:00:00.000Z,True,False,False,Carter-Finley Stadium,152,NC State,ACC,,154,Wake Forest,ACC,
401858259,2026,6,2026-10-10T04:00:00.000Z,True,False,False,California Memorial Stadium,25,California,ACC,,259,Virginia Tech,ACC,
401858258,2026,6,2026-10-10T04:00:00.000Z,True,False,False,Scott Stadium,258,Virginia,ACC,,183,Syracuse,ACC,
401856712,2026,6,2026-10-10T04:00:00.000Z,True,False,False,Bryant-Denny Stadium,333,Alabama,SEC,,61,Georgia,SEC,
401864517,2026,6,2026-10-10T04:00:00.000Z,True,False,False,Sun Bowl,2638,UTEP,Mountain West,,2440,Nevada,Mountain West,
401866436,2026,6,2026-10-10T04:00:00.000Z,True,False,False,Doyt L. Perry Stadium,189,Bowling Green,Mid-American,,16,Sacramento State,Mid-American,
401869843,2026,6,2026-10-10T04:00:00.000Z,True,False,False,Kidd Brewer Stadium,2026,App State,Sun Belt,,295,Old Dominion,Sun Belt,
401869943,2026,6,2026-10-10T04:00:00.000Z,True,False,False,Joan C. Edwards Stadium,276,Marshall,Sun Belt,,324,Coastal Carolina,Sun Belt,
401869949,2026,6,2026-10-10T04:00:00.000Z,True,False,False,Allen E. Paulson Stadium,290,Georgia Southern,Sun Belt,,256,James Madison,Sun Belt,
401862798,2026,6,2026-10-10T04:00:00.000Z,True,False,False,Simmons Bank Liberty Stadium,235,Memphis,American Athletic,,5,UAB,American Athletic,
401862797,2026,6,2026-10-10T04:00:00.000Z,True,False,False,Dowdy-Ficklen Stadium,151,East Carolina,American Athletic,,242,Rice,American Athletic,
401862796,2026,6,2026-10-10T04:00:00.000Z,True,False,False,DATCU Stadium,249,North Texas,American Athletic,,2429,Charlotte,American Athletic,
401861964,2026,6,2026-10-10T04:00:00.000Z,True,False,False,Lincoln Financial Field,218,Temple,American Athletic,,41,UConn,FBS Independents,
401858486,2026,6,2026-10-10T04:00:00.000Z,True,False,False,Ross-Ade Stadium,2509,Purdue,Big Ten,,135,Minnesota,Big Ten,
401858485,2026,6,2026-10-10T04:00:00.000Z,True,False,False,Beaver Stadium,213,Penn State,Big Ten,,30,USC,Big Ten,
401858484,2026,6,2026-10-10T04:00:00.000Z,True,False,False,Autzen Stadium,2483,Oregon,Big Ten,,26,UCLA,Big Ten,
401858483,2026,6,2026-10-10T04:00:00.000Z,True,False,False,Ohio Stadium,194,Ohio State,Big Ten,,120,Maryland,Big Ten,
401858482,2026,6,2026-10-10T04:00:00.000Z,True,False,False,Ryan Field,77,Northwestern,Big Ten,,2050,Ball State,Mid-American,
401858255,2026,6,2026-10-10T04:00:00.000Z,True,False,False,Bobby Dodd Stadium,59,Georgia Tech,ACC,,150,Duke,ACC,
401856827,2026,6,2026-10-10T04:00:00.000Z,True,False,False,Rice-Eccles Stadium,254,Utah,Big 12,,2305,Kansas,Big 12,
401856825,2026,6,2026-10-10T04:00:00.000Z,True,False,False,Bill Snyder Family Stadium,2306,Kansas State,Big 12,,248,Houston,Big 12,
401856824,2026,6,2026-10-10T04:00:00.000Z,True,False,False,Boone Pickens Stadium,197,Oklahoma State,Big 12,,2116,UCF,Big 12,
401856823,2026,6,2026-10-10T04:00:00.000Z,True,False,False,Milan Puskar Stadium,277,West Virginia,Big 12,,12,Arizona,Big 12,
401856808,2026,6,2026-10-10T04:00:00.000Z,True,False,False,Mountain America Stadium,9,Arizona State,Big 12,,62,Hawai'i,Mountain West,
401856718,2026,6,2026-10-10T04:00:00.000Z,True,False,False,FirstBank Stadium,238,Vanderbilt,SEC,,145,Ole Miss,SEC,
401856716,2026,6,2026-10-10T04:00:00.000Z,True,False,False,Memorial Stadium,142,Missouri,SEC,,245,Texas A&M,SEC,
401856715,2026,6,2026-10-10T04:00:00.000Z,True,False,False,Kroger Field,96,Kentucky,SEC,,99,LSU,SEC,
401856714,2026,6,2026-10-10T04:00:00.000Z,True,False,False,Ben Hill Griffin Stadium,57,Florida,SEC,,2579,South Carolina,SEC,
401856713,2026,6,2026-10-10T04:00:00.000Z,True,False,False,Razorback Stadium,8,Arkansas,SEC,,2633,Tennessee,SEC,
401858256,2026,6,2026-10-10T04:00:00.000Z,True,False,False,Acrisure Stadium,221,Pittsburgh,ACC,,153,North Carolina,ACC,
401866440,2026,6,2026-10-10T04:00:00.000Z,True,False,False,Warren McGuirk Alumni Stadium,113,Massachusetts,Mid-American,,193,Miami (OH),Mid-American,
401866437,2026,6,2026-10-10T04:00:00.000Z,True,False,False,Glass Bowl,2649,Toledo,Mid-American,,2084,Buffalo,Mid-American,
401869965,2026,6,2026-10-10T04:00:00.000Z,True,False,False,Joe Aillet Stadium,2348,Louisiana Tech,Sun Belt,,309,Louisiana,Sun Belt,
401866438,2026,6,2026-10-10T04:00:00.000Z,True,False,False,Peden Stadium,195,Ohio,Mid-American,,2117,Central Michigan,Mid-American,
401866439,2026,6,2026-10-10T04:00:00.000Z,True,False,False,Waldo Stadium,2711,Western Michigan,Mid-American,,2309,Kent State,Mid-American,
401862795,2026,6,2026-10-10T16:00:00.000Z,False,False,False,Michie Stadium,349,Army,American Athletic,,2655,Tulane,American Athletic,
401858257,2026,6,2026-10-10T19:30:00.000Z,False,False,False,Notre Dame Stadium,87,Notre Dame,FBS Independents,,24,Stanford,ACC,
401862799,2026,6,2026-10-10T19:30:00.000Z,False,False,False,Navy-Marine Corps Memorial Stadium,2426,Navy,American Athletic,,202,Tulsa,American Athletic,
401856717,2026,6,2026-10-10T19:30:00.000Z,False,False,True,Cotton Bowl,201,Oklahoma,SEC,,251,Texas,SEC,
401866435,2026,6,2026-10-10T19:30:00.000Z,False,False,False,InfoCision Stadium,2006,Akron,Mid-American,,2199,Eastern Michigan,Mid-American,
401860902,2026,6,2026-10-10T22:00:00.000Z,False,False,False,Reser Stadium,204,Oregon State,Pac-12,,21,San Diego State,Pac-12,
401864518,2026,6,2026-10-10T23:00:00.000Z,False,False,False,Allegiant Stadium,2439,UNLV,Mountain West,,2449,North Dakota State,Mountain West,
401864516,2026,6,2026-10-10T23:30:00.000Z,False,False,False,Huskie Stadium,2459,Northern Illinois,Mountain West,,2005,Air Force,Mountain West,
401860901,2026,6,2026-10-11T02:30:00.000Z,False,False,False,Valley Children's Stadium,278,Fresno State,Pac-12,,68,Boise State,Pac-12,
401871067,2026,7,2026-10-13T23:00:00.000Z,False,False,False,"Johnny ""Red"" Floyd Stadium",2393,Middle Tennessee,Conference USA,,48,Delaware,Conference USA,
401871053,2026,7,2026-10-14T00:00:00.000Z,False,False,False,AmFirst Stadium,55,Jacksonville State,Conference USA,,2229,Florida International,Conference USA,
401871054,2026,7,2026-10-14T23:30:00.000Z,False,False,False,Plaster Sports Complex,2623,Missouri State,Conference USA,,338,Kennesaw State,Conference USA,
401871068,2026,7,2026-10-15T00:00:00.000Z,False,False,False,Elliott T. Bowers Stadium,2534,Sam Houston,Conference USA,,98,Western Kentucky,Conference USA,
401862800,2026,7,2026-10-15T23:30:00.000Z,False,False,False,Protective Stadium,5,UAB,American Athletic,,151,East Carolina,American Athletic,
401869950,2026,7,2026-10-15T23:30:00.000Z,False,False,False,S.B. Ballard Stadium,295,Old Dominion,Sun Belt,,290,Georgia Southern,Sun Belt,
401860923,2026,7,2026-10-16T00:00:00.000Z,False,False,False,Bobcat Stadium (TX),326,Texas State,Pac-12,,36,Colorado State,Pac-12,
401862801,2026,7,2026-10-16T23:30:00.000Z,False,False,False,Yulman Stadium,2655,Tulane,American Athletic,,235,Memphis,American Athletic,
401858493,2026,7,2026-10-17T00:00:00.000Z,False,False,False,Ross-Ade Stadium,2509,Purdue,Big Ten,,264,Washington,Big Ten,
401869844,2026,7,2026-10-17T00:00:00.000Z,False,False,False,Brooks Stadium (SC),324,Coastal Carolina,Sun Belt,,2026,App State,Sun Belt,
401869934,2026,7,2026-10-17T04:00:00.000Z,True,False,False,M. M. Roberts Stadium,2572,Southern Miss,Sun Belt,,2032,Arkansas State,Sun Belt,
401866441,2026,7,2026-10-17T04:00:00.000Z,True,False,False,Doyt L. Perry Stadium,189,Bowling Green,Mid-American,,2050,Ball State,Mid-American,
401866442,2026,7,2026-10-17T04:00:00.000Z,True,False,False,UB Stadium,2084,Buffalo,Mid-American,,113,Massachusetts,Mid-American,
401866443,2026,7,2026-10-17T04:00:00.000Z,True,False,False,Kelly/Shorts Stadium,2117,Central Michigan,Mid-American,,2711,Western Michigan,Mid-American,
401866444,2026,7,2026-10-17T04:00:00.000Z,True,False,False,Rynearson Stadium,2199,Eastern Michigan,Mid-American,,2649,Toledo,Mid-American,
401862804,2026,7,2026-10-17T04:00:00.000Z,True,False,False,Alamodome,2636,UTSA,American Athletic,,2426,Navy,American Athletic,
401866478,2026,7,2026-10-17T04:00:00.000Z,True,False,False,Yager Stadium,193,Miami (OH),Mid-American,,2006,Akron,Mid-American,
401856719,2026,7,2026-10-17T04:00:00.000Z,True,False,False,Sanford Stadium,61,Georgia,SEC,,2,Auburn,SEC,
401856720,2026,7,2026-10-17T04:00:00.000Z,True,False,False,Tiger Stadium (LA),99,LSU,SEC,,344,Mississippi State,SEC,
401856721,2026,7,2026-10-17T04:00:00.000Z,True,False,False,Vaught-Hemingway Stadium,145,Ole Miss,SEC,,142,Missouri,SEC,
401856722,2026,7,2026-10-17T04:00:00.000Z,True,False,False,"Memorial Stadium (Norman, OK)",201,Oklahoma,SEC,,96,Kentucky,SEC,
401856723,2026,7,2026-10-17T04:00:00.000Z,True,False,False,Neyland Stadium,2633,Tennessee,SEC,,333,Alabama,SEC,
401856724,2026,7,2026-10-17T04:00:00.000Z,True,False,False,DKR-Texas Memorial Stadium,251,Texas,SEC,,57,Florida,SEC,
401856726,2026,7,2026-10-17T04:00:00.000Z,True,False,False,FirstBank Stadium,238,Vanderbilt,SEC,,8,Arkansas,SEC,
401856809,2026,7,2026-10-17T04:00:00.000Z,True,False,False,LaVell Edwards Stadium,252,BYU,Big 12,,87,Notre Dame,FBS Independents,
401856828,2026,7,2026-10-17T04:00:00.000Z,True,False,False,Jones AT&T Stadium,2641,Texas Tech,Big 12,,9,Arizona State,Big 12,
401856829,2026,7,2026-10-17T04:00:00.000Z,True,False,False,Milan Puskar Stadium,277,West Virginia,Big 12,,2132,Cincinnati,Big 12,
401856830,2026,7,2026-10-17T04:00:00.000Z,True,False,False,Bill Snyder Family Stadium,2306,Kansas State,Big 12,,2305,Kansas,Big 12,
401871091,2026,7,2026-10-17T04:00:00.000Z,True,False,False,Malone Stadium,2433,UL Monroe,Sun Belt,,2348,Louisiana Tech,Sun Belt,
401869966,2026,7,2026-10-17T04:00:00.000Z,True,False,False,Cajun Field,309,Louisiana,Sun Belt,,2653,Troy,Sun Belt,
401869957,2026,7,2026-10-17T04:00:00.000Z,True,False,False,Bridgeforth Stadium,256,James Madison,Sun Belt,,2247,Georgia State,Sun Belt,
401856831,2026,7,2026-10-17T04:00:00.000Z,True,False,False,TDECU Stadium,248,Houston,Big 12,,197,Oklahoma State,Big 12,
401856832,2026,7,2026-10-17T04:00:00.000Z,True,False,False,McLane Stadium,239,Baylor,Big 12,,2628,TCU,Big 12,
401856833,2026,7,2026-10-17T04:00:00.000Z,True,False,False,Folsom Field,38,Colorado,Big 12,,254,Utah,Big 12,
401858261,2026,7,2026-10-17T04:00:00.000Z,True,False,False,"Memorial Stadium (Clemson, SC)",228,Clemson,ACC,,2127,Charleston Southern,OVC,
401858263,2026,7,2026-10-17T04:00:00.000Z,True,False,False,Hard Rock Stadium,2390,Miami,ACC,,52,Florida State,ACC,
401858264,2026,7,2026-10-17T04:00:00.000Z,True,False,False,Lane Stadium,259,Virginia Tech,ACC,,59,Georgia Tech,ACC,
401858265,2026,7,2026-10-17T04:00:00.000Z,True,False,False,JMA Wireless Dome,183,Syracuse,ACC,,97,Louisville,ACC,
401866445,2026,7,2026-10-17T04:00:00.000Z,True,False,False,Hornet Stadium,16,Sacramento State,Mid-American,,195,Ohio,Mid-American,
401864521,2026,7,2026-10-17T04:00:00.000Z,True,False,False,Clarence T.C. Ching Athletics Complex,62,Hawai'i,Mountain West,,167,New Mexico,Mountain West,
401858266,2026,7,2026-10-17T04:00:00.000Z,True,False,False,Wallace Wade Stadium,150,Duke,ACC,,153,North Carolina,ACC,
401858267,2026,7,2026-10-17T04:00:00.000Z,True,False,False,"Alumni Stadium (Chestnut Hill, MA)",103,Boston College,ACC,,221,Pittsburgh,ACC,
401858268,2026,7,2026-10-17T04:00:00.000Z,True,False,False,Gerald J. Ford Stadium,2567,SMU,ACC,,258,Virginia,ACC,
401858269,2026,7,2026-10-17T04:00:00.000Z,True,False,False,California Memorial Stadium,25,California,ACC,,154,Wake Forest,ACC,
401858488,2026,7,2026-10-17T04:00:00.000Z,True,False,False,"Memorial Stadium (Bloomington, IN)",84,Indiana,Big Ten,,194,Ohio State,Big Ten,
401858489,2026,7,2026-10-17T04:00:00.000Z,True,False,False,SECU Stadium,120,Maryland,Big Ten,,164,Rutgers,Big Ten,
401858490,2026,7,2026-10-17T04:00:00.000Z,True,False,False,Michigan Stadium,130,Michigan,Big Ten,,213,Penn State,Big Ten,
401858491,2026,7,2026-10-17T04:00:00.000Z,True,False,False,Spartan Stadium,127,Michigan State,Big Ten,,77,Northwestern,Big Ten,
401858492,2026,7,2026-10-17T04:00:00.000Z,True,False,False,Autzen Stadium,2483,Oregon,Big Ten,,158,Nebraska,Big Ten,
401858494,2026,7,2026-10-17T04:00:00.000Z,True,False,False,Rose Bowl,26,UCLA,Big Ten,,275,Wisconsin,Big Ten,
401862803,2026,7,2026-10-17T04:00:00.000Z,True,False,False,Lincoln Financial Field,218,Temple,American Athletic,,2429,Charlotte,American Athletic,
401862805,2026,7,2026-10-17T04:00:00.000Z,True,False,False,Rice Stadium,242,Rice,American Athletic,,202,Tulsa,American Athletic,
401862806,2026,7,2026-10-17T04:00:00.000Z,True,False,False,Raymond James Stadium,58,South Florida,American Athletic,,2309,Kent State,Mid-American,
401862802,2026,7,2026-10-17T16:00:00.000Z,False,False,False,Michie Stadium,349,Army,American Athletic,,2226,Florida Atlantic,American Athletic,
401856725,2026,7,2026-10-17T17:00:00.000Z,False,False,False,Kyle Field,245,Texas A&M,SEC,,2643,The Citadel,Southern,
401864522,2026,7,2026-10-17T19:30:00.000Z,False,False,False,War Memorial Stadium,2751,Wyoming,Mountain West,,2459,Northern Illinois,Mountain West,
401864524,2026,7,2026-10-17T19:30:00.000Z,False,False,False,Falcon Stadium,2005,Air Force,Mountain West,,2439,UNLV,Mountain West,
401860903,2026,7,2026-10-17T22:00:00.000Z,False,False,False,Reser Stadium,204,Oregon State,Pac-12,,265,Washington State,Pac-12,
401864520,2026,7,2026-10-17T23:00:00.000Z,False,False,False,Fargodome,2449,North Dakota State,Mountain West,,2440,Nevada,Mountain West,
401858262,2026,7,2026-10-17T23:30:00.000Z,False,False,False,Stanford Stadium,24,Stanford,ACC,,2210,Elon,Coastal Athletic,
401864523,2026,7,2026-10-18T01:00:00.000Z,False,False,False,Sun Bowl,2638,UTEP,Mountain West,,23,San José State,Mountain West,
401860904,2026,7,2026-10-18T02:30:00.000Z,False,False,False,Snapdragon Stadium,21,San Diego State,Pac-12,,278,Fresno State,Pac-12,
401871055,2026,8,2026-10-20T23:00:00.000Z,False,False,False,Pitbull Stadium,2229,Florida International,Conference USA,,2393,Middle Tennessee,Conference USA,
401871069,2026,8,2026-10-20T23:00:00.000Z,False,False,False,Delaware Stadium,48,Delaware,Conference USA,,2623,Missouri State,Conference USA,
401871092,2026,8,2026-10-20T23:30:00.000Z,False,False,False,Joan C. Edwards Stadium,276,Marshall,Sun Belt,,6,South Alabama,Sun Belt,
401871070,2026,8,2026-10-22T00:00:00.000Z,False,False,False,Elliott T. Bowers Stadium,2534,Sam Houston,Conference USA,,166,New Mexico State,Conference USA,
401869845,2026,8,2026-10-22T23:00:00.000Z,False,False,False,Kidd Brewer Stadium,2026,App State,Sun Belt,,256,James Madison,Sun Belt,
401871056,2026,8,2026-10-22T23:00:00.000Z,False,False,False,Fifth Third Stadium,338,Kennesaw State,Conference USA,,2335,Liberty,Conference USA,
401862807,2026,8,2026-10-22T23:30:00.000Z,False,False,False,Simmons Bank Liberty Stadium,235,Memphis,American Athletic,,151,East Carolina,American Athletic,
401861965,2026,8,2026-10-23T23:00:00.000Z,False,False,False,Pratt & Whitney Stadium,41,UConn,FBS Independents,,113,Massachusetts,Mid-American,
401858271,2026,8,2026-10-23T23:00:00.000Z,False,False,False,Scott Stadium,258,Virginia,ACC,,150,Duke,ACC,
401862808,2026,8,2026-10-24T00:30:00.000Z,False,False,False,Chapman Stadium,202,Tulsa,American Athletic,,349,Army,American Athletic,
401864525,2026,8,2026-10-24T01:00:00.000Z,False,False,False,War Memorial Stadium,2751,Wyoming,Mountain West,,2005,Air Force,Mountain West,
401858272,2026,8,2026-10-24T02:30:00.000Z,False,False,False,Stanford Stadium,24,Stanford,ACC,,152,NC State,ACC,
401858500,2026,8,2026-10-24T04:00:00.000Z,True,False,False,Camp Randall Stadium,275,Wisconsin,Big Ten,,30,USC,Big Ten,
401856727,2026,8,2026-10-24T04:00:00.000Z,True,False,False,Bryant-Denny Stadium,333,Alabama,SEC,,245,Texas A&M,SEC,
401856729,2026,8,2026-10-24T04:00:00.000Z,True,False,False,Kroger Field,96,Kentucky,SEC,,238,Vanderbilt,SEC,
401856730,2026,8,2026-10-24T04:00:00.000Z,True,False,False,Davis Wade Stadium,344,Mississippi State,SEC,,201,Oklahoma,SEC,
401856731,2026,8,2026-10-24T04:00:00.000Z,True,False,False,Williams-Brice Stadium,2579,South Carolina,SEC,,2633,Tennessee,SEC,
401856732,2026,8,2026-10-24T04:00:00.000Z,True,False,False,DKR-Texas Memorial Stadium,251,Texas,SEC,,145,Ole Miss,SEC,
401856834,2026,8,2026-10-24T04:00:00.000Z,True,False,False,Memorial Stadium,2305,Kansas,Big 12,,239,Baylor,Big 12,
401856835,2026,8,2026-10-24T04:00:00.000Z,True,False,False,FBC Mortgage Stadium,2116,UCF,Big 12,,252,BYU,Big 12,
401856836,2026,8,2026-10-24T04:00:00.000Z,True,False,False,Boone Pickens Stadium,197,Oklahoma State,Big 12,,38,Colorado,Big 12,
401856837,2026,8,2026-10-24T04:00:00.000Z,True,False,False,Rice-Eccles Stadium,254,Utah,Big 12,,248,Houston,Big 12,
401856838,2026,8,2026-10-24T04:00:00.000Z,True,False,False,Arizona Stadium,12,Arizona,Big 12,,66,Iowa State,Big 12,
401856839,2026,8,2026-10-24T04:00:00.000Z,True,False,False,Mountain America Stadium,9,Arizona State,Big 12,,2306,Kansas State,Big 12,
401866449,2026,8,2026-10-24T04:00:00.000Z,True,False,False,Peden Stadium,195,Ohio,Mid-American,,2199,Eastern Michigan,Mid-American,
401866476,2026,8,2026-10-24T04:00:00.000Z,True,False,False,Kelly/Shorts Stadium,2117,Central Michigan,Mid-American,,193,Miami (OH),Mid-American,
401866450,2026,8,2026-10-24T04:00:00.000Z,True,False,False,Glass Bowl,2649,Toledo,Mid-American,,2711,Western Michigan,Mid-American,
401866448,2026,8,2026-10-24T04:00:00.000Z,True,False,False,UB Stadium,2084,Buffalo,Mid-American,,189,Bowling Green,Mid-American,
401866447,2026,8,2026-10-24T04:00:00.000Z,True,False,False,Scheumann Stadium,2050,Ball State,Mid-American,,16,Sacramento State,Mid-American,
401866446,2026,8,2026-10-24T04:00:00.000Z,True,False,False,Dix Stadium,2309,Kent State,Mid-American,,2006,Akron,Mid-American,
401871094,2026,8,2026-10-24T04:00:00.000Z,True,False,False,Veterans Memorial Stadium (AL),2653,Troy,Sun Belt,,2433,UL Monroe,Sun Belt,
401871093,2026,8,2026-10-24T04:00:00.000Z,True,False,False,Joe Aillet Stadium,2348,Louisiana Tech,Sun Belt,,295,Old Dominion,Sun Belt,
401856840,2026,8,2026-10-24T04:00:00.000Z,True,False,False,Nippert Stadium,2132,Cincinnati,Big 12,,2641,Texas Tech,Big 12,
401856841,2026,8,2026-10-24T04:00:00.000Z,True,False,False,Amon G. Carter Stadium,2628,TCU,Big 12,,277,West Virginia,Big 12,
401858273,2026,8,2026-10-24T04:00:00.000Z,True,False,False,Bobby Dodd Stadium,59,Georgia Tech,ACC,,103,Boston College,ACC,
401858274,2026,8,2026-10-24T04:00:00.000Z,True,False,False,Hard Rock Stadium,2390,Miami,ACC,,221,Pittsburgh,ACC,
401858275,2026,8,2026-10-24T04:00:00.000Z,True,False,False,Kenan Stadium,153,North Carolina,ACC,,183,Syracuse,ACC,
401858276,2026,8,2026-10-24T04:00:00.000Z,True,False,False,"Memorial Stadium (Clemson, SC)",228,Clemson,ACC,,259,Virginia Tech,ACC,
401858495,2026,8,2026-10-24T04:00:00.000Z,True,False,False,"Memorial Stadium (Champaign, IL)",356,Illinois,Big Ten,,2483,Oregon,Big Ten,
401858270,2026,8,2026-10-24T04:00:00.000Z,True,False,False,Gerald J. Ford Stadium,2567,SMU,ACC,,25,California,ACC,
401858496,2026,8,2026-10-24T04:00:00.000Z,True,False,False,Michigan Stadium,130,Michigan,Big Ten,,84,Indiana,Big Ten,
401858497,2026,8,2026-10-24T04:00:00.000Z,True,False,False,Huntington Bank Stadium,135,Minnesota,Big Ten,,2294,Iowa,Big Ten,
401858498,2026,8,2026-10-24T04:00:00.000Z,True,False,False,Ryan Field,77,Northwestern,Big Ten,,164,Rutgers,Big Ten,
401862811,2026,8,2026-10-24T04:00:00.000Z,True,False,False,Yulman Stadium,2655,Tulane,American Athletic,,2636,UTSA,American Athletic,
401862809,2026,8,2026-10-24T04:00:00.000Z,True,False,False,FAU Stadium,2226,Florida Atlantic,American Athletic,,242,Rice,American Athletic,
401858499,2026,8,2026-10-24T04:00:00.000Z,True,False,False,Rose Bowl,26,UCLA,Big Ten,,127,Michigan State,Big Ten,
401869967,2026,8,2026-10-24T04:00:00.000Z,True,False,False,M. M. Roberts Stadium,2572,Southern Miss,Sun Belt,,309,Louisiana,Sun Belt,
401864526,2026,8,2026-10-24T04:00:00.000Z,True,False,False,Huskie Stadium,2459,Northern Illinois,Mountain West,,62,Hawai'i,Mountain West,
401856728,2026,8,2026-10-24T16:00:00.000Z,False,False,False,Jordan-Hare Stadium,2,Auburn,SEC,,99,LSU,SEC,
401862810,2026,8,2026-10-24T19:30:00.000Z,False,False,False,Navy-Marine Corps Memorial Stadium,2426,Navy,American Athletic,,249,North Texas,American Athletic,
401864528,2026,8,2026-10-24T21:00:00.000Z,False,False,False,Mackay Stadium,2440,Nevada,Mountain West,,23,San José State,Mountain West,
401860907,2026,8,2026-10-24T22:00:00.000Z,False,False,False,Gesa Field,265,Washington State,Pac-12,,68,Boise State,Pac-12,
401860905,2026,8,2026-10-24T22:30:00.000Z,False,False,False,Canvas Stadium,36,Colorado State,Pac-12,,21,San Diego State,Pac-12,
401869935,2026,8,2026-10-24T23:00:00.000Z,False,False,False,Centennial Bank Stadium,2032,Arkansas State,Sun Belt,,2247,Georgia State,Sun Belt,
401860906,2026,8,2026-10-24T23:30:00.000Z,False,False,False,Bobcat Stadium (TX),326,Texas State,Pac-12,,328,Utah State,Pac-12,
401864527,2026,8,2026-10-25T02:00:00.000Z,False,False,False,University Stadium (NM),167,New Mexico,Mountain West,,2449,North Dakota State,Mountain West,
401871071,2026,9,2026-10-27T23:00:00.000Z,False,False,False,Houchens Industries-L.T. Smith Stadium,98,Western Kentucky,Conference USA,,48,Delaware,Conference USA,
401871072,2026,9,2026-10-28T00:00:00.000Z,False,False,False,Plaster Sports Complex,2623,Missouri State,Conference USA,,2534,Sam Houston,Conference USA,
401871058,2026,9,2026-10-28T23:00:00.000Z,False,False,False,"Johnny ""Red"" Floyd Stadium",2393,Middle Tennessee,Conference USA,,338,Kennesaw State,Conference USA,
401871057,2026,9,2026-10-29T00:00:00.000Z,False,False,False,Aggie Memorial Stadium,166,New Mexico State,Conference USA,,55,Jacksonville State,Conference USA,
401862812,2026,9,2026-10-29T23:30:00.000Z,False,False,False,DATCU Stadium,249,North Texas,American Athletic,,2226,Florida Atlantic,American Athletic,
401869963,2026,9,2026-10-29T23:30:00.000Z,False,False,False,Bridgeforth Stadium,256,James Madison,Sun Belt,,2653,Troy,Sun Belt,
401862813,2026,9,2026-10-30T23:00:00.000Z,False,False,False,Jerry Richardson Stadium,2429,Charlotte,American Athletic,,2655,Tulane,American Athletic,
401856844,2026,9,2026-10-30T23:30:00.000Z,False,False,False,FBC Mortgage Stadium,2116,UCF,Big 12,,239,Baylor,Big 12,
401866451,2026,9,2026-10-31T02:30:00.000Z,False,False,False,Hornet Stadium,16,Sacramento State,Mid-American,,2309,Kent State,Mid-American,
401858507,2026,9,2026-10-31T04:00:00.000Z,True,False,False,SHI Stadium,164,Rutgers,Big Ten,,130,Michigan,Big Ten,
401871095,2026,9,2026-10-31T04:00:00.000Z,True,False,False,Malone Stadium,2433,UL Monroe,Sun Belt,,2572,Southern Miss,Sun Belt,
401858509,2026,9,2026-10-31T04:00:00.000Z,True,False,False,Los Angeles Memorial Coliseum,30,USC,Big Ten,,194,Ohio State,Big Ten,
401858281,2026,9,2026-10-31T04:00:00.000Z,True,False,False,Acrisure Stadium,221,Pittsburgh,ACC,,59,Georgia Tech,ACC,
401858282,2026,9,2026-10-31T04:00:00.000Z,True,False,False,Kenan Stadium,153,North Carolina,ACC,,2390,Miami,ACC,
401862816,2026,9,2026-10-31T04:00:00.000Z,True,False,False,Raymond James Stadium,58,South Florida,American Athletic,,5,UAB,American Athletic,
401856736,2026,9,2026-10-31T04:00:00.000Z,True,False,False,"Memorial Stadium (Norman, OK)",201,Oklahoma,SEC,,2579,South Carolina,SEC,
401856737,2026,9,2026-10-31T04:00:00.000Z,True,False,False,DKR-Texas Memorial Stadium,251,Texas,SEC,,344,Mississippi State,SEC,
401856842,2026,9,2026-10-31T04:00:00.000Z,True,False,False,Jones AT&T Stadium,2641,Texas Tech,Big 12,,12,Arizona,Big 12,
401856843,2026,9,2026-10-31T04:00:00.000Z,True,False,False,LaVell Edwards Stadium,252,BYU,Big 12,,9,Arizona State,Big 12,
401858278,2026,9,2026-10-31T04:00:00.000Z,True,False,False,JMA Wireless Dome,183,Syracuse,ACC,,2567,SMU,ACC,
401858277,2026,9,2026-10-31T04:00:00.000Z,True,False,False,Carter-Finley Stadium,152,NC State,ACC,,25,California,ACC,
401858506,2026,9,2026-10-31T04:00:00.000Z,True,False,False,Beaver Stadium,213,Penn State,Big Ten,,2509,Purdue,Big Ten,
401856845,2026,9,2026-10-31T04:00:00.000Z,True,False,False,Amon G. Carter Stadium,2628,TCU,Big 12,,2305,Kansas,Big 12,
401856846,2026,9,2026-10-31T04:00:00.000Z,True,False,False,Folsom Field,38,Colorado,Big 12,,2306,Kansas State,Big 12,
401856847,2026,9,2026-10-31T04:00:00.000Z,True,False,False,Jack Trice Stadium,66,Iowa State,Big 12,,197,Oklahoma State,Big 12,
401871097,2026,9,2026-10-31T04:00:00.000Z,True,False,False,Hancock Whitney Stadium,6,South Alabama,Sun Belt,,2348,Louisiana Tech,Sun Belt,
401856848,2026,9,2026-10-31T04:00:00.000Z,True,False,False,Nippert Stadium,2132,Cincinnati,Big 12,,254,Utah,Big 12,
401858279,2026,9,2026-10-31T04:00:00.000Z,True,False,False,Wallace Wade Stadium,150,Duke,ACC,,103,Boston College,ACC,
401858280,2026,9,2026-10-31T04:00:00.000Z,True,False,False,Doak Campbell Stadium,52,Florida State,ACC,,228,Clemson,ACC,
401858508,2026,9,2026-10-31T04:00:00.000Z,True,False,False,Rose Bowl,26,UCLA,Big Ten,,2440,Nevada,Mountain West,
401862814,2026,9,2026-10-31T04:00:00.000Z,True,False,False,Simmons Bank Liberty Stadium,235,Memphis,American Athletic,,349,Army,American Athletic,
401862815,2026,9,2026-10-31T04:00:00.000Z,True,False,False,Dowdy-Ficklen Stadium,151,East Carolina,American Athletic,,218,Temple,American Athletic,
401860924,2026,9,2026-10-31T04:00:00.000Z,True,False,False,Valley Children's Stadium,278,Fresno State,Pac-12,,204,Oregon State,Pac-12,
401856733,2026,9,2026-10-31T04:00:00.000Z,True,False,False,Razorback Stadium,8,Arkansas,SEC,,142,Missouri,SEC,
401858503,2026,9,2026-10-31T04:00:00.000Z,True,False,False,SECU Stadium,120,Maryland,Big Ten,,356,Illinois,Big Ten,
401858502,2026,9,2026-10-31T04:00:00.000Z,True,False,False,Kinnick Stadium,2294,Iowa,Big Ten,,275,Wisconsin,Big Ten,
401858501,2026,9,2026-10-31T04:00:00.000Z,True,False,False,"Memorial Stadium (Bloomington, IN)",84,Indiana,Big Ten,,135,Minnesota,Big Ten,
401858284,2026,9,2026-10-31T04:00:00.000Z,True,False,False,Allegacy Federal Credit Union Stadium,154,Wake Forest,ACC,,258,Virginia,ACC,
401858283,2026,9,2026-10-31T04:00:00.000Z,True,False,False,L&N Federal Credit Union Stadium,97,Louisville,ACC,,24,Stanford,ACC,
401858504,2026,9,2026-10-31T04:00:00.000Z,True,False,False,"Memorial Stadium (Lincoln, NE)",158,Nebraska,Big Ten,,264,Washington,Big Ten,
401858505,2026,9,2026-10-31T04:00:00.000Z,True,False,False,Autzen Stadium,2483,Oregon,Big Ten,,77,Northwestern,Big Ten,
401856735,2026,9,2026-10-31T04:00:00.000Z,True,False,False,Vaught-Hemingway Stadium,145,Ole Miss,SEC,,2,Auburn,SEC,
401871096,2026,9,2026-10-31T04:00:00.000Z,True,False,False,S.B. Ballard Stadium,295,Old Dominion,Sun Belt,,276,Marshall,Sun Belt,
401869846,2026,9,2026-10-31T04:00:00.000Z,True,False,False,Allen E. Paulson Stadium,290,Georgia Southern,Sun Belt,,2026,App State,Sun Belt,
401869944,2026,9,2026-10-31T04:00:00.000Z,True,False,False,Center Parc Stadium,2247,Georgia State,Sun Belt,,324,Coastal Carolina,Sun Belt,
401864529,2026,9,2026-10-31T04:00:00.000Z,True,False,False,CEFCU Stadium,23,San José State,Mountain West,,167,New Mexico,Mountain West,
401866452,2026,9,2026-10-31T16:00:00.000Z,False,False,False,Waldo Stadium,2711,Western Michigan,Mid-American,,189,Bowling Green,Mid-American,
401859185,2026,9,2026-10-31T16:00:00.000Z,False,False,True,Gillette Stadium,2426,Navy,American Athletic,,87,Notre Dame,FBS Independents,
401861966,2026,9,2026-10-31T19:00:00.000Z,False,False,False,Falcon Stadium,2005,Air Force,Mountain West,,41,UConn,FBS Independents,
401860910,2026,9,2026-10-31T19:30:00.000Z,False,False,False,Maverik Stadium,328,Utah State,Pac-12,,36,Colorado State,Pac-12,
401856734,2026,9,2026-10-31T19:30:00.000Z,False,False,True,Mercedes-Benz Stadium,61,Georgia,SEC,,57,Florida,SEC,
401871059,2026,9,2026-10-31T19:30:00.000Z,False,False,False,Williams Stadium (VA),2335,Liberty,Conference USA,,2229,Florida International,Conference USA,
401864531,2026,9,2026-10-31T19:30:00.000Z,False,False,False,Fargodome,2449,North Dakota State,Mountain West,,2638,UTEP,Mountain West,
401860909,2026,9,2026-10-31T23:00:00.000Z,False,False,False,Snapdragon Stadium,21,San Diego State,Pac-12,,265,Washington State,Pac-12,
401860908,2026,9,2026-11-01T02:00:00.000Z,False,False,False,Albertsons Stadium,68,Boise State,Pac-12,,326,Texas State,Pac-12,
401864530,2026,9,2026-11-01T02:30:00.000Z,False,False,False,Allegiant Stadium,2439,UNLV,Mountain West,,2459,Northern Illinois,Mountain West,
401866453,2026,10,2026-11-04T00:00:00.000Z,False,False,False,InfoCision Stadium,2006,Akron,Mid-American,,195,Ohio,Mid-American,
401866454,2026,10,2026-11-04T00:00:00.000Z,False,False,False,Yager Stadium,193,Miami (OH),Mid-American,,2084,Buffalo,Mid-American,
401866455,2026,10,2026-11-04T05:00:00.000Z,True,False,False,Warren McGuirk Alumni Stadium,113,Massachusetts,Mid-American,,2050,Ball State,Mid-American,
401866456,2026,10,2026-11-04T05:00:00.000Z,True,False,True,Ford Field,2199,Eastern Michigan,Mid-American,,2117,Central Michigan,Mid-American,
401866457,2026,10,2026-11-04T05:00:00.000Z,True,False,False,Hornet Stadium,16,Sacramento State,Mid-American,,2649,Toledo,Mid-American,
401862817,2026,10,2026-11-06T01:00:00.000Z,False,False,False,FAU Stadium,2226,Florida Atlantic,American Athletic,,2636,UTSA,American Athletic,
401869964,2026,10,2026-11-06T01:00:00.000Z,False,False,False,M. M. Roberts Stadium,2572,Southern Miss,Sun Belt,,256,James Madison,Sun Belt,
401858288,2026,10,2026-11-07T00:00:00.000Z,False,False,False,Gerald J. Ford Stadium,2567,SMU,ACC,,259,Virginia Tech,ACC,
401862818,2026,10,2026-11-07T00:30:00.000Z,False,False,False,Dowdy-Ficklen Stadium,151,East Carolina,American Athletic,,58,South Florida,American Athletic,
401858510,2026,10,2026-11-07T01:00:00.000Z,False,False,False,"Memorial Stadium (Champaign, IL)",356,Illinois,Big Ten,,158,Nebraska,Big Ten,
401864533,2026,10,2026-11-07T02:00:00.000Z,False,False,False,Mackay Stadium,2440,Nevada,Mountain West,,167,New Mexico,Mountain West,
401856855,2026,10,2026-11-07T03:15:00.000Z,False,False,False,Arizona Stadium,12,Arizona,Big 12,,2628,TCU,Big 12,
401858287,2026,10,2026-11-07T05:00:00.000Z,True,False,False,Bobby Dodd Stadium,59,Georgia Tech,ACC,,97,Louisville,ACC,
401858285,2026,10,2026-11-07T05:00:00.000Z,True,False,False,JMA Wireless Dome,183,Syracuse,ACC,,228,Clemson,ACC,
401858286,2026,10,2026-11-07T05:00:00.000Z,True,False,False,Carter-Finley Stadium,152,NC State,ACC,,150,Duke,ACC,
401856738,2026,10,2026-11-07T05:00:00.000Z,True,False,False,Jordan-Hare Stadium,2,Auburn,SEC,,8,Arkansas,SEC,
401856739,2026,10,2026-11-07T05:00:00.000Z,True,False,False,Ben Hill Griffin Stadium,57,Florida,SEC,,201,Oklahoma,SEC,
401856740,2026,10,2026-11-07T05:00:00.000Z,True,False,False,Tiger Stadium (LA),99,LSU,SEC,,333,Alabama,SEC,
401856741,2026,10,2026-11-07T05:00:00.000Z,True,False,False,Vaught-Hemingway Stadium,145,Ole Miss,SEC,,61,Georgia,SEC,
401856742,2026,10,2026-11-07T05:00:00.000Z,True,False,False,Davis Wade Stadium,344,Mississippi State,SEC,,238,Vanderbilt,SEC,
401856743,2026,10,2026-11-07T05:00:00.000Z,True,False,False,Memorial Stadium,142,Missouri,SEC,,251,Texas,SEC,
401856744,2026,10,2026-11-07T05:00:00.000Z,True,False,False,Williams-Brice Stadium,2579,South Carolina,SEC,,245,Texas A&M,SEC,
401856745,2026,10,2026-11-07T05:00:00.000Z,True,False,False,Neyland Stadium,2633,Tennessee,SEC,,96,Kentucky,SEC,
401856849,2026,10,2026-11-07T05:00:00.000Z,True,False,False,Rice-Eccles Stadium,254,Utah,Big 12,,252,BYU,Big 12,
401856850,2026,10,2026-11-07T05:00:00.000Z,True,False,False,Memorial Stadium,2305,Kansas,Big 12,,2116,UCF,Big 12,
401856851,2026,10,2026-11-07T05:00:00.000Z,True,False,False,TDECU Stadium,248,Houston,Big 12,,2132,Cincinnati,Big 12,
401856852,2026,10,2026-11-07T05:00:00.000Z,True,False,False,Mountain America Stadium,9,Arizona State,Big 12,,38,Colorado,Big 12,
401856853,2026,10,2026-11-07T05:00:00.000Z,True,False,False,McLane Stadium,239,Baylor,Big 12,,66,Iowa State,Big 12,
401856854,2026,10,2026-11-07T05:00:00.000Z,True,False,False,Bill Snyder Family Stadium,2306,Kansas State,Big 12,,197,Oklahoma State,Big 12,
401856856,2026,10,2026-11-07T05:00:00.000Z,True,False,False,Jones AT&T Stadium,2641,Texas Tech,Big 12,,277,West Virginia,Big 12,
401858289,2026,10,2026-11-07T05:00:00.000Z,True,False,False,"Alumni Stadium (Chestnut Hill, MA)",103,Boston College,ACC,,52,Florida State,ACC,
401858511,2026,10,2026-11-07T05:00:00.000Z,True,False,False,Michigan Stadium,130,Michigan,Big Ten,,127,Michigan State,Big Ten,
401858512,2026,10,2026-11-07T05:00:00.000Z,True,False,False,Huntington Bank Stadium,135,Minnesota,Big Ten,,26,UCLA,Big Ten,
401858513,2026,10,2026-11-07T05:00:00.000Z,True,False,False,Ryan Field,77,Northwestern,Big Ten,,2294,Iowa,Big Ten,
401858514,2026,10,2026-11-07T05:00:00.000Z,True,False,False,Ohio Stadium,194,Ohio State,Big Ten,,2483,Oregon,Big Ten,
401858515,2026,10,2026-11-07T05:00:00.000Z,True,False,False,Ross-Ade Stadium,2509,Purdue,Big Ten,,120,Maryland,Big Ten,
401858516,2026,10,2026-11-07T05:00:00.000Z,True,False,False,Husky Stadium,264,Washington,Big Ten,,213,Penn State,Big Ten,
401858517,2026,10,2026-11-07T05:00:00.000Z,True,False,False,Camp Randall Stadium,275,Wisconsin,Big Ten,,164,Rutgers,Big Ten,
401862821,2026,10,2026-11-07T05:00:00.000Z,True,False,False,DATCU Stadium,249,North Texas,American Athletic,,242,Rice,American Athletic,
401862822,2026,10,2026-11-07T05:00:00.000Z,True,False,False,Yulman Stadium,2655,Tulane,American Athletic,,202,Tulsa,American Athletic,
401869927,2026,10,2026-11-07T05:00:00.000Z,True,False,False,Kidd Brewer Stadium,2026,App State,Sun Belt,,2247,Georgia State,Sun Belt,
401871098,2026,10,2026-11-07T05:00:00.000Z,True,False,False,Veterans Memorial Stadium (AL),2653,Troy,Sun Belt,,2348,Louisiana Tech,Sun Belt,
401869951,2026,10,2026-11-07T05:00:00.000Z,True,False,False,Allen E. Paulson Stadium,290,Georgia Southern,Sun Belt,,276,Marshall,Sun Belt,
401869945,2026,10,2026-11-07T05:00:00.000Z,True,False,False,Brooks Stadium (SC),324,Coastal Carolina,Sun Belt,,295,Old Dominion,Sun Belt,
401869968,2026,10,2026-11-07T05:00:00.000Z,True,False,False,Cajun Field,309,Louisiana,Sun Belt,,6,South Alabama,Sun Belt,
401864534,2026,10,2026-11-07T05:00:00.000Z,True,False,False,CEFCU Stadium,23,San José State,Mountain West,,2459,Northern Illinois,Mountain West,
401862819,2026,10,2026-11-07T05:00:00.000Z,True,False,False,Protective Stadium,5,UAB,American Athletic,,2429,Charlotte,American Athletic,
401864532,2026,10,2026-11-07T05:00:00.000Z,True,False,False,Sun Bowl,2638,UTEP,Mountain West,,62,Hawai'i,Mountain West,
401858290,2026,10,2026-11-07T17:00:00.000Z,False,False,False,Allegacy Federal Credit Union Stadium,154,Wake Forest,ACC,,2771,Merrimack,FCS Independents,
401858292,2026,10,2026-11-07T17:00:00.000Z,False,False,False,Pratt & Whitney Stadium,41,UConn,FBS Independents,,153,North Carolina,ACC,
401871073,2026,10,2026-11-07T20:00:00.000Z,False,False,False,Fifth Third Stadium,338,Kennesaw State,Conference USA,,48,Delaware,Conference USA,
401869936,2026,10,2026-11-07T20:00:00.000Z,False,False,False,Centennial Bank Stadium,2032,Arkansas State,Sun Belt,,2433,UL Monroe,Sun Belt,
401862820,2026,10,2026-11-07T20:30:00.000Z,False,False,False,Navy-Marine Corps Memorial Stadium,2426,Navy,American Athletic,,218,Temple,American Athletic,
401871076,2026,10,2026-11-07T20:30:00.000Z,False,False,False,"Johnny ""Red"" Floyd Stadium",2393,Middle Tennessee,Conference USA,,98,Western Kentucky,Conference USA,
401871074,2026,10,2026-11-07T21:00:00.000Z,False,False,False,Pitbull Stadium,2229,Florida International,Conference USA,,2623,Missouri State,Conference USA,
401870795,2026,10,2026-11-07T22:00:00.000Z,False,False,False,Aggie Memorial Stadium,166,New Mexico State,Conference USA,,2335,Liberty,Conference USA,
401860911,2026,10,2026-11-07T23:00:00.000Z,False,False,False,Canvas Stadium,36,Colorado State,Pac-12,,68,Boise State,Pac-12,
401871075,2026,10,2026-11-08T00:00:00.000Z,False,False,False,AmFirst Stadium,55,Jacksonville State,Conference USA,,2534,Sam Houston,Conference USA,
401858291,2026,10,2026-11-08T00:30:00.000Z,False,False,False,Notre Dame Stadium,87,Notre Dame,FBS Independents,,2390,Miami,ACC,
401862823,2026,10,2026-11-08T00:30:00.000Z,False,False,False,Michie Stadium,349,Army,American Athletic,,2005,Air Force,Mountain West,
401860913,2026,10,2026-11-08T02:30:00.000Z,False,False,False,Maverik Stadium,328,Utah State,Pac-12,,278,Fresno State,Pac-12,
401860912,2026,10,2026-11-08T03:30:00.000Z,False,False,False,Reser Stadium,204,Oregon State,Pac-12,,326,Texas State,Pac-12,
401864535,2026,10,2026-11-08T03:30:00.000Z,False,False,False,Allegiant Stadium,2439,UNLV,Mountain West,,2751,Wyoming,Mountain West,
401866459,2026,11,2026-11-11T00:00:00.000Z,False,False,False,Doyt L. Perry Stadium,189,Bowling Green,Mid-American,,2309,Kent State,Mid-American,
401866460,2026,11,2026-11-11T00:00:00.000Z,False,False,False,Yager Stadium,193,Miami (OH),Mid-American,,195,Ohio,Mid-American,
401866458,2026,11,2026-11-11T00:00:00.000Z,False,False,False,InfoCision Stadium,2006,Akron,Mid-American,,2711,Western Michigan,Mid-American,
401866463,2026,11,2026-11-11T05:00:00.000Z,True,False,False,Glass Bowl,2649,Toledo,Mid-American,,113,Massachusetts,Mid-American,
401866461,2026,11,2026-11-11T05:00:00.000Z,True,False,False,Scheumann Stadium,2050,Ball State,Mid-American,,2084,Buffalo,Mid-American,
401866462,2026,11,2026-11-11T05:00:00.000Z,True,False,False,Kelly/Shorts Stadium,2117,Central Michigan,Mid-American,,16,Sacramento State,Mid-American,
401862824,2026,11,2026-11-13T01:00:00.000Z,False,False,False,Raymond James Stadium,58,South Florida,American Athletic,,235,Memphis,American Athletic,
401869969,2026,11,2026-11-13T02:00:00.000Z,False,False,False,Malone Stadium,2433,UL Monroe,Sun Belt,,309,Louisiana,Sun Belt,
401858293,2026,11,2026-11-14T00:00:00.000Z,False,False,False,Acrisure Stadium,221,Pittsburgh,ACC,,52,Florida State,ACC,
401858526,2026,11,2026-11-14T02:00:00.000Z,False,False,False,Rose Bowl,26,UCLA,Big Ten,,356,Illinois,Big Ten,
401856860,2026,11,2026-11-14T03:15:00.000Z,False,False,False,Folsom Field,38,Colorado,Big 12,,248,Houston,Big 12,
401856889,2026,11,2026-11-14T05:00:00.000Z,True,False,False,FirstBank Stadium,238,Vanderbilt,SEC,,333,Alabama,SEC,
401858295,2026,11,2026-11-14T05:00:00.000Z,True,False,False,Scott Stadium,258,Virginia,ACC,,25,California,ACC,
401858296,2026,11,2026-11-14T05:00:00.000Z,True,False,False,Hard Rock Stadium,2390,Miami,ACC,,150,Duke,ACC,
401858297,2026,11,2026-11-14T05:00:00.000Z,True,False,False,"Memorial Stadium (Clemson, SC)",228,Clemson,ACC,,59,Georgia Tech,ACC,
401858298,2026,11,2026-11-14T05:00:00.000Z,True,False,False,Kenan Stadium,153,North Carolina,ACC,,97,Louisville,ACC,
401858299,2026,11,2026-11-14T05:00:00.000Z,True,False,False,Lane Stadium,259,Virginia Tech,ACC,,24,Stanford,ACC,
401858300,2026,11,2026-11-14T05:00:00.000Z,True,False,False,Carter-Finley Stadium,152,NC State,ACC,,183,Syracuse,ACC,
401858301,2026,11,2026-11-14T05:00:00.000Z,True,False,False,Gerald J. Ford Stadium,2567,SMU,ACC,,154,Wake Forest,ACC,
401858518,2026,11,2026-11-14T05:00:00.000Z,True,False,False,"Memorial Stadium (Bloomington, IN)",84,Indiana,Big Ten,,30,USC,Big Ten,
401858519,2026,11,2026-11-14T05:00:00.000Z,True,False,False,Kinnick Stadium,2294,Iowa,Big Ten,,2509,Purdue,Big Ten,
401858520,2026,11,2026-11-14T05:00:00.000Z,True,False,False,SECU Stadium,120,Maryland,Big Ten,,275,Wisconsin,Big Ten,
401858521,2026,11,2026-11-14T05:00:00.000Z,True,False,False,Spartan Stadium,127,Michigan State,Big Ten,,264,Washington,Big Ten,
401858522,2026,11,2026-11-14T05:00:00.000Z,True,False,False,Ohio Stadium,194,Ohio State,Big Ten,,77,Northwestern,Big Ten,
401858523,2026,11,2026-11-14T05:00:00.000Z,True,False,False,Autzen Stadium,2483,Oregon,Big Ten,,130,Michigan,Big Ten,
401858524,2026,11,2026-11-14T05:00:00.000Z,True,False,False,Beaver Stadium,213,Penn State,Big Ten,,135,Minnesota,Big Ten,
401858525,2026,11,2026-11-14T05:00:00.000Z,True,False,False,SHI Stadium,164,Rutgers,Big Ten,,158,Nebraska,Big Ten,
401856864,2026,11,2026-11-14T05:00:00.000Z,True,False,False,Arizona Stadium,12,Arizona,Big 12,,254,Utah,Big 12,
401869928,2026,11,2026-11-14T05:00:00.000Z,True,False,False,Joan C. Edwards Stadium,276,Marshall,Sun Belt,,2026,App State,Sun Belt,
401869937,2026,11,2026-11-14T05:00:00.000Z,True,False,False,Brooks Stadium (SC),324,Coastal Carolina,Sun Belt,,2032,Arkansas State,Sun Belt,
401871100,2026,11,2026-11-14T05:00:00.000Z,True,False,False,Hancock Whitney Stadium,6,South Alabama,Sun Belt,,2653,Troy,Sun Belt,
401856882,2026,11,2026-11-14T05:00:00.000Z,True,False,False,Razorback Stadium,8,Arkansas,SEC,,2579,South Carolina,SEC,
401856883,2026,11,2026-11-14T05:00:00.000Z,True,False,False,Sanford Stadium,61,Georgia,SEC,,142,Missouri,SEC,
401856884,2026,11,2026-11-14T05:00:00.000Z,True,False,False,Kroger Field,96,Kentucky,SEC,,57,Florida,SEC,
401856885,2026,11,2026-11-14T05:00:00.000Z,True,False,False,Tiger Stadium (LA),99,LSU,SEC,,251,Texas,SEC,
401856886,2026,11,2026-11-14T05:00:00.000Z,True,False,False,Davis Wade Stadium,344,Mississippi State,SEC,,2,Auburn,SEC,
401862825,2026,11,2026-11-14T05:00:00.000Z,True,False,False,Jerry Richardson Stadium,2429,Charlotte,American Athletic,,151,East Carolina,American Athletic,
401862826,2026,11,2026-11-14T05:00:00.000Z,True,False,False,Chapman Stadium,202,Tulsa,American Athletic,,2226,Florida Atlantic,American Athletic,
401862828,2026,11,2026-11-14T05:00:00.000Z,True,False,False,Rice Stadium,242,Rice,American Athletic,,2655,Tulane,American Athletic,
401862829,2026,11,2026-11-14T05:00:00.000Z,True,False,False,Lincoln Financial Field,218,Temple,American Athletic,,5,UAB,American Athletic,
401856887,2026,11,2026-11-14T05:00:00.000Z,True,False,False,"Memorial Stadium (Norman, OK)",201,Oklahoma,SEC,,145,Ole Miss,SEC,
401856888,2026,11,2026-11-14T05:00:00.000Z,True,False,False,Kyle Field,245,Texas A&M,SEC,,2633,Tennessee,SEC,
401862827,2026,11,2026-11-14T05:00:00.000Z,True,False,False,Alamodome,2636,UTSA,American Athletic,,249,North Texas,American Athletic,
401856857,2026,11,2026-11-14T05:00:00.000Z,True,False,False,FBC Mortgage Stadium,2116,UCF,Big 12,,9,Arizona State,Big 12,
401856858,2026,11,2026-11-14T05:00:00.000Z,True,False,False,LaVell Edwards Stadium,252,BYU,Big 12,,239,Baylor,Big 12,
401856859,2026,11,2026-11-14T05:00:00.000Z,True,False,False,Jack Trice Stadium,66,Iowa State,Big 12,,2132,Cincinnati,Big 12,
401856861,2026,11,2026-11-14T05:00:00.000Z,True,False,False,Milan Puskar Stadium,277,West Virginia,Big 12,,2305,Kansas,Big 12,
401856862,2026,11,2026-11-14T05:00:00.000Z,True,False,False,Amon G. Carter Stadium,2628,TCU,Big 12,,2306,Kansas State,Big 12,
401856863,2026,11,2026-11-14T05:00:00.000Z,True,False,False,Boone Pickens Stadium,197,Oklahoma State,Big 12,,2641,Texas Tech,Big 12,
401871099,2026,11,2026-11-14T05:00:00.000Z,True,False,False,Joe Aillet Stadium,2348,Louisiana Tech,Sun Belt,,2572,Southern Miss,Sun Belt,
401864536,2026,11,2026-11-14T05:00:00.000Z,True,False,False,Huskie Stadium,2459,Northern Illinois,Mountain West,,2440,Nevada,Mountain West,
401869952,2026,11,2026-11-14T05:00:00.000Z,True,False,False,Center Parc Stadium,2247,Georgia State,Sun Belt,,290,Georgia Southern,Sun Belt,
401864540,2026,11,2026-11-14T05:00:00.000Z,True,False,False,Sun Bowl,2638,UTEP,Mountain West,,2751,Wyoming,Mountain West,
401861967,2026,11,2026-11-14T17:00:00.000Z,False,False,False,Pratt & Whitney Stadium,41,UConn,FBS Independents,,256,James Madison,Sun Belt,
401870769,2026,11,2026-11-14T19:00:00.000Z,False,False,False,Elliott T. Bowers Stadium,2534,Sam Houston,Conference USA,,338,Kennesaw State,Conference USA,
401871060,2026,11,2026-11-14T20:00:00.000Z,False,False,False,Delaware Stadium,48,Delaware,Conference USA,,2229,Florida International,Conference USA,
401870796,2026,11,2026-11-14T20:00:00.000Z,False,False,False,Plaster Sports Complex,2623,Missouri State,Conference USA,,166,New Mexico State,Conference USA,
401858294,2026,11,2026-11-14T20:30:00.000Z,False,False,False,Notre Dame Stadium,87,Notre Dame,FBS Independents,,103,Boston College,ACC,
401871061,2026,11,2026-11-14T20:30:00.000Z,False,False,False,Williams Stadium (VA),2335,Liberty,Conference USA,,2393,Middle Tennessee,Conference USA,
401870752,2026,11,2026-11-14T20:30:00.000Z,False,False,False,Houchens Industries-L.T. Smith Stadium,98,Western Kentucky,Conference USA,,55,Jacksonville State,Conference USA,
401860916,2026,11,2026-11-14T21:00:00.000Z,False,False,False,Bobcat Stadium (TX),326,Texas State,Pac-12,,278,Fresno State,Pac-12,
401860914,2026,11,2026-11-14T23:00:00.000Z,False,False,False,Albertsons Stadium,68,Boise State,Pac-12,,204,Oregon State,Pac-12,
401864538,2026,11,2026-11-15T00:00:00.000Z,False,False,False,Falcon Stadium,2005,Air Force,Mountain West,,23,San José State,Mountain West,
401864539,2026,11,2026-11-15T00:30:00.000Z,False,False,False,University Stadium (NM),167,New Mexico,Mountain West,,2439,UNLV,Mountain West,
401860915,2026,11,2026-11-15T02:30:00.000Z,False,False,False,Snapdragon Stadium,21,San Diego State,Pac-12,,328,Utah State,Pac-12,
401860917,2026,11,2026-11-15T03:30:00.000Z,False,False,False,Gesa Field,265,Washington State,Pac-12,,36,Colorado State,Pac-12,
401864537,2026,11,2026-11-15T04:59:00.000Z,False,False,False,Clarence T.C. Ching Athletics Complex,62,Hawai'i,Mountain West,,2449,North Dakota State,Mountain West,
401866466,2026,12,2026-11-18T00:00:00.000Z,False,False,False,Dix Stadium,2309,Kent State,Mid-American,,193,Miami (OH),Mid-American,
401866465,2026,12,2026-11-18T00:00:00.000Z,False,False,False,Waldo Stadium,2711,Western Michigan,Mid-American,,2199,Eastern Michigan,Mid-American,
401866464,2026,12,2026-11-18T00:00:00.000Z,False,False,False,Peden Stadium,195,Ohio,Mid-American,,2050,Ball State,Mid-American,
401866469,2026,12,2026-11-18T05:00:00.000Z,True,False,False,UB Stadium,2084,Buffalo,Mid-American,,2117,Central Michigan,Mid-American,
401866467,2026,12,2026-11-18T05:00:00.000Z,True,False,False,Warren McGuirk Alumni Stadium,113,Massachusetts,Mid-American,,2006,Akron,Mid-American,
401862830,2026,12,2026-11-20T00:30:00.000Z,False,False,False,Lincoln Financial Field,218,Temple,American Athletic,,242,Rice,American Athletic,
401856869,2026,12,2026-11-20T23:00:00.000Z,False,False,False,FBC Mortgage Stadium,2116,UCF,Big 12,,66,Iowa State,Big 12,
401858303,2026,12,2026-11-21T00:30:00.000Z,False,False,False,Wallace Wade Stadium,150,Duke,ACC,,228,Clemson,ACC,
401866468,2026,12,2026-11-21T00:30:00.000Z,False,False,False,Glass Bowl,2649,Toledo,Mid-American,,189,Bowling Green,Mid-American,
401858529,2026,12,2026-11-21T01:00:00.000Z,False,False,False,Spartan Stadium,127,Michigan State,Big Ten,,2483,Oregon,Big Ten,
401864545,2026,12,2026-11-21T01:00:00.000Z,False,False,False,Falcon Stadium,2005,Air Force,Mountain West,,2638,UTEP,Mountain West,
401869953,2026,12,2026-11-21T05:00:00.000Z,True,False,False,Veterans Memorial Stadium (AL),2653,Troy,Sun Belt,,290,Georgia Southern,Sun Belt,
401864541,2026,12,2026-11-21T05:00:00.000Z,True,False,False,Mackay Stadium,2440,Nevada,Mountain West,,62,Hawai'i,Mountain West,
401862836,2026,12,2026-11-21T05:00:00.000Z,True,False,False,Protective Stadium,5,UAB,American Athletic,,2636,UTSA,American Athletic,
401858528,2026,12,2026-11-21T05:00:00.000Z,True,False,False,Michigan Stadium,130,Michigan,Big Ten,,26,UCLA,Big Ten,
401858527,2026,12,2026-11-21T05:00:00.000Z,True,False,False,"Memorial Stadium (Champaign, IL)",356,Illinois,Big Ten,,2294,Iowa,Big Ten,
401858310,2026,12,2026-11-21T05:00:00.000Z,True,False,False,Bobby Dodd Stadium,59,Georgia Tech,ACC,,154,Wake Forest,ACC,
401858309,2026,12,2026-11-21T05:00:00.000Z,True,False,False,"Alumni Stadium (Chestnut Hill, MA)",103,Boston College,ACC,,183,Syracuse,ACC,
401858308,2026,12,2026-11-21T05:00:00.000Z,True,False,False,California Memorial Stadium,25,California,ACC,,24,Stanford,ACC,
401856748,2026,12,2026-11-21T05:00:00.000Z,True,False,False,Ben Hill Griffin Stadium,57,Florida,SEC,,238,Vanderbilt,SEC,
401862835,2026,12,2026-11-21T05:00:00.000Z,True,False,False,Yulman Stadium,2655,Tulane,American Athletic,,249,North Texas,American Athletic,
401862833,2026,12,2026-11-21T05:00:00.000Z,True,False,False,FAU Stadium,2226,Florida Atlantic,American Athletic,,58,South Florida,American Athletic,
401862832,2026,12,2026-11-21T05:00:00.000Z,True,False,False,Chapman Stadium,202,Tulsa,American Athletic,,2429,Charlotte,American Athletic,
401858535,2026,12,2026-11-21T05:00:00.000Z,True,False,False,Husky Stadium,264,Washington,Big Ten,,84,Indiana,Big Ten,
401858534,2026,12,2026-11-21T05:00:00.000Z,True,False,False,Los Angeles Memorial Coliseum,30,USC,Big Ten,,120,Maryland,Big Ten,
401858533,2026,12,2026-11-21T05:00:00.000Z,True,False,False,Ross-Ade Stadium,2509,Purdue,Big Ten,,275,Wisconsin,Big Ten,
401858532,2026,12,2026-11-21T05:00:00.000Z,True,False,False,Beaver Stadium,213,Penn State,Big Ten,,164,Rutgers,Big Ten,
401858531,2026,12,2026-11-21T05:00:00.000Z,True,False,False,"Memorial Stadium (Lincoln, NE)",158,Nebraska,Big Ten,,194,Ohio State,Big Ten,
401858530,2026,12,2026-11-21T05:00:00.000Z,True,False,False,Huntington Bank Stadium,135,Minnesota,Big Ten,,77,Northwestern,Big Ten,
401858306,2026,12,2026-11-21T05:00:00.000Z,True,False,False,L&N Federal Credit Union Stadium,97,Louisville,ACC,,221,Pittsburgh,ACC,
401858305,2026,12,2026-11-21T05:00:00.000Z,True,False,False,Scott Stadium,258,Virginia,ACC,,153,North Carolina,ACC,
401858304,2026,12,2026-11-21T05:00:00.000Z,True,False,False,Doak Campbell Stadium,52,Florida State,ACC,,152,NC State,ACC,
401856872,2026,12,2026-11-21T05:00:00.000Z,True,False,False,Amon G. Carter Stadium,2628,TCU,Big 12,,254,Utah,Big 12,
401856871,2026,12,2026-11-21T05:00:00.000Z,True,False,False,McLane Stadium,239,Baylor,Big 12,,2641,Texas Tech,Big 12,
401856870,2026,12,2026-11-21T05:00:00.000Z,True,False,False,Mountain America Stadium,9,Arizona State,Big 12,,197,Oklahoma State,Big 12,
401856868,2026,12,2026-11-21T05:00:00.000Z,True,False,False,Milan Puskar Stadium,277,West Virginia,Big 12,,248,Houston,Big 12,
401856867,2026,12,2026-11-21T05:00:00.000Z,True,False,False,Nippert Stadium,2132,Cincinnati,Big 12,,38,Colorado,Big 12,
401856866,2026,12,2026-11-21T05:00:00.000Z,True,False,False,Memorial Stadium,2305,Kansas,Big 12,,252,BYU,Big 12,
401869938,2026,12,2026-11-21T05:00:00.000Z,True,False,False,Joe Aillet Stadium,2348,Louisiana Tech,Sun Belt,,2032,Arkansas State,Sun Belt,
401869929,2026,12,2026-11-21T05:00:00.000Z,True,False,False,Kidd Brewer Stadium,2026,App State,Sun Belt,,2433,UL Monroe,Sun Belt,
401869946,2026,12,2026-11-21T05:00:00.000Z,True,False,False,Cajun Field,309,Louisiana,Sun Belt,,324,Coastal Carolina,Sun Belt,
401869958,2026,12,2026-11-21T05:00:00.000Z,True,False,False,Joan C. Edwards Stadium,276,Marshall,Sun Belt,,2247,Georgia State,Sun Belt,
401871101,2026,12,2026-11-21T05:00:00.000Z,True,False,False,M. M. Roberts Stadium,2572,Southern Miss,Sun Belt,,6,South Alabama,Sun Belt,
401856865,2026,12,2026-11-21T05:00:00.000Z,True,False,False,Bill Snyder Family Stadium,2306,Kansas State,Big 12,,12,Arizona,Big 12,
401856755,2026,12,2026-11-21T05:00:00.000Z,True,False,False,DKR-Texas Memorial Stadium,251,Texas,SEC,,8,Arkansas,SEC,
401856754,2026,12,2026-11-21T05:00:00.000Z,True,False,False,Neyland Stadium,2633,Tennessee,SEC,,99,LSU,SEC,
401856753,2026,12,2026-11-21T05:00:00.000Z,True,False,False,Williams-Brice Stadium,2579,South Carolina,SEC,,61,Georgia,SEC,
401856752,2026,12,2026-11-21T05:00:00.000Z,True,False,False,"Memorial Stadium (Norman, OK)",201,Oklahoma,SEC,,245,Texas A&M,SEC,
401856751,2026,12,2026-11-21T05:00:00.000Z,True,False,False,Memorial Stadium,142,Missouri,SEC,,96,Kentucky,SEC,
401858302,2026,12,2026-11-21T05:00:00.000Z,True,False,False,Hard Rock Stadium,2390,Miami,ACC,,259,Virginia Tech,ACC,
401856749,2026,12,2026-11-21T17:00:00.000Z,False,False,False,Vaught-Hemingway Stadium,145,Ole Miss,SEC,,2747,Wofford,Southern,
401862834,2026,12,2026-11-21T17:00:00.000Z,False,False,False,Navy-Marine Corps Memorial Stadium,2426,Navy,American Athletic,,235,Memphis,American Athletic,
401862831,2026,12,2026-11-21T17:00:00.000Z,False,False,False,Michie Stadium,349,Army,American Athletic,,151,East Carolina,American Athletic,
401871080,2026,12,2026-11-21T18:00:00.000Z,False,False,False,Williams Stadium (VA),2335,Liberty,Conference USA,,98,Western Kentucky,Conference USA,
401856750,2026,12,2026-11-21T18:00:00.000Z,False,False,False,Davis Wade Stadium,344,Mississippi State,SEC,,2635,Tennessee Tech,Southern,
401871081,2026,12,2026-11-21T19:00:00.000Z,False,False,False,Elliott T. Bowers Stadium,2534,Sam Houston,Conference USA,,2393,Middle Tennessee,Conference USA,
401856746,2026,12,2026-11-21T19:00:00.000Z,False,False,False,Bryant-Denny Stadium,333,Alabama,SEC,,236,Chattanooga,Southern,
401871079,2026,12,2026-11-21T19:00:00.000Z,False,False,False,AmFirst Stadium,55,Jacksonville State,Conference USA,,2623,Missouri State,Conference USA,
401871078,2026,12,2026-11-21T20:00:00.000Z,False,False,False,Fifth Third Stadium,338,Kennesaw State,Conference USA,,2229,Florida International,Conference USA,
401871077,2026,12,2026-11-21T20:00:00.000Z,False,False,False,Aggie Memorial Stadium,166,New Mexico State,Conference USA,,48,Delaware,Conference USA,
401861968,2026,12,2026-11-21T20:30:00.000Z,False,False,False,Pratt & Whitney Stadium,41,UConn,FBS Independents,,295,Old Dominion,Sun Belt,
401856747,2026,12,2026-11-21T20:30:00.000Z,False,False,False,Jordan-Hare Stadium,2,Auburn,SEC,,2535,Samford,Southern,
401864543,2026,12,2026-11-21T21:00:00.000Z,False,False,False,Fargodome,2449,North Dakota State,Mountain West,,2459,Northern Illinois,Mountain West,
401860920,2026,12,2026-11-21T23:00:00.000Z,False,False,False,Bobcat Stadium (TX),326,Texas State,Pac-12,,265,Washington State,Pac-12,
401864544,2026,12,2026-11-22T00:00:00.000Z,False,False,False,CEFCU Stadium,23,San José State,Mountain West,,2439,UNLV,Mountain West,
401858307,2026,12,2026-11-22T00:30:00.000Z,False,False,False,Notre Dame Stadium,87,Notre Dame,FBS Independents,,2567,SMU,ACC,
401860918,2026,12,2026-11-22T00:30:00.000Z,False,False,False,Valley Children's Stadium,278,Fresno State,Pac-12,,36,Colorado State,Pac-12,
401864542,2026,12,2026-11-22T02:00:00.000Z,False,False,False,War Memorial Stadium,2751,Wyoming,Mountain West,,167,New Mexico,Mountain West,
401860925,2026,12,2026-11-22T02:30:00.000Z,False,False,False,Albertsons Stadium,68,Boise State,Pac-12,,21,San Diego State,Pac-12,
401860919,2026,12,2026-11-22T03:30:00.000Z,False,False,False,Reser Stadium,204,Oregon State,Pac-12,,328,Utah State,Pac-12,
401866471,2026,13,2026-11-24T05:00:00.000Z,True,False,False,Waldo Stadium,2711,Western Michigan,Mid-American,,193,Miami (OH),Mid-American,
401866470,2026,13,2026-11-25T00:00:00.000Z,False,False,False,Rynearson Stadium,2199,Eastern Michigan,Mid-American,,2309,Kent State,Mid-American,
401856879,2026,13,2026-11-27T01:00:00.000Z,False,False,False,Jones AT&T Stadium,2641,Texas Tech,Big 12,,2628,TCU,Big 12,
401862838,2026,13,2026-11-27T05:00:00.000Z,True,False,False,Simmons Bank Liberty Stadium,235,Memphis,American Athletic,,218,Temple,American Athletic,
401862837,2026,13,2026-11-27T05:00:00.000Z,True,False,False,Dowdy-Ficklen Stadium,151,East Carolina,American Athletic,,2226,Florida Atlantic,American Athletic,
401862839,2026,13,2026-11-27T05:00:00.000Z,True,False,False,Raymond James Stadium,58,South Florida,American Athletic,,2655,Tulane,American Athletic,
401856762,2026,13,2026-11-27T17:00:00.000Z,False,False,False,Vaught-Hemingway Stadium,145,Ole Miss,SEC,,344,Mississippi State,SEC,
401858536,2026,13,2026-11-27T17:00:00.000Z,False,False,False,Kinnick Stadium,2294,Iowa,Big Ten,,158,Nebraska,Big Ten,
401866473,2026,13,2026-11-27T17:00:00.000Z,False,False,False,Peden Stadium,195,Ohio,Mid-American,,2649,Toledo,Mid-American,
401866472,2026,13,2026-11-27T17:00:00.000Z,False,False,False,InfoCision Stadium,2006,Akron,Mid-American,,2084,Buffalo,Mid-American,
401869930,2026,13,2026-11-27T20:00:00.000Z,False,False,False,Hancock Whitney Stadium,6,South Alabama,Sun Belt,,2026,App State,Sun Belt,
401864549,2026,13,2026-11-27T20:30:00.000Z,False,False,False,CEFCU Stadium,23,San José State,Mountain West,,2449,North Dakota State,Mountain West,
401856759,2026,13,2026-11-27T20:30:00.000Z,False,False,False,Doak Campbell Stadium,52,Florida State,ACC,,57,Florida,SEC,
401856756,2026,13,2026-11-28T00:30:00.000Z,False,False,False,Kyle Field,245,Texas A&M,SEC,,251,Texas,SEC,
401858544,2026,13,2026-11-28T00:30:00.000Z,False,False,False,Camp Randall Stadium,275,Wisconsin,Big Ten,,135,Minnesota,Big Ten,
401856880,2026,13,2026-11-28T02:00:00.000Z,False,False,False,Rice-Eccles Stadium,254,Utah,Big 12,,277,West Virginia,Big 12,
401858315,2026,13,2026-11-28T05:00:00.000Z,True,False,False,California Memorial Stadium,25,California,ACC,,221,Pittsburgh,ACC,
401858316,2026,13,2026-11-28T05:00:00.000Z,True,False,False,Stanford Stadium,24,Stanford,ACC,,2567,SMU,ACC,
401858538,2026,13,2026-11-28T05:00:00.000Z,True,False,False,"Memorial Stadium (Bloomington, IN)",84,Indiana,Big Ten,,2509,Purdue,Big Ten,
401858539,2026,13,2026-11-28T05:00:00.000Z,True,False,False,SECU Stadium,120,Maryland,Big Ten,,213,Penn State,Big Ten,
401858317,2026,13,2026-11-28T05:00:00.000Z,True,False,False,Lane Stadium,259,Virginia Tech,ACC,,258,Virginia,ACC,
401862842,2026,13,2026-11-28T05:00:00.000Z,True,False,False,Jerry Richardson Stadium,2429,Charlotte,American Athletic,,2426,Navy,American Athletic,
401862843,2026,13,2026-11-28T05:00:00.000Z,True,False,False,DATCU Stadium,249,North Texas,American Athletic,,5,UAB,American Athletic,
401871102,2026,13,2026-11-28T05:00:00.000Z,True,False,False,Malone Stadium,2433,UL Monroe,Sun Belt,,276,Marshall,Sun Belt,
401869959,2026,13,2026-11-28T05:00:00.000Z,True,False,False,Center Parc Stadium,2247,Georgia State,Sun Belt,,309,Louisiana,Sun Belt,
401869954,2026,13,2026-11-28T05:00:00.000Z,True,False,False,Allen E. Paulson Stadium,290,Georgia Southern,Sun Belt,,2348,Louisiana Tech,Sun Belt,
401856757,2026,13,2026-11-28T05:00:00.000Z,True,False,False,Bryant-Denny Stadium,333,Alabama,SEC,,2,Auburn,SEC,
401856758,2026,13,2026-11-28T05:00:00.000Z,True,False,False,Razorback Stadium,8,Arkansas,SEC,,99,LSU,SEC,
401856760,2026,13,2026-11-28T05:00:00.000Z,True,False,False,Sanford Stadium,61,Georgia,SEC,,59,Georgia Tech,ACC,
401856761,2026,13,2026-11-28T05:00:00.000Z,True,False,False,Kroger Field,96,Kentucky,SEC,,97,Louisville,ACC,
401856763,2026,13,2026-11-28T05:00:00.000Z,True,False,False,Memorial Stadium,142,Missouri,SEC,,201,Oklahoma,SEC,
401856764,2026,13,2026-11-28T05:00:00.000Z,True,False,False,"Memorial Stadium (Clemson, SC)",228,Clemson,ACC,,2579,South Carolina,SEC,
401856765,2026,13,2026-11-28T05:00:00.000Z,True,False,False,FirstBank Stadium,238,Vanderbilt,SEC,,2633,Tennessee,SEC,
401856873,2026,13,2026-11-28T05:00:00.000Z,True,False,False,Arizona Stadium,12,Arizona,Big 12,,9,Arizona State,Big 12,
401856874,2026,13,2026-11-28T05:00:00.000Z,True,False,False,TDECU Stadium,248,Houston,Big 12,,239,Baylor,Big 12,
401856875,2026,13,2026-11-28T05:00:00.000Z,True,False,False,Folsom Field,38,Colorado,Big 12,,2116,UCF,Big 12,
401856876,2026,13,2026-11-28T05:00:00.000Z,True,False,False,LaVell Edwards Stadium,252,BYU,Big 12,,2132,Cincinnati,Big 12,
401856877,2026,13,2026-11-28T05:00:00.000Z,True,False,False,Boone Pickens Stadium,197,Oklahoma State,Big 12,,2305,Kansas,Big 12,
401856878,2026,13,2026-11-28T05:00:00.000Z,True,False,False,Jack Trice Stadium,66,Iowa State,Big 12,,2306,Kansas State,Big 12,
401858311,2026,13,2026-11-28T05:00:00.000Z,True,False,False,Hard Rock Stadium,2390,Miami,ACC,,103,Boston College,ACC,
401858312,2026,13,2026-11-28T05:00:00.000Z,True,False,False,Allegacy Federal Credit Union Stadium,154,Wake Forest,ACC,,150,Duke,ACC,
401858313,2026,13,2026-11-28T05:00:00.000Z,True,False,False,Kenan Stadium,153,North Carolina,ACC,,152,NC State,ACC,
401858314,2026,13,2026-11-28T05:00:00.000Z,True,False,False,JMA Wireless Dome,183,Syracuse,ACC,,87,Notre Dame,FBS Independents,
401858543,2026,13,2026-11-28T05:00:00.000Z,True,False,False,Rose Bowl,26,UCLA,Big Ten,,30,USC,Big Ten,
401858537,2026,13,2026-11-28T05:00:00.000Z,True,False,False,Ryan Field,77,Northwestern,Big Ten,,356,Illinois,Big Ten,
401861969,2026,13,2026-11-28T05:00:00.000Z,True,False,False,War Memorial Stadium,2751,Wyoming,Mountain West,,41,UConn,FBS Independents,
401862841,2026,13,2026-11-28T05:00:00.000Z,True,False,False,Rice Stadium,242,Rice,American Athletic,,349,Army,American Athletic,
401862840,2026,13,2026-11-28T05:00:00.000Z,True,False,False,Alamodome,2636,UTSA,American Athletic,,202,Tulsa,American Athletic,
401858541,2026,13,2026-11-28T05:00:00.000Z,True,False,False,Autzen Stadium,2483,Oregon,Big Ten,,264,Washington,Big Ten,
401858542,2026,13,2026-11-28T05:00:00.000Z,True,False,False,SHI Stadium,164,Rutgers,Big Ten,,127,Michigan State,Big Ten,
401871103,2026,13,2026-11-28T05:00:00.000Z,True,False,False,S.B. Ballard Stadium,295,Old Dominion,Sun Belt,,2572,Southern Miss,Sun Belt,
401869947,2026,13,2026-11-28T05:00:00.000Z,True,False,False,Bridgeforth Stadium,256,James Madison,Sun Belt,,324,Coastal Carolina,Sun Belt,
401864550,2026,13,2026-11-28T05:00:00.000Z,True,False,False,Huskie Stadium,2459,Northern Illinois,Mountain West,,2638,UTEP,Mountain West,
401866475,2026,13,2026-11-28T17:00:00.000Z,False,False,False,Doyt L. Perry Stadium,189,Bowling Green,Mid-American,,113,Massachusetts,Mid-American,
401866474,2026,13,2026-11-28T17:00:00.000Z,False,False,False,Scheumann Stadium,2050,Ball State,Mid-American,,2117,Central Michigan,Mid-American,
401858540,2026,13,2026-11-28T17:00:00.000Z,False,False,False,Ohio Stadium,194,Ohio State,Big Ten,,130,Michigan,Big Ten,
401870804,2026,13,2026-11-28T18:00:00.000Z,False,False,False,Houchens Industries-L.T. Smith Stadium,98,Western Kentucky,Conference USA,,338,Kennesaw State,Conference USA,
401871083,2026,13,2026-11-28T19:00:00.000Z,False,False,False,"Johnny ""Red"" Floyd Stadium",2393,Middle Tennessee,Conference USA,,166,New Mexico State,Conference USA,
401871082,2026,13,2026-11-28T19:00:00.000Z,False,False,False,Pitbull Stadium,2229,Florida International,Conference USA,,2534,Sam Houston,Conference USA,
401871063,2026,13,2026-11-28T19:00:00.000Z,False,False,False,Plaster Sports Complex,2623,Missouri State,Conference USA,,2335,Liberty,Conference USA,
401869939,2026,13,2026-11-28T20:00:00.000Z,False,False,False,Centennial Bank Stadium,2032,Arkansas State,Sun Belt,,2653,Troy,Sun Belt,
401871062,2026,13,2026-11-28T20:30:00.000Z,False,False,False,Delaware Stadium,48,Delaware,Conference USA,,55,Jacksonville State,Conference USA,
401864546,2026,13,2026-11-28T21:30:00.000Z,False,False,False,University Stadium (NM),167,New Mexico,Mountain West,,2005,Air Force,Mountain West,
401864548,2026,13,2026-11-29T02:00:00.000Z,False,False,False,Allegiant Stadium,2439,UNLV,Mountain West,,2440,Nevada,Mountain West,
401864547,2026,13,2026-11-29T04:00:00.000Z,False,False,False,Clarence T.C. Ching Athletics Complex,62,Hawai'i,Mountain West,,16,Sacramento State,Mid-American,
401862844,2026,15,2026-12-12T20:00:00.000Z,False,False,True,MetLife Stadium,349,Army,American Athletic,,2426,Navy,American Athletic,
