player_id,season,player,position,team,conference,defensive_PD,defensive_QB HUR,defensive_SACKS,defensive_SOLO,defensive_TD,defensive_TFL,defensive_TOT,fumbles_FUM,fumbles_LOST,fumbles_REC,interceptions_AVG,interceptions_INT,interceptions_TD,interceptions_YDS,kickReturns_AVG,kickReturns_LONG,kickReturns_NO,kickReturns_TD,kickReturns_YDS,kicking_FGA,kicking_FGM,kicking_LONG,kicking_PCT,kicking_PTS,kicking_XPA,kicking_XPM,passing_ATT,passing_COMPLETIONS,passing_INT,passing_PCT,passing_TD,passing_YDS,passing_YPA,puntReturns_AVG,puntReturns_LONG,puntReturns_NO,puntReturns_TD,puntReturns_YDS,punting_In 20,punting_LONG,punting_NO,punting_TB,punting_YDS,punting_YPP,receiving_LONG,receiving_REC,receiving_TD,receiving_YDS,receiving_YPR,rushing_CAR,rushing_LONG,rushing_TD,rushing_YDS,rushing_YPC
560158,2026,Eric Jones,DB,Elon,Coastal Athletic,0.0,0.0,0.0,1.0,0.0,0.0,1.0,,,,,,,,,,,,,,,,,,,,,,,,,,,,,,,,,,,,,,,,,,,,,,,
4432703,2026,Jake Garcia,QB,Furman,Southern,,,,,,,,,,,,,,,,,,,,,,,,,,,28.0,15.0,1.0,0.536,0.0,183.0,6.5,,,,,,,,,,,,,,,,,9.0,20.0,0.0,51.0,5.7
4433968,2026,Byron Cardwell,RB,Mercyhurst,NEC,,,,,,,,,,,,,,,,,,,,,,,,,,,,,,,,,,,,,,,,,,,,,15.0,2.0,0.0,17.0,8.5,5.0,2.0,0.0,-4.0,-0.8
4569498,2026,Anthony Pecorella,P,Maine,Coastal Athletic,,,,,,,,,,,,,,,,,,,,,,,,,,,,,,,,,,,,,,,4.0,50.0,7.0,2.0,287.0,41.0,,,,,,,,,,
4594322,2026,Shambre Jackson,DL,Concord,Mountain East,0.0,1.0,1.5,2.0,0.0,1.5,3.0,,,,,,,,,,,,,,,,,,,,,,,,,,,,,,,,,,,,,,,,,,,,,,,
4683116,2026,Carston Marshall,LB,Youngstown State,MVFC,0.0,0.0,0.0,3.0,0.0,1.0,7.0,,,,,,,,,,,,,,,,,,,,,,,,,,,,,,,,,,,,,,,,,,,,,,,
4683136,2026,Tae'Shaun Johnson,WR,Gardner-Webb,OVC,,,,,,,,,,,,,,,,,,,,,,,,,,,,,,,,,,,,,,,,,,,,,4.0,1.0,0.0,4.0,4.0,,,,,
4683544,2026,Zay Franks,DB,SE Louisiana,Southland,1.0,0.0,0.0,1.0,0.0,0.0,1.0,,,,0.0,1.0,0.0,0.0,,,,,,,,,,,,,,,,,,,,,,,,,,,,,,,,,,,,,,,,
4684061,2026,T.J. Lockley,WR,West Georgia,UAC,,,,,,,,,,,,,,,,,,,,,,,,,,,1.0,1.0,0.0,1.0,0.0,57.0,57.0,,,,,,,,,,,,10.0,4.0,0.0,29.0,7.3,,,,,
4685440,2026,Kyle Lowe,QB,SE Louisiana,Southland,,,,,,,,1.0,0.0,0.0,,,,,,,,,,,,,,,,,27.0,17.0,1.0,0.63,2.0,150.0,5.6,,,,,,,,,,,,,,,,,7.0,55.0,1.0,54.0,7.7
4685535,2026,C.J. Stokes,RB,Furman,Southern,,,,,,,,,,,,,,,,,,,,,,,,,,,,,,,,,,,,,,,,,,,,,5.0,1.0,0.0,5.0,5.0,11.0,12.0,0.0,37.0,3.4
4685693,2026,Devin Kargman,QB,Concord,Mountain East,,,,,,,,,,,,,,,,,,,,,,,,,,,34.0,17.0,0.0,0.5,1.0,225.0,6.6,,,,,,,,,,,,,,,,,,,,,
4685701,2026,James Jointer,RB,Central Arkansas,UAC,,,,,,,,,,,,,,,,,,,,,,,,,,,,,,,,,,,,,,,,,,,,,,,,,,6.0,11.0,0.0,37.0,6.2
4686866,2026,Jacob Miller,LB,Mercyhurst,NEC,0.0,0.0,0.0,2.0,0.0,0.0,4.0,,,,,,,,,,,,,,,,,,,,,,,,,,,,,,,,,,,,,,,,,,,,,,,
4691742,2026,Jude Kelley,PK,Chattanooga,Southern,,,,,,,,,,,,,,,,,,,,2.0,1.0,39.0,0.5,6.0,3.0,3.0,,,,,,,,,,,,,,,,,,,,,,,,,,,,
4698362,2026,Kaleb Costner,TE,UT Martin,OVC,0.0,0.0,0.0,0.0,0.0,0.0,1.0,,,,,,,,,,,,,,,,,,,,,,,,,,,,,,,,,,,,,,10.0,1.0,0.0,10.0,10.0,,,,,
4702832,2026,Keith Wheeler,WR,Houston Christian,Southland,,,,,,,,,,,,,,,,,,,,,,,,,,,,,,,,,,,,,,,,,,,,,19.0,3.0,1.0,38.0,12.7,,,,,
4709985,2026,Nick Mercer,DE,Concord,Mountain East,0.0,1.0,1.0,3.0,0.0,2.0,4.0,,,,,,,,,,,,,,,,,,,,,,,,,,,,,,,,,,,,,,,,,,,,,,,
4751683,2026,Khalid Moore,DL,SE Louisiana,Southland,0.0,0.0,0.0,1.0,0.0,1.0,3.0,,,,,,,,,,,,,,,,,,,,,,,,,,,,,,,,,,,,,,,,,,,,,,,
4801302,2026,Julian Calvez,QB,UT Martin,OVC,,,,,,,,,,,,,,,,,,,,,,,,,,,24.0,13.0,2.0,0.542,0.0,147.0,6.1,,,,,,,,,,,,,,,,,9.0,8.0,0.0,37.0,4.1
4808719,2026,Zach Wilcke,QB,Northwestern State,Southland,,,,,,,,1.0,1.0,0.0,,,,,,,,,,,,,,,,,3.0,2.0,0.0,0.667,0.0,22.0,7.3,,,,,,,,,,,,,,,,,1.0,6.0,0.0,6.0,6.0
4826528,2026,Caleb Merritt,DB,Austin Peay,UAC,0.0,0.0,0.0,1.0,0.0,0.0,2.0,,,,,,,,,,,,,,,,,,,,,,,,,,,,,,,,,,,,,,,,,,,,,,,
4826578,2026,Ashtin Rustemeyer,DT,Lindenwood,OVC,0.0,1.0,0.0,2.0,0.0,0.0,2.0,,,,,,,,,,,,,,,,,,,,,,,,,,,,,,,,,,,,,,,,,,,,,,,
4832021,2026,Elijah Jackson-Anderson,RB,Western Illinois,OVC,,,,,,,,,,,,,,,,,,,,,,,,,,,,,,,,,,,,,,,,,,,,,,,,,,7.0,29.0,1.0,59.0,8.4
4832038,2026,A'Khoury Lyde,CB,West Florida,UAC,0.0,0.0,0.0,1.0,1.0,0.0,2.0,,,,44.0,1.0,1.0,44.0,,,,,,,,,,,,,,,,,,,,,,,,,,,,,,,,,,,,,,,,
4833613,2026,Joshua Wiggins,CB,Houston Christian,Southland,1.0,1.0,0.0,1.0,0.0,0.0,2.0,,,,,,,,,,,,,,,,,,,,,,,,,,,,,,,,,,,,,,,,,,,,,,,
4837195,2026,Luca Stanzani,QB,Long Island University,NEC,,,,,,,,,,,,,,,,,,,,,,,,,,,16.0,12.0,0.0,0.75,1.0,173.0,10.8,,,,,,,,,,,,,,,,,8.0,6.0,1.0,3.0,0.4
4837273,2026,Jeremiah McGill,DB,Maine,Coastal Athletic,0.0,0.0,0.0,6.0,0.0,0.0,10.0,,,,,,,,,,,,,,,,,,,,,,,,,,,,,,,,,,,,,,,,,,,,,,,
4837350,2026,Bakari Edwards,LB,St. Thomas (MN),Pioneer,0.0,0.0,0.5,0.0,0.0,0.5,1.0,,,,,,,,,,,,,,,,,,,,,,,,,,,,,,,,,,,,,,,,,,,,,,,
4837382,2026,Montrell Henderson,DT,Chattanooga,Southern,0.0,0.0,0.0,0.0,0.0,0.0,1.0,,,,,,,,,,,,,,,,,,,,,,,,,,,,,,,,,,,,,,,,,,,,,,,
4869609,2026,Josiah Wyatt,DL,Charleston Southern,OVC,0.0,0.0,0.0,2.0,0.0,0.0,5.0,,,,,,,,,,,,,,,,,,,,,,,,,,,,,,,,,,,,,,,,,,,,,,,
4869735,2026,Roger Walters,WR,Youngstown State,MVFC,,,,,,,,,,,,,,,,,,,,,,,,,,,,,,,,,,19.0,19.0,1.0,0.0,19.0,,,,,,,7.0,1.0,0.0,7.0,7.0,,,,,
4869817,2026,Cole Pennington,QB,Gardner-Webb,OVC,,,,,,,,,,,,,,,,,,,,,,,,,,,49.0,27.0,1.0,0.551,1.0,312.0,6.4,,,,,,,,,,,,,,,,,7.0,5.0,0.0,-3.0,-0.4
4870406,2026,Quan Peterson,DB,Austin Peay,UAC,2.0,0.0,0.0,1.0,0.0,0.0,3.0,,,,,,,,,,,,,,,,,,,,,,,,,,,,,,,,,,,,,,,,,,,,,,,
4870740,2026,Troy Ford Jr.,LB,West Florida,UAC,0.0,0.0,0.0,1.0,0.0,0.0,1.0,,,,,,,,,,,,,,,,,,,,,,,,,,,,,,,,,,,,,,,,,,,,,,,
4870791,2026,Lynard Harris,DB,Nicholls,Southland,0.0,1.0,0.0,0.0,0.0,0.0,0.0,,,,,,,,,,,,,,,,,,,,,,,,,,,,,,,,,,,,,,,,,,,,,,,
4870798,2026,Malik Leverett,WR,West Georgia,UAC,,,,,,,,,,,,,,,,,,,,,,,,,,,,,,,,,,,,,,,,,,,,,3.0,2.0,0.0,4.0,2.0,,,,,
4870889,2026,Chris Parson,QB,Austin Peay,UAC,,,,,,,,,,,,,,,,,,,,,,,,,,,21.0,14.0,1.0,0.667,1.0,308.0,14.7,,,,,,,,,,,,,,,,,12.0,17.0,1.0,31.0,2.6
4870939,2026,Cordale Russell,WR,Concord,Mountain East,,,,,,,,,,,,,,,,,,,,,,,,,,,,,,,,,,,,,,,,,,,,,12.0,4.0,0.0,24.0,6.0,,,,,
4871086,2026,Ja'Ryan Wallace,WR,Houston Christian,Southland,0.0,0.0,0.0,1.0,0.0,0.0,2.0,,,,,,,,,,,,,,,,,,,,,,,,,,,,,,,,,,,,,,39.0,2.0,0.0,41.0,20.5,,,,,
4872623,2026,Carter Wyatt,LB,Elon,Coastal Athletic,0.0,0.0,0.0,0.0,0.0,0.0,2.0,,,,,,,,,,,,,,,,,,,,,,,,,,,,,,,,,,,,,,,,,,,,,,,
4876663,2026,Marquis Cooper,DB,Towson,Coastal Athletic,2.0,0.0,0.0,1.0,0.0,0.0,4.0,,,,,,,,,,,,,,,,,,,,,,,,,,,,,,,,,,,,,,,,,,,,,,,
4876849,2026,Joe Pronchick,OL,Glenville State,Mountain East,0.0,0.0,0.0,1.0,0.0,1.0,1.0,,,,,,,,,,,,,,,,,,,,,,,,,,,,,,,,,,,,,,,,,,,,,,,
4877088,2026,Jake Dalmado,LB,SE Louisiana,Southland,0.0,0.0,0.0,0.0,0.0,0.0,1.0,,,,,,,,,,,,,,,,,,,,,,,,,,,,,,,,,,,,,,,,,,,,,,,
4877209,2026,Myion Hicks,RB,Northwestern State,Southland,,,,,,,,,,,,,,,,,,,,,,,,,,,,,,,,,,,,,,,,,,,,,5.0,2.0,0.0,-1.0,-0.5,2.0,5.0,0.0,6.0,3.0
4877249,2026,Nick Coates,DB,Chattanooga,Southern,0.0,0.0,0.0,2.0,0.0,0.0,3.0,,,,,,,,,,,,,,,,,,,,,,,,,,,,,,,,,,,,,,,,,,,,,,,
4877400,2026,Deondri Clark,DE,Mississippi Valley State,SWAC,0.0,0.0,0.0,3.0,0.0,0.0,3.0,,,,,,,,,,,,,,,,,,,,,,,,,,,,,,,,,,,,,,,,,,,,,,,
4877774,2026,Jamarien Dalton,WR,Elon,Coastal Athletic,,,,,,,,,,,,,,,,,,,,,,,,,,,,,,,,,,,,,,,,,,,,,21.0,3.0,1.0,42.0,14.0,,,,,
4878660,2026,Trevor Hardy,DB,Austin Peay,UAC,0.0,0.0,0.0,7.0,0.0,1.0,10.0,,,,,,,,,,,,,,,,,,,,,,,,,,,,,,,,,,,,,,,,,,,,,,,
4879514,2026,Christian Williams,S,Northwestern State,Southland,0.0,0.0,0.0,1.0,0.0,0.0,3.0,,,,,,,,,,,,,,,,,,,,,,,,,,,,,,,,,,,,,,,,,,,,,,,
4880840,2026,Jaydyn Johnson,LB,Towson,Coastal Athletic,0.0,0.0,0.0,2.0,0.0,0.0,7.0,,,,,,,,,,,,,,,,,,,,,,,,,,,,,,,,,,,,,,,,,,,,,,,
4885443,2026,Robert Giaimo,RB,Lindenwood,OVC,,,,,,,,,,,,,,,,,,,,,,,,,,,,,,,,,,,,,,,,,,,,,,,,,,4.0,9.0,0.0,15.0,3.8
4886088,2026,Rufus Toe,DE,Houston Christian,Southland,0.0,0.0,0.0,0.0,0.0,0.0,2.0,0.0,0.0,1.0,,,,,,,,,,,,,,,,,,,,,,,,,,,,,,,,,,,,,,,,,,,,
4889821,2026,Zavione Wood,RB,Glenville State,Mountain East,,,,,,,,,,,,,,,,,,,,,,,,,,,,,,,,,,,,,,,,,,,,,,,,,,4.0,5.0,0.0,9.0,2.3
4891191,2026,Christian Anaya,WR,Western Illinois,OVC,,,,,,,,,,,,,,,,,,,,,,,,,,,,,,,,,,,,,,,,,,,,,59.0,5.0,0.0,88.0,17.6,,,,,
4892208,2026,Rafael Fasolino,LB,Long Island University,NEC,0.0,1.0,0.0,10.0,0.0,1.0,10.0,,,,0.0,1.0,0.0,0.0,,,,,,,,,,,,,,,,,,,,,,,,,,,,,,,,,,,,,,,,
4892974,2026,Jason Malbrue,TE,Nicholls,Southland,,,,,,,,,,,,,,,,,,,,,,,,,,,,,,,,,,,,,,,,,,,,,12.0,1.0,0.0,12.0,12.0,,,,,
4909264,2026,Ky Tayo,DT,Chattanooga,Southern,0.0,0.0,1.0,1.0,0.0,1.0,1.0,,,,,,,,,,,,,,,,,,,,,,,,,,,,,,,,,,,,,,,,,,,,,,,
4911835,2026,Jhamal Shelby Jr.,DB,Nicholls,Southland,,,,,,,,,,,0.0,1.0,0.0,0.0,,,,,,,,,,,,,,,,,,,,,,,,,,,,,,,,,,,,,,,,
4912198,2026,Canaan Williams,LB,Austin Peay,UAC,0.0,0.0,0.0,4.0,0.0,0.5,10.0,,,,,,,,,,,,,,,,,,,,,,,,,,,,,,,,,,,,,,,,,,,,,,,
4912231,2026,Max Elkman,DL,SE Louisiana,Southland,0.0,0.0,0.0,0.0,0.0,0.0,4.0,,,,,,,,,,,,,,,,,,,,,,,,,,,,,,,,,,,,,,,,,,,,,,,
4917288,2026,Charles Kellom,RB,Eastern Illinois,OVC,,,,,,,,,,,,,,,,,,,,,,,,,,,,,,,,,,,,,,,,,,,,,9.0,1.0,0.0,9.0,9.0,19.0,88.0,3.0,171.0,9.0
4917362,2026,Trent Zappe,LB,Houston Christian,Southland,0.0,0.0,0.0,4.0,0.0,0.0,9.0,0.0,0.0,1.0,,,,,,,,,,,,,,,,,,,,,,,,,,,,,,,,,,,,,,,,,,,,
4920128,2026,Kahlil Tate,DB,Austin Peay,UAC,0.0,0.0,0.0,0.0,0.0,0.0,1.0,,,,,,,,,,,,,,,,,,,,,,,,,,,,,,,,,,,,,,,,,,,,,,,
4920196,2026,Javance Tupou'ata-Johnson,QB,North Dakota,MVFC,,,,,,,,,,,,,,,,,,,,,,,,,,,6.0,3.0,1.0,0.5,0.0,65.0,10.8,,,,,,,,,,,,,,,,,3.0,6.0,0.0,7.0,2.3
4921505,2026,Jayven Anderson,LB,Houston Christian,Southland,0.0,0.0,1.0,8.0,0.0,6.0,9.0,,,,,,,,,,,,,,,,,,,,,,,,,,,,,,,,,,,,,,,,,,,,,,,
4923032,2026,Giovanni Adopte,WR,Gardner-Webb,OVC,,,,,,,,,,,,,,,,,,,,,,,,,,,,,,,,,,,,,,,,,,,,,14.0,6.0,0.0,60.0,10.0,,,,,
4923292,2026,Jordan Jackson,DB,Gardner-Webb,OVC,1.0,0.0,0.0,2.0,0.0,0.0,3.0,,,,,,,,,,,,,,,,,,,,,,,,,,,,,,,,,,,,,,,,,,,,,,,
5027555,2026,Cam Smith,DB,Youngstown State,MVFC,0.0,0.0,0.0,0.0,0.0,0.5,5.0,,,,,,,,,,,,,,,,,,,,,,,,,,,,,,,,,,,,,,,,,,,,,,,
5044349,2026,Mekhi Jenkins,RB,Ohio Dominican,Great Midwest Athletic,,,,,,,,1.0,0.0,0.0,,,,,,,,,,,,,,,,,,,,,,,,,,,,,,,,,,,,,,,,21.0,35.0,1.0,101.0,4.8
5078060,2026,Cameron Hill,DB,Central Arkansas,UAC,0.0,0.0,0.0,0.0,0.0,0.0,1.0,,,,,,,,,,,,,,,,,,,,,,,,,,,,,,,,,,,,,,,,,,,,,,,
5078313,2026,Demoris Jenkins,DL,Austin Peay,UAC,0.0,2.0,0.0,2.0,0.0,1.0,3.0,,,,,,,,,,,,,,,,,,,,,,,,,,,,,,,,,,,,,,,,,,,,,,,
5079320,2026,Josiah Brown,WR,Long Island University,NEC,,,,,,,,,,,,,,,,,,,,,,,,,,,,,,,,,,,,,,,,,,,,,26.0,2.0,0.0,41.0,20.5,,,,,
5079448,2026,Tysean Griffin,DB,Western Illinois,OVC,0.0,0.0,0.0,1.0,0.0,0.0,1.0,,,,,,,,,,,,,,,,,,,,,,,,,,,,,,,,,,,,,,,,,,,,,,,
5081201,2026,Ant Fisher,CB,UT Martin,OVC,0.0,0.0,0.0,3.0,0.0,0.0,4.0,,,,,,,,,,,,,,,,,,,,,,,,,,,,,,,,,,,,,,,,,,,,,,,
5081210,2026,Bryce Purnell,DL,Maine,Coastal Athletic,0.0,1.0,1.5,4.0,0.0,1.5,6.0,,,,,,,,,,,,,,,,,,,,,,,,,,,,,,,,,,,,,,,,,,,,,,,
5081723,2026,Dylan Mullins,S,Charleston Southern,OVC,0.0,0.0,0.0,3.0,0.0,0.0,3.0,,,,,,,,,,,,,,,,,,,,,,,,,,,,,,,,,,,,,,,,,,,,,,,
5081998,2026,Raleigh Collins III,DB,Youngstown State,MVFC,2.0,0.0,0.0,0.0,0.0,0.0,0.0,,,,,,,,,,,,,,,,,,,,,,,,,,,,,,,,,,,,,,,,,,,,,,,
5082437,2026,David Portu,DL,Austin Peay,UAC,0.0,0.0,0.0,0.0,0.0,0.5,1.0,,,,,,,,,,,,,,,,,,,,,,,,,,,,,,,,,,,,,,,,,,,,,,,
5083257,2026,Tyson Garrett,RB,Glenville State,Mountain East,0.0,0.0,0.0,3.0,0.0,0.0,6.0,,,,,,,,,,,,,,,,,,,,,,,,,,,,,,,,,,,,,,,,,,,,,,,
5083491,2026,Jamaree Gibson,DB,Maine,Coastal Athletic,1.0,0.0,0.0,1.0,0.0,0.0,3.0,,,,,,,,,,,,,,,,,,,,,,,,,,,,,,,,,,,,,,,,,,,,,,,
5083500,2026,Evan Wallace,WR,Maine,Coastal Athletic,0.0,0.0,0.0,1.0,0.0,0.0,1.0,,,,,,,,,,,,,,,,,,,,,,,,,,,,,,,,,,,,,,31.0,3.0,0.0,43.0,14.3,,,,,
5083511,2026,Mike Hamilton,DL,Maine,Coastal Athletic,0.0,0.0,0.0,0.0,0.0,0.0,2.0,,,,,,,,,,,,,,,,,,,,,,,,,,,,,,,,,,,,,,,,,,,,,,,
5083544,2026,Tyler Henry,DT,North Dakota,MVFC,0.0,0.0,0.0,1.0,0.0,0.0,1.0,,,,,,,,,,,,,,,,,,,,,,,,,,,,,,,,,,,,,,,,,,,,,,,
5083855,2026,Taylor Smallwood,DB,Gardner-Webb,OVC,0.0,0.0,1.0,1.0,0.0,1.0,2.0,,,,,,,,,,,,,,,,,,,,,,,,,,,,,,,,,,,,,,,,,,,,,,,
5083897,2026,Jestin Gilmore,DE,Chattanooga,Southern,0.0,0.0,0.0,1.0,0.0,0.0,1.0,,,,,,,,,,,,,,,,,,,,,,,,,,,,,,,,,,,,,,,,,,,,,,,
5083941,2026,Collin Shannon,QB,Murray State,MVFC,,,,,,,,,,,,,,,,,,,,,,,,,,,40.0,26.0,2.0,0.65,2.0,257.0,6.4,,,,,,,,,,,,,,,,,7.0,5.0,0.0,-10.0,-1.4
5084254,2026,Alex Villavaso,DE,Nicholls,Southland,1.0,2.0,0.0,2.0,0.0,0.0,3.0,,,,,,,,,,,,,,,,,,,,,,,,,,,,,,,,,,,,,,,,,,,,,,,
5084266,2026,Treylin Whaley,TE,Nicholls,Southland,,,,,,,,,,,,,,,,,,,,,,,,,,,,,,,,,,,,,,,,,,,,,1.0,1.0,0.0,1.0,1.0,,,,,
5084351,2026,Matthew McClelland,S,Southern Illinois,MVFC,0.0,0.0,0.0,3.0,0.0,0.0,3.0,,,,,,,,,,,,,,,,,,,,,,,,,,,,,,,,,,,,,,,,,,,,,,,
5084354,2026,Kaleb Lyons,DB,Eastern Illinois,OVC,1.0,0.0,0.0,4.0,0.0,0.5,5.0,,,,15.0,1.0,0.0,15.0,,,,,,,,,,,,,,,,,,,,,,,,,,,,,,,,,,,,,,,,
5084479,2026,Danny Sears,LB,Northwestern State,Southland,0.0,0.0,0.0,1.0,0.0,0.0,6.0,,,,,,,,,,,,,,,,,,,,,,,,,,,,,,,,,,,,,,,,,,,,,,,
5084590,2026,Craig Cunningham,RB,Morehead State,Pioneer,,,,,,,,,,,,,,,,,,,,,,,,,,,,,,,,,,,,,,,,,,,,,25.0,5.0,0.0,61.0,12.2,19.0,20.0,0.0,89.0,4.7
5084657,2026,Dakarai Anderson,WR,Central Arkansas,UAC,,,,,,,,,,,,,,,14.0,14.0,1.0,0.0,14.0,,,,,,,,,,,,,,,,,,,,,,,,,,9.0,6.0,0.0,38.0,6.3,1.0,6.0,0.0,6.0,6.0
5084796,2026,Caleb King,DB,Austin Peay,UAC,0.0,0.0,0.0,0.0,0.0,0.0,1.0,,,,,,,,,,,,,,,,,,,,,,,,,,,,,,,,,,,,,,,,,,,,,,,
5084807,2026,Jaden King,CB,Houston Christian,Southland,1.0,0.0,0.0,3.0,0.0,1.0,4.0,,,,,,,,,,,,,,,,,,,,,,,,,,,,,,,,,,,,,,,,,,,,,,,
5084898,2026,Ta'Ron Haile,DB,Austin Peay,UAC,0.0,0.0,0.0,1.0,0.0,0.0,2.0,,,,0.0,1.0,0.0,0.0,,,,,,,,,,,,,,,,,,,,,,,,,,,,,,,,,,,,,,,,
5085365,2026,Deorius Cobbs,DE,Central Arkansas,UAC,0.0,0.0,0.0,1.0,0.0,0.5,3.0,,,,,,,,,,,,,,,,,,,,,,,,,,,,,,,,,,,,,,,,,,,,,,,
5085431,2026,Eli Jones,LB,Austin Peay,UAC,0.0,0.0,0.5,4.0,0.0,1.5,7.0,,,,,,,,,,,,,,,,,,,,,,,,,,,,,,,,,,,,,,,,,,,,,,,
5085504,2026,Daniel Haughton,WR,Furman,Southern,,,,,,,,,,,,,,,,,,,,,,,,,,,,,,,,,,,,,,,,,,,,,49.0,5.0,0.0,87.0,17.4,,,,,
5085540,2026,Aidan Garcia,WR,Drake,Pioneer,,,,,,,,,,,,,,,,,,,,,,,,,,,,,,,,,,,,,,,,,,,,,15.0,2.0,0.0,20.0,10.0,,,,,
5085652,2026,Sabin McLaughlin,DB,Gardner-Webb,OVC,0.0,0.0,0.0,4.0,0.0,2.0,5.0,,,,,,,,,,,,,,,,,,,,,,,,,,,,,,,,,,,,,,,,,,,,,,,
5085677,2026,Mitchell January,WR,Drake,Pioneer,,,,,,,,,,,,,,,,,,,,,,,,,,,,,,,,,,,,,,,,,,,,,15.0,7.0,0.0,55.0,7.9,,,,,
5085687,2026,J.R. Flood,LB,Drake,Pioneer,0.0,0.0,0.0,5.0,0.0,0.5,18.0,,,,,,,,,,,,,,,,,,,,,,,,,,,,,,,,,,,,,,,,,,,,,,,
5085689,2026,Tommy Williams,DB,Drake,Pioneer,0.0,0.0,0.0,2.0,0.0,0.0,5.0,,,,,,,,,,,,,,,,,,,,,,,,,,,,,,,,,,,,,,,,,,,,,,,
5085846,2026,Ethan Harris,WR,Furman,Southern,,,,,,,,,,,,,,,,,,,,,,,,,,,,,,,,,,,,,,,,,,,,,21.0,3.0,0.0,49.0,16.3,,,,,
5085852,2026,Ben Croasdale,RB,Furman,Southern,0.0,0.0,0.0,1.0,0.0,0.0,1.0,,,,,,,,,,,,,,,,,,,,,,,,,,,,,,,,,,,,,,4.0,1.0,0.0,4.0,4.0,11.0,25.0,2.0,67.0,6.1
5085866,2026,Gram Smithson,WR,Furman,Southern,,,,,,,,,,,,,,,,,,,,,,,,,,,,,,,,,,,,,,,,,,,,,12.0,1.0,0.0,12.0,12.0,,,,,
5085906,2026,LaMarion Pierce,CB,UT Martin,OVC,0.0,0.0,0.0,1.0,0.0,0.0,1.0,,,,,,,,,,,,,,,,,,,,,,,,,,,,,,,,,,,,,,,,,,,,,,,
5085913,2026,Austin Bray,TE,Youngstown State,MVFC,,,,,,,,,,,,,,,,,,,,,,,,,,,,,,,,,,,,,,,,,,,,,5.0,1.0,0.0,5.0,5.0,,,,,
5086086,2026,Drew Krobath,WR,Lindenwood,OVC,,,,,,,,,,,,,,,,,,,,,,,,,,,,,,,,,,,,,,,,,,,,,14.0,2.0,0.0,20.0,10.0,,,,,
5086090,2026,Nolan O'Hara,LB,Lindenwood,OVC,0.0,0.0,0.0,0.0,0.0,0.0,1.0,,,,,,,,,,,,,,,,,,,,,,,,,,,,,,,,,,,,,,,,,,,,,,,
5086091,2026,Jared Rhodes,RB,Lindenwood,OVC,,,,,,,,,,,,,,,,,,,,,,,,,,,,,,,,,,,,,,,,,,,,,6.0,1.0,0.0,6.0,6.0,11.0,27.0,0.0,63.0,5.7
5086226,2026,Malik Denkins,DL,Austin Peay,UAC,0.0,1.0,0.0,0.0,0.0,0.0,0.0,,,,,,,,,,,,,,,,,,,,,,,,,,,,,,,,,,,,,,,,,,,,,,,
5086446,2026,Cahari Haynes,LB,Gardner-Webb,OVC,1.0,0.0,1.0,7.0,0.0,1.0,10.0,,,,,,,,,,,,,,,,,,,,,,,,,,,,,,,,,,,,,,,,,,,,,,,
5086514,2026,Cade Cox,P,Eastern Illinois,OVC,,,,,,,,,,,,,,,,,,,,,,,,,,,,,,,,,,,,,,,2.0,45.0,7.0,2.0,275.0,39.3,,,,,,,,,,
5086517,2026,Will Lankford,WR,Elon,Coastal Athletic,,,,,,,,1.0,0.0,0.0,,,,,,,,,,,,,,,,,,,,,,,,-1.0,0.0,1.0,0.0,-1.0,,,,,,,,,,,,,,,,
5086519,2026,Senquavious Alsobrooks,DB,Elon,Coastal Athletic,0.0,0.0,0.0,1.0,0.0,0.0,2.0,,,,,,,,,,,,,,,,,,,,,,,,,,,,,,,,,,,,,,,,,,,,,,,
5086933,2026,Christian MacDonald,WR,Mercyhurst,NEC,,,,,,,,,,,,,,,,,,,,,,,,,,,,,,,,,,,,,,,,,,,,,15.0,3.0,0.0,36.0,12.0,,,,,
5087070,2026,Sam Slade,RB,Long Island University,NEC,,,,,,,,,,,,,,,,,,,,,,,,,,,,,,,,,,,,,,,,,,,,,2.0,1.0,0.0,2.0,2.0,4.0,3.0,0.0,5.0,1.3
5087198,2026,Haydn Stay,TE,North Dakota,MVFC,,,,,,,,,,,,,,,,,,,,,,,,,,,,,,,,,,,,,,,,,,,,,9.0,1.0,0.0,9.0,9.0,,,,,
5087215,2026,Sam Strandell,WR,North Dakota,MVFC,0.0,0.0,0.0,0.0,0.0,0.0,1.0,,,,,,,,,,,,,,,,,,,,,,,,,,,,,,,,,,,,,,40.0,2.0,0.0,45.0,22.5,,,,,
5087217,2026,Luke Silvernale,P,North Dakota,MVFC,,,,,,,,,,,,,,,,,,,,1.0,0.0,0.0,0.0,4.0,5.0,4.0,,,,,,,,,,,,,1.0,56.0,2.0,0.0,102.0,51.0,,,,,,,,,,
5088095,2026,Malik Lewis,S,West Georgia,UAC,0.0,0.0,0.0,4.0,0.0,0.0,6.0,,,,,,,,,,,,,,,,,,,,,,,,,,,,,,,,,,,,,,,,,,,,,,,
5088100,2026,Deverious Abercrombie,WR,Presbyterian,Pioneer,,,,,,,,,,,,,,,,,,,,,,,,,,,,,,,,,,,,,,,,,,,,,20.0,5.0,0.0,73.0,14.6,,,,,
5088145,2026,Carson Freese,DL,Presbyterian,Pioneer,0.0,0.0,0.0,0.0,0.0,0.0,1.0,,,,,,,,,,,,,,,,,,,,,,,,,,,,,,,,,,,,,,,,,,,,,,,
5088146,2026,Dalton Epps,DL,West Georgia,UAC,0.0,0.0,0.0,1.0,0.0,1.0,4.0,,,,,,,,,,,,,,,,,,,,,,,,,,,,,,,,,,,,,,,,,,,,,,,
5088584,2026,Ben Marshall,TE,Austin Peay,UAC,,,,,,,,,,,,,,,,,,,,,,,,,,,,,,,,,,,,,,,,,,,,,10.0,1.0,0.0,10.0,10.0,,,,,
5088801,2026,Tywan Royal,DB,Austin Peay,UAC,1.0,0.0,0.0,1.0,0.0,0.0,2.0,,,,,,,,,,,,,,,,,,,,,,,,,,,,,,,,,,,,,,,,,,,,,,,
5088857,2026,Devon Anderson,LB,Western Illinois,OVC,0.0,0.0,0.0,3.0,0.0,0.0,3.0,,,,,,,,,,,,,,,,,,,,,,,,,,,,,,,,,,,,,,,,,,,,,,,
5088974,2026,Carter James,RB,Mississippi Valley State,SWAC,,,,,,,,,,,,,,,,,,,,,,,,,,,,,,,,,,,,,,,,,,,,,,,,,,1.0,0.0,0.0,0.0,0.0
5088989,2026,Gabriel Abel,RB,St. Thomas (MN),Pioneer,,,,,,,,,,,,,,,,,,,,,,,,,,,,,,,,,,,,,,,,,,,,,,,,,,13.0,14.0,0.0,75.0,5.8
5088993,2026,Rod Finley,DB,St. Thomas (MN),Pioneer,0.0,0.0,0.0,3.0,0.0,0.0,8.0,,,,,,,,,,,,,,,,,,,,,,,,,,,,,,,,,,,,,,,,,,,,,,,
5088998,2026,Mitchell Schares,LB,St. Thomas (MN),Pioneer,1.0,0.0,1.0,2.0,0.0,1.5,6.0,,,,,,,,,,,,,,,,,,,,,,,,,,,,,,,,,,,,,,,,,,,,,,,
5089005,2026,Charlie Boucher,LB,St. Thomas (MN),Pioneer,0.0,0.0,0.0,1.0,0.0,0.0,4.0,,,,,,,,,,,,,,,,,,,,,,,,,,,,,,,,,,,,,,,,,,,,,,,
5089021,2026,Patrick Wagner,TE,St. Thomas (MN),Pioneer,,,,,,,,,,,,,,,,,,,,,,,,,,,,,,,,,,,,,,,,,,,,,10.0,1.0,0.0,10.0,10.0,,,,,
5089109,2026,Kiemond Emilien,S,Charleston Southern,OVC,0.0,0.0,0.0,3.0,0.0,0.0,3.0,,,,,,,,,,,,,,,,,,,,,,,,,,,,,,,,,,,,,,,,,,,,,,,
5091557,2026,Jalon Jones,DB,Lindenwood,OVC,0.0,0.0,0.0,2.0,0.0,0.0,3.0,,,,,,,,,,,,,,,,,,,,,,,,,,,,,,,,,,,,,,,,,,,,,,,
5091840,2026,Mari Smith,DB,Central Arkansas,UAC,1.0,0.0,0.0,0.0,0.0,0.0,2.0,,,,,,,,,,,,,,,,,,,,,,,,,,,,,,,,,,,,,,,,,,,,,,,
5092212,2026,Anthony Mebane,DL,Gardner-Webb,OVC,0.0,0.0,0.5,0.0,0.0,1.0,3.0,,,,,,,,,,,,,,,,,,,,,,,,,,,,,,,,,,,,,,,,,,,,,,,
5092662,2026,JD Sherrod,QB,Glenville State,Mountain East,,,,,,,,,,,,,,,,,,,,,,,,,,,30.0,12.0,0.0,0.4,1.0,76.0,2.5,,,,,,,,,,,,,,,,,6.0,11.0,0.0,16.0,2.7
5092663,2026,Jarvis Jones,WR,Towson,Coastal Athletic,,,,,,,,,,,,,,,,,,,,,,,,,,,,,,,,,,,,,,,,,,,,,10.0,2.0,0.0,10.0,5.0,,,,,
5092666,2026,Trey Firestone,WR,Murray State,MVFC,,,,,,,,,,,,,,,,,,,,,,,,,,,,,,,,,,,,,,,,,,,,,17.0,5.0,1.0,50.0,10.0,,,,,
5092973,2026,Logan Frederic,LS,Houston Christian,Southland,0.0,0.0,0.0,0.0,0.0,0.0,1.0,,,,,,,,,,,,,,,,,,,,,,,,,,,,,,,,,,,,,,,,,,,,,,,
5092983,2026,Luke Shields,WR,Furman,Southern,,,,,,,,,,,,,,,,,,,,,,,,,,,,,,,,,,,,,,,,,,,,,7.0,1.0,0.0,7.0,7.0,,,,,
5093118,2026,Preston Hamilton,DL,Gardner-Webb,OVC,0.0,0.0,0.0,2.0,0.0,1.5,4.0,,,,,,,,,,,,,,,,,,,,,,,,,,,,,,,,,,,,,,,,,,,,,,,
5093803,2026,Jarard Mosely,DB,Murray State,MVFC,0.0,0.0,0.0,2.0,0.0,0.0,2.0,,,,,,,,,,,,,,,,,,,,,,,,,,,,,,,,,,,,,,,,,,,,,,,
5094046,2026,Aidan Stephens,WR,Youngstown State,MVFC,0.0,1.0,0.0,0.0,0.0,0.0,0.0,,,,,,,,,,,,,,,,,,,,,,,,,,,,,,,,,,,,,,,,,,,,,,,
5094047,2026,Joshua Tarver,S,Furman,Southern,0.0,0.0,0.0,1.0,0.0,0.0,1.0,,,,,,,,,,,,,,,,,,,,,,,,,,,,,,,,,,,,,,,,,,,,,,,
5095114,2026,Nate Garnett,WR,Austin Peay,UAC,,,,,,,,,,,,,,,,,,,,,,,,,,,,,,,,,,,,,,,,,,,,,11.0,2.0,0.0,16.0,8.0,1.0,0.0,0.0,-1.0,-1.0
5095125,2026,Trey Woods,DE,Elon,Coastal Athletic,0.0,3.0,0.0,0.0,0.0,0.0,0.0,,,,,,,,,,,,,,,,,,,,,,,,,,,,,,,,,,,,,,,,,,,,,,,
5095771,2026,Ethan Greenwood,QB,Long Island University,NEC,,,,,,,,,,,,,,,,,,,,,,,,,,,9.0,3.0,1.0,0.333,0.0,11.0,1.2,,,,,,,,,,,,,,,,,4.0,18.0,0.0,8.0,2.0
5095773,2026,Avery Dixon,S,Charleston Southern,OVC,0.0,0.0,0.0,2.0,0.0,0.0,3.0,,,,,,,,,,,,,,,,,,,,,,,,,,,,,,,,,,,,,,,,,,,,,,,
5096895,2026,Nasir Maryland,DB,Eastern Illinois,OVC,0.0,0.0,0.0,3.0,0.0,0.5,4.0,,,,,,,,,,,,,,,,,,,,,,,,,,,,,,,,,,,,,,,,,,,,,,,
5097962,2026,Jakobe Shell,DE,Central Arkansas,UAC,0.0,0.0,0.0,1.0,0.0,0.0,1.0,,,,,,,,,,,,,,,,,,,,,,,,,,,,,,,,,,,,,,,,,,,,,,,
5099132,2026,Jackson Barry,LB,Long Island University,NEC,0.0,0.0,0.5,5.0,0.0,0.5,7.0,,,,,,,,,,,,,,,,,,,,,,,,,,,,,,,,,,,,,,,,,,,,,,,
5099550,2026,Tamaj Hoffman,RB,Nicholls,Southland,,,,,,,,,,,,,,,,,,,,,,,,,,,,,,,,,,,,,,,,,,,,,17.0,1.0,0.0,17.0,17.0,7.0,17.0,2.0,53.0,7.6
5099562,2026,Wyatt Guidry,PK,Nicholls,Southland,,,,,,,,,,,,,,,,,,,,0.0,0.0,0.0,0.0,1.0,1.0,1.0,,,,,,,,,,,,,0.0,41.0,1.0,0.0,41.0,41.0,,,,,,,,,,
5099704,2026,KD Dorsey,WR,Charleston Southern,OVC,,,,,,,,1.0,1.0,0.0,,,,,,,,,,,,,,,,,,,,,,,,,,,,,,,,,,,16.0,3.0,0.0,46.0,15.3,,,,,
5100580,2026,Derek Berlitz,DL,Maine,Coastal Athletic,0.0,0.0,1.5,2.0,0.0,1.5,8.0,,,,,,,,,,,,,,,,,,,,,,,,,,,,,,,,,,,,,,,,,,,,,,,
5100647,2026,Stephen Green,LB,Southern Illinois,MVFC,,,,,,,,,,,,,,,,,,,,4.0,3.0,50.0,0.75,11.0,2.0,2.0,,,,,,,,,,,,,,,,,,,,,,,,,,,,
5101622,2026,Chance Harrison,DB,Western Illinois,OVC,0.0,0.0,0.0,1.0,0.0,0.0,2.0,,,,,,,,,,,,,,,,,,,,,,,,,,,,,,,,,,,,,,,,,,,,,,,
5102149,2026,Andrew Lastovka,PK,Youngstown State,MVFC,,,,,,,,,,,,,,,,,,,,0.0,0.0,0.0,0.0,5.0,5.0,5.0,,,,,,,,,,,,,,,,,,,,,,,,,,,,
5102806,2026,Alex McDonald,TE,Youngstown State,MVFC,,,,,,,,,,,,,,,,,,,,,,,,,,,,,,,,,,,,,,,,,,,,,12.0,1.0,0.0,12.0,12.0,,,,,
5102808,2026,Dominic Julius,DB,Youngstown State,MVFC,1.0,0.0,0.0,2.0,0.0,0.0,2.0,,,,,,,,,,,,,,,,,,,,,,,,,,,,,,,,,,,,,,,,,,,,,,,
5103084,2026,Jackson Lanier,RB,Morehead State,Pioneer,,,,,,,,,,,,,,,,,,,,,,,,,,,,,,,,,,,,,,,,,,,,,,,,,,2.0,8.0,0.0,6.0,3.0
5103184,2026,Nylan Harper,DB,Central Arkansas,UAC,0.0,0.0,0.0,1.0,0.0,0.0,1.0,,,,,,,,,,,,,,,,,,,,,,,,,,,,,,,,,,,,,,,,,,,,,,,
5106937,2026,Michael Wells,LB,Youngstown State,MVFC,0.0,1.0,0.0,2.0,0.0,2.5,4.0,,,,,,,,,,,,,,,,,,,,,,,,,,,,,,,,,,,,,,,,,,,,,,,
5109518,2026,Beau Brungard,QB,Youngstown State,MVFC,,,,,,,,,,,,,,,,,,,,,,,,,,,29.0,20.0,1.0,0.69,3.0,232.0,8.0,,,,,,,,,,,,,,,,,21.0,21.0,2.0,119.0,5.7
5109526,2026,Da'Shaun Whatley,RB,Youngstown State,MVFC,,,,,,,,,,,,,,,,,,,,,,,,,,,,,,,,,,,,,,,,,,,,,,,,,,2.0,4.0,0.0,5.0,2.5
5113896,2026,Cole Lacrue,QB,Eastern Illinois,OVC,,,,,,,,,,,,,,,,,,,,,,,,,,,18.0,11.0,0.0,0.611,1.0,101.0,5.6,,,,,,,,,,,,,,,,,10.0,23.0,0.0,18.0,1.8
5114784,2026,Montez Green,WR,Gardner-Webb,OVC,,,,,,,,,,,,,,,,,,,,,,,,,,,,,,,,,,,,,,,,,,,,,7.0,1.0,0.0,7.0,7.0,,,,,
5120221,2026,Brice Turner,WR,Houston Christian,Southland,,,,,,,,,,,,,,,,,,,,,,,,,,,,,,,,,,,,,,,,,,,,,3.0,1.0,0.0,3.0,3.0,,,,,
5120870,2026,Elijah Thomas,LB,Lindenwood,OVC,0.0,0.0,0.0,0.0,0.0,0.0,4.0,,,,,,,,,,,,,,,,,,,,,,,,,,,,,,,,,,,,,,,,,,,,,,,
5121619,2026,Tywon Wray Jr.,S,Northwestern State,Southland,0.0,0.0,0.0,3.0,0.0,0.5,6.0,,,,,,,,,,,,,,,,,,,,,,,,,,,,,,,,,,,,,,,,,,,,,,,
5121703,2026,Donovan Dozier,DE,Northwestern State,Southland,0.0,2.0,0.5,1.0,0.0,0.5,7.0,,,,,,,,,,,,,,,,,,,,,,,,,,,,,,,,,,,,,,,,,,,,,,,
5122000,2026,Demardrick Blunt,DB,Central Arkansas,UAC,0.0,0.0,0.0,2.0,0.0,0.0,2.0,,,,,,,,,,,,,,,,,,,,,,,,,,,,,,,,,,,,,,,,,,,,,,,
5122055,2026,Phillip Baynes,DL,Long Island University,NEC,0.0,0.0,1.0,2.0,0.0,1.0,2.0,,,,,,,,,,,,,,,,,,,,,,,,,,,,,,,,,,,,,,,,,,,,,,,
5122079,2026,Naz Hill,CB,Southern Illinois,MVFC,0.0,0.0,0.0,1.0,0.0,0.0,1.0,,,,,,,,,,,,,,,,,,,,,,,,,,,,,,,,,,,,,,,,,,,,,,,
5122162,2026,Jordan Smith,WR,Nicholls,Southland,,,,,,,,,,,,,,,,,,,,,,,,,,,,,,,,,,,,,,,,,,,,,59.0,2.0,2.0,80.0,40.0,,,,,
5125821,2026,Markel James,LB,West Florida,UAC,0.0,1.0,0.0,1.0,0.0,0.0,2.0,,,,,,,,,,,,,,,,,,,,,,,,,,,,,,,,,,,,,,,,,,,,,,,
5125842,2026,Joey Lightfoot,DT,Nicholls,Southland,0.0,0.0,0.0,2.0,0.0,0.0,2.0,,,,,,,,,,,,,,,,,,,,,,,,,,,,,,,,,,,,,,,,,,,,,,,
5127036,2026,Joshua Lloyd,DL,Austin Peay,UAC,0.0,0.0,0.0,0.0,0.0,0.0,1.0,,,,,,,,,,,,,,,,,,,,,,,,,,,,,,,,,,,,,,,,,,,,,,,
5136754,2026,Luke Carter,TE,Northwestern State,Southland,,,,,,,,1.0,1.0,0.0,,,,,,,,,,,,,,,,,,,,,,,,,,,,,,,,,,,14.0,3.0,0.0,26.0,8.7,,,,,
5140619,2026,Kendal Howard,DL,Austin Peay,UAC,0.0,1.0,0.0,0.0,0.0,0.0,0.0,,,,,,,,,,,,,,,,,,,,,,,,,,,,,,,,,,,,,,,,,,,,,,,
5144409,2026,Dorian Williams,WR,Youngstown State,MVFC,,,,,,,,,,,,,,,,,,,,,,,,,,,,,,,,,,,,,,,,,,,,,23.0,2.0,0.0,29.0,14.5,,,,,
5144747,2026,Garrison Butler,DT,Furman,Southern,0.0,0.0,0.0,0.0,0.0,0.0,1.0,,,,,,,,,,,,,,,,,,,,,,,,,,,,,,,,,,,,,,,,,,,,,,,
5146941,2026,Mason Fleming,DL,Austin Peay,UAC,0.0,1.0,0.0,0.0,0.0,0.0,0.0,,,,,,,,,,,,,,,,,,,,,,,,,,,,,,,,,,,,,,,,,,,,,,,
5147139,2026,Jayden Brown,LB,Maine,Coastal Athletic,0.0,0.0,0.0,1.0,0.0,0.0,2.0,,,,,,,,,,,,,,,,,,,,,,,,,,,,,,,,,,,,,,,,,,,,,,,
5147204,2026,Jalen Washington,RB,Central Arkansas,UAC,,,,,,,,,,,,,,,,,,,,,,,,,,,,,,,,,,,,,,,,,,,,,,,,,,7.0,27.0,1.0,40.0,5.7
5147872,2026,Matthew Wilson,QB,Austin Peay,UAC,,,,,,,,,,,,,,,,,,,,,,,,,,,,,,,,,,,,,,,,,,,,,,,,,,1.0,0.0,0.0,-2.0,-2.0
5148903,2026,Tyshawn Sanders,DB,Gardner-Webb,OVC,0.0,0.0,0.0,1.0,0.0,0.0,2.0,,,,0.0,1.0,0.0,0.0,,,,,,,,,,,,,,,,,,,,,,,,,,,,,,,,,,,,,,,,
5149908,2026,Greg Burrell,RB,Concord,Mountain East,,,,,,,,,,,,,,,,,,,,,,,,,,,,,,,,,,,,,,,,,,,,,29.0,1.0,0.0,29.0,29.0,11.0,37.0,1.0,87.0,7.9
5150685,2026,Jackson Powers,DB,St. Thomas (MN),Pioneer,1.0,0.0,0.0,2.0,0.0,0.0,3.0,,,,,,,,,,,,,,,,,,,,,,,,,,,,,,,,,,,,,,,,,,,,,,,
5150931,2026,Jackson Veasy,DL,Murray State,MVFC,0.0,0.0,1.0,1.0,0.0,1.0,1.0,,,,,,,,,,,,,,,,,,,,,,,,,,,,,,,,,,,,,,,,,,,,,,,
5151062,2026,TJ Crews IV,QB,Elon,Coastal Athletic,,,,,,,,2.0,1.0,0.0,,,,,,,,,,,,,,,,,1.0,1.0,0.0,1.0,1.0,24.0,24.0,,,,,,,,,,,,,,,,,2.0,0.0,0.0,-15.0,-7.5
5151092,2026,Chapman McKown,RB,Central Arkansas,UAC,,,,,,,,,,,,,,,,,,,,,,,,,,,,,,,,,,14.0,14.0,1.0,0.0,14.0,,,,,,,,,,,,2.0,4.0,0.0,6.0,3.0
5151128,2026,Corey Landers,RB,Houston Christian,Southland,,,,,,,,,,,,,,,,,,,,,,,,,,,,,,,,,,,,,,,,,,,,,,,,,,2.0,3.0,0.0,4.0,2.0
5151132,2026,Reginald Allen Jr.,LB,UT Martin,OVC,0.0,0.0,0.0,3.0,0.0,0.0,6.0,,,,,,,,,,,,,,,,,,,,,,,,,,,,,,,,,,,,,,,,,,,,,,,
5151370,2026,Anthony Policare,QB,St. Thomas (MN),Pioneer,,,,,,,,1.0,0.0,0.0,,,,,,,,,,,,,,,,,22.0,13.0,0.0,0.591,1.0,166.0,7.5,,,,,,1.0,43.0,4.0,1.0,121.0,30.3,,,,,,16.0,18.0,1.0,73.0,4.6
5151518,2026,Kyle Thomas,WR,Southern Illinois,MVFC,,,,,,,,,,,,,,,,,,,,,,,,,,,,,,,,,,,,,,,,,,,,,26.0,2.0,0.0,35.0,17.5,,,,,
5151816,2026,Keyaan Abdul-Rahim,LB,Murray State,MVFC,0.0,0.0,0.0,1.0,0.0,0.0,2.0,,,,,,,,,,,,,,,,,,,,,,,,,,,,,,,,,,,,,,,,,,,,,,,
5151898,2026,Brian Green Jr.,WR,Gardner-Webb,OVC,,,,,,,,,,,,,,,,,,,,,,,,,,,,,,,,,,,,,,,,,,,,,19.0,3.0,0.0,30.0,10.0,,,,,
5151958,2026,Jason Hertz,DL,Charleston Southern,OVC,0.0,0.0,0.0,0.0,0.0,0.0,2.0,,,,,,,,,,,,,,,,,,,,,,,,,,,,,,,,,,,,,,,,,,,,,,,
5151959,2026,Isaiah McGuffin,LB,UVA Wise,South Atlantic,0.0,0.0,0.0,3.0,0.0,0.0,5.0,,,,,,,,,,,,,,,,,,,,,,,,,,,,,,,,,,,,,,,,,,,,,,,
5151990,2026,Eli Webb,DL,West Florida,UAC,0.0,0.0,0.5,1.0,0.0,0.5,3.0,0.0,0.0,1.0,,,,,,,,,,,,,,,,,,,,,,,,,,,,,,,,,,,,,,,,,,,,
5152270,2026,Drew Cormier,DB,Western Illinois,OVC,0.0,0.0,0.0,1.0,0.0,0.0,1.0,,,,,,,,,,,,,,,,,,,,,,,,,,,,,,,,,,,,,,,,,,,,,,,
5152297,2026,Devaon Holman,DB,Youngstown State,MVFC,2.0,0.0,0.0,0.0,0.0,0.0,1.0,,,,,,,,,,,,,,,,,,,,,,,,,,,,,,,,,,,,,,,,,,,,,,,
5152326,2026,Kristian Ozane,LB,Chattanooga,Southern,0.0,0.0,0.0,1.0,0.0,1.0,2.0,,,,,,,,,,,,,,,,,,,,,,,,,,,,,,,,,,,,,,,,,,,,,,,
5152328,2026,Andrew Frazier,WR,Davidson,Pioneer,,,,,,,,,,,,,,,,,,,,,,,,,,,1.0,1.0,0.0,1.0,0.0,2.0,2.0,,,,,,,,,,,,10.0,1.0,0.0,10.0,10.0,2.0,3.0,0.0,3.0,1.5
5152333,2026,Jacary Lightsey,WR,Davidson,Pioneer,,,,,,,,,,,,,,,,,,,,,,,,,,,,,,,,,,,,,,,,,,,,,17.0,10.0,1.0,65.0,6.5,,,,,
5152335,2026,Landon Glezen,S,Davidson,Pioneer,1.0,0.0,0.0,0.0,0.0,0.0,2.0,,,,,,,,,,,,,,,,,,,,,,,,,,,,,,,,,,,,,,,,,,,,,,,
5152337,2026,Robert Lamar,LB,Davidson,Pioneer,0.0,0.0,0.0,1.0,0.0,0.0,4.0,,,,,,,,,,,,,,,,,,,,,,,,,,,,,,,,,,,,,,,,,,,,,,,
5152341,2026,Hunter Brooks,LB,Davidson,Pioneer,0.0,0.0,0.0,1.0,0.0,0.0,2.0,,,,,,,,,,,,,,,,,,,,,,,,,,,,,,,,,,,,,,,,,,,,,,,
5152344,2026,Jamal Chandler-Fuller,S,Davidson,Pioneer,1.0,1.0,0.0,1.0,0.0,0.0,2.0,,,,,,,,,,,,,,,,,,,,,,,,,,,,,,,,,,,,,,,,,,,,,,,
5152346,2026,Hayden Bender,S,Davidson,Pioneer,0.0,0.0,0.0,1.0,0.0,0.0,1.0,,,,,,,,,,,,,,,,,,,,,,,,,,,,,,,,,,,,,,,,,,,,,,,
5152356,2026,Alani Ajigbotosho,WR,Davidson,Pioneer,,,,,,,,,,,,,,,,,,,,,,,,,,,,,,,,,,,,,,,,,,,,,15.0,4.0,1.0,43.0,10.8,,,,,
5152379,2026,Jake Metze,RB,Drake,Pioneer,,,,,,,,,,,,,,,,,,,,,,,,,,,,,,,,,,,,,,,,,,,,,,,,,,2.0,1.0,0.0,1.0,0.5
5152380,2026,Jack Ward,LB,Drake,Pioneer,0.0,0.0,0.0,1.0,0.0,0.0,4.0,,,,,,,,,,,,,,,,,,,,,,,,,,,,,,,,,,,,,,,,,,,,,,,
5152400,2026,Griffin Kollhoff,PK,Drake,Pioneer,,,,,,,,,,,,,,,,,,,,2.0,2.0,36.0,1.0,9.0,3.0,3.0,,,,,,,,,,,,,,,,,,,,,,,,,,,,
5152845,2026,Nigel Lucas,DB,Gardner-Webb,OVC,0.0,0.0,0.0,2.0,0.0,0.0,3.0,,,,,,,,,,,,,,,,,,,,,,,,,,,,,,,,,,,,,,,,,,,,,,,
5152864,2026,Jackson Head,TE,Austin Peay,UAC,,,,,,,,,,,,,,,,,,,,,,,,,,,,,,,,,,,,,,,,,,,,,49.0,2.0,0.0,61.0,30.5,,,,,
5152926,2026,Pax Hughes,TE,Nicholls,Southland,,,,,,,,,,,,,,,,,,,,,,,,,,,,,,,,,,,,,,,,,,,,,12.0,1.0,0.0,12.0,12.0,,,,,
5153309,2026,Kam Baah-Slay,DB,Chattanooga,Southern,0.0,0.0,0.0,7.0,0.0,0.0,8.0,,,,,,,,,,,,,,,,,,,,,,,,,,,,,,,,,,,,,,,,,,,,,,,
5153310,2026,D.J. Adams,DB,Chattanooga,Southern,2.0,0.0,0.0,2.0,0.0,0.0,2.0,,,,,,,,20.0,20.0,1.0,0.0,20.0,,,,,,,,,,,,,,,,,,,,,,,,,,,,,,,,,,,
5153311,2026,Martez Cooksey Jr.,DB,Chattanooga,Southern,0.0,0.0,0.0,3.0,0.0,0.0,3.0,,,,,,,,,,,,,,,,,,,,,,,,,,,,,,,,,,,,,,,,,,,,,,,
5153313,2026,Zion Rutledge,LB,Chattanooga,Southern,0.0,0.0,0.0,1.0,0.0,0.0,5.0,,,,,,,,,,,,,,,,,,,,,,,,,,,,,,,,,,,,,,,,,,,,,,,
5153366,2026,Billy Lewis,S,Furman,Southern,0.0,0.0,0.0,1.0,0.0,0.0,2.0,,,,,,,,,,,,,,,,,,,,,,,,,,,,,,,,,,,,,,,,,,,,,,,
5153370,2026,AK Burrell,S,Furman,Southern,0.0,0.0,0.0,1.0,0.0,0.0,2.0,,,,,,,,,,,,,,,,,,,,,,,,,,,,,,,,,,,,,,,,,,,,,,,
5153375,2026,Ryan Earl,LB,Furman,Southern,0.0,1.0,0.0,0.0,0.0,0.0,1.0,,,,,,,,,,,,,,,,,,,,,,,,,,,,,,,,,,,,,,,,,,,,,,,
5153378,2026,Raleigh Herbert,LB,Furman,Southern,0.0,0.0,0.0,1.0,0.0,0.0,6.0,,,,,,,,,,,,,,,,,,,,,,,,,,,,,,,,,,,,,,,,,,,,,,,
5153381,2026,Griffin Farmery,S,Furman,Southern,0.0,0.0,0.0,1.0,0.0,0.0,1.0,,,,,,,,,,,,,,,,,,,,,,,,,,,,,,,,,,,,,,,,,,,,,,,
5153392,2026,Marc Hernandez,DL,Furman,Southern,0.0,1.0,0.0,0.0,0.0,0.0,0.0,,,,,,,,,,,,,,,,,,,,,,,,,,,,,,,,,,,,,,,,,,,,,,,
5153393,2026,Caldwell Bussey,DL,Furman,Southern,1.0,0.0,1.0,1.0,0.0,1.0,1.0,,,,,,,,,,,,,,,,,,,,,,,,,,,,,,,,,,,,,,,,,,,,,,,
5153394,2026,Joshua Stoneking,DE,Furman,Southern,0.0,1.0,0.0,1.0,0.0,1.0,2.0,,,,,,,,,,,,,,,,,,,,,,,,,,,,,,,,,,,,,,,,,,,,,,,
5153427,2026,Nick McGill,DB,Presbyterian,Pioneer,0.0,0.0,0.0,4.0,0.0,0.0,4.0,,,,,,,,,,,,,,,,,,,,,,,,,,,,,,,,,,,,,,,,,,,,,,,
5153469,2026,Christopher Sharp,DB,Eastern Illinois,OVC,1.0,0.0,0.0,3.0,0.0,1.0,5.0,,,,,,,,,,,,,,,,,,,,,,,,,,,,,,,,,,,,,,,,,,,,,,,
5153491,2026,Logan Leftrick,P,Austin Peay,UAC,,,,,,,,,,,,,,,,,,,,,,,,,,,,,,,,,,,,,,,1.0,38.0,3.0,0.0,102.0,34.0,,,,,,,,,,
5153736,2026,Kaden Williams,RB,Austin Peay,UAC,,,,,,,,,,,,,,,16.5,19.0,2.0,0.0,33.0,,,,,,,,,,,,,,,,,,,,,,,,,,3.0,1.0,0.0,3.0,3.0,4.0,25.0,0.0,27.0,6.8
5153737,2026,Courtland Simmons,RB,Austin Peay,UAC,,,,,,,,,,,,,,,,,,,,,,,,,,,,,,,,,,,,,,,,,,,,,9.0,1.0,0.0,9.0,9.0,11.0,19.0,2.0,73.0,6.6
5153813,2026,Nick Laughlin,RB,Maine,Coastal Athletic,,,,,,,,,,,,,,,,,,,,,,,,,,,,,,,,,,,,,,,,,,,,,30.0,3.0,1.0,39.0,13.0,10.0,6.0,0.0,29.0,2.9
5153815,2026,Tristen Kenan,RB,Towson,Coastal Athletic,,,,,,,,,,,,,,,0.0,0.0,1.0,0.0,0.0,,,,,,,,,,,,,,,,,,,,,,,,,,,,,,,7.0,10.0,0.0,34.0,4.9
5153822,2026,Ta'kai Chisolm,DL,Maine,Coastal Athletic,0.0,0.0,0.0,1.0,0.0,0.0,2.0,,,,,,,,,,,,,,,,,,,,,,,,,,,,,,,,,,,,,,,,,,,,,,,
5153824,2026,Elijah Smalls,TE,Maine,Coastal Athletic,,,,,,,,,,,,,,,,,,,,,,,,,,,,,,,,,,,,,,,,,,,,,23.0,3.0,0.0,33.0,11.0,,,,,
5153838,2026,Kye Pressley,DL,Maine,Coastal Athletic,0.0,0.0,0.0,0.0,0.0,0.0,3.0,,,,,,,,,,,,,,,,,,,,,,,,,,,,,,,,,,,,,,,,,,,,,,,
5153839,2026,Chris Bacon,DL,Maine,Coastal Athletic,0.0,3.0,2.0,2.0,0.0,2.0,2.0,,,,,,,,,,,,,,,,,,,,,,,,,,,,,,,,,,,,,,,,,,,,,,,
5153976,2026,Will Johnson,PK,Long Island University,NEC,0.0,0.0,0.0,1.0,0.0,0.0,1.0,,,,,,,,,,,,,0.0,0.0,0.0,0.0,3.0,3.0,3.0,,,,,,,,,,,,,,,,,,,,,,,,,,,,
5153980,2026,CJ Fraser,DB,SE Louisiana,Southland,1.0,0.0,0.0,5.0,0.0,0.0,6.0,,,,,,,,,,,,,,,,,,,,,,,,,,,,,,,,,,,,,,,,,,,,,,,
5154162,2026,Brayon Crawford,DB,Lindenwood,OVC,0.0,0.0,0.0,3.0,0.0,0.0,4.0,,,,,,,,,,,,,,,,,,,,,,,,,,,,,,,,,,,,,,,,,,,,,,,
5154226,2026,Markell Redding,DB,Austin Peay,UAC,0.0,1.0,0.0,1.0,0.0,0.0,2.0,,,,,,,,,,,,,,,,,,,,,,,,,,,,,,,,,,,,,,,,,,,,,,,
5154281,2026,Ryan Boyd,WR,Lindenwood,OVC,0.0,0.0,0.0,1.0,0.0,0.0,1.0,,,,,,,,,,,,,,,,,,,,,,,,,,,,,,,,,,,,,,,,,,,,,,,
5154306,2026,Devin Whitlock,WR,Eastern Illinois,OVC,,,,,,,,,,,,,,,,,,,,,,,,,,,,,,,,,,22.0,43.0,2.0,0.0,44.0,,,,,,,2.0,2.0,0.0,4.0,2.0,,,,,
5154310,2026,Matthew Amofa,DB,St. Thomas (MN),Pioneer,0.0,0.0,0.0,1.0,0.0,0.0,1.0,,,,,,,,,,,,,,,,,,,,,,,,,,,,,,,,,,,,,,,,,,,,,,,
5154328,2026,Ronan Poynton,LB,Drake,Pioneer,0.0,0.0,0.0,0.0,0.0,0.5,5.0,,,,,,,,,,,,,,,,,,,,,,,,,,,,,,,,,,,,,,,,,,,,,,,
5154522,2026,Christian Garrett,DB,Western Illinois,OVC,0.0,0.0,0.0,2.0,0.0,1.0,3.0,,,,,,,,,,,,,,,,,,,,,,,,,,,,,,,,,,,,,,,,,,,,,,,
5154725,2026,Kentrell Prejean,WR,SE Louisiana,Southland,,,,,,,,,,,,,,,,,,,,,,,,,,,,,,,,,,,,,,,,,,,,,13.0,2.0,0.0,19.0,9.5,,,,,
5154763,2026,Kam White,WR,Southern Illinois,MVFC,,,,,,,,,,,,,,,,,,,,,,,,,,,,,,,,,,,,,,,,,,,,,38.0,1.0,0.0,38.0,38.0,,,,,
5154766,2026,Chris Presto,LB,Southern Illinois,MVFC,0.0,0.0,1.0,2.0,0.0,1.0,2.0,,,,,,,,,,,,,,,,,,,,,,,,,,,,,,,,,,,,,,,,,,,,,,,
5154770,2026,Vinny Pierre Jr.,S,Southern Illinois,MVFC,0.0,0.0,0.0,3.0,0.0,0.0,4.0,,,,,,,,,,,,,,,,,,,,,,,,,,,,,,,,,,,,,,,,,,,,,,,
5154785,2026,Amir Dwight,DT,Southern Illinois,MVFC,0.0,0.0,0.0,0.0,0.0,0.0,1.0,,,,,,,,,,,,,,,,,,,,,,,,,,,,,,,,,,,,,,,,,,,,,,,
5154802,2026,Mike Mitchell,DB,SE Louisiana,Southland,1.0,0.0,0.0,0.0,0.0,0.0,0.0,,,,,,,,,,,,,,,,,,,,,,,,,,,,,,,,,,,,,,,,,,,,,,,
5154805,2026,Richard McKneely,DB,SE Louisiana,Southland,0.0,0.0,0.0,1.0,0.0,1.0,2.0,,,,,,,,,,,,,,,,,,,,,,,,,,,,,,,,,,,,,,,,,,,,,,,
5154811,2026,Deantre Jackson,RB,SE Louisiana,Southland,,,,,,,,1.0,0.0,0.0,,,,,,,,,,,,,,,,,,,,,,,,,,,,,,,,,,,,,,,,15.0,9.0,0.0,46.0,3.1
5154819,2026,Jordan Okoye,LB,SE Louisiana,Southland,0.0,0.0,0.0,1.0,0.0,0.0,8.0,,,,,,,,,,,,,,,,,,,,,,,,,,,,,,,,,,,,,,,,,,,,,,,
5154820,2026,Jirrea Johnson Jr.,LB,SE Louisiana,Southland,0.0,0.0,0.0,0.0,0.0,0.0,1.0,,,,,,,,,,,,,,,,,,,,,,,,,,,,,,,,,,,,,,,,,,,,,,,
5154831,2026,Tristan Goodly,WR,SE Louisiana,Southland,,,,,,,,,,,,,,,21.0,21.0,1.0,0.0,21.0,,,,,,,,,,,,,,,,,,,,,,,,,,10.0,4.0,0.0,33.0,8.3,,,,,
5154835,2026,Peyton Anderson,DL,SE Louisiana,Southland,0.0,0.0,0.0,1.0,0.0,0.5,7.0,,,,,,,,,,,,,,,,,,,,,,,,,,,,,,,,,,,,,,,,,,,,,,,
5154855,2026,Cutter Stewart,QB,Houston Christian,Southland,,,,,,,,,,,,,,,,,,,,,,,,,,,18.0,10.0,1.0,0.556,2.0,173.0,9.6,,,,,,,,,,,,,,,,,15.0,17.0,0.0,95.0,6.3
5154857,2026,Darius Bean,S,Houston Christian,Southland,1.0,0.0,0.0,5.0,0.0,1.0,9.0,,,,,,,,,,,,,,,,,,,,,,,,,,,,,,,,,,,,,,,,,,,,,,,
5154864,2026,Champ Dozier,RB,Houston Christian,Southland,,,,,,,,,,,,,,,,,,,,,,,,,,,,,,,,,,,,,,,,,,,,,27.0,1.0,0.0,27.0,27.0,13.0,6.0,1.0,26.0,2.0
5154899,2026,Connor Johannesen,DL,Youngstown State,MVFC,0.0,0.0,0.0,1.0,0.0,1.5,4.0,,,,,,,,,,,,,,,,,,,,,,,,,,,,,,,,,,,,,,,,,,,,,,,
5154906,2026,Ebony Curry Jr.,DL,Youngstown State,MVFC,0.0,0.0,0.0,0.0,0.0,0.5,2.0,,,,,,,,,,,,,,,,,,,,,,,,,,,,,,,,,,,,,,,,,,,,,,,
5154921,2026,Brenden Bradshaw,S,Houston Christian,Southland,0.0,0.0,0.0,2.0,0.0,0.0,5.0,,,,,,,,,,,,,,,,,,,,,,,,,,,,,,,,,,,,,,,,,,,,,,,
5155204,2026,Shermar Carter,DB,Nicholls,Southland,1.0,0.0,0.0,3.0,0.0,0.0,3.0,,,,,,,,,,,,,,,,,,,,,,,,,,,,,,,,,,,,,,,,,,,,,,,
5155212,2026,Karaaz Johnson,WR,Nicholls,Southland,,,,,,,,,,,,,,,,,,,,,,,,,,,,,,,,,,,,,,,,,,,,,9.0,3.0,0.0,21.0,7.0,,,,,
5155214,2026,Jayden Milton,RB,Nicholls,Southland,,,,,,,,,,,,,,,,,,,,,,,,,,,,,,,,,,,,,,,,,,,,,9.0,1.0,0.0,9.0,9.0,2.0,6.0,0.0,0.0,0.0
5155295,2026,Quinton Griffin,DB,Morehead State,Pioneer,0.0,0.0,0.0,4.0,0.0,0.0,5.0,,,,,,,,,,,,,,,,,,,,,,,,,,,,,,,,,,,,,,,,,,,,,,,
5155297,2026,Peyton Himley,DB,St. Thomas (MN),Pioneer,1.0,0.0,0.0,4.0,0.0,1.5,6.0,,,,-1.0,1.0,0.0,-1.0,,,,,,,,,,,,,,,,,,,,,,,,,,,,,,,,,,,,,,,,
5155308,2026,Eli Paulson,WR,St. Thomas (MN),Pioneer,,,,,,,,,,,,,,,,,,,,,,,,,,,,,,,,,,2.5,5.0,2.0,0.0,5.0,,,,,,,10.0,2.0,0.0,11.0,5.5,,,,,
5155314,2026,Luke Schuler,TE,St. Thomas (MN),Pioneer,,,,,,,,,,,,,,,,,,,,,,,,,,,,,,,,,,,,,,,,,,,,,47.0,2.0,0.0,48.0,24.0,,,,,
5155317,2026,Nash Tichy,LB,St. Thomas (MN),Pioneer,0.0,0.0,0.0,3.0,0.0,0.0,4.0,,,,,,,,,,,,,,,,,,,,,,,,,,,,,,,,,,,,,,,,,,,,,,,
5155421,2026,Nhycer Kelly,DL,Elon,Coastal Athletic,0.0,0.0,0.0,0.0,0.0,0.0,2.0,,,,,,,,,,,,,,,,,,,,,,,,,,,,,,,,,,,,,,,,,,,,,,,
5155453,2026,Joel Castleberry,S,UT Martin,OVC,0.0,0.0,0.0,4.0,0.0,0.0,6.0,,,,,,,,,,,,,,,,,,,,,,,,,,,,,,,,,,,,,,,,,,,,,,,
5155455,2026,Chris Franklin,RB,UT Martin,OVC,,,,,,,,,,,,,,,,,,,,,,,,,,,,,,,,,,,,,,,,,,,,,13.0,3.0,0.0,22.0,7.3,12.0,10.0,0.0,38.0,3.2
5155463,2026,Jamal Mayers,CB,UT Martin,OVC,3.0,0.0,0.0,10.0,0.0,1.0,10.0,,,,,,,,,,,,,,,,,,,,,,,,,,,,,,,,,,,,,,,,,,,,,,,
5155472,2026,Broderick Tommie Jr,NT,UT Martin,OVC,0.0,0.0,0.0,1.0,0.0,0.0,5.0,,,,,,,,,,,,,,,,,,,,,,,,,,,,,,,,,,,,,,,,,,,,,,,
5155527,2026,Tyler Erkman,S,North Dakota,MVFC,0.0,0.0,0.5,0.0,0.0,0.5,3.0,,,,,,,,,,,,,,,,,,,,,,,,,,,,,,,,,,,,,,,,,,,,,,,
5155528,2026,Jerry Kaminski,QB,North Dakota,MVFC,,,,,,,,,,,,,,,,,,,,,,,,,,,21.0,17.0,0.0,0.81,3.0,232.0,11.0,,,,,,,,,,,,,,,,,6.0,4.0,0.0,-4.0,-0.7
5155530,2026,Korey Tai,WR,North Dakota,MVFC,,,,,,,,1.0,0.0,0.0,,,,,,,,,,,,,,,,,,,,,,,,5.0,15.0,2.0,0.0,10.0,,,,,,,59.0,2.0,1.0,73.0,36.5,,,,,
5155537,2026,Ethan Boll,LB,North Dakota,MVFC,0.0,0.0,0.0,2.0,0.0,0.0,4.0,,,,,,,,,,,,,,,,,,,,,,,,,,,,,,,,,,,,,,,,,,,,,,,
5155552,2026,Braden Mohr,EDGE,North Dakota,MVFC,0.0,1.0,1.5,2.0,0.0,1.5,3.0,,,,,,,,,,,,,,,,,,,,,,,,,,,,,,,,,,,,,,,,,,,,,,,
5155553,2026,Logyn Eckheart,DT,North Dakota,MVFC,0.0,0.0,0.0,1.0,0.0,0.0,1.0,,,,,,,,,,,,,,,,,,,,,,,,,,,,,,,,,,,,,,,,,,,,,,,
5155783,2026,Daniel Frederick,RB,Elon,Coastal Athletic,,,,,,,,,,,,,,,18.0,18.0,1.0,0.0,18.0,,,,,,,,,,,,,,,,,,,,,,,,,,23.0,1.0,0.0,23.0,23.0,9.0,31.0,0.0,58.0,6.4
5155785,2026,Tony Hart III,DB,Elon,Coastal Athletic,0.0,0.0,0.0,3.0,0.0,1.0,3.0,1.0,0.0,0.0,,,,,,,,,,,,,,,,,,,,,,,,1.5,3.0,2.0,0.0,3.0,,,,,,,,,,,,,,,,
5155786,2026,Dylan Magazu,TE,Elon,Coastal Athletic,0.0,0.0,0.0,1.0,0.0,0.0,1.0,,,,,,,,,,,,,,,,,,,,,,,,,,,,,,,,,,,,,,15.0,2.0,0.0,25.0,12.5,,,,,
5155802,2026,Zimere Winston,WR,Elon,Coastal Athletic,,,,,,,,,,,,,,,,,,,,,,,,,,,,,,,,,,,,,,,,,,,,,17.0,1.0,0.0,17.0,17.0,,,,,
5155803,2026,Kenaz McMillian,WR,Elon,Coastal Athletic,,,,,,,,,,,,,,,,,,,,,,,,,,,,,,,,,,,,,,,,,,,,,35.0,3.0,0.0,64.0,21.3,,,,,
5155816,2026,Myles Johnson,DB,Towson,Coastal Athletic,0.0,0.0,0.0,2.0,0.0,0.0,3.0,,,,,,,,,,,,,,,,,,,,,,,,,,,,,,,,,,,,,,,,,,,,,,,
5155818,2026,CJ Schaeffer,TE,Towson,Coastal Athletic,,,,,,,,,,,,,,,,,,,,,,,,,,,,,,,,,,,,,,,,,,,,,17.0,1.0,0.0,17.0,17.0,,,,,
5155829,2026,Shamir Boyd,DL,Towson,Coastal Athletic,0.0,0.0,0.0,0.0,0.0,0.0,1.0,,,,,,,,,,,,,,,,,,,,,,,,,,,,,,,,,,,,,,,,,,,,,,,
5156101,2026,Remington Moss,DB,Elon,Coastal Athletic,3.0,1.0,0.0,1.0,0.0,0.0,1.0,,,,,,,,,,,,,,,,,,,,,,,,,,,,,,,,,,,,,,,,,,,,,,,
5156260,2026,Antonio Hall,CB,Northwestern State,Southland,,,,,,,,,,,,,,,23.0,23.0,1.0,0.0,23.0,,,,,,,,,,,,,,,,,,,,,,,,,,,,,,,,,,,
5156261,2026,Troy Santa Marina Jr.,CB,Northwestern State,Southland,0.0,0.0,0.0,1.0,0.0,0.0,2.0,,,,,,,,,,,,,,,,,,,,,,,,,,,,,,,,,,,,,,,,,,,,,,,
5156288,2026,Keshawn Reed,DT,Northwestern State,Southland,0.0,0.0,0.0,0.0,0.0,0.0,3.0,,,,,,,,,,,,,,,,,,,,,,,,,,,,,,,,,,,,,,,,,,,,,,,
5156289,2026,Kemarion Ivory,DE,Northwestern State,Southland,0.0,0.0,0.5,0.0,0.0,0.5,2.0,,,,,,,,,,,,,,,,,,,,,,,,,,,,,,,,,,,,,,,,,,,,,,,
5156909,2026,Damondrick Blackburn,RB,Nicholls,Southland,,,,,,,,,,,,,,,,,,,,,,,,,,,,,,,,,,,,,,,,,,,,,5.0,2.0,0.0,4.0,2.0,4.0,8.0,1.0,8.0,2.0
5157268,2026,Darren Lloyd,RB,Anderson (SC),South Atlantic,,,,,,,,,,,,,,,,,,,,,,,,,,,,,,,,,,,,,,,,,,,,,3.0,5.0,0.0,7.0,1.4,6.0,8.0,0.0,8.0,1.3
5157412,2026,Maxwell Warren,WR,Charleston Southern,OVC,,,,,,,,,,,,,,,,,,,,,,,,,,,,,,,,,,,,,,,,,,,,,9.0,3.0,0.0,20.0,6.7,,,,,
5157481,2026,Collin Hurst,QB,West Georgia,UAC,,,,,,,,,,,,,,,,,,,,,,,,,,,30.0,19.0,0.0,0.633,0.0,124.0,4.1,,,,,,,,,,,,,,,,,6.0,12.0,0.0,1.0,0.2
5157486,2026,Jalen Patrick,WR,Presbyterian,Pioneer,,,,,,,,1.0,1.0,0.0,,,,,,,,,,,,,,,,,,,,,,,,4.0,5.0,2.0,0.0,8.0,,,,,,,17.0,5.0,1.0,38.0,7.6,,,,,
5157495,2026,JT Patton,DB,Presbyterian,Pioneer,0.0,0.0,0.0,2.0,0.0,0.0,2.0,,,,,,,,,,,,,,,,,,,,,,,,,,,,,,,,,,,,,,,,,,,,,,,
5157505,2026,Jalyn Turner,LB,Presbyterian,Pioneer,0.0,0.0,1.0,1.0,0.0,1.0,2.0,,,,,,,,,,,,,,,,,,,,,,,,,,,,,,,,,,,,,,,,,,,,,,,
5157510,2026,Dandrevius Dorsey,DL,Presbyterian,Pioneer,0.0,0.0,0.0,0.0,0.0,0.0,1.0,,,,,,,,,,,,,,,,,,,,,,,,,,,,,,,,,,,,,,,,,,,,,,,
5157520,2026,Marcello Coleman,OL,Presbyterian,Pioneer,,,,,,,,,,,,,,,,,,,,,,,,,,,,,,,,,,,,,,,,,,,,,0.0,1.0,0.0,0.0,0.0,,,,,
5159042,2026,James Morrow,DE,Murray State,MVFC,0.0,0.0,1.5,1.0,0.0,1.5,2.0,,,,,,,,,,,,,,,,,,,,,,,,,,,,,,,,,,,,,,,,,,,,,,,
5159276,2026,Edward Robinson,RB,Southern Illinois,MVFC,,,,,,,,1.0,1.0,0.0,,,,,,,,,,,,,,,,,,,,,,,,,,,,,,,,,,,,,,,,9.0,17.0,0.0,30.0,3.3
5159288,2026,Chris Howell,RB,Long Island University,NEC,,,,,,,,,,,,,,,,,,,,,,,,,,,,,,,,,,,,,,,,,,,,,,,,,,1.0,1.0,0.0,1.0,1.0
5159310,2026,Kezni Brown,DL,Long Island University,NEC,0.0,1.0,0.0,3.0,0.0,0.0,3.0,,,,,,,,,,,,,,,,,,,,,,,,,,,,,,,,,,,,,,,,,,,,,,,
5159344,2026,Caden Harris,WR,Glenville State,Mountain East,,,,,,,,,,,,,,,20.5,22.0,2.0,0.0,41.0,,,,,,,,,,,,,,,,,,,,,,,,,,16.0,4.0,0.0,32.0,8.0,1.0,3.0,0.0,3.0,3.0
5159366,2026,Markel Townsend,RB,West Florida,UAC,,,,,,,,1.0,0.0,0.0,,,,,,,,,,,,,,,,,,,,,,,,,,,,,,,,,,,,,,,,5.0,9.0,1.0,33.0,6.6
5159388,2026,Deuce Cooper,DB,Long Island University,NEC,0.0,0.0,0.0,2.0,0.0,0.0,2.0,,,,,,,,,,,,,,,,,,,,,,,,,,,,,,,,,,,,,,,,,,,,,,,
5160009,2026,Shyne Johnson,DB,Presbyterian,Pioneer,0.0,0.0,0.0,1.0,0.0,0.0,1.0,,,,,,,,,,,,,,,,,,,,,,,,,,,,,,,,,,,,,,,,,,,,,,,
5160104,2026,Blake Fann,LB,Northwestern State,Southland,0.0,0.0,0.0,0.0,0.0,0.5,3.0,,,,,,,,,,,,,,,,,,,,,,,,,,,,,,,,,,,,,,,,,,,,,,,
5160132,2026,Sam Eccles,P,South Dakota Mines,Rocky Mountain,,,,,,,,,,,,,,,,,,,,1.0,1.0,13.0,1.0,8.0,5.0,5.0,,,,,,,,,,,,,1.0,58.0,4.0,1.0,184.0,46.0,,,,,,,,,,
5160206,2026,Heath Jehu,P,Chattanooga,Southern,,,,,,,,,,,,,,,,,,,,,,,,,,,,,,,,,,,,,,,2.0,47.0,5.0,1.0,197.0,39.4,,,,,,,,,,
5160240,2026,Hamilton DiBoyan,PK,Austin Peay,UAC,0.0,0.0,0.0,0.0,0.0,0.0,1.0,,,,,,,,,,,,,,,,,,,,,,,,,,,,,,,,,,,,,,,,,,,,,,,
5160454,2026,Harold Lawson,LB,Northwestern State,Southland,0.0,0.0,0.0,0.0,0.0,0.0,3.0,,,,,,,,,,,,,,,,,,,,,,,,,,,,,,,,,,,,,,,,,,,,,,,
5160578,2026,Jouvenson Romulus,DB,Western Illinois,OVC,0.0,0.0,0.0,1.0,0.0,0.0,1.0,,,,,,,,,,,,,,,,,,,,,,,,,,,,,,,,,,,,,,,,,,,,,,,
5160632,2026,Mahamane Toure,DB,Concord,Mountain East,0.0,0.0,0.0,0.0,0.0,0.0,1.0,,,,,,,,,,,,,,,,,,,,,,,,,,,,,,,,,,,,,,,,,,,,,,,
5160673,2026,Douglas Franklin,LB,Mississippi Valley State,SWAC,0.0,0.0,0.0,6.0,0.0,1.0,6.0,,,,,,,,,,,,,,,,,,,,,,,,,,,,,,,,,,,,,,,,,,,,,,,
5160700,2026,Donavin Green,CB,Mississippi Valley State,SWAC,0.0,0.0,0.0,2.0,0.0,0.0,2.0,,,,,,,,,,,,,,,,,,,,,,,,,,,,,,,,,,,,,,,,,,,,,,,
5161198,2026,Renardo Lewis,DL,Gardner-Webb,OVC,0.0,0.0,0.0,0.0,0.0,0.0,2.0,,,,,,,,,,,,,,,,,,,,,,,,,,,,,,,,,,,,,,,,,,,,,,,
5161495,2026,Avery Scott,DB,North Dakota,MVFC,1.0,0.0,0.0,0.0,0.0,0.0,0.0,,,,,,,,,,,,,,,,,,,,,,,,,,,,,,,,,,,,,,,,,,,,,,,
5161729,2026,Kamsi Arinze,LB,Mississippi Valley State,SWAC,0.0,0.0,0.0,0.0,0.0,0.0,1.0,,,,,,,,,,,,,,,,,,,,,,,,,,,,,,,,,,,,,,,,,,,,,,,
5161737,2026,Nick Reinicke,LB,Western Illinois,OVC,0.0,2.0,1.0,3.0,0.0,1.0,3.0,,,,,,,,,,,,,,,,,,,,,,,,,,,,,,,,,,,,,,,,,,,,,,,
5161891,2026,Joseph Moreland,TE,Northwestern State,Southland,,,,,,,,,,,,,,,,,,,,,,,,,,,,,,,,,,,,,,,,,,,,,31.0,1.0,0.0,31.0,31.0,,,,,
5161895,2026,Dylan Rhodes,WR,Northwestern State,Southland,,,,,,,,,,,,,,,,,,,,,,,,,,,,,,,,,,,,,,,,,,,,,14.0,6.0,1.0,55.0,9.2,,,,,
5162502,2026,Kaleb Washington,WR,UT Martin,OVC,0.0,0.0,0.0,0.0,0.0,0.0,1.0,,,,,,,,,,,,,,,,,,,,,,,,,,,,,,,,,,,,,,33.0,3.0,0.0,53.0,17.7,,,,,
5162524,2026,Marquis Edmond,S,North Dakota,MVFC,0.0,1.0,0.0,0.0,0.0,0.0,0.0,,,,,,,,,,,,,,,,,,,,,,,,,,,,,,,,,,,,,,,,,,,,,,,
5162540,2026,Jimmyll Williams,RB,Elon,Coastal Athletic,,,,,,,,1.0,0.0,0.0,,,,,,,,,,,,,,,,,,,,,,,,,,,,,,,,,,,,,,,,17.0,20.0,2.0,77.0,4.5
5162646,2026,Marvin Sims,WR,Austin Peay,UAC,,,,,,,,,,,,,,,,,,,,,,,,,,,,,,,,,,,,,,,,,,,,,53.0,3.0,0.0,78.0,26.0,,,,,
5163021,2026,Jacob Godfrey,WR,Nicholls,Southland,,,,,,,,,,,,,,,,,,,,,,,,,,,,,,,,,,7.0,7.0,1.0,0.0,7.0,,,,,,,11.0,1.0,0.0,11.0,11.0,,,,,
5163071,2026,Randy Young,RB,Gardner-Webb,OVC,,,,,,,,,,,,,,,19.0,26.0,3.0,0.0,57.0,,,,,,,,,,,,,,,,,,,,,,,,,,,,,,,2.0,6.0,0.0,9.0,4.5
5163542,2026,Ejike Brown,DE,Houston Christian,Southland,0.0,0.0,0.0,0.0,0.0,0.0,2.0,,,,,,,,,,,,,,,,,,,,,,,,,,,,,,,,,,,,,,,,,,,,,,,
5164723,2026,Chandler Evan Perry,S,Charleston Southern,OVC,0.0,0.0,0.0,1.0,0.0,1.0,2.0,,,,,,,,,,,,,,,,,,,,,,,,,,,,,,,,,,,,,,,,,,,,,,,
5164726,2026,Champ Brantley,S,Charleston Southern,OVC,0.0,0.0,0.0,3.0,0.0,0.5,5.0,,,,,,,,,,,,,,,,,,,,,,,,,,,,,,,,,,,,,,,,,,,,,,,
5164740,2026,Steve Zayachkowsky,LB,Charleston Southern,OVC,0.0,0.0,2.0,3.0,0.0,2.0,10.0,,,,,,,,,,,,,,,,,,,,,,,,,,,,,,,,,,,,,,,,,,,,,,,
5164751,2026,Mehki Larronte Campfield,WR,Charleston Southern,OVC,,,,,,,,,,,,,,,,,,,,,,,,,,,,,,,,,,,,,,,,,,,,,22.0,5.0,1.0,44.0,8.8,,,,,
5164883,2026,Gabe Whittington,DL,SE Louisiana,Southland,0.0,0.0,0.0,1.0,0.0,0.0,2.0,,,,,,,,,,,,,,,,,,,,,,,,,,,,,,,,,,,,,,,,,,,,,,,
5164893,2026,Ean Rodrigue,QB,Nicholls,Southland,,,,,,,,,,,,,,,,,,,,,,,,,,,25.0,16.0,1.0,0.64,3.0,264.0,10.6,,,,,,,,,,,,,,,,,9.0,9.0,0.0,29.0,3.2
5164897,2026,Dominic Logiudice,LB,Nicholls,Southland,0.0,0.0,0.0,3.0,0.0,0.0,3.0,,,,,,,,,,,,,,,,,,,,,,,,,,,,,,,,,,,,,,,,,,,,,,,
5165000,2026,Tyler Simpson,PK,Gardner-Webb,OVC,,,,,,,,,,,,,,,,,,,,1.0,1.0,36.0,1.0,4.0,1.0,1.0,,,,,,,,,,,,,,,,,,,,,,,,,,,,
5165011,2026,Kennedy McGill,QB,Western Illinois,OVC,,,,,,,,,,,,,,,,,,,,,,,,,,,17.0,15.0,0.0,0.882,2.0,194.0,11.4,,,,,,,,,,,,,,,,,15.0,19.0,3.0,98.0,6.5
5165074,2026,Jalen Smith,WR,Lindenwood,OVC,,,,,,,,,,,,,,,,,,,,,,,,,,,,,,,,,,,,,,,,,,,,,25.0,3.0,0.0,47.0,15.7,,,,,
5165078,2026,Steve Hall,RB,Lindenwood,OVC,,,,,,,,,,,,,,,,,,,,,,,,,,,,,,,,,,,,,,,,,,,,,4.0,1.0,0.0,4.0,4.0,14.0,8.0,0.0,36.0,2.6
5165088,2026,Zach Lewis,LB,Lindenwood,OVC,0.0,0.0,0.0,2.0,0.0,0.0,3.0,,,,,,,,,,,,,,,,,,,,,,,,,,,,,,,,,,,,,,,,,,,,,,,
5165096,2026,Will Graham,PK,Lindenwood,OVC,,,,,,,,,,,,,,,,,,,,3.0,2.0,32.0,0.667,8.0,2.0,2.0,,,,,,,,,,,,,,,,,,,,,,,,,,,,
5165100,2026,Andrew Zook,DT,Lindenwood,OVC,0.0,1.0,0.0,0.0,0.0,0.0,0.0,,,,,,,,,,,,,,,,,,,,,,,,,,,,,,,,,,,,,,,,,,,,,,,
5165136,2026,Ethan Beard,LB,Lindenwood,OVC,0.0,0.0,0.0,1.0,0.0,0.0,4.0,,,,,,,,,,,,,,,,,,,,,,,,,,,,,,,,,,,,,,,,,,,,,,,
5165734,2026,Josh Robinson,RB,Western Illinois,OVC,,,,,,,,,,,,,,,,,,,,,,,,,,,,,,,,,,,,,,,,,,,,,14.0,2.0,0.0,16.0,8.0,7.0,13.0,0.0,33.0,4.7
5166208,2026,Seth Hampton,LB,Towson,Coastal Athletic,0.0,2.0,1.0,2.0,0.0,1.0,3.0,,,,,,,,,,,,,,,,,,,,,,,,,,,,,,,,,,,,,,,,,,,,,,,
5166462,2026,Deandre Creary,DB,Austin Peay,UAC,0.0,0.0,0.0,1.0,0.0,0.0,3.0,,,,,,,,,,,,,,,,,,,,,,,,,,,,,,,,,,,,,,,,,,,,,,,
5166724,2026,Tye Holsey,DB,Gardner-Webb,OVC,0.0,0.0,0.0,0.0,0.0,0.0,1.0,,,,,,,,,,,,,,,,,,,,,,,,,,,,,,,,,,,,,,,,,,,,,,,
5168672,2026,Aidan Bonde,P,Gardner-Webb,OVC,,,,,,,,,,,,,,,,,,,,,,,,,,,,,,,,,,,,,,,0.0,40.0,2.0,0.0,75.0,37.5,,,,,,,,,,
5168677,2026,Justin Hayes,LB,Concord,Mountain East,0.0,0.0,0.0,1.0,0.0,0.0,2.0,,,,,,,,,,,,,,,,,,,,,,,,,,,,,,,,,,,,,,,,,,,,,,,
5168738,2026,Jamarcus Smith,LB,UT Martin,OVC,0.0,0.0,0.0,3.0,0.0,1.5,11.0,,,,,,,,,,,,,,,,,,,,,,,,,,,,,,,,,,,,,,,,,,,,,,,
5168745,2026,Keshawn Harrington-McKinney,DL,Western Illinois,OVC,0.0,0.0,0.0,0.0,0.0,0.0,2.0,,,,,,,,,,,,,,,,,,,,,,,,,,,,,,,,,,,,,,,,,,,,,,,
5168808,2026,Jordan Davis,QB,Mississippi Valley State,SWAC,,,,,,,,,,,,,,,,,,,,,,,,,,,3.0,1.0,0.0,0.333,0.0,35.0,11.7,,,,,,,,,,,,,,,,,3.0,6.0,0.0,6.0,2.0
5171033,2026,Wakeem Page,WR,Mercyhurst,NEC,0.0,0.0,0.0,1.0,0.0,0.0,1.0,,,,,,,,,,,,,,,,,,,,,,,,,,,,,,,,,,,,,,,,,,,,,,,
5171047,2026,Dylan Evans,WR,Mercyhurst,NEC,,,,,,,,,,,,,,,,,,,,,,,,,,,,,,,,,,,,,,,,,,,,,28.0,2.0,0.0,31.0,15.5,,,,,
5172453,2026,Josh Bowling,LB,Morehead State,Pioneer,2.0,0.0,1.0,1.0,0.0,1.0,8.0,,,,,,,,,,,,,,,,,,,,,,,,,,,,,,,,,,,,,,,,,,,,,,,
5172464,2026,Jake Rhodes,DL,Morehead State,Pioneer,0.0,0.0,0.0,0.0,0.0,0.0,3.0,,,,,,,,,,,,,,,,,,,,,,,,,,,,,,,,,,,,,,,,,,,,,,,
5182253,2026,Jaden Gilbert,RB,Youngstown State,MVFC,,,,,,,,,,,,,,,,,,,,,,,,,,,,,,,,,,,,,,,,,,,,,23.0,2.0,1.0,31.0,15.5,5.0,50.0,1.0,89.0,17.8
5191175,2026,Caleb Goodloe,WR,North Dakota,MVFC,,,,,,,,,,,,,,,,,,,,,,,,,,,,,,,,,,,,,,,,,,,,,36.0,5.0,1.0,118.0,23.6,,,,,
5192779,2026,Matai Tomas,S,Houston Christian,Southland,1.0,0.0,0.0,1.0,0.0,0.0,4.0,,,,,,,,,,,,,,,,,,,,,,,,,,,,,,,,,,,,,,,,,,,,,,,
5193216,2026,Jordan Beasley,RB,UT Martin,OVC,,,,,,,,,,,,,,,,,,,,,,,,,,,,,,,,,,,,,,,,,,,,,,,,,,1.0,3.0,0.0,3.0,3.0
5193304,2026,Hunter Kallstrom,TE,North Dakota,MVFC,,,,,,,,,,,,,,,,,,,,,,,,,,,,,,,,,,,,,,,,,,,,,5.0,1.0,0.0,5.0,5.0,,,,,
5194623,2026,Caleb Reid,DL,West Georgia,UAC,0.0,0.0,0.0,2.0,0.0,0.0,4.0,,,,,,,,,,,,,,,,,,,,,,,,,,,,,,,,,,,,,,,,,,,,,,,
5194666,2026,Josh Schuchts,TE,West Georgia,UAC,,,,,,,,,,,,,,,,,,,,,,,,,,,,,,,,,,,,,,,,,,,,,57.0,1.0,0.0,57.0,57.0,,,,,
5194687,2026,Dashaun Gibson,CB,UVA Wise,South Atlantic,0.0,0.0,0.0,1.0,0.0,0.0,2.0,,,,,,,,,,,,,,,,,,,,,,,,,,,,,,,,,,,,,,,,,,,,,,,
5194695,2026,Luke Marble,QB,West Georgia,UAC,,,,,,,,,,,,,,,,,,,,,,,,,,,,,,,,,,,,,,,,,,,,,,,,,,1.0,0.0,0.0,-1.0,-1.0
5199854,2026,Sean Ferguson,CB,West Georgia,UAC,1.0,0.0,0.0,0.0,0.0,0.0,0.0,,,,,,,,21.0,21.0,1.0,0.0,21.0,,,,,,,,,,,,,,,,,,,,,,,,,,,,,,,,,,,
5201981,2026,William Wiebush,DB,Austin Peay,UAC,0.0,0.0,0.0,1.0,0.0,0.0,1.0,,,,,,,,,,,,,,,,,,,,,,,,,,,,,,,,,,,,,,,,,,,,,,,
5210053,2026,Quade Chatmon,RB,Southern Illinois,MVFC,,,,,,,,,,,,,,,,,,,,,,,,,,,,,,,,,,,,,,,,,,,,,,,,,,4.0,20.0,0.0,32.0,8.0
5211438,2026,Jussiah Williams-West,DB,Youngstown State,MVFC,0.0,0.0,0.0,1.0,0.0,0.0,4.0,,,,,,,,,,,,,,,,,,,,,,,,,,,,,,,,,,,,,,,,,,,,,,,
5212650,2026,Robert Lange Jr.,DE,Furman,Southern,0.0,0.0,0.0,2.0,0.0,2.0,2.0,,,,,,,,,,,,,,,,,,,,,,,,,,,,,,,,,,,,,,,,,,,,,,,
5212705,2026,Brady Stober,QB,Elon,Coastal Athletic,,,,,,,,1.0,0.0,0.0,,,,,,,,,,,,,,,,,26.0,16.0,0.0,0.615,2.0,254.0,9.8,,,,,,,,,,,,,,,,,6.0,4.0,1.0,-27.0,-4.5
5214404,2026,Isaiah Groves,RB,Austin Peay,UAC,,,,,,,,,,,,,,,,,,,,,,,,,,,,,,,,,,,,,,,,,,,,,,,,,,11.0,11.0,1.0,31.0,2.8
5215293,2026,Aiden Knapke,DB,Lindenwood,OVC,0.0,0.0,0.0,1.0,0.0,0.0,1.0,,,,,,,,,,,,,,,,,,,,,,,,,,,,,,,,,,,,,,,,,,,,,,,
5215537,2026,David Amaliri,DE,Lindenwood,OVC,0.0,0.0,1.0,2.0,0.0,2.0,4.0,,,,,,,,,,,,,,,,,,,,,,,,,,,,,,,,,,,,,,,,,,,,,,,
5216977,2026,Jordan Ravenell,DB,Gardner-Webb,OVC,0.0,0.0,0.0,4.0,0.0,0.0,6.0,,,,,,,,,,,,,,,,,,,,,,,,,,,,,,,,,,,,,,,,,,,,,,,
5219130,2026,Payne Williams III,PK,Northwestern State,Southland,,,,,,,,,,,,,,,,,,,,3.0,3.0,47.0,1.0,13.0,4.0,4.0,,,,,,,,,,,,,,,,,,,,,,,,,,,,
5219254,2026,Matthew Bess,CB,Houston Christian,Southland,0.0,0.0,0.0,4.0,0.0,0.0,6.0,,,,,,,,,,,,,,,,,,,,,,,,,,,,,,,,,,,,,,,,,,,,,,,
5219411,2026,Sam Oppenheimer,LB,Maine,Coastal Athletic,1.0,0.0,0.0,6.0,0.0,0.0,10.0,,,,,,,,,,,,,,,,,,,,,,,,,,,,,,,,,,,,,,,,,,,,,,,
5219556,2026,Keyshawn Jackson,DB,Chattanooga,Southern,3.0,0.0,0.0,2.0,0.0,0.0,3.0,,,,,,,,,,,,,,,,,,,,,,,,,,,,,,,,,,,,,,,,,,,,,,,
5219639,2026,Jackson Biser,DE,Murray State,MVFC,0.0,0.0,0.0,2.0,0.0,1.0,2.0,,,,,,,,,,,,,,,,,,,,,,,,,,,,,,,,,,,,,,,,,,,,,,,
5219678,2026,Joseph Young,WR,Long Island University,NEC,,,,,,,,,,,,,,,,,,,,,,,,,,,,,,,,,,,,,,,,,,,,,31.0,1.0,0.0,31.0,31.0,,,,,
5219859,2026,DeVonta Owens,DB,Lindenwood,OVC,1.0,0.0,0.0,5.0,0.0,0.0,7.0,,,,,,,,,,,,,,,,,,,,,,,,,,,,,,,,,,,,,,,,,,,,,,,
5219943,2026,Chidu Bekee,LB,West Georgia,UAC,0.0,0.0,1.5,2.0,0.0,1.5,7.0,,,,,,,,,,,,,,,,,,,,,,,,,,,,,,,,,,,,,,,,,,,,,,,
5220122,2026,Trae Gaston,LB,West Florida,UAC,0.0,1.0,1.0,6.0,0.0,2.0,8.0,,,,,,,,,,,,,,,,,,,,,,,,,,,,,,,,,,,,,,,,,,,,,,,
5220319,2026,Max Zuluaga,P,UT Martin,OVC,,,,,,,,,,,,,,,,,,,,,,,,,,,,,,,,,,,,,,,0.0,48.0,1.0,0.0,48.0,48.0,,,,,,,,,,
5220323,2026,Krypto Norwood,DB,Northwestern State,Southland,0.0,0.0,0.0,0.0,0.0,0.0,1.0,,,,,,,,,,,,,,,,,,,,,,,,,,,,,,,,,,,,,,,,,,,,,,,
5220406,2026,Thomas McCoy,WR,UVA Wise,South Atlantic,,,,,,,,,,,,,,,,,,,,,,,,,,,,,,,,,,,,,,,,,,,,,20.0,4.0,1.0,52.0,13.0,1.0,5.0,0.0,5.0,5.0
5220681,2026,Petey Tucker,WR,Western Illinois,OVC,,,,,,,,,,,,,,,,,,,,,,,,,,,,,,,,,,,,,,,,,,,,,14.0,1.0,0.0,14.0,14.0,,,,,
5221060,2026,Kameron Thomas,RB,Northwestern State,Southland,,,,,,,,,,,,,,,,,,,,,,,,,,,,,,,,,,,,,,,,,,,,,4.0,1.0,0.0,4.0,4.0,1.0,0.0,0.0,0.0,0.0
5221112,2026,Ben Bienvenu,LB,Northwestern State,Southland,0.0,0.0,0.0,0.0,0.0,0.0,2.0,,,,,,,,,,,,,,,,,,,,,,,,,,,,,,,,,,,,,,,,,,,,,,,
5222062,2026,Avery Dixon,S,North Dakota,MVFC,0.0,0.0,0.0,0.0,0.0,0.0,1.0,,,,,,,,,,,,,,,,,,,,,,,,,,,,,,,,,,,,,,,,,,,,,,,
5222072,2026,Ben Kamara,DB,North Dakota,MVFC,0.0,0.0,0.0,1.0,0.0,1.0,1.0,,,,,,,,,,,,,,,,,,,,,,,,,,,,,,,,,,,,,,,,,,,,,,,
5223983,2026,Battle Alberson,QB,Chattanooga,Southern,,,,,,,,,,,,,,,,,,,,,,,,,,,17.0,9.0,0.0,0.529,2.0,180.0,10.6,,,,,,,,,,,,,,,,,11.0,9.0,0.0,8.0,0.7
5223989,2026,Landon Feggins,LB,Chattanooga,Southern,0.0,0.0,0.0,1.0,0.0,0.0,1.0,,,,,,,,,,,,,,,,,,,,,,,,,,,,,,,,,,,,,,,,,,,,,,,
5223992,2026,C.J. Smith,DT,Chattanooga,Southern,0.0,0.0,1.0,1.0,0.0,1.0,3.0,,,,,,,,,,,,,,,,,,,,,,,,,,,,,,,,,,,,,,,,,,,,,,,
5224008,2026,John McIntyre,TE,Chattanooga,Southern,,,,,,,,,,,,,,,,,,,,,,,,,,,,,,,,,,,,,,,,,,,,,9.0,2.0,0.0,15.0,7.5,,,,,
5224009,2026,Isaiah Harvey,DT,Chattanooga,Southern,0.0,0.0,0.0,0.0,0.0,0.0,1.0,,,,,,,,,,,,,,,,,,,,,,,,,,,,,,,,,,,,,,,,,,,,,,,
5224087,2026,Jackson Pryor,TE,Furman,Southern,,,,,,,,,,,,,,,,,,,,,,,,,,,,,,,,,,,,,,,,,,,,,8.0,3.0,0.0,19.0,6.3,,,,,
5224091,2026,Jordan Miller,CB,Furman,Southern,0.0,0.0,0.0,0.0,0.0,0.0,2.0,,,,,,,,,,,,,,,,,,,,,,,,,,,,,,,,,,,,,,,,,,,,,,,
5224098,2026,Trevor Short,S,Furman,Southern,0.0,2.0,0.0,4.0,0.0,0.0,4.0,,,,,,,,,,,,,,,,,,,,,,,,,,,,,,,,,,,,,,,,,,,,,,,
5224107,2026,Nathan Chapman,PK,Furman,Southern,,,,,,,,,,,,,,,,,,,,4.0,2.0,40.0,0.5,8.0,2.0,2.0,,,,,,,,,,,,,,,,,,,,,,,,,,,,
5224111,2026,Demetrius Baldwin,DT,Furman,Southern,0.0,0.0,0.0,0.0,0.0,0.0,2.0,,,,,,,,,,,,,,,,,,,,,,,,,,,,,,,,,,,,,,,,,,,,,,,
5224112,2026,Gray Gitter,P,Furman,Southern,,,,,,,,,,,,,,,,,,,,,,,,,,,,,,,,,,,,,,,1.0,53.0,3.0,0.0,136.0,45.3,,,,,,,,,,
5224121,2026,Corey Richardson,RB,Austin Peay,UAC,,,,,,,,,,,,,,,,,,,,,,,,,,,,,,,,,,,,,,,,,,,,,23.0,1.0,0.0,23.0,23.0,6.0,6.0,0.0,17.0,2.8
5224129,2026,Antori Hamilton,DL,Austin Peay,UAC,0.0,0.0,0.0,0.0,0.0,0.0,2.0,,,,,,,,,,,,,,,,,,,,,,,,,,,,,,,,,,,,,,,,,,,,,,,
5224142,2026,Arlie Lee,WR,Central Arkansas,UAC,,,,,,,,,,,,,,,,,,,,,,,,,,,,,,,,,,,,,,,,,,,,,51.0,2.0,2.0,70.0,35.0,,,,,
5224146,2026,Bryson Adamoh,DB,Central Arkansas,UAC,2.0,0.0,0.0,1.0,0.0,0.0,2.0,,,,10.0,1.0,0.0,10.0,,,,,,,,,,,,,,,,,,,,,,,,,,,,,,,,,,,,,,,,
5224151,2026,Ashtyn Williams,LB,Central Arkansas,UAC,0.0,0.0,0.0,8.0,0.0,0.0,16.0,,,,,,,,,,,,,,,,,,,,,,,,,,,,,,,,,,,,,,,,,,,,,,,
5224159,2026,Reid Jones,DL,Central Arkansas,UAC,0.0,0.0,0.0,1.0,0.0,0.0,2.0,,,,,,,,,,,,,,,,,,,,,,,,,,,,,,,,,,,,,,,,,,,,,,,
5224163,2026,Aidan Joseph,WR,Central Arkansas,UAC,0.0,0.0,0.0,1.0,0.0,0.0,1.0,,,,,,,,,,,,,,,,,,,,,,,,,,,,,,,,,,,,,,,,,,,,,,,
5224166,2026,Kealen Juniel,TE,Central Arkansas,UAC,,,,,,,,,,,,,,,,,,,,,,,,,,,,,,,,,,,,,,,,,,,,,8.0,1.0,1.0,8.0,8.0,,,,,
5224171,2026,Carmilo Allen,DE,Central Arkansas,UAC,0.0,0.0,0.0,2.0,0.0,0.0,4.0,,,,,,,,,,,,,,,,,,,,,,,,,,,,,,,,,,,,,,,,,,,,,,,
5224187,2026,Patrick Miller,QB,Central Arkansas,UAC,,,,,,,,,,,,,,,,,,,,,,,,,,,,,,,,,,,,,,,,,,,,,,,,,,1.0,0.0,0.0,-10.0,-10.0
5224219,2026,Kyle Vaka,WR,Murray State,MVFC,,,,,,,,,,,,,,,,,,,,,,,,,,,,,,,,,,,,,,,,,,,,,18.0,2.0,0.0,32.0,16.0,,,,,
5224294,2026,Jalin Edwards,DL,UVA Wise,South Atlantic,1.0,0.0,1.0,2.0,0.0,2.0,5.0,,,,,,,,,,,,,,,,,,,,,,,,,,,,,,,,,,,,,,,,,,,,,,,
5224300,2026,Zacchaeus Dixon,DL,Mercyhurst,NEC,0.0,0.0,0.0,0.0,0.0,0.0,2.0,,,,,,,,,,,,,,,,,,,,,,,,,,,,,,,,,,,,,,,,,,,,,,,
5224327,2026,Anthony Paulk,CB,Charleston Southern,OVC,0.0,0.0,0.0,2.0,0.0,0.0,2.0,,,,,,,,,,,,,,,,,,,,,,,,,,,,,,,,,,,,,,,,,,,,,,,
5224329,2026,Kason Hooks,S,Charleston Southern,OVC,0.0,0.0,0.0,1.0,0.0,0.0,1.0,,,,,,,,,,,,,,,,,,,,,,,,,,,,,,,,,,,,,,,,,,,,,,,
5224334,2026,Mylan Bowen,DL,Charleston Southern,OVC,0.0,0.0,0.0,1.0,0.0,0.0,7.0,,,,,,,,,,,,,,,,,,,,,,,,,,,,,,,,,,,,,,,,,,,,,,,
5224359,2026,CJ Landrum,DL,Charleston Southern,OVC,0.0,0.0,0.0,1.0,0.0,0.0,3.0,,,,,,,,,,,,,,,,,,,,,,,,,,,,,,,,,,,,,,,,,,,,,,,
5224535,2026,Casey Bullock,QB,Davidson,Pioneer,,,,,,,,,,,,,,,,,,,,,,,,,,,54.0,29.0,1.0,0.537,3.0,241.0,4.5,,,,,,,,,,,,,,,,,14.0,26.0,1.0,81.0,5.8
5224536,2026,AJ Adams,WR,Davidson,Pioneer,,,,,,,,,,,,,,,33.0,33.0,1.0,0.0,33.0,,,,,,,,,,,,,,,0.0,0.0,1.0,0.0,0.0,,,,,,,13.0,6.0,0.0,39.0,6.5,,,,,
5224537,2026,Teghan Cole,S,Davidson,Pioneer,0.0,0.0,0.0,1.0,0.0,0.0,2.0,,,,,,,,,,,,,,,,,,,,,,,,,,,,,,,,,,,,,,,,,,,,,,,
5224540,2026,Brodey Berg,RB,Davidson,Pioneer,,,,,,,,1.0,1.0,0.0,,,,,,,,,,,,,,,,,,,,,,,,,,,,,,,,,,,14.0,2.0,0.0,24.0,12.0,3.0,0.0,0.0,-1.0,-0.3
5224541,2026,Shay Ragland,CB,Davidson,Pioneer,1.0,0.0,0.0,1.0,0.0,0.0,1.0,,,,,,,,,,,,,,,,,,,,,,,,,,,,,,,,,,,,,,,,,,,,,,,
5224544,2026,Lamar Bolden Jr.,CB,Davidson,Pioneer,0.0,0.0,0.0,1.0,0.0,0.0,1.0,,,,,,,,,,,,,,,,,,,,,,,,,,,,,,,,,,,,,,,,,,,,,,,
5224545,2026,Will Jones,RB,Davidson,Pioneer,,,,,,,,,,,,,,,,,,,,,,,,,,,,,,,,,,,,,,,,,,,,,5.0,1.0,0.0,5.0,5.0,12.0,8.0,0.0,27.0,2.3
5224550,2026,Cam Jackson,DL,Davidson,Pioneer,0.0,0.0,0.0,0.0,0.0,0.0,1.0,,,,,,,,,,,,,,,,,,,,,,,,,,,,,,,,,,,,,,,,,,,,,,,
5224556,2026,Jack Perozek,TE,Davidson,Pioneer,,,,,,,,,,,,,,,,,,,,,,,,,,,,,,,,,,,,,,,,,,,,,12.0,5.0,1.0,36.0,7.2,,,,,
5224559,2026,Robert Jones,DL,Davidson,Pioneer,0.0,0.0,0.0,0.0,0.0,0.5,1.0,,,,,,,,,,,,,,,,,,,,,,,,,,,,,,,,,,,,,,,,,,,,,,,
5224670,2026,Taye Proctor,DB,Drake,Pioneer,1.0,0.0,0.0,3.0,0.0,0.0,8.0,,,,,,,,,,,,,,,,,,,,,,,,,,,,,,,,,,,,,,,,,,,,,,,
5224673,2026,Hank Foley,WR,Drake,Pioneer,,,,,,,,,,,,,,,,,,,,,,,,,,,,,,,,,,13.0,13.0,1.0,0.0,13.0,,,,,,,73.0,7.0,1.0,146.0,20.9,,,,,
5224677,2026,Garrison Codde,DB,Drake,Pioneer,0.0,0.0,0.0,2.0,0.0,0.0,4.0,,,,,,,,,,,,,,,,,,,,,,,,,,,,,,,,,,,,,,,,,,,,,,,
5224682,2026,Chase Lamb,DL,Drake,Pioneer,0.0,0.0,0.0,0.0,0.0,0.0,2.0,,,,,,,,,,,,,,,,,,,,,,,,,,,,,,,,,,,,,,,,,,,,,,,
5224686,2026,Spencer Halvorson,DB,Drake,Pioneer,1.0,0.0,0.0,1.0,0.0,0.0,1.0,,,,,,,,,,,,,,,,,,,,,,,,,,,,,,,,,,,,,,,,,,,,,,,
5224688,2026,Trenton Radloff,LB,Drake,Pioneer,0.0,0.0,0.0,0.0,0.0,0.0,1.0,,,,,,,,,,,,,,,,,,,,,,,,,,,,,,,,,,,,,,,,,,,,,,,
5224689,2026,Derrick Bunkelman,LB,Drake,Pioneer,0.0,0.0,0.0,0.0,0.0,0.0,1.0,,,,,,,,,,,,,,,,,,,,,,,,,,,,,,,,,,,,,,,,,,,,,,,
5224710,2026,Ravon Grant,WR,West Georgia,UAC,,,,,,,,,,,,,,,15.0,15.0,1.0,0.0,15.0,,,,,,,,,,,,,,,,,,,,,,,,,,,,,,,,,,,
5224729,2026,Colby Dixon,TE,West Georgia,UAC,,,,,,,,,,,,,,,,,,,,,,,,,,,,,,,,,,,,,,,,,,,,,1.0,1.0,0.0,1.0,1.0,,,,,
5224731,2026,Jamie Speight,LB,West Georgia,UAC,0.0,0.0,0.0,3.0,0.0,0.0,5.0,,,,,,,,,,,,,,,,,,,,,,,,,,,,,,,,,,,,,,,,,,,,,,,
5224748,2026,Jamarcus Prince,WR,West Georgia,UAC,,,,,,,,,,,,,,,,,,,,,,,,,,,,,,,,,,,,,,,,,,,,,2.0,1.0,0.0,2.0,2.0,,,,,
5224759,2026,Myti Johnson,CB,West Georgia,UAC,0.0,0.0,0.0,0.0,0.0,0.0,2.0,,,,,,,,,,,,,,,,,,,,,,,,,,,7.0,7.0,1.0,0.0,7.0,,,,,,,,,,,,,,,,
5224795,2026,Ross Smith,DB,Elon,Coastal Athletic,0.0,2.0,0.0,2.0,0.0,1.0,2.0,,,,,,,,,,,,,,,,,,,,,,,,,,,,,,,,,,,,,,,,,,,,,,,
5224796,2026,Cole Clark,DB,Elon,Coastal Athletic,,,,,,,,0.0,0.0,1.0,,,,,,,,,,,,,,,,,,,,,,,,,,,,,,,,,,,,,,,,,,,,
5224807,2026,Jack O'Connell,TE,Elon,Coastal Athletic,0.0,0.0,0.0,1.0,0.0,0.0,1.0,,,,,,,,,,,,,,,,,,,,,,,,,,,,,,,,,,,,,,,,,,,,,,,
5224812,2026,Luke Barnes,PK,Elon,Coastal Athletic,,,,,,,,,,,,,,,,,,,,0.0,0.0,0.0,0.0,6.0,6.0,6.0,,,,,,,,,,,,,,,,,,,,,,,,,,,,
5224815,2026,Rashad Reid,DL,Elon,Coastal Athletic,0.0,0.0,0.0,0.0,0.0,0.0,1.0,,,,,,,,,,,,,,,,,,,,,,,,,,,,,,,,,,,,,,,,,,,,,,,
5225255,2026,Danny Nittoli,LB,Youngstown State,MVFC,0.0,0.0,0.0,2.0,0.0,0.0,2.0,,,,,,,,,,,,,,,,,,,,,,,,,,,,,,,,,,,,,,,,,,,,,,,
5225276,2026,Jacarre Fleming,RB,Eastern Illinois,OVC,,,,,,,,,,,,,,,,,,,,,,,,,,,,,,,,,,,,,,,,,,,,,,,,,,13.0,27.0,0.0,81.0,6.2
5225279,2026,Jordyn Stewart,LB,Eastern Illinois,OVC,0.0,0.0,0.0,1.0,0.0,0.0,2.0,,,,,,,,,,,,,,,,,,,,,,,,,,,,,,,,,,,,,,,,,,,,,,,
5225280,2026,Dillon Conway,S,Eastern Illinois,OVC,0.0,0.0,0.0,1.0,0.0,0.0,5.0,,,,,,,,,,,,,,,,,,,,,,,,,,,,,,,,,,,,,,,,,,,,,,,
5225281,2026,Grady Catanzano,LB,Houston Christian,Southland,0.0,0.0,0.0,0.0,0.0,0.0,1.0,,,,,,,,,,,,,,,,,,,,,,,,,,,,,,,,,,,,,,,,,,,,,,,
5225286,2026,Drew Schiller,PK,Eastern Illinois,OVC,0.0,0.0,0.0,1.0,0.0,0.0,2.0,,,,,,,,,,,,,0.0,0.0,0.0,0.0,4.0,4.0,4.0,,,,,,,,,,,,,,,,,,,,,,,,,,,,
5225287,2026,King Smith,DT,Lindenwood,OVC,0.0,0.0,2.0,3.0,0.0,2.0,3.0,,,,,,,,,,,,,,,,,,,,,,,,,,,,,,,,,,,,,,,,,,,,,,,
5225290,2026,Aidan Archibald,DL,Eastern Illinois,OVC,0.0,0.0,1.0,1.0,0.0,1.0,1.0,,,,,,,,,,,,,,,,,,,,,,,,,,,,,,,,,,,,,,,,,,,,,,,
5225299,2026,Jeremy Reeves,WR,Eastern Illinois,OVC,,,,,,,,,,,,,,,,,,,,,,,,,,,,,,,,,,,,,,,,,,,,,6.0,1.0,0.0,6.0,6.0,,,,,
5225300,2026,Landers Green,WR,Eastern Illinois,OVC,,,,,,,,,,,,,,,,,,,,,,,,,,,,,,,,,,,,,,,,,,,,,20.0,2.0,1.0,23.0,11.5,,,,,
5225301,2026,Kenny Ajose,WR,Eastern Illinois,OVC,,,,,,,,,,,,,,,,,,,,,,,,,,,,,,,,,,2.0,2.0,1.0,0.0,2.0,,,,,,,,,,,,,,,,
5225375,2026,Malik McNeely,WR,Maine,Coastal Athletic,,,,,,,,,,,,,,,,,,,,,,,,,,,,,,,,,,,,,,,,,,,,,16.0,2.0,1.0,22.0,11.0,,,,,
5225385,2026,Aaron Davis,S,Furman,Southern,0.0,0.0,0.0,1.0,0.0,0.0,3.0,,,,,,,,,,,,,,,,,,,,,,,,,,,,,,,,,,,,,,,,,,,,,,,
5225461,2026,Matias Ortiz Jr.,DL,Mercyhurst,NEC,0.0,0.0,0.0,0.0,0.0,0.0,1.0,,,,,,,,,,,,,,,,,,,,,,,,,,,,,,,,,,,,,,,,,,,,,,,
5225648,2026,Pops Battle,QB,Lindenwood,OVC,,,,,,,,,,,,,,,,,,,,,,,,,,,21.0,14.0,0.0,0.667,0.0,142.0,6.8,,,,,,,,,,,,,,,,,9.0,22.0,1.0,60.0,6.7
5225649,2026,Sam Owens,DB,Lindenwood,OVC,1.0,0.0,0.0,2.0,0.0,0.0,2.0,0.0,0.0,1.0,,,,,,,,,,,,,,,,,,,,,,,,,,,,,,,,,,,,,,,,,,,,
5225650,2026,Mason Van Der Brink,LB,Lindenwood,OVC,0.0,0.0,0.0,0.0,0.0,0.0,4.0,,,,,,,,,,,,,,,,,,,,,,,,,,,,,,,,,,,,,,,,,,,,,,,
5225652,2026,Andrew Baumgart,LB,Lindenwood,OVC,0.0,0.0,0.0,0.0,0.0,0.0,1.0,,,,,,,,,,,,,,,,,,,,,,,,,,,,,,,,,,,,,,,,,,,,,,,
5225654,2026,Owen Thomas,LB,Lindenwood,OVC,0.0,0.0,0.0,1.0,0.0,0.0,1.0,,,,,,,,,,,,,,,,,,,,,,,,,,,,,,,,,,,,,,,,,,,,,,,
5225657,2026,Connor Lander,P,Lindenwood,OVC,,,,,,,,,,,,,,,,,,,,,,,,,,,,,,,,,,,,,,,1.0,38.0,4.0,0.0,146.0,36.5,,,,,,,,,,
5225673,2026,Jesse Smith,DE,Lindenwood,OVC,0.0,0.0,0.0,1.0,0.0,0.0,2.0,,,,,,,,,,,,,,,,,,,,,,,,,,,,,,,,,,,,,,,,,,,,,,,
5225675,2026,Mason Burke,DE,Lindenwood,OVC,0.0,0.0,1.0,2.0,0.0,1.0,4.0,,,,,,,,,,,,,,,,,,,,,,,,,,,,,,,,,,,,,,,,,,,,,,,
5225796,2026,Jordan Pritchard-Sewell,DL,Youngstown State,MVFC,0.0,0.0,0.0,0.0,0.0,0.5,1.0,,,,,,,,,,,,,,,,,,,,,,,,,,,,,,,,,,,,,,,,,,,,,,,
5225879,2026,Elijah Harris,RB,Houston Christian,Southland,,,,,,,,,,,,,,,14.0,14.0,1.0,0.0,14.0,,,,,,,,,,,,,,,,,,,,,,,,,,17.0,1.0,0.0,17.0,17.0,6.0,14.0,0.0,28.0,4.7
5225881,2026,Terrell Bradshaw,WR,Houston Christian,Southland,,,,,,,,,,,,,,,,,,,,,,,,,,,,,,,,,,,,,,,,,,,,,3.0,1.0,0.0,3.0,3.0,,,,,
5225885,2026,Josiah Stuard,LB,Houston Christian,Southland,,,,,,,,1.0,0.0,0.0,,,,,0.0,0.0,1.0,0.0,0.0,,,,,,,,,,,,,,,,,,,,,,,,,,,,,,,,,,,
5225889,2026,Mike Sylvalie,LB,Houston Christian,Southland,0.0,0.0,0.0,0.0,0.0,0.0,4.0,,,,,,,,,,,,,,,,,,,,,,,,,,,,,,,,,,,,,,,,,,,,,,,
5226111,2026,Spencer Ashby,P,Murray State,MVFC,,,,,,,,,,,,,,,,,,,,,,,,,,,,,,,,,,,,,,,2.0,47.0,6.0,0.0,239.0,39.8,,,,,,,,,,
5226195,2026,LeBron Morgan,DB,Western Illinois,OVC,0.0,0.0,0.0,1.0,1.0,0.0,3.0,0.0,0.0,1.0,,,,,,,,,,,,,,,,,,,,,,,,,,,,,,,,,,,,,,,,,,,,
5226202,2026,CJ Cobbins,CB,UT Martin,OVC,0.0,0.0,0.0,2.0,0.0,0.0,2.0,,,,,,,,,,,,,,,,,,,,,,,,,,,,,,,,,,,,,,,,,,,,,,,
5226221,2026,Deuce Oliver,WR,UT Martin,OVC,,,,,,,,,,,,,,,,,,,,,,,,,,,,,,,,,,,,,,,,,,,,,,,,,,1.0,10.0,0.0,10.0,10.0
5226223,2026,Chris Wilson,DE,UT Martin,OVC,0.0,0.0,0.0,2.0,0.0,0.0,3.0,,,,,,,,,,,,,,,,,,,,,,,,,,,,,,,,,,,,,,,,,,,,,,,
5226234,2026,Quentin Cobb-Butler,WR,St. Thomas (MN),Pioneer,,,,,,,,,,,,,,,,,,,,,,,,,,,,,,,,,,,,,,,,,,,,,39.0,1.0,0.0,39.0,39.0,,,,,
5226236,2026,Rocco DiLeonardi,DL,St. Thomas (MN),Pioneer,0.0,0.0,0.0,1.0,0.0,1.0,3.0,,,,,,,,,,,,,,,,,,,,,,,,,,,,,,,,,,,,,,,,,,,,,,,
5226240,2026,Ben Hoiland,PK,St. Thomas (MN),Pioneer,0.0,0.0,0.0,1.0,0.0,0.0,1.0,,,,,,,,,,,,,1.0,1.0,31.0,1.0,3.0,2.0,0.0,,,,,,,,,,,,,,,,,,,,,,,,,,,,
5226256,2026,Walker Owens,DL,St. Thomas (MN),Pioneer,0.0,0.0,0.5,2.0,0.0,2.0,5.0,,,,,,,,,,,,,,,,,,,,,,,,,,,,,,,,,,,,,,,,,,,,,,,
5226318,2026,Avery Knight,RB,Western Illinois,OVC,,,,,,,,1.0,1.0,0.0,,,,,14.0,14.0,1.0,0.0,14.0,,,,,,,,,,,,,,,,,,,,,,,,,,7.0,1.0,0.0,7.0,7.0,7.0,15.0,1.0,49.0,7.0
5226322,2026,Tanner Zolnosky,QB,Western Illinois,OVC,,,,,,,,,,,,,,,,,,,,,,,,,,,,,,,,,,,,,,,,,,,,,,,,,,3.0,21.0,0.0,34.0,11.3
5226329,2026,Aric Johnson,WR,Western Illinois,OVC,,,,,,,,,,,,,,,,,,,,,,,,,,,,,,,,,,,,,,,,,,,,,35.0,2.0,1.0,41.0,20.5,,,,,
5226336,2026,Ethan Bryce,RB,Western Illinois,OVC,,,,,,,,,,,,,,,,,,,,,,,,,,,,,,,,,,,,,,,,,,,,,,,,,,8.0,7.0,0.0,42.0,5.3
5226337,2026,Ronan Culkin,PK,Western Illinois,OVC,,,,,,,,,,,,,,,,,,,,1.0,1.0,36.0,1.0,11.0,9.0,8.0,,,,,,,,,,,,,,,,,,,,,,,,,,,,
5226341,2026,Jacob Kruger,DB,Western Illinois,OVC,0.0,0.0,0.0,2.0,0.0,0.0,3.0,,,,9.0,2.0,0.0,18.0,,,,,,,,,,,,,,,,,,,,,,,,,,,,,,,,,,,,,,,,
5226359,2026,Elijah Kongolo,DL,Western Illinois,OVC,0.0,0.0,0.0,1.0,0.0,0.0,1.0,,,,,,,,,,,,,,,,,,,,,,,,,,,,,,,,,,,,,,,,,,,,,,,
5226480,2026,Amir Simmons,RB,Glenville State,Mountain East,,,,,,,,,,,,,,,,,,,,,,,,,,,,,,,,,,,,,,,,,,,,,0.0,1.0,0.0,-2.0,-2.0,5.0,7.0,0.0,14.0,2.8
5226481,2026,Noah Long,RB,St. Thomas (MN),Pioneer,,,,,,,,,,,,,,,,,,,,,,,,,,,,,,,,,,,,,,,,,,,,,,,,,,1.0,6.0,0.0,6.0,6.0
5226521,2026,Preston Welch,QB,Nicholls,Southland,,,,,,,,,,,,,,,,,,,,,,,,,,,9.0,5.0,0.0,0.556,0.0,65.0,7.2,,,,,,,,,,,,,,,,,2.0,14.0,0.0,15.0,7.5
5226526,2026,Shane Lee,RB,Nicholls,Southland,,,,,,,,,,,,,,,,,,,,,,,,,,,,,,,,,,,,,,,,,,,,,11.0,2.0,0.0,10.0,5.0,6.0,19.0,0.0,31.0,5.2
5226573,2026,Shammai Gates,RB,West Georgia,UAC,,,,,,,,,,,,,,,,,,,,,,,,,,,,,,,,,,,,,,,,,,,,,,,,,,2.0,4.0,0.0,3.0,1.5
5226585,2026,Abram Johnston,QB,Northwestern State,Southland,,,,,,,,,,,,,,,,,,,,,,,,,,,42.0,30.0,1.0,0.714,2.0,319.0,7.6,,,,,,,,,,,,,,,,,14.0,18.0,1.0,35.0,2.5
5226587,2026,Zay Davis,RB,Northwestern State,Southland,,,,,,,,,,,,,,,47.0,47.0,1.0,0.0,47.0,,,,,,,,,,,,,,,,,,,,,,,,,,17.0,4.0,0.0,28.0,7.0,12.0,60.0,1.0,124.0,10.3
5226593,2026,Ben Buisson,WR,Northwestern State,Southland,,,,,,,,,,,,,,,,,,,,,,,,,,,,,,,,,,0.0,3.0,2.0,0.0,0.0,,,,,,,10.0,3.0,0.0,21.0,7.0,,,,,
5226601,2026,Braden Woods,DE,Northwestern State,Southland,0.0,0.0,1.0,1.0,0.0,1.5,4.0,,,,,,,,,,,,,,,,,,,,,,,,,,,,,,,,,,,,,,,,,,,,,,,
5226605,2026,Joe Natali,S,Northwestern State,Southland,0.0,0.0,0.0,2.0,0.0,0.0,3.0,,,,26.0,1.0,0.0,26.0,,,,,,,,,,,,,,,,,,,,,,,,,,,,,,,,,,,,,,,,
5226621,2026,Brennon Thompson,CB,Northwestern State,Southland,0.0,0.0,0.0,1.0,0.0,0.5,4.0,,,,,,,,,,,,,,,,,,,,,,,,,,,,,,,,,,,,,,,,,,,,,,,
5226624,2026,Matt Gower,TE,Northwestern State,Southland,,,,,,,,,,,,,,,,,,,,,,,,,,,,,,,,,,,,,,,,,,,,,20.0,4.0,0.0,42.0,10.5,,,,,
5226629,2026,Tyler Lewis,DL,Northwestern State,Southland,0.0,1.0,0.0,0.0,0.0,0.0,0.0,,,,,,,,,,,,,,,,,,,,,,,,,,,,,,,,,,,,,,,,,,,,,,,
5226630,2026,Ty'ee Stephens,WR,Maine,Coastal Athletic,,,,,,,,,,,,,,,,,,,,,,,,,,,,,,,,,,,,,,,,,,,,,8.0,1.0,0.0,8.0,8.0,,,,,
5226631,2026,Noah Carpenter,LB,Maine,Coastal Athletic,0.0,0.0,0.0,3.0,0.0,1.0,5.0,,,,,,,,,,,,,,,,,,,,,,,,,,,,,,,,,,,,,,,,,,,,,,,
5226632,2026,Eddie Buehler,QB,Maine,Coastal Athletic,,,,,,,,,,,,,,,,,,,,,,,,,,,27.0,17.0,0.0,0.63,2.0,199.0,7.4,,,,,,,,,,,,,,,,,2.0,11.0,0.0,9.0,4.5
5226633,2026,Brayden Isaiah,DB,Maine,Coastal Athletic,0.0,0.0,1.0,2.0,0.0,1.0,4.0,,,,0.0,1.0,0.0,0.0,,,,,,,,,,,,,,,,,,,,,,,,,,,,,,,,,,,,,,,,
5226634,2026,Juelz Russell,WR,Maine,Coastal Athletic,,,,,,,,,,,,,,,,,,,,,,,,,,,,,,,,,,-5.0,0.0,1.0,0.0,-5.0,,,,,,,,,,,,,,,,
5226635,2026,Rashawn Marshall,RB,Maine,Coastal Athletic,,,,,,,,,,,,,,,,,,,,,,,,,,,,,,,,,,,,,,,,,,,,,,,,,,13.0,32.0,1.0,81.0,6.2
5226640,2026,Samuel Tremblay,PK,Maine,Coastal Athletic,,,,,,,,,,,,,,,,,,,,0.0,0.0,0.0,0.0,3.0,3.0,3.0,,,,,,,,,,,,,,,,,,,,,,,,,,,,
5226735,2026,Carter Hanberry,LB,SE Louisiana,Southland,0.0,0.0,0.0,1.0,0.0,0.0,6.0,,,,,,,,,,,,,,,,,,,,,,,,,,,,,,,,,,,,,,,,,,,,,,,
5226745,2026,Jack Hunter,P,SE Louisiana,Southland,,,,,,,,,,,,,,,,,,,,,,,,,,,,,,,,,,,,,,,0.0,70.0,2.0,0.0,91.0,45.5,,,,,,,,,,
5226747,2026,Evan Aubrey,DE,SE Louisiana,Southland,0.0,0.0,0.0,2.0,0.0,0.5,5.0,,,,,,,,,,,,,,,,,,,,,,,,,,,,,,,,,,,,,,,,,,,,,,,
5226749,2026,Stiles Guidry,LB,SE Louisiana,Southland,0.0,0.0,0.0,0.0,0.0,0.0,1.0,,,,,,,,,,,,,,,,,,,,,,,,,,,,,,,,,,,,,,,,,,,,,,,
5226750,2026,Amiree Alexander,DL,SE Louisiana,Southland,0.0,0.0,0.0,0.0,0.0,0.5,4.0,,,,,,,,,,,,,,,,,,,,,,,,,,,,,,,,,,,,,,,,,,,,,,,
5226753,2026,Zane Hooper,FB,SE Louisiana,Southland,0.0,0.0,0.0,0.0,0.0,0.0,1.0,,,,,,,,,,,,,,,,,,,,,,,,,,,,,,,,,,,,,,,,,,,,,,,
5226756,2026,Dkhai Joseph,WR,SE Louisiana,Southland,,,,,,,,,,,,,,,,,,,,,,,,,,,,,,,,,,4.5,8.0,2.0,0.0,9.0,,,,,,,9.0,1.0,0.0,9.0,9.0,,,,,
5226764,2026,Khristian Tyson,DB,Long Island University,NEC,0.0,0.0,0.0,0.0,0.0,0.0,1.0,,,,,,,,,,,,,,,,,,,,,,,,,,,,,,,,,,,,,,,,,,,,,,,
5226766,2026,Jaylen Roseboro,CB,Concord,Mountain East,0.0,0.0,0.0,1.0,0.0,0.0,1.0,,,,,,,,,,,,,,,,,,,,,,,,,,,,,,,,,,,,,,,,,,,,,,,
5226920,2026,Shamir Johnson,DB,Towson,Coastal Athletic,0.0,0.0,0.0,1.0,0.0,0.0,1.0,,,,,,,,,,,,,,,,,,,,,,,,,,,,,,,,,,,,,,,,,,,,,,,
5226924,2026,Zakaa Brown,DB,Towson,Coastal Athletic,0.0,0.0,0.0,4.0,0.0,0.0,5.0,,,,,,,,,,,,,,,,,,,,,,,,,,,,,,,,,,,,,,,,,,,,,,,
5226927,2026,TJ Sands,DB,Towson,Coastal Athletic,0.0,0.0,0.0,2.0,0.0,0.5,6.0,,,,,,,,,,,,,,,,,,,,,,,,,,,,,,,,,,,,,,,,,,,,,,,
5226931,2026,Daniel Anderla,LS,Towson,Coastal Athletic,0.0,0.0,0.0,1.0,0.0,0.0,1.0,,,,,,,,,,,,,,,,,,,,,,,,,,,,,,,,,,,,,,,,,,,,,,,
5226940,2026,Cleveland Charlton,WR,Towson,Coastal Athletic,,,,,,,,1.0,1.0,0.0,,,,,,,,,,,,,,,,,,,,,,,,,,,,,,,,,,,59.0,4.0,1.0,136.0,34.0,,,,,
5227193,2026,Nick Guagliano,PK,Austin Peay,UAC,,,,,,,,,,,,,,,,,,,,1.0,0.0,0.0,0.0,5.0,5.0,5.0,,,,,,,,,,,,,,,,,,,,,,,,,,,,
5227365,2026,Brandon Chambers Jr.,DB,Youngstown State,MVFC,0.0,0.0,0.0,0.0,0.0,0.0,1.0,,,,,,,,,,,,,,,,,,,,,,,,,,,,,,,,,,,,,,,,,,,,,,,
5227371,2026,Antuan Gardner,RB,Youngstown State,MVFC,,,,,,,,,,,,,,,,,,,,,,,,,,,,,,,,,,,,,,,,,,,,,46.0,2.0,0.0,52.0,26.0,2.0,12.0,0.0,15.0,7.5
5227375,2026,Graydon Rollins,LB,Youngstown State,MVFC,0.0,0.0,0.0,1.0,0.0,0.0,2.0,,,,,,,,,,,,,,,,,,,,,,,,,,,,,,,,,,,,,,,,,,,,,,,
5227378,2026,Ross Davidson,DB,Youngstown State,MVFC,0.0,0.0,0.0,2.0,0.0,0.0,3.0,,,,,,,,,,,,,,,,,,,,,,,,,,,,,,,,,,,,,,,,,,,,,,,
5227501,2026,Dawson Rivers,DL,West Georgia,UAC,0.0,0.0,0.0,1.0,0.0,0.0,4.0,,,,,,,,,,,,,,,,,,,,,,,,,,,,,,,,,,,,,,,,,,,,,,,
5227557,2026,Alex Gevaudan,QB,Mercyhurst,NEC,,,,,,,,,,,,,,,,,,,,,,,,,,,31.0,18.0,2.0,0.581,1.0,212.0,6.8,,,,,,,,,,,,,,,,,3.0,2.0,0.0,2.0,0.7
5227562,2026,Jeff Leavell,LB,Mercyhurst,NEC,0.0,0.0,0.0,2.0,0.0,0.0,6.0,,,,,,,,,,,,,,,,,,,,,,,,,,,,,,,,,,,,,,,,,,,,,,,
5227575,2026,Anez Jordan,DB,Mercyhurst,NEC,0.0,0.0,0.0,3.0,0.0,0.0,7.0,,,,,,,,,,,,,,,,,,,,,,,,,,,,,,,,,,,,,,,,,,,,,,,
5227585,2026,Camariyon Bridges,DB,Mercyhurst,NEC,0.0,0.0,0.0,2.0,0.0,0.0,2.0,,,,,,,,,,,,,,,,,,,,,,,,,,,,,,,,,,,,,,,,,,,,,,,
5227586,2026,Amare Lattimore,WR,Mercyhurst,NEC,,,,,,,,,,,,,,,,,,,,,,,,,,,,,,,,,,,,,,,,,,,,,26.0,3.0,0.0,31.0,10.3,,,,,
5227587,2026,Adonis Marshall,DB,Mercyhurst,NEC,0.0,0.0,0.0,3.0,0.0,0.0,3.0,,,,,,,,,,,,,,,,,,,,,,,,,,,,,,,,,,,,,,,,,,,,,,,
5227588,2026,Braylon Beckwith,DB,Mercyhurst,NEC,1.0,0.0,0.0,9.0,0.0,0.0,11.0,,,,,,,,,,,,,,,,,,,,,,,,,,,,,,,,,,,,,,,,,,,,,,,
5227591,2026,Ethen Knox,RB,Mercyhurst,NEC,0.0,0.0,0.0,1.0,0.0,0.0,1.0,,,,,,,,,,,,,,,,,,,,,,,,,,,,,,,,,,,,,,,,,,,,,,,
5227605,2026,Ramon McAndrews,DL,Mercyhurst,NEC,0.0,0.0,0.0,1.0,0.0,0.0,3.0,,,,,,,,,,,,,,,,,,,,,,,,,,,,,,,,,,,,,,,,,,,,,,,
5227630,2026,Nicholas Williams,DB,Mercyhurst,NEC,1.0,0.0,0.0,2.0,0.0,0.0,2.0,,,,,,,,,,,,,,,,,,,,,,,,,,,,,,,,,,,,,,,,,,,,,,,
5227633,2026,Evan Van Dyke,WR,Mercyhurst,NEC,,,,,,,,,,,,,,,,,,,,,,,,,,,,,,,,,,,,,,,,,,,,,6.0,1.0,0.0,6.0,6.0,,,,,
5227636,2026,Malte Feil,WR,Mercyhurst,NEC,,,,,,,,,,,,,,,,,,,,,,,,,,,,,,,,,,,,,,,,,,,,,16.0,1.0,0.0,16.0,16.0,,,,,
5227641,2026,Khalil Jackson,DL,Mercyhurst,NEC,0.0,0.0,0.0,1.0,0.0,0.0,1.0,,,,,,,,,,,,,,,,,,,,,,,,,,,,,,,,,,,,,,,,,,,,,,,
5227709,2026,Matt Lawson,RB,North Dakota,MVFC,,,,,,,,,,,,,,,,,,,,,,,,,,,,,,,,,,,,,,,,,,,,,4.0,1.0,0.0,4.0,4.0,10.0,12.0,2.0,46.0,4.6
5227786,2026,Jake Curry,QB,Southern Illinois,MVFC,,,,,,,,,,,,,,,,,,,,,,,,,,,30.0,14.0,3.0,0.467,2.0,168.0,5.6,,,,,,,,,,,,,,,,,10.0,19.0,1.0,31.0,3.1
5227796,2026,Ben Fiegel,LB,Southern Illinois,MVFC,2.0,0.0,0.0,3.0,0.0,0.0,5.0,0.0,0.0,2.0,,,,,,,,,,,,,,,,,,,,,,,,,,,,,,,,,,,,,,,,,,,,
5227844,2026,Conlee Crossno,LB,Murray State,MVFC,0.0,0.0,0.0,1.0,0.0,0.0,2.0,,,,,,,,,,,,,,,,,,,,,,,,,,,,,,,,,,,,,,,,,,,,,,,
5227845,2026,LJ Green,WR,Murray State,MVFC,,,,,,,,,,,,,,,,,,,,,,,,,,,,,,,,,,,,,,,,,,,,,0.0,1.0,0.0,-3.0,-3.0,,,,,
5227852,2026,Cam Young,RB,Central Arkansas,UAC,,,,,,,,,,,,,,,,,,,,,,,,,,,,,,,,,,,,,,,,,,,,,,,,,,13.0,6.0,0.0,26.0,2.0
5227853,2026,Tyrell Campbell,RB,Murray State,MVFC,,,,,,,,,,,,,,,,,,,,,,,,,,,,,,,,,,,,,,,,,,,,,27.0,5.0,0.0,66.0,13.2,8.0,9.0,0.0,21.0,2.6
5227854,2026,Baxter Wright,QB,Murray State,MVFC,,,,,,,,,,,,,,,,,,,,,,,,,,,,,,,,,,,,,,,,,,,,,,,,,,1.0,0.0,0.0,-2.0,-2.0
5227872,2026,Deng Deng,WR,North Dakota,MVFC,,,,,,,,,,,,,,,,,,,,,,,,,,,,,,,,,,,,,,,,,,,,,17.0,3.0,0.0,22.0,7.3,,,,,
5227873,2026,Sam Ostrenga,S,North Dakota,MVFC,0.0,1.0,0.0,2.0,0.0,0.0,4.0,,,,,,,,,,,,,,,,,,,,,,,,,,,,,,,,,,,,,,,,,,,,,,,
5227880,2026,Colton Brunell,RB,North Dakota,MVFC,,,,,,,,,,,,,,,,,,,,,,,,,,,,,,,,,,,,,,,,,,,,,,,,,,7.0,11.0,0.0,22.0,3.1
5227883,2026,Jonnie Wiltshire,DB,North Dakota,MVFC,0.0,0.0,0.0,1.0,0.0,0.0,2.0,,,,0.0,1.0,0.0,0.0,,,,,,,,,,,,,,,,,,,,,,,,,,,,,,,,,,,,,,,,
5227898,2026,Tray Kuntz,TE,North Dakota,MVFC,,,,,,,,,,,,,,,,,,,,,,,,,,,,,,,,,,,,,,,,,,,,,7.0,1.0,0.0,7.0,7.0,,,,,
5227901,2026,Erick Paye,EDGE,North Dakota,MVFC,0.0,0.0,0.0,0.0,0.0,0.5,3.0,,,,,,,,,,,,,,,,,,,,,,,,,,,,,,,,,,,,,,,,,,,,,,,
5227943,2026,Jacob Clark,LB,Glenville State,Mountain East,0.0,0.0,1.0,5.0,0.0,1.0,8.0,,,,,,,,,,,,,,,,,,,,,,,,,,,,,,,,,,,,,,,,,,,,,,,
5228032,2026,Michael Devereaux,LB,North Dakota,MVFC,1.0,0.0,0.0,2.0,0.0,0.0,4.0,,,,,,,,,,,,,,,,,,,,,,,,,,,,,,,,,,,,,,,,,,,,,,,
5228034,2026,Jackson Banks,DT,Concord,Mountain East,0.0,0.0,0.0,0.0,0.0,0.0,1.0,,,,,,,,,,,,,,,,,,,,,,,,,,,,,,,,,,,,,,,,,,,,,,,
5228110,2026,Cooper Evans,PK,Northwestern State,Southland,,,,,,,,,,,,,,,,,,,,,,,,,,,,,,,,,,,,,,,0.0,39.0,2.0,0.0,74.0,37.0,,,,,,,,,,
5229221,2026,Erv Wiggins Jr.,DB,Maine,Coastal Athletic,0.0,0.0,0.0,1.0,0.0,0.0,1.0,,,,,,,,,,,,,,,,,,,,,,,,,,,,,,,,,,,,,,,,,,,,,,,
5229448,2026,David Parsons,QB,Morehead State,Pioneer,,,,,,,,,,,,,,,,,,,,,,,,,,,56.0,30.0,3.0,0.536,4.0,463.0,8.3,,,,,,,,,,,,,,,,,7.0,19.0,1.0,43.0,6.1
5229452,2026,Isaiah Watts,DB,Morehead State,Pioneer,1.0,0.0,0.0,3.0,0.0,0.0,3.0,,,,,,,,,,,,,,,,,,,,,,,,,,,,,,,,,,,,,,,,,,,,,,,
5229475,2026,Anthony Ice,WR,Morehead State,Pioneer,0.0,0.0,0.0,2.0,0.0,0.0,2.0,,,,,,,,,,,,,,,,,,,,,,,,,,,,,,,,,,,,,,60.0,8.0,2.0,156.0,19.5,,,,,
5229516,2026,Kyle Vocque,LB,Central Arkansas,UAC,1.0,0.0,0.0,4.0,0.0,0.0,10.0,,,,,,,,,,,,,,,,,,,,,,,,,,,,,,,,,,,,,,,,,,,,,,,
5229591,2026,Ryan Bell,DL,Chattanooga,Southern,0.0,0.0,0.0,0.0,0.0,0.0,1.0,,,,,,,,,,,,,,,,,,,,,,,,,,,,,,,,,,,,,,,,,,,,,,,
5229612,2026,Nicholas Stephens,P,Mississippi Valley State,SWAC,,,,,,,,,,,,,,,,,,,,,,,,,,,,,,,,,,,,,,,2.0,54.0,6.0,1.0,263.0,43.8,,,,,,,,,,
5229616,2026,Vashun Turner,DL,Mississippi Valley State,SWAC,1.0,0.0,0.0,1.0,0.0,0.0,1.0,,,,,,,,,,,,,,,,,,,,,,,,,,,,,,,,,,,,,,,,,,,,,,,
5229620,2026,PJ McDonald,OL,Mississippi Valley State,SWAC,0.0,0.0,0.0,1.0,0.0,0.0,1.0,,,,,,,,,,,,,,,,,,,,,,,,,,,,,,,,,,,,,,,,,,,,,,,
5230027,2026,Martavius Durden Jr.,LB,Long Island University,NEC,0.0,0.0,0.5,4.0,0.0,0.5,5.0,,,,,,,,,,,,,,,,,,,,,,,,,,,,,,,,,,,,,,,,,,,,,,,
5230030,2026,Braylon Vincent,DB,Long Island University,NEC,0.0,0.0,0.0,4.0,0.0,0.0,4.0,,,,,,,,,,,,,,,,,,,,,,,,,,,,,,,,,,,,,,,,,,,,,,,
5230031,2026,Tyselle Spencer,RB,Long Island University,NEC,,,,,,,,,,,,,,,,,,,,,,,,,,,,,,,,,,,,,,,,,,,,,,,,,,3.0,13.0,1.0,13.0,4.3
5230035,2026,Evan Brooks,WR,Long Island University,NEC,,,,,,,,,,,,,,,,,,,,,,,,,,,,,,,,,,,,,,,,,,,,,7.0,1.0,0.0,7.0,7.0,,,,,
5230376,2026,Aaron Enterline,WR,Towson,Coastal Athletic,,,,,,,,,,,,,,,,,,,,,,,,,,,,,,,,,,,,,,,,,,,,,9.0,4.0,1.0,22.0,5.5,,,,,
5231052,2026,Tariq Hollinger,S,West Georgia,UAC,0.0,0.0,0.0,1.0,0.0,0.0,1.0,,,,,,,,,,,,,,,,,,,,,,,,,,,,,,,,,,,,,,,,,,,,,,,
5231053,2026,Max Holtzclaw,QB,Presbyterian,Pioneer,,,,,,,,,,,,,,,,,,,,,,,,,,,5.0,4.0,0.0,0.8,0.0,40.0,8.0,,,,,,,,,,,,,,,,,,,,,
5231055,2026,BJ Atkins,WR,West Georgia,UAC,,,,,,,,,,,,,,,,,,,,,,,,,,,,,,,,,,,,,,,,,,,,,8.0,2.0,0.0,6.0,3.0,,,,,
5231064,2026,Justin Montgomery,RB,West Georgia,UAC,,,,,,,,,,,,,,,,,,,,,,,,,,,,,,,,,,,,,,,,,,,,,12.0,3.0,0.0,16.0,5.3,8.0,15.0,0.0,31.0,3.9
5231068,2026,Debo Hall,DB,Presbyterian,Pioneer,1.0,0.0,0.0,1.0,0.0,0.0,2.0,0.0,0.0,1.0,,,,,,,,,,,,,,,,,,,,,,,,,,,,,,,,,,,,,,,,,,,,
5231069,2026,Ryan Largin,DB,Presbyterian,Pioneer,0.0,0.0,0.0,1.0,0.0,0.0,2.0,,,,,,,,,,,,,,,,,,,,,,,,,,,,,,,,,,,,,,,,,,,,,,,
5231070,2026,Caleb Makovsky,DB,Presbyterian,Pioneer,0.0,0.0,0.0,1.0,0.0,0.0,1.0,,,,,,,,,,,,,,,,,,,,,,,,,,,,,,,,,,,,,,,,,,,,,,,
5231079,2026,Thatcher Hutton,P,Presbyterian,Pioneer,,,,,,,,,,,,,,,,,,,,,,,,,,,,,,,,,,,,,,,2.0,43.0,2.0,0.0,77.0,38.5,,,,,,,,,,
5231091,2026,Bryce Stringer,DL,Presbyterian,Pioneer,0.0,0.0,0.0,0.0,0.0,0.0,1.0,,,,,,,,,,,,,,,,,,,,,,,,,,,,,,,,,,,,,,,,,,,,,,,
5231117,2026,Ethan Chandler,DB,Gardner-Webb,OVC,0.0,0.0,0.0,0.0,0.0,0.0,2.0,,,,,,,,,,,,,,,,,,,,,,,,,,,,,,,,,,,,,,,,,,,,,,,
5231119,2026,Christian Vann,RB,Gardner-Webb,OVC,,,,,,,,1.0,0.0,0.0,,,,,,,,,,,,,,,,,,,,,,,,,,,,,,,,,,,15.0,1.0,0.0,15.0,15.0,4.0,10.0,0.0,15.0,3.8
5231123,2026,Luke Gilbertson,LB,Gardner-Webb,OVC,0.0,0.0,0.0,0.0,0.0,0.0,1.0,,,,,,,,,,,,,,,,,,,,,,,,,,,,,,,,,,,,,,,,,,,,,,,
5231128,2026,Michael Luisa Jr.,LB,Gardner-Webb,OVC,0.0,0.0,0.0,0.0,0.0,0.0,1.0,,,,,,,,,,,,,,,,,,,,,,,,,,,,,,,,,,,,,,,,,,,,,,,
5231146,2026,Caden Ross,DL,Gardner-Webb,OVC,0.0,0.0,0.5,0.0,0.0,1.0,3.0,,,,,,,,,,,,,,,,,,,,,,,,,,,,,,,,,,,,,,,,,,,,,,,
5231327,2026,Elijah Gorman,PK,Southern Illinois,MVFC,,,,,,,,,,,,,,,,,,,,,,,,,,,,,,,,,,,,,,,0.0,46.0,3.0,0.0,117.0,39.0,,,,,,,,,,
5231886,2026,Chris Johnson,LB,Morehead State,Pioneer,0.0,0.0,0.0,3.0,0.0,0.0,7.0,,,,,,,,,,,,,,,,,,,,,,,,,,,,,,,,,,,,,,,,,,,,,,,
5231924,2026,Michael Peters,LB,Towson,Coastal Athletic,0.0,0.0,0.0,0.0,0.0,0.0,1.0,,,,,,,,,,,,,,,,,,,,,,,,,,,,,,,,,,,,,,,,,,,,,,,
5232061,2026,Zamaryion Farmer-McCray,S,UT Martin,OVC,0.0,0.0,0.0,1.0,0.0,0.0,2.0,,,,,,,,,,,,,,,,,,,,,,,,,,,,,,,,,,,,,,,,,,,,,,,
5232063,2026,Quay Kindell,WR,Charleston Southern,OVC,,,,,,,,,,,,,,,22.0,27.0,2.0,0.0,44.0,,,,,,,,,,,,,,,3.0,4.0,2.0,0.0,6.0,,,,,,,28.0,2.0,0.0,32.0,16.0,,,,,
5232065,2026,Nasir Hennigan,RB,Long Island University,NEC,0.0,0.0,0.0,1.0,0.0,0.0,1.0,,,,,,,,,,,,,,,,,,,,,,,,,,,,,,,,,,,,,,,,,,,4.0,6.0,0.0,14.0,3.5
5233062,2026,Jaylen Middleton,RB,Houston Christian,Southland,,,,,,,,,,,,,,,,,,,,,,,,,,,,,,,,,,,,,,,,,,,,,,,,,,4.0,3.0,1.0,9.0,2.3
5233100,2026,Stephan French,S,West Georgia,UAC,0.0,0.0,0.0,7.0,0.0,0.0,8.0,,,,,,,,,,,,,,,,,,,,,,,,,,,,,,,,,,,,,,,,,,,,,,,
5233879,2026,Josh Brown,QB,Mississippi Valley State,SWAC,,,,,,,,,,,,,,,,,,,,,,,,,,,19.0,11.0,3.0,0.579,0.0,44.0,2.3,,,,,,,,,,,,,,,,,8.0,19.0,0.0,62.0,7.8
5233995,2026,Nakobi Spurrier,DL,West Georgia,UAC,0.0,0.0,0.0,1.0,0.0,0.0,1.0,,,,,,,,,,,,,,,,,,,,,,,,,,,,,,,,,,,,,,,,,,,,,,,
5236941,2026,Erik Hehl,DL,Eastern Illinois,OVC,0.0,0.0,0.0,2.0,0.0,1.0,2.0,,,,,,,,,,,,,,,,,,,,,,,,,,,,,,,,,,,,,,,,,,,,,,,
5238762,2026,Nolan Harris,PK,West Georgia,UAC,,,,,,,,,,,,,,,,,,,,,,,,,,,,,,,,,,,,,,,0.0,45.0,6.0,0.0,214.0,35.7,,,,,,,,,,
5239154,2026,Cash Archer,LB,Central Arkansas,UAC,0.0,0.0,0.0,0.0,0.0,0.0,1.0,,,,,,,,,,,,,,,,,,,,,,,,,,,,,,,,,,,,,,,,,,,,,,,
5244843,2026,Aidan Macke,PK,St. Thomas (MN),Pioneer,,,,,,,,,,,,,,,,,,,,,,,,,,,,,,,,,,,,,,,0.0,47.0,3.0,0.0,119.0,39.7,,,,,,,,,,
5254264,2026,Taivon Snipe,LB,Charleston Southern,OVC,0.0,1.0,0.0,2.0,0.0,0.0,6.0,,,,,,,,,,,,,,,,,,,,,,,,,,,,,,,,,,,,,,,,,,,,,,,
5257034,2026,Denver Harper,WR,Austin Peay,UAC,,,,,,,,,,,,,,,,,,,,,,,,,,,,,,,,,,1.0,1.0,1.0,0.0,1.0,,,,,,,49.0,3.0,1.0,108.0,36.0,,,,,
5260715,2026,Matthew Toledo,LS,Eastern Illinois,OVC,0.0,0.0,0.0,1.0,0.0,0.0,1.0,,,,,,,,,,,,,,,,,,,,,,,,,,,,,,,,,,,,,,,,,,,,,,,
5265524,2026,Jace Williams,CB,Northwestern State,Southland,0.0,0.0,0.0,1.0,0.0,0.0,1.0,,,,,,,,,,,,,,,,,,,,,,,,,,,,,,,,,,,,,,,,,,,,,,,
5274370,2026,Chantz Babineaux,WR,Nicholls,Southland,,,,,,,,,,,,,,,,,,,,,,,,,,,,,,,,,,,,,,,,,,,,,5.0,1.0,0.0,5.0,5.0,,,,,
5291188,2026,Brody Jones,WR,West Georgia,UAC,,,,,,,,,,,,,,,,,,,,,,,,,,,,,,,,,,,,,,,,,,,,,11.0,3.0,0.0,17.0,5.7,1.0,3.0,0.0,3.0,3.0
5295327,2026,Loren Hall,DB,Long Island University,NEC,1.0,0.0,0.0,7.0,0.0,0.0,7.0,,,,,,,,,,,,,,,,,,,,,,,,,,,,,,,,,,,,,,,,,,,,,,,
5295388,2026,Knowel Smith,S,Glenville State,Mountain East,0.0,0.0,0.0,6.0,0.0,0.0,7.0,,,,,,,,,,,,,,,,,,,,,,,,,,,,,,,,,,,,,,,,,,,,,,,
5295491,2026,Daniel Viramontes,DL,Eastern Illinois,OVC,0.0,0.0,0.0,1.0,0.0,1.0,1.0,,,,,,,,,,,,,,,,,,,,,,,,,,,,,,,,,,,,,,,,,,,,,,,
5295527,2026,Zavian Dilworth,DB,Nicholls,Southland,0.0,0.0,0.0,3.0,0.0,0.0,3.0,,,,0.0,1.0,0.0,0.0,,,,,,,,,,,,,,,,,,,,,,,,,,,,,,,,,,,,,,,,
5295667,2026,Kennon Loftin,LB,Nicholls,Southland,0.0,0.0,0.0,2.0,0.0,0.0,5.0,,,,,,,,,,,,,,,,,,,,,,,,,,,,,,,,,,,,,,,,,,,,,,,
5295742,2026,Mikel Hines,DL,Northwestern State,Southland,0.0,0.0,0.0,0.0,0.0,0.0,2.0,,,,,,,,,,,,,,,,,,,,,,,,,,,,,,,,,,,,,,,,,,,,,,,
5295752,2026,Noah Gibson,CB,West Florida,UAC,0.0,0.0,0.0,1.0,0.0,0.0,1.0,,,,46.0,1.0,0.0,46.0,,,,,,,,,,,,,,,,,,,,,,,,,,,,,,,,,,,,,,,,
5296471,2026,Cameron Weir,WR,North Dakota,MVFC,,,,,,,,,,,,,,,,,,,,,,,,,,,,,,,,,,2.5,7.0,2.0,0.0,5.0,,,,,,,3.0,1.0,0.0,3.0,3.0,1.0,13.0,0.0,13.0,13.0
5298210,2026,Jeremie McGurn,LB,Long Island University,NEC,0.0,0.0,0.0,4.0,0.0,0.0,4.0,,,,,,,,,,,,,,,,,,,,,,,,,,,,,,,,,,,,,,,,,,,,,,,
5298248,2026,Lek Powell,QB,Charleston Southern,OVC,,,,,,,,,,,,,,,,,,,,,,,,,,,32.0,18.0,1.0,0.563,2.0,208.0,6.5,,,,,,,,,,,,,,,,,9.0,14.0,0.0,9.0,1.0
5298250,2026,Anthony Carter,CB,Charleston Southern,OVC,0.0,0.0,0.0,0.0,0.0,0.0,1.0,,,,,,,,,,,,,,,,,,,,,,,,,,,,,,,,,,,,,,,,,,,,,,,
5298252,2026,Hakeem Watters,RB,Charleston Southern,OVC,,,,,,,,,,,,,,,,,,,,,,,,,,,,,,,,,,,,,,,,,,,,,11.0,1.0,0.0,11.0,11.0,2.0,7.0,0.0,8.0,4.0
5298255,2026,Jayden Hancock,CB,Charleston Southern,OVC,1.0,0.0,0.0,1.0,0.0,0.0,1.0,,,,,,,,,,,,,,,,,,,,,,,,,,,,,,,,,,,,,,,,,,,,,,,
5298260,2026,Hunter Green,TE,Charleston Southern,OVC,,,,,,,,,,,,,,,,,,,,,,,,,,,,,,,,,,,,,,,,,,,,,14.0,1.0,1.0,14.0,14.0,,,,,
5298266,2026,Tristan Lennon,LB,Charleston Southern,OVC,0.0,0.0,0.0,1.0,0.0,1.0,7.0,,,,,,,,,,,,,,,,,,,,,,,,,,,,,,,,,,,,,,,,,,,,,,,
5298271,2026,Cleve Tellery II,DL,Charleston Southern,OVC,0.0,0.0,0.0,0.0,0.0,0.0,1.0,,,,,,,,,,,,,,,,,,,,,,,,,,,,,,,,,,,,,,,,,,,,,,,
5298287,2026,Chancy Jordan,DL,Charleston Southern,OVC,0.0,1.0,0.0,0.0,0.0,0.0,1.0,,,,,,,,,,,,,,,,,,,,,,,,,,,,,,,,,,,,,,,,,,,,,,,
5298290,2026,Alvoid Kennon,DL,Charleston Southern,OVC,0.0,0.0,0.0,0.0,0.0,0.5,1.0,,,,,,,,,,,,,,,,,,,,,,,,,,,,,,,,,,,,,,,,,,,,,,,
5298522,2026,Caelum Jones,LB,Lindenwood,OVC,0.0,0.0,0.0,0.0,0.0,0.0,1.0,,,,,,,,,,,,,,,,,,,,,,,,,,,,,,,,,,,,,,,,,,,,,,,
5298525,2026,Caleb Jacobmeier,LB,Lindenwood,OVC,0.0,1.0,0.0,2.0,0.0,0.0,3.0,,,,,,,,,,,,,,,,,,,,,,,,,,,,,,,,,,,,,,,,,,,,,,,
5298527,2026,Aiden Grote,TE,Lindenwood,OVC,,,,,,,,,,,,,,,,,,,,,,,,,,,,,,,,,,,,,,,,,,,,,14.0,3.0,0.0,32.0,10.7,,,,,
5298531,2026,Carter Johnson,DB,Lindenwood,OVC,0.0,0.0,0.0,2.0,0.0,0.0,2.0,,,,,,,,,,,,,,,,,,,,,,,,,,,,,,,,,,,,,,,,,,,,,,,
5298538,2026,Elijah Roy,WR,Lindenwood,OVC,,,,,,,,,,,,,,,,,,,,,,,,,,,,,,,,,,,,,,,,,,,,,12.0,4.0,0.0,33.0,8.3,,,,,
5298539,2026,Christopher Bennett Jr.,WR,Lindenwood,OVC,,,,,,,,,,,,,,,13.0,16.0,2.0,0.0,26.0,,,,,,,,,,,,,,,,,,,,,,,,,,,,,,,,,,,
5298545,2026,Eddie Becu,DT,Lindenwood,OVC,0.0,0.0,0.0,0.0,0.0,0.0,1.0,,,,,,,,,,,,,,,,,,,,,,,,,,,,,,,,,,,,,,,,,,,,,,,
5298580,2026,Christian Lyons,CB,Davidson,Pioneer,0.0,0.0,0.0,1.0,0.0,0.0,3.0,,,,,,,,25.7,48.0,3.0,0.0,77.0,,,,,,,,,,,,,,,,,,,,,,,,,,,,,,,,,,,
5298585,2026,Jalen Gist,LB,Davidson,Pioneer,0.0,0.0,0.0,1.0,0.0,0.0,2.0,,,,,,,,,,,,,,,,,,,,,,,,,,,,,,,,,,,,,,,,,,,,,,,
5298587,2026,Revis McClairen,CB,Davidson,Pioneer,0.0,0.0,0.0,1.0,0.0,0.0,1.0,,,,,,,,,,,,,,,,,,,,,,,,,,,,,,,,,,,,,,,,,,,,,,,
5298588,2026,Hudson Altenburg,S,Davidson,Pioneer,0.0,0.0,0.0,1.0,1.0,0.0,5.0,,,,,,,,,,,,,,,,,,,,,,,,,,,0.0,0.0,0.0,1.0,0.0,,,,,,,,,,,,,,,,
5298589,2026,Hayden Meese,S,Davidson,Pioneer,2.0,0.0,0.0,2.0,0.0,0.0,2.0,,,,,,,,,,,,,,,,,,,,,,,,,,,,,,,,,,,,,,,,,,,,,,,
5298590,2026,Ryan Bassani,LB,Davidson,Pioneer,0.0,0.0,0.0,4.0,0.0,0.5,7.0,,,,,,,,,,,,,,,,,,,,,,,,,,,,,,,,,,,,,,,,,,,,,,,
5298591,2026,Christos Tzoumakas,PK,Davidson,Pioneer,,,,,,,,,,,,,,,,,,,,0.0,0.0,0.0,0.0,5.0,5.0,5.0,,,,,,,,,,,,,4.0,45.0,4.0,0.0,169.0,42.3,,,,,,,,,,
5298592,2026,Ayden Bell,LB,Davidson,Pioneer,0.0,0.0,0.0,1.0,0.0,1.0,2.0,,,,,,,,,,,,,,,,,,,,,,,,,,,,,,,,,,,,,,,,,,,,,,,
5298593,2026,Nash Pippin,LS,Davidson,Pioneer,0.0,0.0,0.0,0.0,0.0,0.0,1.0,,,,,,,,,,,,,,,,,,,,,,,,,,,,,,,,,,,,,,,,,,,,,,,
5298596,2026,Danzel Chukwuemeka,DL,Davidson,Pioneer,0.0,0.0,0.0,4.0,0.0,0.0,7.0,,,,,,,,,,,,,,,,,,,,,,,,,,,,,,,,,,,,,,,,,,,,,,,
5298602,2026,Caden Glenn,TE,Davidson,Pioneer,0.0,0.0,0.0,0.0,0.0,0.0,1.0,,,,,,,,,,,,,,,,,,,,,,,,,,,,,,,,,,,,,,,,,,,,,,,
5298606,2026,Jarmal Gilmore,DL,Davidson,Pioneer,0.0,0.0,0.0,0.0,0.0,0.0,2.0,,,,,,,,,,,,,,,,,,,,,,,,,,,,,,,,,,,,,,,,,,,,,,,
5298608,2026,Jeramy Stith,DL,Davidson,Pioneer,0.0,1.0,0.0,1.0,0.0,1.0,2.0,,,,,,,,,,,,,,,,,,,,,,,,,,,,,,,,,,,,,,,,,,,,,,,
5298725,2026,Lonnie Burt,LB,Eastern Illinois,OVC,0.0,0.0,0.0,2.0,0.0,0.0,3.0,,,,,,,,,,,,,,,,,,,,,,,,,,,,,,,,,,,,,,,,,,,,,,,
5298741,2026,Skylar James,LB,Drake,Pioneer,0.0,1.0,0.0,5.0,0.0,0.0,8.0,,,,,,,,,,,,,,,,,,,,,,,,,,,,,,,,,,,,,,,,,,,,,,,
5298749,2026,Karson Kindred,DB,Drake,Pioneer,0.0,0.0,0.0,0.0,1.0,0.0,1.0,,,,,,,,,,,,,,,,,,,,,,,,,,,0.0,0.0,1.0,1.0,0.0,,,,,,,,,,,,,,,,
5298752,2026,Cameron Cunningham,DB,Drake,Pioneer,0.0,0.0,0.0,1.0,0.0,0.0,1.0,,,,,,,,,,,,,,,,,,,,,,,,,,,,,,,,,,,,,,,,,,,,,,,
5298754,2026,Adrien Robbins,RB,Drake,Pioneer,,,,,,,,1.0,1.0,0.0,,,,,22.3,34.0,3.0,0.0,67.0,,,,,,,,,,,,,,,,,,,,,,,,,,7.0,2.0,0.0,10.0,5.0,4.0,5.0,0.0,7.0,1.8
5298755,2026,Cody Blicharz,RB,Drake,Pioneer,,,,,,,,,,,,,,,,,,,,,,,,,,,,,,,,,,,,,,,,,,,,,7.0,2.0,0.0,10.0,5.0,5.0,6.0,0.0,8.0,1.6
5298756,2026,Casey Midcap,DB,Drake,Pioneer,0.0,0.0,0.0,2.0,0.0,0.0,4.0,,,,,,,,,,,,,,,,,,,,,,,,,,,,,,,,,,,,,,,,,,,,,,,
5298759,2026,Jason Samis,DL,Drake,Pioneer,0.0,0.0,0.0,0.0,0.0,0.0,1.0,,,,,,,,,,,,,,,,,,,,,,,,,,,,,,,,,,,,,,,,,,,,,,,
5298766,2026,Brody Harriff,DL,Drake,Pioneer,0.0,0.0,0.0,1.0,0.0,0.5,4.0,,,,,,,,,,,,,,,,,,,,,,,,,,,,,,,,,,,,,,,,,,,,,,,
5298777,2026,Lincoln Delaere,WR,Drake,Pioneer,,,,,,,,,,,,,,,,,,,,,,,,,,,,,,,,,,,,,,,,,,,,,30.0,2.0,1.0,45.0,22.5,,,,,
5298779,2026,Sam Bruno,PK,Drake,Pioneer,,,,,,,,,,,,,,,,,,,,,,,,,,,,,,,,,,,,,,,0.0,48.0,2.0,0.0,91.0,45.5,,,,,,,,,,
5298780,2026,Willis Nofsinger,WR,Drake,Pioneer,,,,,,,,,,,,,,,,,,,,,,,,,,,,,,,,,,,,,,,,,,,,,80.0,10.0,1.0,168.0,16.8,,,,,
5298781,2026,Chase Schutty,TE,Drake,Pioneer,,,,,,,,,,,,,,,,,,,,,,,,,,,,,,,,,,,,,,,,,,,,,4.0,1.0,0.0,4.0,4.0,,,,,
5298782,2026,Tyson Shivers,DL,Drake,Pioneer,0.0,1.0,2.0,6.0,0.0,2.0,8.0,0.0,0.0,1.0,,,,,,,,,,,,,,,,,,,,,,,,,,,,,,,,,,,,,,,,,,,,
5298783,2026,Owen Pins,DL,Drake,Pioneer,0.0,1.0,0.0,0.0,0.0,0.0,1.0,,,,,,,,,,,,,,,,,,,,,,,,,,,,,,,,,,,,,,,,,,,,,,,
5298786,2026,Freddy Perez,PK,West Georgia,UAC,,,,,,,,,,,,,,,,,,,,1.0,1.0,43.0,1.0,4.0,1.0,1.0,,,,,,,,,,,,,,,,,,,,,,,,,,,,
5299224,2026,Thomas Ansley,RB,UT Martin,OVC,,,,,,,,,,,,,,,,,,,,,,,,,,,,,,,,,,,,,,,,,,,,,12.0,3.0,0.0,16.0,5.3,10.0,24.0,2.0,61.0,6.1
5299230,2026,Trey Cotton,S,UT Martin,OVC,0.0,0.0,0.0,4.0,1.0,0.0,8.0,,,,55.0,1.0,1.0,55.0,,,,,,,,,,,,,,,,,,,,,,,,,,,,,,,,,,,,,,,,
5299236,2026,Brandon Sims,PK,UT Martin,OVC,,,,,,,,,,,,,,,,,,,,2.0,1.0,25.0,0.5,6.0,3.0,3.0,,,,,,,,,,,,,,,,,,,,,,,,,,,,
5299238,2026,Jordyn Jackson,DT,UT Martin,OVC,0.0,0.0,0.0,0.0,0.0,0.0,2.0,,,,,,,,,,,,,,,,,,,,,,,,,,,,,,,,,,,,,,,,,,,,,,,
5299257,2026,Jacorey Jackson,NT,Concord,Mountain East,0.0,0.0,0.0,1.0,0.0,1.0,2.0,,,,,,,,,,,,,,,,,,,,,,,,,,,,,,,,,,,,,,,,,,,,,,,
5299260,2026,Duston Chavis,DL,UT Martin,OVC,0.0,1.0,0.0,4.0,0.0,0.5,7.0,,,,,,,,,,,,,,,,,,,,,,,,,,,,,,,,,,,,,,,,,,,,,,,
5299262,2026,Daveon Johnson,DT,UT Martin,OVC,0.0,0.0,0.0,1.0,0.0,0.0,3.0,,,,,,,,,,,,,,,,,,,,,,,,,,,,,,,,,,,,,,,,,,,,,,,
5299298,2026,Trayjen Llanas-Wilcox,WR,Houston Christian,Southland,,,,,,,,,,,,,,,,,,,,,,,,,,,1.0,1.0,0.0,1.0,0.0,27.0,27.0,5.0,5.0,1.0,0.0,5.0,,,,,,,,,,,,,,,,
5299301,2026,Carlando Crump,DB,SE Louisiana,Southland,0.0,0.0,0.0,0.0,0.0,0.0,1.0,,,,,,,,,,,,,,,,,,,,,,,,,,,,,,,,,,,,,,,,,,,,,,,
5299364,2026,Cason Carswell,QB,Western Illinois,OVC,,,,,,,,1.0,0.0,0.0,,,,,,,,,,,,,,,,,8.0,5.0,1.0,0.625,0.0,24.0,3.0,,,,,,,,,,,,,,,,,2.0,0.0,0.0,-2.0,-1.0
5299366,2026,Joel Salien,WR,Western Illinois,OVC,,,,,,,,,,,,,,,,,,,,,,,,,,,,,,,,,,20.3,43.0,6.0,0.0,122.0,,,,,,,,,,,,,,,,
5299373,2026,Aa'zoriyon Bonner,DB,Western Illinois,OVC,0.0,0.0,0.0,2.0,0.0,1.0,3.0,,,,,,,,4.0,4.0,1.0,0.0,4.0,,,,,,,,,,,,,,,,,,,,,,,,,,,,,,,,,,,
5299375,2026,Joe Edwards,LB,Western Illinois,OVC,0.0,1.0,0.5,0.0,0.0,0.5,2.0,,,,,,,,,,,,,,,,,,,,,,,,,,,,,,,,,,,,,,,,,,,,,,,
5299377,2026,Justin Buckner,LB,Western Illinois,OVC,0.0,0.0,0.0,6.0,0.0,0.0,7.0,,,,,,,,,,,,,,,,,,,,,,,,,,,,,,,,,,,,,,,,,,,,,,,
5299378,2026,Luke Droegemueller,P,Western Illinois,OVC,,,,,,,,,,,,,,,,,,,,,,,,,,,,,,,,,,,,,,,0.0,47.0,1.0,1.0,47.0,47.0,,,,,,,,,,
5299398,2026,Jamesly Jean Louis,DL,Western Illinois,OVC,1.0,0.0,0.5,2.0,0.0,2.5,4.0,,,,,,,,,,,,,,,,,,,,,,,,,,,,,,,,,,,,,,,,,,,,,,,
5299399,2026,Jalen Nicolas,DL,Western Illinois,OVC,0.0,0.0,0.0,1.0,0.0,0.0,1.0,,,,,,,,,,,,,,,,,,,,,,,,,,,,,,,,,,,,,,,,,,,,,,,
5299466,2026,Hunter West,DB,Gardner-Webb,OVC,0.0,0.0,0.0,1.0,0.0,0.0,1.0,,,,,,,,,,,,,,,,,,,,,,,,,,,,,,,,,,,,,,,,,,,,,,,
5299467,2026,Talon Fisher,LB,Gardner-Webb,OVC,0.0,0.0,0.0,0.0,0.0,0.0,1.0,,,,,,,,,,,,,,,,,,,,,,,,,,,,,,,,,,,,,,,,,,,,,,,
5299469,2026,Josiah Harris,DB,Gardner-Webb,OVC,0.0,0.0,0.0,1.0,0.0,0.0,3.0,,,,,,,,,,,,,,,,,,,,,,,,,,,,,,,,,,,,,,,,,,,,,,,
5299473,2026,Kory Jones,WR,Gardner-Webb,OVC,,,,,,,,,,,,,,,,,,,,,,,,,,,,,,,,,,,,,,,,,,,,,18.0,9.0,0.0,102.0,11.3,,,,,
5299474,2026,Trey Weems,DL,Gardner-Webb,OVC,0.0,1.0,0.0,0.0,0.0,0.0,0.0,,,,,,,,,,,,,,,,,,,,,,,,,,,,,,,,,,,,,,,,,,,,,,,
5299476,2026,Elisha Luckett III,DB,Gardner-Webb,OVC,0.0,0.0,0.0,1.0,0.0,0.0,1.0,,,,,,,,,,,,,,,,,,,,,,,,,,,,,,,,,,,,,,,,,,,,,,,
5299480,2026,Daejuan Thompson,LB,Gardner-Webb,OVC,0.0,0.0,0.0,0.0,0.0,0.0,2.0,,,,,,,,,,,,,,,,,,,,,,,,,,,,,,,,,,,,,,,,,,,,,,,
5299493,2026,Sean Brady,WR,Gardner-Webb,OVC,,,,,,,,,,,,,,,,,,,,,,,,,,,,,,,,,,,,,,,,,,,,,5.0,1.0,0.0,5.0,5.0,,,,,
5299497,2026,Zalen Watkins,DL,Gardner-Webb,OVC,0.0,0.0,0.0,1.0,0.0,1.0,2.0,,,,,,,,,,,,,,,,,,,,,,,,,,,,,,,,,,,,,,,,,,,,,,,
5299500,2026,Michelot Sine,DL,Concord,Mountain East,0.0,1.0,0.0,1.0,0.0,0.0,1.0,,,,,,,,,,,,,,,,,,,,,,,,,,,,,,,,,,,,,,,,,,,,,,,
5299668,2026,Ben Kirsch,WR,Elon,Coastal Athletic,,,,,,,,,,,,,,,,,,,,,,,,,,,,,,,,,,,,,,,,,,,,,43.0,4.0,1.0,68.0,17.0,,,,,
5299670,2026,Jaedon Alford,WR,Elon,Coastal Athletic,,,,,,,,,,,,,,,,,,,,,,,,,,,,,,,,,,,,,,,,,,,,,24.0,2.0,1.0,30.0,15.0,,,,,
5299672,2026,CJ Hector,DB,Elon,Coastal Athletic,0.0,0.0,0.0,1.0,0.0,0.0,1.0,,,,,,,,,,,,,,,,,,,,,,,,,,,,,,,,,,,,,,,,,,,,,,,
5299673,2026,Tyler Hart,DB,Elon,Coastal Athletic,0.0,0.0,0.0,1.0,0.0,0.0,1.0,,,,,,,,,,,,,,,,,,,,,,,,,,,,,,,,,,,,,,,,,,,,,,,
5299674,2026,Sincere Cyrill,DB,Elon,Coastal Athletic,0.0,1.0,0.0,0.0,0.0,0.0,0.0,,,,,,,,,,,,,,,,,,,,,,,,,,,,,,,,,,,,,,,,,,,,,,,
5299677,2026,Ryder Duffy,LB,Elon,Coastal Athletic,0.0,0.0,0.0,1.0,0.0,0.0,1.0,,,,,,,,,,,,,,,,,,,,,,,,,,,,,,,,,,,,,,,,,,,,,,,
5299678,2026,Brodie Carroll,LB,Elon,Coastal Athletic,0.0,1.0,1.0,4.0,0.0,1.0,6.0,,,,,,,,,,,,,,,,,,,,,,,,,,,,,,,,,,,,,,,,,,,,,,,
5299682,2026,Doug Quarles III,DE,Elon,Coastal Athletic,0.0,1.0,0.0,0.0,0.0,0.0,2.0,,,,,,,,,,,,,,,,,,,,,,,,,,,,,,,,,,,,,,,,,,,,,,,
5299684,2026,Carter Stimson,P,Elon,Coastal Athletic,,,,,,,,,,,,,,,,,,,,,,,,,,,,,,,,,,,,,,,0.0,42.0,1.0,1.0,42.0,42.0,,,,,,,,,,
5299696,2026,Rylan Shibley,DE,Elon,Coastal Athletic,0.0,1.0,0.0,1.0,0.0,0.0,2.0,,,,,,,,,,,,,,,,,,,,,,,,,,,,,,,,,,,,,,,,,,,,,,,
5299697,2026,Chaz Knox,DT,Elon,Coastal Athletic,0.0,0.0,0.0,1.0,0.0,0.0,1.0,,,,,,,,,,,,,,,,,,,,,,,,,,,,,,,,,,,,,,,,,,,,,,,
5299728,2026,Ja'Wuan Nickson,LB,Eastern Illinois,OVC,0.0,0.0,0.0,7.0,0.0,2.0,10.0,,,,25.0,1.0,0.0,25.0,,,,,,,,,,,,,,,,,,,,,,,,,,,,,,,,,,,,,,,,
5299730,2026,Noah Williams,LB,Eastern Illinois,OVC,0.0,1.0,0.0,1.0,0.0,0.0,1.0,,,,,,,,,,,,,,,,,,,,,,,,,,,,,,,,,,,,,,,,,,,,,,,
5299734,2026,Brandon Worsley,S,Eastern Illinois,OVC,1.0,0.0,0.0,3.0,0.0,0.0,4.0,,,,,,,,,,,,,,,,,,,,,,,,,,,,,,,,,,,,,,,,,,,,,,,
5299736,2026,Saipeti Maiava Jr,S,Eastern Illinois,OVC,0.0,0.0,0.0,6.0,0.0,0.0,7.0,,,,,,,,,,,,,,,,,,,,,,,,,,,,,,,,,,,,,,,,,,,,,,,
5299741,2026,Davian Humphrey,LB,Eastern Illinois,OVC,0.0,0.0,0.0,0.0,0.0,0.0,1.0,,,,,,,,,,,,,,,,,,,,,,,,,,,,,,,,,,,,,,,,,,,,,,,
5299765,2026,Tyler Fortis,DL,Eastern Illinois,OVC,0.0,0.0,0.0,0.0,0.0,0.5,1.0,,,,,,,,,,,,,,,,,,,,,,,,,,,,,,,,,,,,,,,,,,,,,,,
5299766,2026,Kefa Pereira,DT,North Dakota,MVFC,0.0,1.0,0.5,0.0,0.0,0.5,1.0,,,,,,,,,,,,,,,,,,,,,,,,,,,,,,,,,,,,,,,,,,,,,,,
5299814,2026,Gabe Copeland,LB,SE Louisiana,Southland,0.0,0.0,0.0,0.0,0.0,0.5,3.0,,,,,,,,,,,,,,,,,,,,,,,,,,,,,,,,,,,,,,,,,,,,,,,
5299953,2026,Kayden Andoh,RB,Nicholls,Southland,,,,,,,,,,,,,,,12.0,12.0,1.0,0.0,12.0,,,,,,,,,,,,,,,,,,,,,,,,,,,,,,,,,,,
5299957,2026,Amari Clayton,WR,Nicholls,Southland,,,,,,,,,,,,,,,,,,,,,,,,,,,,,,,,,,,,,,,,,,,,,5.0,1.0,0.0,5.0,5.0,,,,,
5299960,2026,Jonathan Dartez,RB,Nicholls,Southland,,,,,,,,,,,,,,,,,,,,,,,,,,,,,,,,,,,,,,,,,,,,,,,,,,4.0,4.0,0.0,10.0,2.5
5299961,2026,Gavin Duplechin,DB,Nicholls,Southland,0.0,0.0,0.0,3.0,0.0,0.0,4.0,,,,,,,,,,,,,,,,,,,,,,,,,,,,,,,,,,,,,,,,,,,,,,,
5299962,2026,Griffin Ellis,DT,Nicholls,Southland,0.0,0.0,0.0,1.0,0.0,0.0,1.0,,,,,,,,,,,,,,,,,,,,,,,,,,,,,,,,,,,,,,,,,,,,,,,
5299965,2026,Pharrell Harewood,P,Nicholls,Southland,,,,,,,,,,,,,,,,,,,,,,,,,,,,,,,,,,,,,,,0.0,47.0,3.0,0.0,128.0,42.7,,,,,,,,,,
5299966,2026,Alec Haynes,DE,Nicholls,Southland,0.0,1.0,0.0,1.0,0.0,0.0,2.0,,,,,,,,,,,,,,,,,,,,,,,,,,,,,,,,,,,,,,,,,,,,,,,
5299967,2026,Carsen Hebert,PK,Nicholls,Southland,0.0,0.0,0.0,1.0,0.0,0.0,1.0,,,,,,,,,,,,,,,,,,,,,,,,,,,,,,,,,,,,,,,,,,,,,,,
5299972,2026,Dedric Lastie,WR,Nicholls,Southland,,,,,,,,,,,,,,,,,,,,,,,,,,,,,,,,,,,,,,,,,,,,,14.0,1.0,0.0,14.0,14.0,,,,,
5299977,2026,Antoine Okelo-Johnson,DE,Nicholls,Southland,0.0,0.0,0.0,1.0,0.0,0.0,2.0,0.0,0.0,1.0,9.0,1.0,0.0,9.0,,,,,,,,,,,,,,,,,,,,,,,,,,,,,,,,,,,,,,,,
5300045,2026,Ezekiel Pour,RB,Morehead State,Pioneer,0.0,0.0,0.0,1.0,0.0,0.0,1.0,,,,,,,,,,,,,,,,,,,,,,,,,,,,,,,,,,,,,,,,,,,,,,,
5300054,2026,Demarcus Batiste,DB,Morehead State,Pioneer,1.0,0.0,0.0,1.0,0.0,0.0,1.0,,,,,,,,,,,,,,,,,,,,,,,,,,,,,,,,,,,,,,,,,,,,,,,
5300068,2026,Sidney Webb,DB,Morehead State,Pioneer,1.0,0.0,0.0,7.0,0.0,0.0,7.0,,,,,,,,17.0,19.0,2.0,0.0,34.0,,,,,,,,,,,,,,,10.6,37.0,5.0,0.0,53.0,,,,,,,,,,,,,,,,
5300070,2026,Jordan Price,PK,Morehead State,Pioneer,,,,,,,,,,,,,,,,,,,,2.0,2.0,35.0,1.0,8.0,2.0,2.0,,,,,,,,,,,,,,,,,,,,,,,,,,,,
5300075,2026,Damiano Mastroianni,DL,Morehead State,Pioneer,0.0,2.0,1.5,1.0,0.0,1.5,2.0,,,,,,,,,,,,,,,,,,,,,,,,,,,,,,,,,,,,,,,,,,,,,,,
5300076,2026,Max Carver,LB,Morehead State,Pioneer,0.0,0.0,0.0,0.0,0.0,0.0,1.0,,,,,,,,,,,,,,,,,,,,,,,,,,,,,,,,,,,,,,,,,,,,,,,
5300078,2026,Lane Sumerel,LB,Morehead State,Pioneer,0.0,0.0,0.0,4.0,0.0,1.0,7.0,,,,,,,,,,,,,,,,,,,,,,,,,,,,,,,,,,,,,,,,,,,,,,,
5300080,2026,Antwan Houge,DL,Morehead State,Pioneer,0.0,0.0,0.0,0.0,0.0,0.0,2.0,,,,,,,,,,,,,,,,,,,,,,,,,,,,,,,,,,,,,,,,,,,,,,,
5300082,2026,KJ Hardesty,DL,Morehead State,Pioneer,0.0,2.0,0.5,1.0,0.0,1.0,13.0,,,,,,,,,,,,,,,,,,,,,,,,,,,,,,,,,,,,,,,,,,,,,,,
5300097,2026,Sam Harkness,WR,Morehead State,Pioneer,,,,,,,,,,,,,,,,,,,,,,,,,,,,,,,,,,,,,,,,,,,,,18.0,2.0,1.0,23.0,11.5,,,,,
5300099,2026,Cannon Dinger,WR,Morehead State,Pioneer,,,,,,,,1.0,1.0,0.0,,,,,,,,,,,,,,,,,,,,,,,,,,,,,,,,,,,33.0,7.0,1.0,134.0,19.1,,,,,
5300102,2026,Riley Purcell,WR,Morehead State,Pioneer,,,,,,,,0.0,0.0,1.0,,,,,,,,,,,,,,,,,,,,,,,,,,,,,,,,,,,17.0,3.0,0.0,39.0,13.0,,,,,
5300103,2026,Keegan Zylstra,WR,Morehead State,Pioneer,,,,,,,,,,,,,,,,,,,,,,,,,,,,,,,,,,,,,,,,,,,,,22.0,5.0,0.0,50.0,10.0,,,,,
5300107,2026,JR Lyons,DL,Morehead State,Pioneer,0.0,0.0,0.0,0.0,0.0,0.0,2.0,,,,,,,,,,,,,,,,,,,,,,,,,,,,,,,,,,,,,,,,,,,,,,,
5300117,2026,Richard Pooler,DB,Presbyterian,Pioneer,0.0,0.0,0.0,1.0,0.0,0.0,2.0,,,,,,,,,,,,,,,,,,,,,,,,,,,0.0,0.0,1.0,0.0,0.0,,,,,,,,,,,,,,,,
5300119,2026,Landon Sharpe,QB,Presbyterian,Pioneer,,,,,,,,1.0,1.0,0.0,,,,,,,,,,,,,,,,,43.0,30.0,1.0,0.698,3.0,367.0,8.5,,,,,,,,,,,,,,,,,17.0,15.0,1.0,88.0,5.2
5300121,2026,Noah Taylor,DB,Presbyterian,Pioneer,3.0,0.0,0.0,0.0,0.0,0.0,1.0,,,,,,,,21.0,21.0,1.0,0.0,21.0,,,,,,,,,,,,,,,,,,,,,,,,,,,,,,,,,,,
5300123,2026,Damion Moate,RB,Presbyterian,Pioneer,,,,,,,,,,,,,,,,,,,,,,,,,,,,,,,,,,,,,,,,,,,,,,,,,,13.0,16.0,1.0,46.0,3.5
5300133,2026,Jaidyn Ferguson,DL,Presbyterian,Pioneer,0.0,0.0,0.0,1.0,0.0,0.0,1.0,,,,,,,,,,,,,,,,,,,,,,,,,,,,,,,,,,,,,,,,,,,,,,,
5300152,2026,Malachi Gordon,DB,Presbyterian,Pioneer,0.0,0.0,0.0,1.0,0.0,0.0,3.0,,,,,,,,20.0,20.0,1.0,0.0,20.0,,,,,,,,,,,,,,,,,,,,,,,,,,,,,,,,,,,
5300155,2026,Andrew Ruppe,LB,Presbyterian,Pioneer,0.0,0.0,1.0,5.0,0.0,1.0,9.0,0.0,0.0,1.0,,,,,,,,,,,,,,,,,,,,,,,,,,,,,,,,,,,,,,,,,,,,
5300200,2026,Pierce McCrary,WR,St. Thomas (MN),Pioneer,,,,,,,,,,,,,,,,,,,,,,,,,,,,,,,,,,,,,,,,,,,,,21.0,5.0,1.0,36.0,7.2,,,,,
5300208,2026,Will Seymour,LB,St. Thomas (MN),Pioneer,0.0,1.0,0.0,1.0,0.0,0.5,6.0,,,,,,,,,,,,,,,,,,,,,,,,,,,,,,,,,,,,,,,,,,,,,,,
5300215,2026,Malachi Boadi,LB,St. Thomas (MN),Pioneer,0.0,0.0,0.0,2.0,0.0,1.0,2.0,,,,,,,,,,,,,,,,,,,,,,,,,,,,,,,,,,,,,,,,,,,,,,,
5300223,2026,Mitchell Nigro,LB,St. Thomas (MN),Pioneer,0.0,1.0,0.5,0.0,0.0,0.5,1.0,,,,,,,,,,,,,,,,,,,,,,,,,,,,,,,,,,,,,,,,,,,,,,,
5300242,2026,Aidan Adamski,DL,St. Thomas (MN),Pioneer,0.0,0.0,0.5,0.0,0.0,0.5,2.0,,,,,,,,,,,,,,,,,,,,,,,,,,,,,,,,,,,,,,,,,,,,,,,
5300306,2026,Rafael Little,LB,Anderson (SC),South Atlantic,0.0,0.0,0.0,2.0,0.0,0.0,4.0,,,,,,,,,,,,,,,,,,,,,,,,,,,,,,,,,,,,,,,,,,,,,,,
5300321,2026,Orlando Daniels,DE,Chattanooga,Southern,0.0,0.0,0.0,1.0,0.0,1.0,3.0,,,,,,,,,,,,,,,,,,,,,,,,,,,,,,,,,,,,,,,,,,,,,,,
5300323,2026,TJ Worthy,RB,Chattanooga,Southern,,,,,,,,,,,,,,,,,,,,,,,,,,,,,,,,,,,,,,,,,,,,,,,,,,9.0,4.0,0.0,18.0,2.0
5300325,2026,Jaden Nelson,DB,Chattanooga,Southern,0.0,0.0,0.0,1.0,0.0,0.0,1.0,,,,,,,,,,,,,,,,,,,,,,,,,,,,,,,,,,,,,,,,,,,,,,,
5300341,2026,Landon Strickland,TE,Chattanooga,Southern,,,,,,,,,,,,,,,,,,,,,,,,,,,,,,,,,,,,,,,,,,,,,33.0,1.0,0.0,33.0,33.0,,,,,
5300344,2026,Myles Mays,DT,Chattanooga,Southern,0.0,0.0,1.0,1.0,0.0,1.0,3.0,,,,,,,,,,,,,,,,,,,,,,,,,,,,,,,,,,,,,,,,,,,,,,,
5300481,2026,Connor Morin,WR,Furman,Southern,,,,,,,,,,,,,,,,,,,,,,,,,,,,,,,,,,5.5,7.0,2.0,0.0,11.0,,,,,,,,,,,,,,,,
5300485,2026,Isaiah Davis,RB,Furman,Southern,,,,,,,,,,,,,,,,,,,,,,,,,,,,,,,,,,,,,,,,,,,,,,,,,,2.0,7.0,0.0,9.0,4.5
5300487,2026,Connor Adams,CB,Furman,Southern,0.0,0.0,0.0,1.0,0.0,0.0,1.0,,,,,,,,,,,,,,,,,,,,,,,,,,,,,,,,,,,,,,,,,,,,,,,
5300489,2026,CJ Nettles,RB,Furman,Southern,,,,,,,,,,,,,,,,,,,,,,,,,,,,,,,,,,,,,,,,,,,,,,,,,,10.0,47.0,0.0,99.0,9.9
5300493,2026,Caleb Ellison,LB,Furman,Southern,0.0,0.0,0.0,1.0,0.0,0.0,2.0,,,,,,,,,,,,,,,,,,,,,,,,,,,,,,,,,,,,,,,,,,,,,,,
5300495,2026,Caleb Easterling,CB,Furman,Southern,0.0,0.0,0.0,4.0,0.0,0.0,5.0,,,,,,,,26.5,27.0,2.0,0.0,53.0,,,,,,,,,,,,,,,,,,,,,,,,,,,,,,,,,,,
5300503,2026,Johnny Okolo,DL,Furman,Southern,1.0,0.0,0.0,0.0,0.0,0.0,0.0,,,,,,,,,,,,,,,,,,,,,,,,,,,,,,,,,,,,,,,,,,,,,,,
5300514,2026,William Pendergrass,P,Furman,Southern,,,,,,,,,,,,,,,,,,,,,,,,,,,,,,,,,,,,,,,1.0,38.0,1.0,0.0,38.0,38.0,,,,,,,,,,
5300547,2026,Kelton Crisp,DL,Austin Peay,UAC,0.0,1.0,1.5,1.0,0.0,1.5,2.0,,,,,,,,,,,,,,,,,,,,,,,,,,,,,,,,,,,,,,,,,,,,,,,
5300739,2026,Tahir Mills,RB,Youngstown State,MVFC,,,,,,,,,,,,,,,,,,,,,,,,,,,,,,,,,,,,,,,,,,,,,,,,,,2.0,10.0,0.0,12.0,6.0
5300743,2026,Malachi Lewis,QB,Youngstown State,MVFC,,,,,,,,,,,,,,,,,,,,,,,,,,,1.0,0.0,0.0,0.0,0.0,0.0,0.0,,,,,,,,,,,,,,,,,1.0,0.0,0.0,-4.0,-4.0
5300748,2026,Baron White,DB,Youngstown State,MVFC,0.0,0.0,0.0,0.0,0.0,0.0,1.0,,,,,,,,,,,,,,,,,,,,,,,,,,,,,,,,,,,,,,,,,,,,,,,
5300750,2026,Donald Barksdale,RB,Youngstown State,MVFC,,,,,,,,,,,,,,,22.5,26.0,2.0,0.0,45.0,,,,,,,,,,,,,,,,,,,,,,,,,,,,,,,1.0,12.0,0.0,12.0,12.0
5300752,2026,Jeremiah Sanders,WR,Youngstown State,MVFC,,,,,,,,,,,,,,,,,,,,,,,,,,,,,,,,,,,,,,,,,,,,,14.0,1.0,0.0,14.0,14.0,,,,,
5300756,2026,Evan Anderson,P,Youngstown State,MVFC,,,,,,,,,,,,,,,,,,,,,,,,,,,,,,,,,,,,,,,0.0,43.0,1.0,0.0,43.0,43.0,,,,,,,,,,
5300760,2026,Michael Wright Jr.,DL,Youngstown State,MVFC,0.0,0.0,0.0,1.0,0.0,0.0,1.0,,,,,,,,,,,,,,,,,,,,,,,,,,,,,,,,,,,,,,,,,,,,,,,
5300774,2026,Thomas Jolly,DL,Youngstown State,MVFC,0.0,0.0,0.0,0.0,0.0,0.5,2.0,,,,,,,,,,,,,,,,,,,,,,,,,,,,,,,,,,,,,,,,,,,,,,,
5300776,2026,Michael McMaugh,QB,Maine,Coastal Athletic,,,,,,,,,,,,,,,,,,,,,,,,,,,,,,,,,,,,,,,,,,,,,,,,,,2.0,4.0,0.0,6.0,3.0
5300778,2026,Daniel Batch,RB,Maine,Coastal Athletic,,,,,,,,,,,,,,,,,,,,,,,,,,,,,,,,,,,,,,,,,,,,,,,,,,3.0,14.0,0.0,11.0,3.7
5300785,2026,Kamden Tiller,DB,Maine,Coastal Athletic,0.0,0.0,0.0,1.0,0.0,0.0,1.0,,,,,,,,,,,,,,,,,,,,,,,,,,,,,,,,,,,,,,,,,,,,,,,
5300787,2026,Shane Keyes-Wilson,LB,Maine,Coastal Athletic,0.0,0.0,0.0,1.0,0.0,0.0,4.0,,,,,,,,,,,,,,,,,,,,,,,,,,,,,,,,,,,,,,,,,,,,,,,
5300796,2026,Sebastian Ramery,TE,Maine,Coastal Athletic,,,,,,,,,,,,,,,12.0,12.0,1.0,0.0,12.0,,,,,,,,,,,,,,,,,,,,,,,,,,,,,,,,,,,
5300799,2026,Jake Kucera,DB,Maine,Coastal Athletic,0.0,0.0,0.0,2.0,0.0,0.0,4.0,0.0,0.0,1.0,,,,,,,,,,,,,,,,,,,,,,,,,,,,,,,,,,,,,,,,,,,,
5300921,2026,Chancellor Bryant,S,West Georgia,UAC,1.0,0.0,0.0,1.0,0.0,0.0,1.0,,,,,,,,,,,,,,,,,,,,,,,,,,,,,,,,,,,,,,,,,,,,,,,
5300923,2026,Shawn Cummings,CB,West Georgia,UAC,1.0,0.0,0.0,3.0,0.0,0.0,3.0,,,,,,,,,,,,,,,,,,,,,,,,,,,,,,,,,,,,,,,,,,,,,,,
5300952,2026,Aidan Sefa,TE,West Georgia,UAC,,,,,,,,,,,,,,,,,,,,,,,,,,,,,,,,,,,,,,,,,,,,,24.0,3.0,0.0,49.0,16.3,,,,,
5300960,2026,Holton Harris,DE,West Georgia,UAC,0.0,0.0,1.0,2.0,0.0,1.0,2.0,,,,,,,,,,,,,,,,,,,,,,,,,,,,,,,,,,,,,,,,,,,,,,,
5300962,2026,Lucas Naquin,LB,West Georgia,UAC,0.0,1.0,0.0,3.0,0.0,0.0,6.0,,,,,,,,,,,,,,,,,,,,,,,,,,,,,,,,,,,,,,,,,,,,,,,
5301130,2026,Chandler Chapman,RB,Southern Illinois,MVFC,,,,,,,,,,,,,,,,,,,,,,,,,,,,,,,,,,,,,,,,,,,,,8.0,2.0,1.0,8.0,4.0,10.0,29.0,0.0,75.0,7.5
5301137,2026,David Obadein,LB,Southern Illinois,MVFC,0.0,0.0,0.0,1.0,0.0,0.0,1.0,,,,,,,,,,,,,,,,,,,,,,,,,,,,,,,,,,,,,,,,,,,,,,,
5301138,2026,Cameron Cason,CB,Southern Illinois,MVFC,0.0,0.0,0.0,1.0,0.0,0.0,1.0,,,,,,,,,,,,,,,,,,,,,,,,,,,,,,,,,,,,,,,,,,,,,,,
5301155,2026,Kaden Lewis,DT,Southern Illinois,MVFC,0.0,0.0,0.0,0.0,0.0,0.0,1.0,,,,,,,,,,,,,,,,,,,,,,,,,,,,,,,,,,,,,,,,,,,,,,,
5301231,2026,Carter Byrd,DB,SE Louisiana,Southland,0.0,0.0,0.0,2.0,0.0,0.0,5.0,,,,,,,,,,,,,,,,,,,,,,,,,,,,,,,,,,,,,,,,,,,,,,,
5301240,2026,Kyree Paul,RB,SE Louisiana,Southland,,,,,,,,2.0,0.0,0.0,,,,,22.3,29.0,3.0,0.0,67.0,,,,,,,,,,,,,,,,,,,,,,,,,,6.0,1.0,0.0,6.0,6.0,8.0,37.0,0.0,70.0,8.8
5301243,2026,Lonnie Shinn,TE,SE Louisiana,Southland,,,,,,,,,,,,,,,,,,,,,,,,,,,,,,,,,,,,,,,,,,,,,11.0,2.0,0.0,19.0,9.5,,,,,
5301244,2026,Calvin Smith Jr.,RB,SE Louisiana,Southland,,,,,,,,1.0,1.0,0.0,,,,,,,,,,,,,,,,,,,,,,,,,,,,,,,,,,,0.0,1.0,0.0,-2.0,-2.0,7.0,10.0,1.0,24.0,3.4
5301246,2026,Drew Talley,PK,SE Louisiana,Southland,,,,,,,,,,,,,,,,,,,,1.0,0.0,0.0,0.0,4.0,4.0,4.0,,,,,,,,,,,,,,,,,,,,,,,,,,,,
5301254,2026,Shamir Fredericks,DB,Long Island University,NEC,0.0,0.0,0.0,2.0,0.0,0.0,2.0,,,,,,,,,,,,,,,,,,,,,,,,,,,,,,,,,,,,,,,,,,,,,,,
5301281,2026,Dimitri Howard,WR,Murray State,MVFC,,,,,,,,,,,,,,,32.3,49.0,3.0,0.0,97.0,,,,,,,,,,,,,,,,,,,,,,,,,,22.0,3.0,0.0,37.0,12.3,,,,,
5301283,2026,Brooks Esplin,S,Murray State,MVFC,0.0,0.0,0.0,3.0,0.0,0.0,4.0,,,,,,,,,,,,,,,,,,,,,,,,,,,,,,,,,,,,,,,,,,,,,,,
5301284,2026,Dylan Rowsey,S,Murray State,MVFC,1.0,0.0,0.0,2.0,0.0,0.0,8.0,,,,,,,,,,,,,,,,,,,,,,,,,,,,,,,,,,,,,,,,,,,,,,,
5301289,2026,DeMarkus Boykin,DB,Murray State,MVFC,0.0,0.0,0.0,3.0,0.0,0.0,3.0,,,,,,,,,,,,,,,,,,,,,,,,,,,,,,,,,,,,,,,,,,,,,,,
5301291,2026,Rett Hemphill,LB,Murray State,MVFC,0.0,0.0,0.0,4.0,0.0,0.0,5.0,,,,,,,,,,,,,,,,,,,,,,,,,,,,,,,,,,,,,,,,,,,,,,,
5301301,2026,Tyler Dorn,PK,Murray State,MVFC,,,,,,,,,,,,,,,,,,,,0.0,0.0,0.0,0.0,0.0,1.0,0.0,,,,,,,,,,,,,,,,,,,,,,,,,,,,
5301305,2026,Jayden Walker,DL,Murray State,MVFC,0.0,0.0,1.0,2.0,0.0,2.0,4.0,,,,,,,,,,,,,,,,,,,,,,,,,,,,,,,,,,,,,,,,,,,,,,,
5301310,2026,Klayton Ingram,LB,Murray State,MVFC,0.0,0.0,0.0,3.0,0.0,1.0,10.0,,,,,,,,,,,,,,,,,,,,,,,,,,,,,,,,,,,,,,,,,,,,,,,
5301320,2026,Jacob Darby,OL,Murray State,MVFC,0.0,0.0,0.0,1.0,0.0,0.0,1.0,,,,,,,,,,,,,,,,,,,,,,,,,,,,,,,,,,,,,,,,,,,,,,,
5301331,2026,Ty Brown,TE,Murray State,MVFC,,,,,,,,,,,,,,,,,,,,,,,,,,,,,,,,,,,,,,,,,,,,,17.0,2.0,0.0,13.0,6.5,,,,,
5301334,2026,Jaxon Potter,WR,Murray State,MVFC,,,,,,,,,,,,,,,,,,,,,,,,,,,,,,,,,,,,,,,,,,,,,22.0,5.0,1.0,48.0,9.6,,,,,
5301336,2026,Cameron Daniels,DL,Murray State,MVFC,0.0,0.0,0.0,1.0,0.0,1.0,2.0,,,,,,,,,,,,,,,,,,,,,,,,,,,,,,,,,,,,,,,,,,,,,,,
5301341,2026,Jadon Martin,DL,Murray State,MVFC,0.0,0.0,0.5,0.0,0.0,0.5,1.0,,,,,,,,,,,,,,,,,,,,,,,,,,,,,,,,,,,,,,,,,,,,,,,
5301348,2026,Thio Georges,CB,Houston Christian,Southland,0.0,0.0,0.0,0.0,0.0,0.0,1.0,,,,,,,,,,,,,,,,,,,,,,,,,,,,,,,,,,,,,,,,,,,,,,,
5301349,2026,Javon Bejarano,S,Houston Christian,Southland,0.0,0.0,0.0,5.0,0.0,0.0,10.0,,,,,,,,,,,,,,,,,,,,,,,,,,,,,,,,,,,,,,,,,,,,,,,
5301353,2026,Jadon Ducos,LB,Houston Christian,Southland,0.0,0.0,0.0,0.0,0.0,0.0,2.0,,,,,,,,,,,,,,,,,,,,,,,,,,,,,,,,,,,,,,,,,,,,,,,
5301355,2026,Jeremiah Queen,CB,Houston Christian,Southland,0.0,0.0,0.0,1.0,0.0,0.0,1.0,,,,,,,,,,,,,,,,,,,,,,,,,,,,,,,,,,,,,,,,,,,,,,,
5301363,2026,Amari Deason,DT,Houston Christian,Southland,0.0,0.0,0.0,0.0,0.0,0.0,3.0,,,,,,,,,,,,,,,,,,,,,,,,,,,,,,,,,,,,,,,,,,,,,,,
5301374,2026,Tobi Akintade,DL,Houston Christian,Southland,0.0,0.0,0.0,0.0,0.0,0.0,2.0,,,,,,,,,,,,,,,,,,,,,,,,,,,,,,,,,,,,,,,,,,,,,,,
5301476,2026,Grant Noland,DB,North Dakota,MVFC,2.0,0.0,0.0,0.0,0.0,0.0,0.0,0.0,0.0,1.0,,,,,,,,,,,,,,,,,,,,,,,,,,,,,,,,,,,,,,,,,,,,
5301477,2026,Grant Tylutki,DB,North Dakota,MVFC,0.0,0.0,0.0,1.0,0.0,1.0,2.0,,,,,,,,,,,,,,,,,,,,,,,,,,,,,,,,,,,,,,,,,,,,,,,
5301478,2026,Griffin Broderick,RB,North Dakota,MVFC,,,,,,,,,,,,,,,,,,,,,,,,,,,,,,,,,,,,,,,,,,,,,,,,,,7.0,8.0,0.0,33.0,4.7
5301479,2026,Charles Langama,RB,North Dakota,MVFC,,,,,,,,,,,,,,,22.7,43.0,3.0,0.0,68.0,,,,,,,,,,,,,,,,,,,,,,,,,,5.0,1.0,0.0,5.0,5.0,12.0,13.0,1.0,51.0,4.3
5301481,2026,Owen Thielges,S,North Dakota,MVFC,0.0,0.0,0.0,1.0,0.0,0.0,2.0,,,,,,,,,,,,,,,,,,,,,,,,,,,,,,,,,,,,,,,,,,,,,,,
5301483,2026,Evan Kludt,DB,North Dakota,MVFC,0.0,0.0,0.0,2.0,0.0,0.0,2.0,,,,,,,,,,,,,,,,,,,,,,,,,,,,,,,,,,,,,,,,,,,,,,,
5301485,2026,Carter Kleinsasser,EDGE,North Dakota,MVFC,0.0,1.0,0.0,0.0,0.0,0.0,1.0,,,,,,,,,,,,,,,,,,,,,,,,,,,,,,,,,,,,,,,,,,,,,,,
5301488,2026,Brody Thornton,EDGE,North Dakota,MVFC,0.0,1.0,0.0,1.0,0.0,1.0,1.0,,,,,,,,,,,,,,,,,,,,,,,,,,,,,,,,,,,,,,,,,,,,,,,
5301497,2026,Nathan Hromadka,TE,North Dakota,MVFC,,,,,,,,,,,,,,,,,,,,,,,,,,,,,,,,,,,,,,,,,,,,,5.0,2.0,1.0,6.0,3.0,,,,,
5301582,2026,Al Sandifer,DL,Austin Peay,UAC,0.0,0.0,0.0,1.0,0.0,0.0,2.0,,,,,,,,,,,,,,,,,,,,,,,,,,,,,,,,,,,,,,,,,,,,,,,
5301657,2026,Andrew Indorf,QB,Towson,Coastal Athletic,,,,,,,,,,,,,,,,,,,,,,,,,,,21.0,15.0,1.0,0.714,2.0,267.0,12.7,,,,,,,,,,,,,,,,,10.0,8.0,0.0,-30.0,-3.0
5301659,2026,Kemarrion Battles,RB,Towson,Coastal Athletic,,,,,,,,,,,,,,,,,,,,,,,,,,,,,,,,,,,,,,,,,,,,,52.0,2.0,0.0,59.0,29.5,18.0,13.0,0.0,89.0,4.9
5301660,2026,Kyron Grayson,DB,Towson,Coastal Athletic,0.0,0.0,0.0,0.0,0.0,0.0,1.0,,,,,,,,,,,,,,,,,,,,,,,,,,,,,,,,,,,,,,,,,,,,,,,
5301662,2026,Bryan Lodge,DB,Towson,Coastal Athletic,0.0,0.0,0.0,2.0,0.0,0.5,6.0,,,,,,,,,,,,,,,,,,,,,,,,,,,,,,,,,,,,,,,,,,,,,,,
5301665,2026,Cody Williams,DB,Towson,Coastal Athletic,0.0,0.0,0.0,2.0,0.0,0.0,2.0,,,,,,,,,,,,,,,,,,,,,,,,,,,,,,,,,,,,,,,,,,,,,,,
5301666,2026,Ben Kumpon,LB,Towson,Coastal Athletic,0.0,1.0,0.0,2.0,0.0,0.5,5.0,,,,,,,,,,,,,,,,,,,,,,,,,,,,,,,,,,,,,,,,,,,,,,,
5301668,2026,Owen Scheihing,PK,Towson,Coastal Athletic,,,,,,,,,,,,,,,,,,,,,,,,,,,,,,,,,,,,,,,1.0,57.0,5.0,0.0,233.0,46.6,,,,,,,,,,
5301673,2026,Nicholas Miano,DL,Towson,Coastal Athletic,0.0,0.0,0.0,1.0,0.0,1.0,1.0,,,,,,,,,,,,,,,,,,,,,,,,,,,,,,,,,,,,,,,,,,,,,,,
5301675,2026,Seth Chestnut,LB,Towson,Coastal Athletic,0.0,0.0,0.0,2.0,0.0,1.5,7.0,,,,,,,,,,,,,,,,,,,,,,,,,,,,,,,,,,,,,,,,,,,,,,,
5301677,2026,Asaiah Hamond,DL,Towson,Coastal Athletic,0.0,1.0,0.0,0.0,0.0,0.0,1.0,,,,,,,,,,,,,,,,,,,,,,,,,,,,,,,,,,,,,,,,,,,,,,,
5301678,2026,Chris Koffi,LB,Towson,Coastal Athletic,0.0,0.0,0.0,1.0,0.0,0.0,5.0,,,,,,,,,,,,,,,,,,,,,,,,,,,,,,,,,,,,,,,,,,,,,,,
5301685,2026,Zion Copeland,DL,Towson,Coastal Athletic,0.0,0.0,0.0,1.0,0.0,0.0,4.0,,,,,,,,,,,,,,,,,,,,,,,,,,,,,,,,,,,,,,,,,,,,,,,
5301689,2026,Zaydaan Faridi,PK,Towson,Coastal Athletic,,,,,,,,,,,,,,,,,,,,2.0,1.0,39.0,0.5,4.0,1.0,1.0,,,,,,,,,,,,,,,,,,,,,,,,,,,,
5301690,2026,Kobe Abraham,WR,Glenville State,Mountain East,0.0,0.0,0.0,1.0,0.0,0.0,1.0,,,,,,,,,,,,,,,,,,,,,,,,,,,,,,,,,,,,,,,,,,,,,,,
5301841,2026,Marcus Washington,DB,Central Arkansas,UAC,0.0,0.0,0.0,2.0,0.0,0.0,5.0,,,,,,,,,,,,,,,,,,,,,,,,,,,,,,,,,,,,,,,,,,,,,,,
5301842,2026,Ty Durham,WR,Central Arkansas,UAC,,,,,,,,1.0,0.0,0.0,,,,,,,,,,,,,,,,,,,,,,,,,,,,,,,,,,,19.0,8.0,0.0,68.0,8.5,,,,,
5301845,2026,Tyrell Pollard,WR,Central Arkansas,UAC,,,,,,,,,,,,,,,,,,,,,,,,,,,,,,,,,,,,,,,,,,,,,47.0,3.0,0.0,59.0,19.7,,,,,
5301849,2026,Jacorey Jones,LB,Central Arkansas,UAC,0.0,0.0,0.0,0.0,0.0,0.0,3.0,,,,,,,,,,,,,,,,,,,,,,,,,,,,,,,,,,,,,,,,,,,,,,,
5301855,2026,Trevion Traylor,DL,Central Arkansas,UAC,0.0,1.0,0.0,0.0,0.0,0.5,3.0,,,,,,,,,,,,,,,,,,,,,,,,,,,,,,,,,,,,,,,,,,,,,,,
5302033,2026,Jacob Domengeaux,DL,UVA Wise,South Atlantic,0.0,0.0,0.0,1.0,0.0,1.5,3.0,,,,,,,,,,,,,,,,,,,,,,,,,,,,,,,,,,,,,,,,,,,,,,,
5302146,2026,Premiere Whitley,DL,Eastern Illinois,OVC,0.0,0.0,0.0,1.0,0.0,0.0,1.0,,,,,,,,,,,,,,,,,,,,,,,,,,,,,,,,,,,,,,,,,,,,,,,
5302461,2026,Jadon Weber,LB,Northwestern State,Southland,0.0,0.0,0.0,1.0,0.0,0.0,5.0,,,,,,,,,,,,,,,,,,,,,,,,,,,,,,,,,,,,,,,,,,,,,,,
5302468,2026,Jimmie Duncan,WR,Northwestern State,Southland,,,,,,,,,,,,,,,,,,,,,,,,,,,,,,,,,,,,,,,,,,,,,59.0,3.0,1.0,93.0,31.0,1.0,8.0,0.0,8.0,8.0
5302469,2026,Brendan Webb,WR,Northwestern State,Southland,,,,,,,,,,,,,,,,,,,,,,,,,,,,,,,,,,,,,,,,,,,,,13.0,5.0,0.0,42.0,8.4,1.0,5.0,0.0,5.0,5.0
5302514,2026,Derek Hite,LB,Elon,Coastal Athletic,0.0,1.0,0.0,2.0,0.0,0.0,4.0,,,,,,,,,,,,,,,,,,,,,,,,,,,,,,,,,,,,,,,,,,,,,,,
5303387,2026,Ellis Stewart,WR,Nicholls,Southland,,,,,,,,,,,,,,,,,,,,,,,,,,,,,,,,,,,,,,,,,,,,,8.0,2.0,0.0,12.0,6.0,,,,,
5303488,2026,Chad Elzy Jr,RB,SE Louisiana,Southland,,,,,,,,1.0,1.0,0.0,,,,,,,,,,,,,,,,,,,,,,,,,,,,,,,,,,,,,,,,13.0,19.0,0.0,55.0,4.2
5303530,2026,Callum Brent,PK,Long Island University,NEC,,,,,,,,,,,,,,,,,,,,,,,,,,,,,,,,,,,,,,,3.0,60.0,7.0,0.0,324.0,46.3,,,,,,,,,,
5304001,2026,Lukas Gilland,WR,Western Illinois,OVC,,,,,,,,,,,,,,,,,,,,,,,,,,,,,,,,,,,,,,,,,,,,,7.0,1.0,0.0,7.0,7.0,,,,,
5304034,2026,Wesley Brown,DL,Glenville State,Mountain East,0.0,0.0,0.0,4.0,0.0,1.0,4.0,,,,,,,,,,,,,,,,,,,,,,,,,,,,,,,,,,,,,,,,,,,,,,,
5304044,2026,Xavier Cannaday,DB,Long Island University,NEC,0.0,0.0,0.0,1.0,0.0,0.0,1.0,,,,,,,,,,,,,,,,,,,,,,,,,,,,,,,,,,,,,,,,,,,,,,,
5304046,2026,Jusden Culpepper,LB,Mississippi Valley State,SWAC,0.0,0.0,0.0,2.0,0.0,0.0,2.0,,,,,,,,,,,,,,,,,,,,,,,,,,,,,,,,,,,,,,,,,,,,,,,
5304050,2026,John Brown,DB,Mississippi Valley State,SWAC,0.0,0.0,0.0,1.0,0.0,0.5,2.0,,,,,,,,,,,,,,,,,,,,,,,,,,,,,,,,,,,,,,,,,,,,,,,
5304053,2026,Chauncey Warren,LB,Mississippi Valley State,SWAC,0.0,0.0,0.0,2.0,0.0,0.0,2.0,,,,,,,,,,,,,,,,,,,,,,,,,,,,,,,,,,,,,,,,,,,,,,,
5304060,2026,Jonathan Nicholson,DB,Mississippi Valley State,SWAC,0.0,0.0,0.0,1.0,0.0,0.0,3.0,,,,,,,,,,,,,,,,,,,,,,,,,,,,,,,,,,,,,,,,,,,,,,,
5304062,2026,Amar'e Pam,LB,Mississippi Valley State,SWAC,0.0,0.0,0.0,0.0,0.0,0.0,1.0,,,,,,,,,,,,,,,,,,,,,,,,,,,,,,,,,,,,,,,,,,,,,,,
5304063,2026,Mahkeil Shuler,DB,Mississippi Valley State,SWAC,0.0,1.0,0.0,2.0,0.0,0.0,2.0,,,,,,,,,,,,,,,,,,,,,,,,,,,,,,,,,,,,,,,,,,,,,,,
5304069,2026,Norman Taylor,RB,Mississippi Valley State,SWAC,,,,,,,,,,,,,,,,,,,,,,,,,,,,,,,,,,,,,,,,,,,,,3.0,1.0,0.0,3.0,3.0,7.0,16.0,0.0,32.0,4.6
5304071,2026,Seth Scott,LB,Mississippi Valley State,SWAC,0.0,0.0,0.0,0.0,0.0,0.0,1.0,,,,,,,,,,,,,,,,,,,,,,,,,,,,,,,,,,,,,,,,,,,,,,,
5304081,2026,Christian White,WR,Nicholls,Southland,,,,,,,,,,,,,,,,,,,,,,,,,,,,,,,,,,,,,,,,,,,,,18.0,2.0,0.0,34.0,17.0,,,,,
5304085,2026,Caleb Brownlow,WR,Mississippi Valley State,SWAC,,,,,,,,,,,,,,,,,,,,,,,,,,,,,,,,,,,,,,,,,,,,,5.0,4.0,0.0,2.0,0.5,,,,,
5304086,2026,Joey Davis,CB,Mississippi Valley State,SWAC,1.0,0.0,0.0,0.0,0.0,0.0,0.0,,,,0.0,1.0,0.0,0.0,,,,,,,,,,,,,,,,,,,,,,,,,,,,,,,,,,,,,,,,
5304088,2026,Derrick Taylor,DE,Mississippi Valley State,SWAC,0.0,0.0,0.0,1.0,0.0,0.0,1.0,,,,,,,,,,,,,,,,,,,,,,,,,,,,,,,,,,,,,,,,,,,,,,,
5304127,2026,Teddy McDuffie Jr.,LB,Mercyhurst,NEC,0.0,0.0,1.5,4.0,0.0,1.5,7.0,,,,,,,,,,,,,,,,,,,,,,,,,,,,,,,,,,,,,,,,,,,,,,,
5304128,2026,Jean-Christophe Vital Cloutier,DB,Mercyhurst,NEC,0.0,0.0,0.5,0.0,0.0,0.5,2.0,,,,,,,,,,,,,,,,,,,,,,,,,,,,,,,,,,,,,,,,,,,,,,,
5304135,2026,Camden Lewis,TE,Mercyhurst,NEC,,,,,,,,,,,,,,,,,,,,,,,,,,,,,,,,,,,,,,,,,,,,,18.0,3.0,0.0,44.0,14.7,2.0,0.0,0.0,-4.0,-2.0
5304138,2026,Jameir Gamble,RB,Mercyhurst,NEC,,,,,,,,,,,,,,,,,,,,,,,,,,,,,,,,,,,,,,,,,,,,,,,,,,9.0,16.0,0.0,36.0,4.0
5304142,2026,Jaiden Allos,LB,Mercyhurst,NEC,0.0,0.0,0.0,0.0,0.0,0.0,2.0,,,,1.0,1.0,0.0,1.0,,,,,,,,,,,,,,,,,,,,,,,,,,,,,,,,,,,,,,,,
5304144,2026,Jayonn Saunders,DB,Mercyhurst,NEC,0.0,0.0,0.0,2.0,0.0,0.0,7.0,,,,,,,,,,,,,,,,,,,,,,,,,,,,,,,,,,,,,,,,,,,,,,,
5304146,2026,Kaleb Platz,LB,Mercyhurst,NEC,1.0,0.0,0.0,0.0,0.0,0.0,0.0,,,,,,,,,,,,,,,,,,,,,,,,,,,0.0,0.0,1.0,0.0,0.0,,,,,,,,,,,,,,,,
5304153,2026,Gavin Burt,LB,Mercyhurst,NEC,0.0,0.0,0.0,1.0,0.0,0.0,1.0,,,,,,,,,,,,,,,,,,,,,,,,,,,,,,,,,,,,,,,,,,,,,,,
5304163,2026,Sawyer Prementine,OL,Mercyhurst,NEC,0.0,0.0,0.0,1.0,0.0,0.0,1.0,,,,,,,,,,,,,,,,,,,,,,,,,,,,,,,,,,,,,,,,,,,,,,,
5304166,2026,Jason Woods,WR,Mercyhurst,NEC,,,,,,,,,,,,,,,17.7,20.0,3.0,0.0,53.0,,,,,,,,,,,,,,,,,,,,,,,,,,18.0,2.0,0.0,29.0,14.5,,,,,
5304167,2026,Sha'lik Hampton,TE,Mercyhurst,NEC,,,,,,,,,,,,,,,,,,,,,,,,,,,,,,,,,,,,,,,,,,,,,2.0,1.0,1.0,2.0,2.0,,,,,
5304172,2026,Lucien Griffin,DL,Mercyhurst,NEC,0.0,0.0,1.0,1.0,0.0,1.0,1.0,,,,,,,,,,,,,,,,,,,,,,,,,,,,,,,,,,,,,,,,,,,,,,,
5304173,2026,Shanard Lo-Ray,DL,Mercyhurst,NEC,0.0,0.0,0.0,2.0,0.0,0.0,3.0,,,,,,,,,,,,,,,,,,,,,,,,,,,,,,,,,,,,,,,,,,,,,,,
5304382,2026,Caleb Jones,PK,Central Arkansas,UAC,,,,,,,,,,,,,,,,,,,,1.0,1.0,32.0,1.0,6.0,5.0,3.0,,,,,,,,,,,,,,,,,,,,,,,,,,,,
5304402,2026,Taliq Black,S,Ohio Dominican,Great Midwest Athletic,2.0,0.0,0.0,8.0,0.0,0.0,9.0,,,,,,,,,,,,,,,,,,,,,,,,,,,,,,,,,,,,,,,,,,,,,,,
5304535,2026,Felix Matos,DB,Long Island University,NEC,0.0,0.0,0.0,4.0,0.0,0.0,4.0,,,,,,,,16.5,19.0,2.0,0.0,33.0,,,,,,,,,,,,,,,,,,,,,,,,,,,,,,,,,,,
5304954,2026,Santana Young,WR,Long Island University,NEC,,,,,,,,,,,,,,,,,,,,,,,,,,,,,,,,,,,,,,,,,,,,,9.0,1.0,0.0,9.0,9.0,,,,,
5304955,2026,Jayden Simpson,WR,Long Island University,NEC,,,,,,,,1.0,1.0,0.0,,,,,,,,,,,,,,,,,,,,,,,,,,,,,,,,,,,17.0,6.0,0.0,27.0,4.5,,,,,
5304959,2026,Jadon Joseph,DL,Long Island University,NEC,0.0,0.0,0.0,1.0,0.0,0.0,1.0,,,,,,,,,,,,,,,,,,,,,,,,,,,,,,,,,,,,,,,,,,,,,,,
5304975,2026,Issaiah Spivey,DB,Long Island University,NEC,,,,,,,,,,,,,,,,,,,,,,,,,,,,,,,,,,,,,,,,,,,,,0.0,1.0,0.0,-2.0,-2.0,,,,,
5304976,2026,Kareem Vessup,DL,Long Island University,NEC,0.0,0.0,0.0,0.0,0.0,0.0,1.0,,,,,,,,,,,,,,,,,,,,,,,,,,,,,,,,,,,,,,,,,,,,,,,
5304985,2026,Will Hawkins,CB,Mississippi Valley State,SWAC,0.0,0.0,0.0,3.0,0.0,0.0,4.0,,,,,,,,,,,,,,,,,,,,,,,,,,,,,,,,,,,,,,,,,,,,,,,
5306183,2026,Tequan Kemp,DL,Drake,Pioneer,0.0,0.0,0.0,0.0,0.0,0.5,1.0,,,,,,,,,,,,,,,,,,,,,,,,,,,,,,,,,,,,,,,,,,,,,,,
5306301,2026,Jamari Stokes,DB,Mississippi Valley State,SWAC,1.0,0.0,0.0,2.0,0.0,0.0,3.0,,,,,,,,,,,,,,,,,,,,,,,,,,,,,,,,,,,,,,,,,,,,,,,
5306304,2026,Phillip Jackson,DL,Mississippi Valley State,SWAC,0.0,0.0,0.0,1.0,0.0,0.0,2.0,,,,,,,,,,,,,,,,,,,,,,,,,,,,,,,,,,,,,,,,,,,,,,,
5307198,2026,Kaydin Thomas,DE,Central Arkansas,UAC,0.0,0.0,0.0,0.0,0.0,0.0,1.0,,,,,,,,,,,,,,,,,,,,,,,,,,,,,,,,,,,,,,,,,,,,,,,
5307312,2026,Matt Rolader,PK,Charleston Southern,OVC,,,,,,,,,,,,,,,,,,,,1.0,1.0,50.0,1.0,5.0,2.0,2.0,,,,,,,,,,,,,,,,,,,,,,,,,,,,
5308425,2026,Jevean Brown,DB,Elon,Coastal Athletic,1.0,1.0,0.0,2.0,0.0,0.0,3.0,,,,,,,,,,,,,,,,,,,,,,,,,,,7.3,11.0,3.0,0.0,22.0,,,,,,,,,,,,,,,,
5308455,2026,Andrew Ruffin,LB,West Georgia,UAC,0.0,0.0,1.0,5.0,0.0,1.0,9.0,,,,,,,,,,,,,,,,,,,,,,,,,,,,,,,,,,,,,,,,,,,,,,,
5308785,2026,Bryce Washington,LB,Chattanooga,Southern,0.0,0.0,0.0,2.0,0.0,0.0,2.0,,,,,,,,,,,,,,,,,,,,,,,,,,,,,,,,,,,,,,,,,,,,,,,
5312206,2026,Brandon Mills,DL,Murray State,MVFC,0.0,0.0,0.0,0.0,0.0,0.5,2.0,,,,,,,,,,,,,,,,,,,,,,,,,,,,,,,,,,,,,,,,,,,,,,,
5326837,2026,Joel Queisser,LB,Mississippi Valley State,SWAC,0.0,1.0,0.0,4.0,0.0,0.0,9.0,,,,,,,,,,,,,,,,,,,,,,,,,,,,,,,,,,,,,,,,,,,,,,,
5402476,2026,TJ Smith,WR,Charleston Southern,OVC,,,,,,,,,,,,,,,,,,,,,,,,,,,,,,,,,,,,,,,,,,,,,6.0,1.0,0.0,6.0,6.0,,,,,
5402482,2026,Harry Smalls,RB,Charleston Southern,OVC,,,,,,,,,,,,,,,,,,,,,,,,,,,,,,,,,,,,,,,,,,,,,,,,,,8.0,11.0,0.0,34.0,4.3
5402487,2026,Baxter Pearce,P,Charleston Southern,OVC,,,,,,,,,,,,,,,,,,,,,,,,,,,,,,,,,,,,,,,1.0,49.0,4.0,0.0,166.0,41.5,,,,,,,,,,
5402489,2026,Collin Bray,DL,Charleston Southern,OVC,0.0,0.0,0.0,0.0,0.0,0.0,1.0,,,,,,,,,,,,,,,,,,,,,,,,,,,,,,,,,,,,,,,,,,,,,,,
5402554,2026,Samuel Gonzalez,WR,Eastern Illinois,OVC,,,,,,,,,,,,,,,,,,,,,,,,,,,,,,,,,,,,,,,,,,,,,24.0,3.0,0.0,50.0,16.7,,,,,
5402561,2026,Micah Valenzuela,LB,Eastern Illinois,OVC,0.0,0.0,0.0,3.0,0.0,0.0,5.0,,,,,,,,,,,,,,,,,,,,,,,,,,,,,,,,,,,,,,,,,,,,,,,
5402564,2026,Tyren Buggs,RB,Eastern Illinois,OVC,,,,,,,,,,,,,,,,,,,,,,,,,,,,,,,,,,,,,,,,,,,,,6.0,1.0,0.0,6.0,6.0,4.0,3.0,0.0,1.0,0.3
5402579,2026,Whitten Weems,TE,Eastern Illinois,OVC,,,,,,,,,,,,,,,,,,,,,,,,,,,,,,,,,,,,,,,,,,,,,3.0,1.0,0.0,3.0,3.0,,,,,
5402596,2026,Isaac Edwards,DB,Lindenwood,OVC,0.0,0.0,0.0,2.0,1.0,0.0,4.0,,,,85.0,1.0,1.0,85.0,,,,,,,,,,,,,,,,,,,,,,,,,,,,,,,,,,,,,,,,
5404620,2026,Riley Warzynski,QB,Drake,Pioneer,,,,,,,,1.0,0.0,0.0,,,,,,,,,,,,,,,,,56.0,38.0,1.0,0.679,3.0,535.0,9.6,,,,,,,,,,,,,,,,,6.0,11.0,0.0,8.0,1.3
5404625,2026,Dax Wiskur,DB,Drake,Pioneer,0.0,0.0,0.0,0.0,0.0,0.0,1.0,,,,,,,,,,,,,,,,,,,,,,,,,,,,,,,,,,,,,,,,,,,,,,,
5404635,2026,Brody Shuss,DB,Drake,Pioneer,0.0,0.0,0.0,3.0,0.0,1.0,4.0,,,,,,,,,,,,,,,,,,,,,,,,,,,,,,,,,,,,,,,,,,,,,,,
5404656,2026,Kobe Lewis,WR,Drake,Pioneer,,,,,,,,,,,,,,,,,,,,,,,,,,,,,,,,,,,,,,,,,,,,,21.0,2.0,0.0,27.0,13.5,,,,,
5404657,2026,Grayson Myer,WR,Drake,Pioneer,,,,,,,,,,,,,,,,,,,,,,,,,,,,,,,,,,,,,,,,,,,,,28.0,3.0,0.0,50.0,16.7,,,,,
5404659,2026,Reid Blackburn,DL,Drake,Pioneer,0.0,0.0,0.0,0.0,0.0,0.0,2.0,,,,,,,,,,,,,,,,,,,,,,,,,,,,,,,,,,,,,,,,,,,,,,,
5405041,2026,Xavier Porter,DB,Elon,Coastal Athletic,1.0,0.0,0.0,2.0,0.0,0.0,2.0,,,,,,,,,,,,,,,,,,,,,,,,,,,,,,,,,,,,,,,,,,,,,,,
5405043,2026,Kamerin McDowell-Moore,RB,Elon,Coastal Athletic,0.0,0.0,0.0,1.0,0.0,0.0,1.0,,,,,,,,,,,,,,,,,,,,,,,,,,,,,,,,,,,,,,9.0,1.0,0.0,9.0,9.0,13.0,19.0,0.0,75.0,5.8
5405044,2026,Tyler Owens,DB,Elon,Coastal Athletic,0.0,0.0,0.0,0.0,0.0,0.0,1.0,,,,,,,,,,,,,,,,,,,,,,,,,,,,,,,,,,,,,,,,,,,,,,,
5405046,2026,Xavier Spadacini,RB,Elon,Coastal Athletic,,,,,,,,,,,,,,,,,,,,,,,,,,,,,,,,,,,,,,,,,,,,,,,,,,1.0,4.0,0.0,4.0,4.0
5405050,2026,Nathan Hayes,DT,Elon,Coastal Athletic,0.0,0.0,0.0,0.0,0.0,0.0,3.0,,,,,,,,,,,,,,,,,,,,,,,,,,,,,,,,,,,,,,,,,,,,,,,
5405058,2026,Connor Dunn,P,Elon,Coastal Athletic,,,,,,,,,,,,,,,,,,,,,,,,,,,,,,,,,,,,,,,1.0,49.0,5.0,0.0,172.0,34.4,,,,,,,,,,
5405431,2026,Corey Rideout,WR,Maine,Coastal Athletic,,,,,,,,,,,,,,,,,,,,,,,,,,,,,,,,,,,,,,,,,,,,,5.0,1.0,0.0,5.0,5.0,,,,,
5405437,2026,Ronalon Renwick,DB,Maine,Coastal Athletic,0.0,0.0,0.0,2.0,0.0,0.0,4.0,,,,,,,,,,,,,,,,,,,,,,,,,,,,,,,,,,,,,,,,,,,,,,,
5405439,2026,Ty Boone,WR,Maine,Coastal Athletic,,,,,,,,,,,,,,,29.0,40.0,2.0,0.0,58.0,,,,,,,,,,,,,,,,,,,,,,,,,,,,,,,,,,,
5405455,2026,Major Leak,WR,Maine,Coastal Athletic,,,,,,,,,,,,,,,,,,,,,,,,,,,,,,,,,,,,,,,,,,,,,12.0,1.0,0.0,12.0,12.0,,,,,
5405584,2026,Gage Brown,DL,SE Louisiana,Southland,1.0,0.0,0.0,0.0,0.0,0.0,1.0,,,,,,,,,,,,,,,,,,,,,,,,,,,,,,,,,,,,,,,,,,,,,,,
5405588,2026,Trace Carter,LB,SE Louisiana,Southland,0.0,0.0,0.0,3.0,0.0,0.0,9.0,,,,,,,,,,,,,,,,,,,,,,,,,,,,,,,,,,,,,,,,,,,,,,,
5405591,2026,Lawson Dixon,WR,SE Louisiana,Southland,,,,,,,,,,,,,,,,,,,,,,,,,,,,,,,,,,,,,,,,,,,,,18.0,4.0,2.0,46.0,11.5,,,,,
5405601,2026,Desmen Jefferson,WR,SE Louisiana,Southland,,,,,,,,,,,,,,,,,,,,,,,,,,,,,,,,,,,,,,,,,,,,,15.0,2.0,0.0,20.0,10.0,,,,,
5405605,2026,Dayshawn McGee,DB,SE Louisiana,Southland,0.0,0.0,0.0,1.0,0.0,0.0,1.0,,,,,,,,,,,,,,,,,,,,,,,,,,,,,,,,,,,,,,,,,,,,,,,
5405612,2026,Shawn Puissegur,LS,SE Louisiana,Southland,0.0,0.0,0.0,1.0,0.0,0.0,1.0,,,,,,,,,,,,,,,,,,,,,,,,,,,,,,,,,,,,,,,,,,,,,,,
5405627,2026,Ethan Holbrook,WR,Mercyhurst,NEC,,,,,,,,1.0,0.0,0.0,,,,,7.0,7.0,1.0,0.0,7.0,,,,,,,,,,,,,,,1.0,1.0,1.0,0.0,1.0,,,,,,,,,,,,,,,,
5405636,2026,Rocco Marcantonio,PK,Mercyhurst,NEC,,,,,,,,,,,,,,,,,,,,1.0,1.0,24.0,1.0,4.0,1.0,1.0,,,,,,,,,,,,,,,,,,,,,,,,,,,,
5405657,2026,Thomas O'Neill,P,Mercyhurst,NEC,,,,,,,,,,,,,,,,,,,,,,,,,,,,,,,,,,,,,,,2.0,47.0,4.0,0.0,166.0,41.5,,,,,,,,,,
5405881,2026,Alex Larry,DL,Northwestern State,Southland,0.0,0.0,0.0,0.0,0.0,0.0,3.0,,,,,,,,,,,,,,,,,,,,,,,,,,,,,,,,,,,,,,,,,,,,,,,
5405882,2026,Geoffrey Ojeh,DE,Northwestern State,Southland,0.0,0.0,0.0,0.0,0.0,0.0,1.0,,,,,,,,,,,,,,,,,,,,,,,,,,,,,,,,,,,,,,,,,,,,,,,
5405886,2026,Brandon Ross,CB,Northwestern State,Southland,0.0,0.0,0.0,2.0,0.0,0.0,3.0,,,,,,,,,,,,,,,,,,,,,,,,,,,,,,,,,,,,,,,,,,,,,,,
5405887,2026,Diego Sanchez,S,Northwestern State,Southland,0.0,0.0,0.0,1.0,0.0,0.0,1.0,,,,,,,,,,,,,,,,,,,,,,,,,,,,,,,,,,,,,,,,,,,,,,,
5405929,2026,Jashaun Amin,WR,Towson,Coastal Athletic,,,,,,,,,,,,,,,24.0,27.0,2.0,0.0,48.0,,,,,,,,,,,,,,,,,,,,,,,,,,7.0,1.0,0.0,7.0,7.0,,,,,
5405930,2026,Xavier Pugh,RB,Towson,Coastal Athletic,,,,,,,,,,,,,,,,,,,,,,,,,,,,,,,,,,,,,,,,,,,,,16.0,1.0,0.0,16.0,16.0,5.0,4.0,0.0,16.0,3.2
5405931,2026,Jacob Davis,QB,Towson,Coastal Athletic,,,,,,,,,,,,,,,,,,,,,,,,,,,,,,,,,,,,,,,,,,,,,,,,,,1.0,3.0,0.0,3.0,3.0
5405933,2026,Mason Cunningham,WR,Towson,Coastal Athletic,,,,,,,,,,,,,,,,,,,,,,,,,,,,,,,,,,12.5,16.0,2.0,0.0,25.0,,,,,,,,,,,,,,,,
5405958,2026,Hayden Loveless,DL,Towson,Coastal Athletic,0.0,0.0,0.0,1.0,0.0,1.0,1.0,,,,,,,,,,,,,,,,,,,,,,,,,,,,,,,,,,,,,,,,,,,,,,,
5406177,2026,Lynn Wyche-El,WR,Youngstown State,MVFC,,,,,,,,,,,,,,,,,,,,,,,,,,,,,,,,,,,,,,,,,,,,,11.0,6.0,1.0,41.0,6.8,2.0,4.0,0.0,4.0,2.0
5406179,2026,Bryan Hunt,WR,Youngstown State,MVFC,,,,,,,,,,,,,,,,,,,,,,,,,,,,,,,,,,,,,,,,,,,,,27.0,4.0,1.0,41.0,10.3,,,,,
5406180,2026,Aidan Fischer,LB,Youngstown State,MVFC,0.0,0.0,1.0,1.0,0.0,1.0,1.0,,,,,,,,,,,,,,,,,,,,,,,,,,,,,,,,,,,,,,,,,,,,,,,
5406185,2026,Zion Neal,WR,Youngstown State,MVFC,,,,,,,,,,,,,,,2.0,2.0,1.0,0.0,2.0,,,,,,,,,,,,,,,,,,,,,,,,,,,,,,,,,,,
5406192,2026,Roderick Owens Jr.,DB,Youngstown State,MVFC,0.0,0.0,0.0,0.0,0.0,0.0,2.0,,,,0.0,1.0,0.0,0.0,,,,,,,,,,,,,,,,,,,,,,,,,,,,,,,,,,,,,,,,
5406193,2026,Bryant Holland-Snowden,DB,Youngstown State,MVFC,0.0,0.0,0.0,1.0,0.0,0.0,3.0,,,,,,,,,,,,,,,,,,,,,,,,,,,,,,,,,,,,,,,,,,,,,,,
5406195,2026,Tyris Davis,DB,Youngstown State,MVFC,1.0,0.0,0.0,0.0,0.0,0.0,0.0,,,,,,,,,,,,,,,,,,,,,,,,,,,,,,,,,,,,,,,,,,,,,,,
5406198,2026,AJ Snyder,DL,Youngstown State,MVFC,0.0,0.0,0.0,0.0,0.0,0.0,1.0,,,,,,,,,,,,,,,,,,,,,,,,,,,,,,,,,,,,,,,,,,,,,,,
5406205,2026,JC Wilson,LB,Morehead State,Pioneer,0.0,1.0,0.0,0.0,0.0,0.0,0.0,,,,,,,,,,,,,,,,,,,,,,,,,,,,,,,,,,,,,,,,,,,,,,,
5406207,2026,Keegan Krupp,LB,Morehead State,Pioneer,0.0,0.0,0.0,1.0,0.0,0.0,3.0,,,,,,,,,,,,,,,,,,,,,,,,,,,,,,,,,,,,,,,,,,,,,,,
5406210,2026,Tazion McQueen,DB,Morehead State,Pioneer,0.0,0.0,0.0,1.0,0.0,0.0,4.0,,,,,,,,,,,,,,,,,,,,,,,,,,,,,,,,,,,,,,,,,,,,,,,
5406220,2026,Blake Surratt,LB,Morehead State,Pioneer,0.0,0.0,0.0,1.0,0.0,0.0,1.0,,,,,,,,,,,,,,,,,,,,,,,,,,,,,,,,,,,,,,,,,,,,,,,
5406222,2026,Bryson Patten,PK,Morehead State,Pioneer,,,,,,,,,,,,,,,,,,,,,,,,,,,,,,,,,,,,,,,1.0,70.0,4.0,0.0,180.0,45.0,,,,,,,,,,
5406226,2026,Kenny Harris,DL,Morehead State,Pioneer,0.0,1.0,0.0,1.0,0.0,0.0,2.0,,,,,,,,,,,,,,,,,,,,,,,,,,,,,,,,,,,,,,,,,,,,,,,
5406231,2026,Colton Francis,DL,Morehead State,Pioneer,0.0,0.0,0.0,0.0,0.0,0.0,1.0,,,,,,,,,,,,,,,,,,,,,,,,,,,,,,,,,,,,,,,,,,,,,,,
5406240,2026,Mak Hoover,WR,Morehead State,Pioneer,,,,,,,,1.0,0.0,0.0,,,,,6.0,6.0,1.0,0.0,6.0,,,,,,,,,,,,,,,,,,,,,,,,,,,,,,,,,,,
5406248,2026,Malik Butler,DL,Morehead State,Pioneer,0.0,0.0,0.0,0.0,0.0,0.0,1.0,,,,,,,,,,,,,,,,,,,,,,,,,,,,,,,,,,,,,,,,,,,,,,,
5406698,2026,Adrian Cormier,RB,Gardner-Webb,OVC,,,,,,,,,,,,,,,,,,,,,,,,,,,,,,,,,,,,,,,,,,,,,14.0,3.0,0.0,26.0,8.7,7.0,5.0,1.0,11.0,1.6
5407681,2026,Andrew Bontekoe,PK,Gardner-Webb,OVC,,,,,,,,,,,,,,,,,,,,0.0,0.0,0.0,0.0,1.0,1.0,1.0,,,,,,,,,,,,,0.0,39.0,1.0,0.0,39.0,39.0,,,,,,,,,,
5408456,2026,Ashton Schumann,WR,Chattanooga,Southern,,,,,,,,,,,,,,,,,,,,,,,,,,,,,,,,,,,,,,,,,,,,,72.0,4.0,1.0,100.0,25.0,,,,,
5410662,2026,Bryce Marcus,WR,Gardner-Webb,OVC,0.0,0.0,0.0,0.0,0.0,0.0,1.0,,,,,,,,,,,,,,,,,,,,,,,,,,,,,,,,,,,,,,,,,,,,,,,
5413484,2026,Connor Ackerley,QB,Furman,Southern,,,,,,,,,,,,,,,,,,,,,,,,,,,,,,,,,,,,,,,,,,,,,,,,,,1.0,5.0,0.0,5.0,5.0
5414870,2026,David Hargro,TE,Western Illinois,OVC,,,,,,,,,,,,,,,,,,,,,,,,,,,,,,,,,,,,,,,,,,,,,16.0,5.0,1.0,36.0,7.2,,,,,
5416075,2026,Donovyn Omolo,QB,Central Arkansas,UAC,,,,,,,,,,,,,,,,,,,,,,,,,,,27.0,20.0,1.0,0.741,3.0,243.0,9.0,,,,,,,,,,,,,,,,,12.0,28.0,0.0,118.0,9.8
5416272,2026,Drew Rozier,DE,Davidson,Pioneer,0.0,0.0,0.0,2.0,0.0,0.0,3.0,,,,,,,,,,,,,,,,,,,,,,,,,,,,,,,,,,,,,,,,,,,,,,,
5417690,2026,Farand Washington,CB,UT Martin,OVC,0.0,0.0,0.0,1.0,0.0,0.0,1.0,,,,,,,,,,,,,,,,,,,,,,,,,,,,,,,,,,,,,,,,,,,,,,,
5418393,2026,Ghee Evans,LB,Nicholls,Southland,0.0,0.0,0.0,1.0,0.0,0.0,2.0,,,,,,,,,,,,,,,,,,,,,,,,,,,,,,,,,,,,,,,,,,,,,,,
5418598,2026,Greg Donaldson,WR,Nicholls,Southland,,,,,,,,,,,,,,,,,,,,,,,,,,,,,,,,,,,,,,,,,,,,,74.0,3.0,1.0,100.0,33.3,,,,,
5426001,2026,Kevin Lalin,RB,Chattanooga,Southern,,,,,,,,,,,,,,,,,,,,,,,,,,,,,,,,,,,,,,,,,,,,,12.0,1.0,0.0,12.0,12.0,30.0,15.0,1.0,128.0,4.3
5426552,2026,Kyle Winchester,DB,St. Thomas (MN),Pioneer,0.0,0.0,0.0,1.0,0.0,0.0,2.0,,,,,,,,,,,,,,,,,,,,,,,,,,,,,,,,,,,,,,,,,,,,,,,
5427586,2026,Lukasz Smolen,PK,Houston Christian,Southland,,,,,,,,,,,,,,,,,,,,2.0,2.0,32.0,1.0,10.0,4.0,4.0,,,,,,,,,,,,,0.0,47.0,2.0,0.0,89.0,44.5,,,,,,,,,,
5429357,2026,Micah Henderson,S,Houston Christian,Southland,0.0,0.0,0.0,1.0,0.0,0.0,5.0,,,,0.0,1.0,0.0,0.0,,,,,,,,,,,,,,,,,,,,,,,,,,,,,,,,,,,,,,,,
5429698,2026,Michael Woods Jr.,CB,Furman,Southern,0.0,0.0,0.0,2.0,0.0,0.0,2.0,,,,,,,,,,,,,,,,,,,,,,,,,,,,,,,,,,,,,,,,,,,,,,,
5429996,2026,Mordecai Ford,RB,St. Thomas (MN),Pioneer,,,,,,,,,,,,,,,18.0,18.0,1.0,0.0,18.0,,,,,,,,,,,,,,,,,,,,,,,,,,15.0,2.0,0.0,22.0,11.0,4.0,2.0,0.0,3.0,0.8
5430634,2026,Nicholas Weaver,LB,Houston Christian,Southland,0.0,0.0,0.0,1.0,0.0,0.0,1.0,,,,,,,,,,,,,,,,,,,,,,,,,,,,,,,,,,,,,,,,,,,,,,,
5433305,2026,Ryan Maxwell,DB,Long Island University,NEC,0.0,0.0,0.0,6.0,0.0,0.0,8.0,,,,,,,,,,,,,,,,,,,,,,,,,,,5.0,5.0,1.0,0.0,5.0,,,,,,,,,,,,,,,,
5433602,2026,Sam Jackson,LB,Central Arkansas,UAC,0.0,0.0,0.0,0.0,0.0,0.0,2.0,,,,,,,,,,,,,,,,,,,,,,,,,,,,,,,,,,,,,,,,,,,,,,,
5434350,2026,Sir Christian Johnson,DB,Central Arkansas,UAC,1.0,0.0,0.0,2.0,0.0,0.0,3.0,,,,,,,,,,,,,,,,,,,,,,,,,,,,,,,,,,,,,,,,,,,,,,,
5435093,2026,Terrill Hopkins,DL,Gardner-Webb,OVC,0.0,0.0,0.0,0.0,0.0,0.5,1.0,,,,,,,,,,,,,,,,,,,,,,,,,,,,,,,,,,,,,,,,,,,,,,,
5435106,2026,Terry Lewis II,CB,Murray State,MVFC,0.0,1.0,0.0,1.0,0.0,0.0,3.0,,,,,,,,,,,,,,,,,,,,,,,,,,,,,,,,,,,,,,,,,,,,,,,
5435653,2026,Tre Yanez,LB,Gardner-Webb,OVC,0.0,1.0,0.0,6.0,0.0,0.5,13.0,,,,,,,,,,,,,,,,,,,,,,,,,,,,,,,,,,,,,,,,,,,,,,,
5435713,2026,Trenton Bell,DB,Gardner-Webb,OVC,0.0,0.0,0.0,2.0,0.0,0.0,2.0,,,,,,,,,,,,,,,,,,,,,,,,,,,,,,,,,,,,,,,,,,,,,,,
5438542,2026,Tay Cline,DB,Murray State,MVFC,0.0,0.0,0.0,0.0,0.0,0.0,1.0,,,,,,,,,,,,,,,,,,,,,,,,,,,,,,,,,,,,,,,,,,,,,,,
5438545,2026,Ryan McCall,LB,Murray State,MVFC,0.0,0.0,0.0,2.0,0.0,2.0,8.0,,,,,,,,,,,,,,,,,,,,,,,,,,,,,,,,,,,,,,,,,,,,,,,
5438546,2026,Mykel Allen,RB,Murray State,MVFC,0.0,0.0,0.0,1.0,0.0,0.0,1.0,,,,,,,,,,,,,,,,,,,,,,,,,,,,,,,,,,,,,,7.0,3.0,0.0,14.0,4.7,10.0,21.0,0.0,54.0,5.4
5438551,2026,Amari McGill,CB,Murray State,MVFC,0.0,0.0,0.0,4.0,0.0,0.5,5.0,,,,,,,,,,,,,,,,,,,,,,,,,,,,,,,,,,,,,,,,,,,,,,,
5438555,2026,Rocco Devita,PK,Murray State,MVFC,,,,,,,,,,,,,,,,,,,,1.0,0.0,0.0,0.0,0.0,0.0,0.0,,,,,,,,,,,,,,,,,,,,,,,,,,,,
5438567,2026,Cedric Henderson,DE,Murray State,MVFC,0.0,0.0,0.0,1.0,0.0,0.0,5.0,,,,,,,,,,,,,,,,,,,,,,,,,,,,,,,,,,,,,,,,,,,,,,,
5438585,2026,Philip Williams,WR,Murray State,MVFC,,,,,,,,1.0,0.0,0.0,,,,,,,,,,,,,,,,,,,,,,,,5.7,15.0,3.0,0.0,17.0,,,,,,,,,,,,,,,,
5438590,2026,Jerry Martin,DL,Murray State,MVFC,0.0,0.0,0.0,0.0,0.0,0.0,1.0,,,,,,,,,,,,,,,,,,,,,,,,,,,,,,,,,,,,,,,,,,,,,,,
5438626,2026,Jacob Kania,WR,Western Illinois,OVC,,,,,,,,,,,,,,,,,,,,,,,,,,,,,,,,,,,,,,,,,,,,,5.0,3.0,0.0,9.0,3.0,,,,,
5438627,2026,Gage Sturgill,QB,Western Illinois,OVC,,,,,,,,,,,,,,,,,,,,,,,,,,,,,,,,,,,,,,,,,,,,,,,,,,1.0,8.0,1.0,8.0,8.0
5438630,2026,Brayden Hapner,DB,Western Illinois,OVC,0.0,0.0,0.0,1.0,0.0,0.0,1.0,,,,,,,,,,,,,,,,,,,,,,,,,,,,,,,,,,,,,,,,,,,,,,,
5438690,2026,Marquacious Wright,DL,Long Island University,NEC,0.0,1.0,1.0,2.0,0.0,1.0,3.0,,,,,,,,,,,,,,,,,,,,,,,,,,,,,,,,,,,,,,,,,,,,,,,
5438812,2026,Mason McFarland,DB,North Dakota,MVFC,0.0,0.0,0.0,5.0,0.0,0.0,6.0,,,,,,,,,,,,,,,,,,,,,,,,,,,,,,,,,,,,,,,,,,,,,,,
5438814,2026,Jakob Starcevic,LB,North Dakota,MVFC,0.0,0.0,0.0,1.0,0.0,0.0,3.0,,,,,,,,,,,,,,,,,,,,,,,,,,,,,,,,,,,,,,,,,,,,,,,
5438819,2026,Ty Vig,EDGE,North Dakota,MVFC,0.0,0.0,0.0,1.0,0.0,0.0,1.0,,,,,,,,,,,,,,,,,,,,,,,,,,,,,,,,,,,,,,,,,,,,,,,
5438827,2026,Nate Appleget,LB,North Dakota,MVFC,0.0,0.0,0.5,5.0,0.0,1.0,9.0,,,,,,,,,,,,,,,,,,,,,,,,,,,,,,,,,,,,,,,,,,,,,,,
5438830,2026,Mason Beaver,DT,North Dakota,MVFC,0.0,0.0,0.0,1.0,0.0,0.0,1.0,,,,,,,,,,,,,,,,,,,,,,,,,,,,,,,,,,,,,,,,,,,,,,,
5438831,2026,Braden Minta,EDGE,North Dakota,MVFC,0.0,0.0,0.0,0.0,0.0,0.0,1.0,,,,,,,,,,,,,,,,,,,,,,,,,,,,,,,,,,,,,,,,,,,,,,,
5438837,2026,Brody Woods,EDGE,North Dakota,MVFC,0.0,1.0,0.0,0.0,0.0,0.0,0.0,,,,,,,,,,,,,,,,,,,,,,,,,,,,,,,,,,,,,,,,,,,,,,,
5438846,2026,Sam Shaughnessy,DB,St. Thomas (MN),Pioneer,0.0,1.0,0.0,2.0,0.0,1.0,3.0,,,,,,,,,,,,,,,,,,,,,,,,,,,,,,,,,,,,,,,,,,,,,,,
5438860,2026,James Kingsbury,LB,St. Thomas (MN),Pioneer,0.0,1.0,0.0,0.0,0.0,0.0,2.0,,,,,,,,,,,,,,,,,,,,,,,,,,,,,,,,,,,,,,,,,,,,,,,
5438877,2026,Elijah Barnes,LB,West Georgia,UAC,0.0,0.0,0.5,3.0,0.0,1.5,6.0,,,,,,,,,,,,,,,,,,,,,,,,,,,,,,,,,,,,,,,,,,,,,,,
5438888,2026,Zack Harris,DL,West Georgia,UAC,0.0,0.0,0.0,1.0,0.0,0.0,3.0,,,,,,,,,,,,,,,,,,,,,,,,,,,,,,,,,,,,,,,,,,,,,,,
5438897,2026,Christian Monfort,RB,West Georgia,UAC,,,,,,,,,,,,,,,,,,,,,,,,,,,,,,,,,,,,,,,,,,,,,,,,,,1.0,1.0,1.0,1.0,1.0
5438935,2026,Brendan Ravin,WR,Davidson,Pioneer,,,,,,,,,,,,,,,,,,,,,,,,,,,,,,,,,,,,,,,,,,,,,21.0,1.0,0.0,21.0,21.0,,,,,
5438948,2026,Jordan Mays,LB,Davidson,Pioneer,,,,,,,,,,,,,,,,,,,,,,,,,,,,,,,,,,0.0,0.0,1.0,0.0,0.0,,,,,,,,,,,,,,,,
5438965,2026,Makhia Sherrard,WR,UT Martin,OVC,,,,,,,,,,,,,,,22.0,31.0,3.0,0.0,66.0,,,,,,,,,,,,,,,,,,,,,,,,,,36.0,3.0,0.0,46.0,15.3,,,,,
5438982,2026,John Betts III,LB,UT Martin,OVC,0.0,1.0,0.0,1.0,0.0,0.0,2.0,,,,,,,,,,,,,,,,,,,,,,,,,,,,,,,,,,,,,,,,,,,,,,,
5438984,2026,Malik Brown,LB,UT Martin,OVC,0.0,0.0,0.0,0.0,0.0,0.0,1.0,,,,,,,,,,,,,,,,,,,,,,,,,,,,,,,,,,,,,,,,,,,,,,,
5438985,2026,Tyson Hornbuckle,LB,UT Martin,OVC,0.0,0.0,0.0,1.0,0.0,1.0,1.0,,,,,,,,,,,,,,,,,,,,,,,,,,,,,,,,,,,,,,,,,,,,,,,
5438986,2026,Kennarius Chandler,LB,UT Martin,OVC,2.0,0.0,0.0,2.0,0.0,0.0,3.0,,,,,,,,,,,,,,,,,,,,,,,,,,,,,,,,,,,,,,,,,,,,,,,
5439022,2026,Boobie Leavell,WR,Chattanooga,Southern,0.0,0.0,0.0,0.0,0.0,0.0,1.0,,,,,,,,,,,,,,,,,,,,,,,,,,,,,,,,,,,,,,20.0,1.0,1.0,20.0,20.0,,,,,
5439110,2026,Trae Williams,S,Furman,Southern,0.0,0.0,0.0,0.0,0.0,0.0,1.0,,,,,,,,,,,,,,,,,,,,,,,,,,,,,,,,,,,,,,,,,,,,,,,
5439112,2026,Eli Lipscomb,S,Furman,Southern,0.0,2.0,1.0,4.0,0.0,3.0,6.0,0.0,0.0,1.0,,,,,,,,,,,,,,,,,,,,,,,,,,,,,,,,,,,,,,,,,,,,
5439113,2026,Braylon Peebles,S,Furman,Southern,2.0,0.0,0.0,3.0,0.0,0.0,3.0,,,,,,,,,,,,,,,,,,,,,,,,,,,,,,,,,,,,,,,,,,,,,,,
5439118,2026,Ethan Washington,CB,Furman,Southern,0.0,0.0,0.0,0.0,0.0,0.0,1.0,,,,,,,,,,,,,,,,,,,,,,,,,,,,,,,,,,,,,,,,,,,,,,,
5439144,2026,Tae Bulock,DB,Central Arkansas,UAC,1.0,0.0,0.0,0.0,0.0,0.0,1.0,,,,,,,,,,,,,,,,,,,,,,,,,,,,,,,,,,,,,,,,,,,,,,,
5439147,2026,Jacob Sekiyoba,DB,Central Arkansas,UAC,0.0,0.0,0.0,0.0,0.0,1.0,4.0,,,,0.0,1.0,0.0,0.0,,,,,,,,,,,,,,,,,,,,,,,,,,,,,,,,,,,,,,,,
5439150,2026,Que Tillman,TE,Central Arkansas,UAC,,,,,,,,,,,,,,,,,,,,,,,,,,,,,,,,,,,,,,,,,,,,,,,,,,2.0,3.0,1.0,6.0,3.0
5439156,2026,Wyatt Salter,P,Central Arkansas,UAC,,,,,,,,,,,,,,,,,,,,,,,,,,,,,,,,,,,,,,,0.0,43.0,1.0,1.0,43.0,43.0,,,,,,,,,,
5439243,2026,Jamaal Hall II,WR,Houston Christian,Southland,,,,,,,,,,,,,,,,,,,,,,,,,,,,,,,,,,,,,,,,,,,,,66.0,2.0,1.0,71.0,35.5,,,,,
5439251,2026,Calvin Kalu-Alexander,DE,Houston Christian,Southland,0.0,0.0,0.0,0.0,0.0,0.0,1.0,,,,,,,,,,,,,,,,,,,,,,,,,,,,,,,,,,,,,,,,,,,,,,,
5439252,2026,Julian Maceri,P,Houston Christian,Southland,,,,,,,,,,,,,,,,,,,,,,,,,,,,,,,,,,,,,,,1.0,44.0,2.0,0.0,78.0,39.0,,,,,,,,,,
5439253,2026,Hope Tita,DE,Houston Christian,Southland,0.0,0.0,0.0,2.0,0.0,0.0,5.0,,,,,,,,,,,,,,,,,,,,,,,,,,,,,,,,,,,,,,,,,,,,,,,
5439266,2026,Mi'Jai Mickles,DE,Houston Christian,Southland,0.0,0.0,0.0,0.0,0.0,0.0,2.0,,,,,,,,,,,,,,,,,,,,,,,,,,,,,,,,,,,,,,,,,,,,,,,
5439272,2026,Gary Bailey Jr.,DB,Nicholls,Southland,0.0,0.0,0.0,2.0,0.0,0.0,3.0,,,,,,,,,,,,,,,,,,,,,,,,,,,,,,,,,,,,,,,,,,,,,,,
5439273,2026,Blake Brown,DB,Nicholls,Southland,0.0,0.0,0.0,1.0,0.0,0.0,2.0,,,,,,,,,,,,,,,,,,,,,,,,,,,,,,,,,,,,,,,,,,,,,,,
5439277,2026,Fred Dampeer,DT,Nicholls,Southland,0.0,0.0,0.0,0.0,0.0,0.0,1.0,,,,,,,,,,,,,,,,,,,,,,,,,,,,,,,,,,,,,,,,,,,,,,,
5439278,2026,Charlie Diedrich,LB,Nicholls,Southland,0.0,0.0,0.0,0.0,0.0,0.0,2.0,,,,,,,,,,,,,,,,,,,,,,,,,,,,,,,,,,,,,,,,,,,,,,,
5439279,2026,Kristian Dillard,DB,Nicholls,Southland,0.0,0.0,0.0,1.0,0.0,0.0,1.0,,,,,,,,,,,,,,,,,,,,,,,,,,,,,,,,,,,,,,,,,,,,,,,
5439284,2026,Kyree Fuller,DE,Nicholls,Southland,0.0,0.0,1.0,1.0,0.0,1.0,1.0,,,,,,,,,,,,,,,,,,,,,,,,,,,,,,,,,,,,,,,,,,,,,,,
5439291,2026,Skylar Husband,DB,Nicholls,Southland,0.0,0.0,0.0,4.0,0.0,1.0,6.0,,,,,,,,,,,,,,,,,,,,,,,,,,,,,,,,,,,,,,,,,,,,,,,
5439294,2026,Kasai Jones,DB,Nicholls,Southland,0.0,0.0,0.0,3.0,0.0,0.0,3.0,,,,,,,,,,,,,,,,,,,,,,,,,,,,,,,,,,,,,,,,,,,,,,,
5439300,2026,Kevin Martin,LB,Nicholls,Southland,0.0,0.0,0.0,2.0,0.0,0.0,2.0,0.0,0.0,1.0,,,,,,,,,,,,,,,,,,,,,,,,,,,,,,,,,,,,,,,,,,,,
5439303,2026,Erin Moore,DB,Nicholls,Southland,0.0,0.0,0.0,1.0,0.0,0.0,1.0,,,,,,,,,,,,,,,,,,,,,,,,,,,,,,,,,,,,,,,,,,,,,,,
5439306,2026,Kingston Phan,PK,Nicholls,Southland,,,,,,,,,,,,,,,,,,,,1.0,1.0,42.0,1.0,7.0,5.0,4.0,,,,,,,,,,,,,,,,,,,,,,,,,,,,
5439307,2026,Chase Richardson,QB,Nicholls,Southland,,,,,,,,,,,,,,,,,,,,,,,,,,,7.0,4.0,1.0,0.571,0.0,18.0,2.6,,,,,,,,,,,,,,,,,5.0,10.0,0.0,16.0,3.2
5439309,2026,EJ Segrest,LB,Nicholls,Southland,0.0,0.0,0.0,1.0,0.0,0.0,1.0,,,,,,,,,,,,,,,,,,,,,,,,,,,,,,,,,,,,,,,,,,,,,,,
5439315,2026,Keven Williams,RB,Nicholls,Southland,,,,,,,,,,,,,,,,,,,,,,,,,,,,,,,,,,,,,,,,,,,,,,,,,,1.0,6.0,0.0,6.0,6.0
5439345,2026,Dezmond Ray,RB,Mississippi Valley State,SWAC,,,,,,,,2.0,2.0,0.0,,,,,,,,,,,,,,,,,,,,,,,,,,,,,,,,,,,3.0,1.0,0.0,3.0,3.0,10.0,11.0,0.0,49.0,4.9
5439346,2026,Javieane Stevens,LB,Mississippi Valley State,SWAC,0.0,0.0,2.0,3.0,0.0,3.5,4.0,,,,,,,,,,,,,,,,,,,,,,,,,,,,,,,,,,,,,,,,,,,,,,,
5439348,2026,Malek Jackson,DB,Mississippi Valley State,SWAC,0.0,0.0,0.0,4.0,0.0,0.0,4.0,,,,,,,,,,,,,,,,,,,,,,,,,,,,,,,,,,,,,,,,,,,,,,,
5439350,2026,Dayvian Bluitt,ATH,Mississippi Valley State,SWAC,0.0,0.0,0.0,0.0,0.0,0.0,1.0,,,,,,,,25.4,29.0,5.0,0.0,127.0,,,,,,,,,,,,,,,22.0,22.0,1.0,0.0,22.0,,,,,,,,,,,,,,,,
5439351,2026,Christian Bond,WR,Mississippi Valley State,SWAC,0.0,0.0,0.0,1.0,0.0,0.0,1.0,1.0,1.0,0.0,,,,,2.5,5.0,2.0,0.0,5.0,,,,,,,,,,,,,,,,,,,,,,,,,,9.0,1.0,0.0,9.0,9.0,,,,,
5439355,2026,Tyrell Johnson,CB,Mississippi Valley State,SWAC,0.0,0.0,0.0,3.0,1.0,1.0,3.0,,,,95.0,1.0,1.0,95.0,,,,,,,,,,,,,,,,,,,,,,,,,,,,,,,,,,,,,,,,
5439356,2026,Sian John,DB,Mississippi Valley State,SWAC,0.0,0.0,0.0,2.0,0.0,0.0,2.0,,,,,,,,,,,,,,,,,,,,,,,,,,,,,,,,,,,,,,,,,,,,,,,
5439359,2026,Christ Kore,DL,Mississippi Valley State,SWAC,1.0,0.0,0.0,1.0,0.0,0.0,4.0,,,,,,,,,,,,,,,,,,,,,,,,,,,,,,,,,,,,,,,,,,,,,,,
5439361,2026,Jaquez Estera,LB,Mississippi Valley State,SWAC,0.0,0.0,0.0,1.0,0.0,0.0,1.0,,,,,,,,,,,,,,,,,,,,,,,,,,,,,,,,,,,,,,,,,,,,,,,
5439371,2026,Nicholas Buggs,WR,Mississippi Valley State,SWAC,,,,,,,,,,,,,,,,,,,,,,,,,,,,,,,,,,,,,,,,,,,,,35.0,1.0,0.0,35.0,35.0,,,,,
5439372,2026,Montrell Conner,WR,Mississippi Valley State,SWAC,0.0,0.0,0.0,1.0,0.0,0.0,1.0,,,,,,,,,,,,,,,,,,,,,,,,,,,,,,,,,,,,,,,,,,,,,,,
5439373,2026,Jaylen King,TE,Mississippi Valley State,SWAC,,,,,,,,,,,,,,,,,,,,,,,,,,,,,,,,,,,,,,,,,,,,,10.0,4.0,0.0,27.0,6.8,,,,,
5439625,2026,Caleb Johnson,WR,Presbyterian,Pioneer,,,,,,,,,,,,,,,,,,,,,,,,,,,,,,,,,,,,,,,,,,,,,21.0,7.0,1.0,92.0,13.1,,,,,
5439627,2026,Braylon Carstarphen,DB,Presbyterian,Pioneer,0.0,0.0,0.0,1.0,0.0,0.0,2.0,,,,18.0,1.0,0.0,18.0,,,,,,,,,,,,,,,,,,,,,,,,,,,,,,,,,,,,,,,,
5439629,2026,Langston Cook,DL,Presbyterian,Pioneer,1.0,1.0,0.0,4.0,0.0,1.0,5.0,,,,,,,,,,,,,,,,,,,,,,,,,,,,,,,,,,,,,,,,,,,,,,,
5439632,2026,Anton Smith,WR,Presbyterian,Pioneer,,,,,,,,,,,,,,,25.0,26.0,2.0,0.0,50.0,,,,,,,,,,,,,,,,,,,,,,,,,,57.0,6.0,0.0,105.0,17.5,,,,,
5439635,2026,Brice Johnson,WR,Presbyterian,Pioneer,,,,,,,,,,,,,,,,,,,,,,,,,,,,,,,,,,,,,,,,,,,,,13.0,5.0,0.0,31.0,6.2,1.0,0.0,0.0,-5.0,-5.0
5439638,2026,Jackson Burleson,RB,Presbyterian,Pioneer,,,,,,,,,,,,,,,,,,,,,,,,,,,,,,,,,,,,,,,,,,,,,23.0,3.0,1.0,55.0,18.3,12.0,9.0,1.0,37.0,3.1
5439644,2026,Tymaries Durant,DB,Presbyterian,Pioneer,0.0,0.0,0.0,3.0,0.0,0.0,7.0,,,,,,,,,,,,,,,,,,,,,,,,,,,,,,,,,,,,,,,,,,,,,,,
5439656,2026,Kade Bailey,PK,Presbyterian,Pioneer,,,,,,,,,,,,,,,,,,,,3.0,2.0,34.0,0.667,11.0,6.0,5.0,,,,,,,,,,,,,,,,,,,,,,,,,,,,
5439660,2026,Chris Glover,LB,Presbyterian,Pioneer,0.0,0.0,0.0,2.0,0.0,0.0,4.0,,,,,,,,,,,,,,,,,,,,,,,,,,,,,,,,,,,,,,,,,,,,,,,
5439664,2026,Levi Hoss,DL,Presbyterian,Pioneer,0.0,0.0,1.0,1.0,0.0,1.0,1.0,,,,,,,,,,,,,,,,,,,,,,,,,,,,,,,,,,,,,,,,,,,,,,,
5439670,2026,Luke Armstrong,DL,Presbyterian,Pioneer,0.0,0.0,0.0,1.0,0.0,0.0,4.0,,,,,,,,,,,,,,,,,,,,,,,,,,,,,,,,,,,,,,,,,,,,,,,
5439688,2026,Ethan Medley,TE,Presbyterian,Pioneer,,,,,,,,,,,,,,,,,,,,,,,,,,,,,,,,,,,,,,,,,,,,,7.0,2.0,0.0,13.0,6.5,,,,,
5439690,2026,Cornell English,DL,Presbyterian,Pioneer,0.0,0.0,0.0,0.0,0.0,0.0,1.0,,,,,,,,,,,,,,,,,,,,,,,,,,,,,,,,,,,,,,,,,,,,,,,
5439734,2026,Jalile Bost,WR,Gardner-Webb,OVC,,,,,,,,,,,,,,,,,,,,,,,,,,,,,,,,,,,,,,,,,,,,,43.0,2.0,1.0,63.0,31.5,,,,,
5439736,2026,Ruben Tshilombo,DL,Gardner-Webb,OVC,0.0,1.0,0.0,0.0,0.0,0.5,2.0,,,,,,,,,,,,,,,,,,,,,,,,,,,,,,,,,,,,,,,,,,,,,,,
5439738,2026,David Williams,DB,Gardner-Webb,OVC,0.0,0.0,0.0,1.0,0.0,0.0,1.0,,,,,,,,,,,,,,,,,,,,,,,,,,,,,,,,,,,,,,,,,,,,,,,
5439824,2026,Kingston Johnson,LB,Austin Peay,UAC,0.0,0.0,0.0,0.0,0.0,0.0,2.0,,,,,,,,,,,,,,,,,,,,,,,,,,,,,,,,,,,,,,,,,,,,,,,
