pitcher,pitch_type,pitch_name,family,pitches,usage,whiff,putaway,velo,zone_pct,contact_pct,exit_velo
434378,FF,4-Seam FB,Fastball,152,0.4794952681388013,0.19480519480519481,0.19230769230769232,93.14802631578948,0.5394736842105263,0.8051948051948052,86.65423728813559
434378,SL,Slider,Breaking,67,0.2113564668769716,0.32558139534883723,0.2857142857142857,87.25074626865671,0.417910447761194,0.6744186046511628,81.68571428571428
434378,CU,Curveball,Breaking,47,0.14826498422712933,0.21052631578947367,0.25,78.30212765957447,0.46808510638297873,0.7894736842105263,89.26153846153846
434378,CH,Changeup,Offspeed,38,0.11987381703470032,0.3333333333333333,0.42857142857142855,83.25526315789472,0.39473684210526316,0.6666666666666667,82.35555555555555
445276,FC,Cutter,Fastball,626,0.8204456094364351,0.24916943521594684,0.23300970873786409,92.45399361022363,0.5,0.7508305647840532,81.51220657276994
445276,SL,Slider,Breaking,83,0.10878112712975098,0.3409090909090909,0.3076923076923077,84.29518072289157,0.39759036144578314,0.6590909090909092,77.73928571428573
445276,SI,Sinker,Fastball,54,0.07077326343381389,0.3,0.35,93.71666666666668,0.48148148148148145,0.7,85.72
453286,FF,4-Seam FB,Fastball,730,0.4758800521512386,0.1880108991825613,0.13333333333333333,92.96561643835615,0.5589041095890411,0.8119891008174387,81.31535714285715
453286,SL,Slider,Breaking,261,0.17014341590612778,0.2740740740740741,0.21739130434782608,85.3057471264368,0.4367816091954023,0.7259259259259259,82.0276595744681
453286,CH,Changeup,Offspeed,240,0.15645371577574968,0.17857142857142858,0.15789473684210525,83.89291666666666,0.39166666666666666,0.8214285714285714,79.8314606741573
453286,CU,Curveball,Breaking,220,0.14341590612777053,0.2647058823529412,0.2558139534883721,74.43545454545455,0.38636363636363635,0.7352941176470589,80.64383561643835
453286,FC,Cutter,Fastball,83,0.05410691003911343,0.17307692307692307,0.06666666666666667,87.70120481927711,0.3373493975903614,0.8269230769230769,78.68717948717949
455119,FC,Cutter,Fastball,118,0.4097222222222222,0.2542372881355932,0.1875,91.37033898305086,0.6186440677966102,0.7457627118644068,83.33863636363637
455119,FF,4-Seam FB,Fastball,76,0.2638888888888889,0.21951219512195122,0.15789473684210525,94.43815789473685,0.5394736842105263,0.7804878048780488,85.95
455119,SI,Sinker,Fastball,33,0.11458333333333333,0.05263157894736842,0.0,93.87272727272727,0.3939393939393939,0.9473684210526316,75.61764705882354
455119,FS,Splitter,Offspeed,32,0.1111111111111111,0.15,0.25,87.734375,0.5625,0.85,86.28125
471911,CH,Changeup,Offspeed,76,0.3089430894308943,0.21428571428571427,0.11764705882352941,85.72894736842106,0.3815789473684211,0.7857142857142857,77.21290322580644
471911,SI,Sinker,Fastball,67,0.27235772357723576,0.13333333333333333,0.14285714285714285,90.82089552238804,0.44776119402985076,0.8666666666666667,85.25909090909092
471911,FC,Cutter,Fastball,38,0.15447154471544716,0.1,0.0,89.47368421052632,0.47368421052631576,0.9,82.48823529411766
471911,SL,Slider,Breaking,34,0.13821138211382114,0.32,0.42857142857142855,86.23235294117647,0.47058823529411764,0.6799999999999999,79.19999999999999
471911,FF,4-Seam FB,Fastball,31,0.12601626016260162,0.15,0.0,91.76129032258065,0.5806451612903226,0.85,83.2375
472610,SI,Sinker,Fastball,135,0.47038327526132406,0.08695652173913043,0.14285714285714285,94.88148148148149,0.6370370370370371,0.9130434782608696,84.9672131147541
472610,FS,Splitter,Offspeed,83,0.289198606271777,0.34146341463414637,0.16666666666666666,87.61445783132531,0.26506024096385544,0.6585365853658536,70.64545454545454
472610,ST,Sweeper,Breaking,64,0.2229965156794425,0.3142857142857143,0.07692307692307693,81.81562499999998,0.390625,0.6857142857142857,76.25
476594,FC,Cutter,Fastball,176,0.3142857142857143,0.20987654320987653,0.14285714285714285,91.10113636363636,0.5170454545454546,0.7901234567901234,83.12295081967213
476594,FF,4-Seam FB,Fastball,134,0.2392857142857143,0.3,0.28,95.77089552238806,0.5447761194029851,0.7,79.57692307692308
476594,SI,Sinker,Fastball,125,0.22321428571428573,0.10344827586206896,0.0,94.11679999999997,0.528,0.896551724137931,82.26888888888888
476594,ST,Sweeper,Breaking,68,0.12142857142857143,0.2608695652173913,0.125,80.91029411764707,0.4411764705882353,0.7391304347826086,86.1705882352941
476594,CH,Changeup,Offspeed,48,0.08571428571428572,0.4230769230769231,0.36363636363636365,80.91666666666667,0.2916666666666667,0.5769230769230769,78.86666666666666
489446,FF,4-Seam FB,Fastball,483,0.65625,0.2595419847328244,0.29906542056074764,90.80786749482401,0.5486542443064182,0.7404580152671756,81.90526315789474
489446,FS,Splitter,Offspeed,238,0.3233695652173913,0.3305084745762712,0.3076923076923077,84.38697478991595,0.2647058823529412,0.6694915254237288,83.51159420289854
500743,EP,EP,Other,43,0.8113207547169812,0.05,0.0,47.18837209302326,0.2558139534883721,0.95,87.56666666666668
500779,FF,4-Seam FB,Fastball,258,0.29553264604810997,0.19402985074626866,0.14285714285714285,89.75736434108528,0.5116279069767442,0.8059701492537313,83.61176470588235
500779,SI,Sinker,Fastball,177,0.2027491408934708,0.0958904109589041,0.058823529411764705,89.79435028248588,0.5706214689265536,0.904109589041096,85.26949152542373
500779,CH,Changeup,Offspeed,172,0.1970217640320733,0.3026315789473684,0.17391304347826086,85.02558139534885,0.19767441860465115,0.6973684210526316,81.542
500779,CU,Curveball,Breaking,134,0.15349369988545247,0.2028985507246377,0.07692307692307693,78.88880597014925,0.43283582089552236,0.7971014492753623,81.33148148148148
500779,SV,Slurve,Breaking,132,0.15120274914089346,0.2711864406779661,0.21212121212121213,80.03333333333333,0.3939393939393939,0.728813559322034,78.87619047619049
518585,FS,Splitter,Offspeed,496,0.5145228215767634,0.524,0.4621212121212121,79.99697580645162,0.3225806451612903,0.476,79.46814159292035
518585,FF,4-Seam FB,Fastball,305,0.3163900414937759,0.12931034482758622,0.0,93.15868852459018,0.5606557377049181,0.8706896551724138,84.67684210526316
518585,ST,Sweeper,Breaking,131,0.1358921161825726,0.38636363636363635,0.0,82.1763358778626,0.48091603053435117,0.6136363636363636,77.01481481481481
518876,FF,4-Seam FB,Fastball,747,0.2757475083056478,0.14285714285714285,0.09,92.11472556894243,0.5127175368139224,0.8571428571428572,84.75636363636363
518876,CH,Changeup,Offspeed,746,0.2753783684016242,0.3028169014084507,0.2833333333333333,88.46273458445042,0.2868632707774799,0.6971830985915493,80.63623188405796
518876,FC,Cutter,Fastball,372,0.13732004429678848,0.1282051282051282,0.17647058823529413,90.93951612903226,0.5241935483870968,0.8717948717948718,85.59813664596273
518876,CU,Curveball,Breaking,310,0.11443337024732374,0.21428571428571427,0.20408163265306123,82.44870967741934,0.45161290322580644,0.7857142857142857,83.28292682926829
518876,SL,Slider,Breaking,273,0.10077519379844961,0.3357664233576642,0.2545454545454545,86.25128205128206,0.39194139194139194,0.6642335766423357,82.85697674418604
518876,SI,Sinker,Fastball,256,0.09449981543004798,0.08461538461538462,0.05714285714285714,92.31484375000001,0.50390625,0.9153846153846154,85.0798245614035
518886,FF,4-Seam FB,Fastball,530,0.6511056511056511,0.23684210526315788,0.23157894736842105,93.57075471698113,0.4867924528301887,0.7631578947368421,83.90312499999999
518886,ST,Sweeper,Breaking,111,0.13636363636363635,0.34615384615384615,0.3333333333333333,85.51171171171173,0.34234234234234234,0.6538461538461539,88.94848484848484
518886,KC,Knuckle-Curve,Breaking,83,0.10196560196560196,0.1,0.1111111111111111,83.95180722891567,0.3493975903614458,0.9,82.5125
518886,SI,Sinker,Fastball,62,0.07616707616707617,0.10714285714285714,0.14285714285714285,93.82258064516128,0.41935483870967744,0.8928571428571429,83.28
519141,FF,4-Seam FB,Fastball,377,0.7292069632495164,0.18592964824120603,0.1836734693877551,92.19018567639256,0.5278514588859416,0.8140703517587939,82.92236842105264
519141,KC,Knuckle-Curve,Breaking,140,0.27079303675048355,0.16666666666666666,0.12121212121212122,84.28928571428571,0.37857142857142856,0.8333333333333334,82.25853658536585
519242,FF,4-Seam FB,Fastball,1167,0.4093300596282006,0.27741935483870966,0.27049180327868855,96.05372750642674,0.5569837189374465,0.7225806451612904,84.22729468599036
519242,SL,Slider,Breaking,1146,0.4019642230796212,0.39344262295081966,0.3538961038961039,79.62774869109947,0.4205933682373473,0.6065573770491803,78.89003215434083
519242,CH,Changeup,Offspeed,302,0.10592774465099965,0.29012345679012347,0.13043478260869565,88.35000000000001,0.41721854304635764,0.7098765432098766,85.43773584905662
519242,SI,Sinker,Fastball,236,0.08277797264117853,0.09482758620689655,0.1111111111111111,95.48135593220339,0.5889830508474576,0.9051724137931034,79.77422680412371
527048,SI,Sinker,Fastball,814,0.35268630849220106,0.0728476821192053,0.047058823529411764,89.19692874692873,0.504914004914005,0.9271523178807947,83.63632812499999
527048,CH,Changeup,Offspeed,714,0.3093587521663778,0.33248730964467005,0.29012345679012347,81.71820728291317,0.3599439775910364,0.6675126903553299,79.74375
527048,FC,Cutter,Fastball,510,0.22097053726169844,0.1691542288557214,0.17307692307692307,85.02450980392157,0.5098039215686274,0.8308457711442786,83.323125
527048,CU,Curveball,Breaking,166,0.07192374350086655,0.22033898305084745,0.0,76.79337349397589,0.4939759036144578,0.7796610169491526,79.23488372093024
527048,FF,4-Seam FB,Fastball,104,0.045060658578856154,0.13513513513513514,0.25,89.93942307692308,0.33653846153846156,0.8648648648648649,85.47666666666666
542888,FF,4-Seam FB,Fastball,203,0.3048048048048048,0.21929824561403508,0.23636363636363636,93.4743842364532,0.5566502463054187,0.7807017543859649,83.2953488372093
542888,ST,Sweeper,Breaking,190,0.2852852852852853,0.3116883116883117,0.3548387096774194,84.41263157894736,0.4473684210526316,0.6883116883116883,78.24791666666665
542888,FC,Cutter,Fastball,155,0.23273273273273273,0.23595505617977527,0.21739130434782608,90.01096774193549,0.5935483870967742,0.7640449438202247,80.94920634920635
542888,SI,Sinker,Fastball,118,0.17717717717717718,0.18181818181818182,0.11764705882352941,93.6983050847458,0.4491525423728814,0.8181818181818181,81.22727272727273
543037,FF,4-Seam FB,Fastball,967,0.4936191934660541,0.20867768595041322,0.22727272727272727,96.78314374353673,0.5739400206825233,0.7913223140495868,85.2754189944134
543037,SL,Slider,Breaking,389,0.19857069933639612,0.263681592039801,0.3142857142857143,89.45835475578406,0.5218508997429306,0.736318407960199,83.09710144927536
543037,KC,Knuckle-Curve,Breaking,277,0.14139867279224094,0.20689655172413793,0.23809523809523808,83.31119133574009,0.49458483754512633,0.7931034482758621,85.1635294117647
543037,CH,Changeup,Offspeed,249,0.12710566615620214,0.22131147540983606,0.25,86.00281124497992,0.3815261044176707,0.7786885245901639,80.62967032967033
543037,SI,Sinker,Fastball,70,0.03573251659009699,0.06060606060606061,0.0,96.02000000000001,0.5714285714285714,0.9393939393939394,85.58518518518518
543056,FC,Cutter,Fastball,158,0.37089201877934275,0.21739130434782608,0.125,85.17594936708862,0.4177215189873418,0.782608695652174,79.194
543056,SI,Sinker,Fastball,119,0.2793427230046948,0.1,0.0,89.9529411764706,0.5882352941176471,0.9,84.53953488372093
543056,ST,Sweeper,Breaking,75,0.176056338028169,0.3076923076923077,0.21739130434782608,80.97066666666667,0.4533333333333333,0.6923076923076923,79.77000000000001
543056,FF,4-Seam FB,Fastball,46,0.107981220657277,0.1111111111111111,0.2,89.89782608695653,0.391304347826087,0.8888888888888888,80.74166666666667
543135,FS,Splitter,Offspeed,840,0.3723404255319149,0.32040816326530613,0.3193717277486911,88.40726190476191,0.4226190476190476,0.6795918367346938,84.4155172413793
543135,CU,Curveball,Breaking,500,0.22163120567375885,0.38493723849372385,0.297029702970297,76.2962,0.42,0.6150627615062761,78.34142857142857
543135,FC,Cutter,Fastball,427,0.18927304964539007,0.2524271844660194,0.23333333333333334,90.27096018735362,0.5081967213114754,0.7475728155339806,83.27777777777777
543135,FF,4-Seam FB,Fastball,314,0.13918439716312056,0.2125984251968504,0.3333333333333333,94.38566878980892,0.6114649681528662,0.7874015748031495,87.59148936170212
543135,SI,Sinker,Fastball,157,0.06959219858156028,0.10204081632653061,0.2222222222222222,93.4751592356688,0.6242038216560509,0.8979591836734694,78.28780487804879
543238,FF,4-Seam FB,Fastball,120,0.6,0.14516129032258066,0.09090909090909091,95.66749999999999,0.475,0.8548387096774194,83.74166666666667
543238,SL,Slider,Breaking,68,0.34,0.40540540540540543,0.23529411764705882,86.05588235294118,0.35294117647058826,0.5945945945945945,79.95263157894739
543243,SI,Sinker,Fastball,603,0.22399702823179793,0.16666666666666666,0.1368421052631579,91.987728026534,0.5588723051409619,0.8333333333333334,83.58293838862559
543243,ST,Sweeper,Breaking,544,0.20208023774145617,0.38782051282051283,0.3875598086124402,84.81838235294119,0.25735294117647056,0.6121794871794872,82.33468208092486
543243,FC,Cutter,Fastball,489,0.18164933135215452,0.14754098360655737,0.11538461538461539,88.34683026584868,0.5357873210633947,0.8524590163934427,84.23631578947368
543243,FF,4-Seam FB,Fastball,473,0.17570579494799404,0.12682926829268293,0.16666666666666666,91.53276955602537,0.587737843551797,0.8731707317073171,84.35180722891566
543243,CU,Curveball,Breaking,428,0.1589895988112927,0.3016759776536313,0.2765957446808511,79.64999999999999,0.411214953271028,0.6983240223463687,82.44035087719298
543243,CH,Changeup,Offspeed,151,0.05609212481426449,0.23333333333333334,0.375,86.24238410596026,0.3708609271523179,0.7666666666666666,79.37045454545455
543309,EP,EP,Other,45,0.8823529411764706,0.0,0.0,41.14666666666667,0.37777777777777777,1.0,88.5294117647059
543510,EP,EP,Other,55,0.9649122807017544,0.08333333333333333,0.0,37.99636363636363,0.2727272727272727,0.9166666666666666,93.72727272727273
544150,FF,4-Seam FB,Fastball,559,0.5349282296650718,0.23381294964028776,0.26881720430107525,93.52128801431127,0.43112701252236135,0.7661870503597122,85.86407766990291
544150,FC,Cutter,Fastball,222,0.21244019138755982,0.2689075630252101,0.32,85.56216216216218,0.509009009009009,0.73109243697479,78.00121951219514
544150,CH,Changeup,Offspeed,164,0.1569377990430622,0.21428571428571427,0.125,84.86585365853658,0.4573170731707317,0.7857142857142857,80.00322580645162
544150,CU,Curveball,Breaking,97,0.09282296650717703,0.25,0.3157894736842105,77.69484536082474,0.4329896907216495,0.75,82.55862068965519
547179,SI,Sinker,Fastball,505,0.20420541852001617,0.1031390134529148,0.016666666666666666,93.41168316831684,0.5742574257425742,0.8968609865470852,86.31623036649215
547179,CH,Changeup,Offspeed,498,0.20137484836231298,0.2798165137614679,0.22105263157894736,84.64999999999999,0.3493975903614458,0.7201834862385321,80.5151724137931
547179,FF,4-Seam FB,Fastball,460,0.18600889607763849,0.09523809523809523,0.10679611650485436,94.04543478260871,0.5434782608695652,0.9047619047619048,87.33240223463687
547179,FC,Cutter,Fastball,354,0.1431459765467044,0.13548387096774195,0.12,90.14915254237287,0.5677966101694916,0.864516129032258,84.78968253968254
547179,CU,Curveball,Breaking,264,0.10675293166194905,0.23214285714285715,0.2,82.70606060606062,0.4053030303030303,0.7678571428571428,84.32051282051282
547179,ST,Sweeper,Breaking,206,0.08329963606955115,0.33707865168539325,0.3448275862068966,82.72038834951456,0.41262135922330095,0.6629213483146068,80.55789473684212
547179,SL,Slider,Breaking,185,0.07480792559644157,0.22105263157894736,0.29411764705882354,86.28648648648648,0.4864864864864865,0.7789473684210526,84.4536231884058
547184,ST,Sweeper,Breaking,80,0.47619047619047616,0.3157894736842105,0.23076923076923078,83.825,0.6,0.6842105263157895,79.57307692307693
547184,SL,Slider,Breaking,43,0.25595238095238093,0.17647058823529413,0.0,89.96744186046512,0.46511627906976744,0.8235294117647058,83.01538461538462
547184,FF,4-Seam FB,Fastball,33,0.19642857142857142,0.3333333333333333,0.375,95.77575757575758,0.6060606060606061,0.6666666666666667,90.4125
547973,FF,4-Seam FB,Fastball,339,0.37458563535911604,0.19753086419753085,0.20588235294117646,96.8858407079646,0.5309734513274337,0.8024691358024691,81.51048387096773
547973,SI,Sinker,Fastball,284,0.3138121546961326,0.3151515151515151,0.3253012048192771,97.98345070422535,0.5211267605633803,0.6848484848484848,83.16981132075472
547973,SL,Slider,Breaking,168,0.1856353591160221,0.47297297297297297,0.4722222222222222,85.89880952380952,0.4583333333333333,0.527027027027027,73.30810810810812
547973,FS,Splitter,Offspeed,114,0.12596685082872927,0.42028985507246375,0.40476190476190477,90.13070175438598,0.34210526315789475,0.5797101449275363,80.47714285714285
548384,ST,Sweeper,Breaking,313,0.36018411967779057,0.2138364779874214,0.20588235294117646,80.82747603833866,0.5015974440894568,0.7861635220125787,80.27304347826089
548384,FC,Cutter,Fastball,254,0.29228998849252014,0.29411764705882354,0.4117647058823529,86.7511811023622,0.49606299212598426,0.7058823529411764,75.48863636363636
548384,SI,Sinker,Fastball,190,0.2186421173762946,0.11475409836065574,0.07692307692307693,90.29684210526317,0.5421052631578948,0.8852459016393442,84.086
548384,CH,Changeup,Offspeed,112,0.12888377445339472,0.26,0.3,84.40714285714284,0.29464285714285715,0.74,83.88108108108108
552640,SL,Slider,Breaking,343,0.48241912798874825,0.3507853403141361,0.32989690721649484,88.86239067055395,0.42565597667638483,0.6492146596858639,82.46637931034485
552640,SI,Sinker,Fastball,281,0.3952180028129395,0.11510791366906475,0.09523809523809523,94.92740213523132,0.5871886120996441,0.8848920863309353,84.00087719298246
552640,FF,4-Seam FB,Fastball,87,0.12236286919831224,0.09803921568627451,0.16666666666666666,94.1919540229885,0.4482758620689655,0.9019607843137255,84.13809523809525
554430,FF,4-Seam FB,Fastball,970,0.3570114096429886,0.2954091816367265,0.26288659793814434,95.21917525773196,0.5412371134020618,0.7045908183632734,82.8655589123867
554430,FS,Splitter,Offspeed,448,0.16488774383511226,0.4497991967871486,0.38392857142857145,87.43437500000002,0.25,0.5502008032128514,80.21854838709677
554430,SI,Sinker,Fastball,417,0.1534781008465219,0.10648148148148148,0.05555555555555555,94.79952038369305,0.48201438848920863,0.8935185185185185,78.7329411764706
554430,ST,Sweeper,Breaking,357,0.13139492086860508,0.3732394366197183,0.3090909090909091,81.35014005602241,0.37254901960784315,0.6267605633802817,80.43246753246753
554430,FC,Cutter,Fastball,290,0.10673536989326463,0.22297297297297297,0.3,90.9493103448276,0.41379310344827586,0.777027027027027,80.87962962962963
554430,CU,Curveball,Breaking,235,0.08649245491350754,0.44954128440366975,0.3815789473684211,80.0272340425532,0.22127659574468084,0.5504587155963303,85.47058823529412
571510,FF,4-Seam FB,Fastball,925,0.4400570884871551,0.15182186234817813,0.13157894736842105,92.87286486486485,0.5513513513513514,0.8481781376518218,85.18658227848101
571510,CH,Changeup,Offspeed,586,0.2787821122740247,0.2708333333333333,0.22058823529411764,78.82201365187714,0.45733788395904434,0.7291666666666667,78.35857740585774
571510,SL,Slider,Breaking,301,0.14319695528068507,0.3779527559055118,0.4027777777777778,83.19335548172756,0.33222591362126247,0.6220472440944882,79.83783783783784
571510,CU,Curveball,Breaking,257,0.12226450999048526,0.23333333333333334,0.2222222222222222,73.13657587548637,0.43190661478599224,0.7666666666666666,79.30222222222221
571510,SI,Sinker,Fastball,33,0.01569933396764986,0.15789473684210525,0.0,92.06060606060606,0.5757575757575758,0.8421052631578947,77.31538461538462
571578,SL,Slider,Breaking,387,0.27407932011331443,0.37142857142857144,0.37662337662337664,79.01912144702843,0.3281653746770026,0.6285714285714286,76.37766990291263
571578,SI,Sinker,Fastball,383,0.27124645892351273,0.0913978494623656,0.0847457627118644,91.3762402088773,0.5117493472584856,0.9086021505376344,85.50440251572326
571578,CH,Changeup,Offspeed,247,0.17492917847025496,0.2897196261682243,0.20588235294117646,78.37004048582996,0.32388663967611336,0.7102803738317758,77.13466666666666
571578,FC,Cutter,Fastball,214,0.15155807365439095,0.13793103448275862,0.037037037037037035,86.26682242990654,0.5233644859813084,0.8620689655172413,86.20309278350514
571578,FF,4-Seam FB,Fastball,159,0.11260623229461757,0.125,0.18421052631578946,91.26415094339623,0.48427672955974843,0.875,80.45692307692306
571882,FC,Cutter,Fastball,58,0.3741935483870968,0.13043478260869565,0.2222222222222222,89.89310344827587,0.43103448275862066,0.8695652173913043,85.615
571882,SL,Slider,Breaking,49,0.3161290322580645,0.2857142857142857,0.2222222222222222,85.97346938775512,0.24489795918367346,0.7142857142857143,84.99333333333334
571927,SI,Sinker,Fastball,707,0.4992937853107345,0.1834862385321101,0.09900990099009901,93.62956152758134,0.6025459688826026,0.8165137614678899,82.29098039215685
571927,CH,Changeup,Offspeed,403,0.2846045197740113,0.23423423423423423,0.23008849557522124,83.0518610421836,0.36724565756823824,0.7657657657657657,78.36626506024096
571927,CU,Curveball,Breaking,185,0.1306497175141243,0.27692307692307694,0.3333333333333333,78.78324324324323,0.5027027027027027,0.7230769230769231,81.91111111111111
571927,SL,Slider,Breaking,118,0.08333333333333333,0.203125,0.04,82.63474576271184,0.4915254237288136,0.796875,77.38125000000001
571945,FF,4-Seam FB,Fastball,463,0.2424083769633508,0.14285714285714285,0.11428571428571428,93.16544276457884,0.6673866090712743,0.8571428571428572,85.61213592233011
571945,SI,Sinker,Fastball,445,0.23298429319371727,0.0992063492063492,0.07692307692307693,92.80202247191012,0.6,0.9007936507936508,85.94532710280373
571945,SL,Slider,Breaking,442,0.23141361256544501,0.16908212560386474,0.15254237288135594,87.83710407239819,0.43665158371040724,0.8309178743961353,82.70124223602484
571945,CU,Curveball,Breaking,289,0.15130890052356022,0.21978021978021978,0.21052631578947367,76.74878892733564,0.4359861591695502,0.7802197802197802,81.58208955223881
571945,CH,Changeup,Offspeed,162,0.08481675392670157,0.13513513513513514,0.038461538461538464,85.56913580246913,0.3271604938271605,0.8648648648648649,81.28
571945,ST,Sweeper,Breaking,107,0.05602094240837696,0.21739130434782608,0.17391304347826086,82.00280373831777,0.3364485981308411,0.782608695652174,80.89090909090909
571948,SI,Sinker,Fastball,274,0.3903133903133903,0.16806722689075632,0.08333333333333333,86.8412408759124,0.6058394160583942,0.8319327731092436,85.46629213483146
571948,ST,Sweeper,Breaking,193,0.27492877492877493,0.2375,0.15789473684210525,78.20362694300518,0.43005181347150256,0.7625,77.43833333333332
571948,CH,Changeup,Offspeed,128,0.18233618233618235,0.19672131147540983,0.18181818181818182,80.46015625000001,0.3203125,0.8032786885245902,81.84565217391305
571948,FF,4-Seam FB,Fastball,107,0.15242165242165243,0.15384615384615385,0.17142857142857143,87.08130841121496,0.6355140186915887,0.8461538461538461,79.58846153846154
572143,FF,4-Seam FB,Fastball,134,0.42948717948717946,0.25,0.2903225806451613,93.93208955223882,0.5373134328358209,0.75,83.59111111111112
572143,CU,Curveball,Breaking,75,0.2403846153846154,0.2631578947368421,0.3125,82.19066666666667,0.52,0.736842105263158,83.975
572143,FC,Cutter,Fastball,68,0.21794871794871795,0.13333333333333333,0.16666666666666666,87.86029411764703,0.5735294117647058,0.8666666666666667,82.98846153846155
572143,CH,Changeup,Offspeed,31,0.09935897435897435,0.23076923076923078,0.16666666666666666,84.51612903225804,0.2903225806451613,0.7692307692307692,82.19
572955,CU,Curveball,Breaking,558,0.6262626262626263,0.2537878787878788,0.19387755102040816,86.54605734767024,0.496415770609319,0.7462121212121212,82.37262569832403
572955,FF,4-Seam FB,Fastball,325,0.36475869809203143,0.2152777777777778,0.19696969696969696,95.73353846153847,0.5046153846153846,0.7847222222222222,84.71944444444443
573009,SI,Sinker,Fastball,205,0.4823529411764706,0.043010752688172046,0.07692307692307693,88.24243902439024,0.6048780487804878,0.956989247311828,84.37750000000001
573009,CU,Curveball,Breaking,111,0.2611764705882353,0.2549019607843137,0.3157894736842105,80.05045045045046,0.3963963963963964,0.7450980392156863,81.475
573009,CH,Changeup,Offspeed,109,0.2564705882352941,0.29411764705882354,0.3225806451612903,80.44954128440365,0.26605504587155965,0.7058823529411764,70.80681818181819
573124,ST,Sweeper,Breaking,550,0.48845470692717585,0.22545454545454546,0.15517241379310345,77.86690909090909,0.49454545454545457,0.7745454545454545,79.74896907216494
573124,SI,Sinker,Fastball,403,0.35790408525754885,0.125,0.18333333333333332,92.01563275434243,0.511166253101737,0.875,84.0699115044248
573124,FC,Cutter,Fastball,166,0.14742451154529307,0.15384615384615385,0.16666666666666666,88.07831325301204,0.39759036144578314,0.8461538461538461,78.48867924528301
573204,FF,4-Seam FB,Fastball,339,0.38876146788990823,0.23316062176165803,0.21951219512195122,93.29292035398231,0.5457227138643068,0.766839378238342,83.57446808510639
573204,CU,Curveball,Breaking,220,0.25229357798165136,0.2857142857142857,0.33962264150943394,76.33772727272729,0.38181818181818183,0.7142857142857143,76.26885245901639
573204,SL,Slider,Breaking,185,0.2121559633027523,0.3673469387755102,0.25,87.52432432432431,0.4756756756756757,0.6326530612244898,81.96545454545455
573204,ST,Sweeper,Breaking,126,0.1444954128440367,0.3114754098360656,0.3181818181818182,80.26190476190477,0.47619047619047616,0.6885245901639344,74.23421052631579
579328,FF,4-Seam FB,Fastball,487,0.4051580698835274,0.1859504132231405,0.16494845360824742,95.45954825462013,0.5605749486652978,0.8140495867768596,85.21967213114753
579328,SL,Slider,Breaking,305,0.25374376039933444,0.25316455696202533,0.2982456140350877,87.36918032786886,0.5573770491803278,0.7468354430379747,83.05420560747665
579328,FS,Splitter,Offspeed,208,0.17304492512479203,0.32967032967032966,0.39473684210526316,86.55576923076923,0.3557692307692308,0.6703296703296704,83.1490909090909
579328,CU,Curveball,Breaking,136,0.11314475873544093,0.21212121212121213,0.25,79.87720588235294,0.45588235294117646,0.7878787878787878,83.125
579328,FC,Cutter,Fastball,66,0.05490848585690516,0.3103448275862069,0.16666666666666666,90.2621212121212,0.5909090909090909,0.6896551724137931,89.03999999999999
592094,SL,Slider,Breaking,233,0.37886178861788616,0.37593984962406013,0.175,84.55021459227468,0.6051502145922747,0.6240601503759399,81.73066666666666
592094,CH,Changeup,Offspeed,197,0.3203252032520325,0.30927835051546393,0.16279069767441862,88.13756345177666,0.3604060913705584,0.6907216494845361,81.68888888888888
592094,FF,4-Seam FB,Fastball,144,0.23414634146341465,0.11267605633802817,0.07142857142857142,93.4659722222222,0.4236111111111111,0.8873239436619719,85.64310344827587
592094,ST,Sweeper,Breaking,41,0.06666666666666667,0.16666666666666666,0.2222222222222222,78.11707317073171,0.34146341463414637,0.8333333333333334,83.79285714285713
592155,FC,Cutter,Fastball,274,0.43285939968404424,0.3026315789473684,0.24,88.16861313868614,0.5766423357664233,0.6973684210526316,80.23663366336633
592155,FF,4-Seam FB,Fastball,274,0.43285939968404424,0.23333333333333334,0.26,95.6868613138686,0.5182481751824818,0.7666666666666666,83.05233644859814
592155,ST,Sweeper,Breaking,69,0.10900473933649289,0.4864864864864865,0.5384615384615384,81.88260869565215,0.3333333333333333,0.5135135135135135,80.53529411764707
592332,FF,4-Seam FB,Fastball,1591,0.5074960127591707,0.14878048780487804,0.12578616352201258,93.84563167818982,0.6367064739157763,0.8512195121951219,84.40105421686746
592332,FS,Splitter,Offspeed,1229,0.39202551834130783,0.42700156985871274,0.32234432234432236,83.99056143205858,0.25874694873881204,0.5729984301412873,77.11506024096384
592332,SL,Slider,Breaking,256,0.08165869218500797,0.36082474226804123,0.32,84.006640625,0.29296875,0.6391752577319587,82.45357142857142
592332,CH,Changeup,Offspeed,35,0.011164274322169059,0.1875,0.2,83.9342857142857,0.4,0.8125,83.37692307692308
592454,CH,Changeup,Offspeed,128,0.6153846153846154,0.20833333333333334,0.2,88.02656250000001,0.4921875,0.7916666666666666,84.58235294117647
592454,FF,4-Seam FB,Fastball,64,0.3076923076923077,0.16129032258064516,0.0,93.728125,0.546875,0.8387096774193549,81.288
592662,FF,4-Seam FB,Fastball,977,0.3252330226364847,0.20668058455114824,0.20588235294117646,93.20337768679633,0.47082906857727735,0.7933194154488518,81.97731092436975
592662,SL,Slider,Breaking,714,0.23768308921438083,0.3470031545741325,0.35106382978723405,86.07801120448178,0.3711484593837535,0.6529968454258674,80.35744680851064
592662,CH,Changeup,Offspeed,540,0.17976031957390146,0.2490842490842491,0.2647058823529412,86.18444444444444,0.4222222222222222,0.7509157509157509,81.12592592592593
592662,SI,Sinker,Fastball,437,0.14547270306258323,0.0989010989010989,0.1111111111111111,92.62814645308924,0.5011441647597255,0.9010989010989011,84.09622641509434
592662,KC,Knuckle-Curve,Breaking,336,0.1118508655126498,0.38235294117647056,0.3148148148148148,79.59761904761905,0.3869047619047619,0.6176470588235294,82.30506329113925
592773,FF,4-Seam FB,Fastball,565,0.5131698455949137,0.26158940397350994,0.21428571428571427,98.01309734513275,0.49734513274336284,0.7384105960264901,84.21643192488263
592773,SL,Slider,Breaking,252,0.22888283378746593,0.4174757281553398,0.23076923076923078,88.53730158730158,0.376984126984127,0.5825242718446602,83.44107142857142
592773,FS,Splitter,Offspeed,178,0.16167120799273388,0.3170731707317073,0.3541666666666667,89.96460674157302,0.3202247191011236,0.6829268292682926,77.61111111111111
592773,SI,Sinker,Fastball,103,0.09355131698455948,0.19230769230769232,0.25,96.9252427184466,0.6116504854368932,0.8076923076923077,82.61111111111113
592779,FF,4-Seam FB,Fastball,141,0.36910994764397903,0.3611111111111111,0.34375,95.86170212765957,0.5460992907801419,0.6388888888888888,80.09487179487179
592779,ST,Sweeper,Breaking,95,0.2486910994764398,0.3333333333333333,0.2777777777777778,83.83052631578947,0.3684210526315789,0.6666666666666667,76.08846153846153
592779,CH,Changeup,Offspeed,57,0.14921465968586387,0.2413793103448276,0.3333333333333333,89.27719298245614,0.45614035087719296,0.7586206896551724,78.97619047619048
592779,SI,Sinker,Fastball,55,0.14397905759162305,0.13793103448275862,0.0,94.65090909090908,0.5636363636363636,0.8620689655172413,80.26521739130435
592779,FC,Cutter,Fastball,34,0.08900523560209424,0.15789473684210525,0.5,92.21470588235293,0.35294117647058826,0.8421052631578947,82.50625
592791,FF,4-Seam FB,Fastball,442,0.27781269641734757,0.20603015075376885,0.22580645161290322,91.77466063348416,0.5180995475113123,0.7939698492462312,85.36054421768708
592791,FC,Cutter,Fastball,297,0.18667504714016342,0.2366412213740458,0.25,86.27946127946127,0.5521885521885522,0.7633587786259541,83.68152173913043
592791,ST,Sweeper,Breaking,253,0.15901948460087995,0.34507042253521125,0.39436619718309857,80.1600790513834,0.3794466403162055,0.6549295774647887,78.15568181818182
592791,CH,Changeup,Offspeed,250,0.1571338780641106,0.3053435114503817,0.2653061224489796,84.4352,0.316,0.6946564885496183,80.96506024096387
592791,CU,Curveball,Breaking,175,0.10999371464487744,0.2692307692307692,0.15,79.08171428571428,0.37142857142857144,0.7307692307692308,88.02972972972972
592791,SI,Sinker,Fastball,158,0.09930861093651791,0.140625,0.08333333333333333,91.87215189873417,0.5316455696202531,0.859375,85.08301886792454
592836,FS,Splitter,Offspeed,110,0.22727272727272727,0.17647058823529413,0.2,86.8,0.44545454545454544,0.8235294117647058,85.71041666666666
592836,SI,Sinker,Fastball,109,0.22520661157024793,0.16666666666666666,0.0,91.74954128440368,0.5045871559633027,0.8333333333333334,84.15862068965518
592836,FC,Cutter,Fastball,96,0.19834710743801653,0.22448979591836735,0.25,86.53333333333335,0.5520833333333334,0.7755102040816326,80.90857142857143
592836,SL,Slider,Breaking,66,0.13636363636363635,0.1875,0.18181818181818182,80.7560606060606,0.45454545454545453,0.8125,79.30799999999999
592836,CU,Curveball,Breaking,57,0.11776859504132231,0.20833333333333334,0.25,74.3298245614035,0.40350877192982454,0.7916666666666666,73.5111111111111
592836,FF,4-Seam FB,Fastball,46,0.09504132231404959,0.07692307692307693,0.0,91.82608695652173,0.5,0.9230769230769231,84.65
592866,FF,4-Seam FB,Fastball,202,0.39299610894941633,0.25225225225225223,0.24561403508771928,89.81138613861386,0.594059405940594,0.7477477477477478,81.2554054054054
592866,ST,Sweeper,Breaking,136,0.26459143968871596,0.35384615384615387,0.36363636363636365,78.42573529411766,0.4117647058823529,0.6461538461538461,75.35641025641026
592866,SI,Sinker,Fastball,83,0.1614785992217899,0.14285714285714285,0.1,88.42650602409638,0.27710843373493976,0.8571428571428572,83.47500000000001
592866,CH,Changeup,Offspeed,59,0.11478599221789883,0.42857142857142855,0.42857142857142855,81.32033898305085,0.1864406779661017,0.5714285714285714,80.36666666666666
592866,SL,Slider,Breaking,34,0.06614785992217899,0.125,0.0,82.69411764705883,0.29411764705882354,0.875,68.73333333333335
593958,FF,4-Seam FB,Fastball,1225,0.3994131072709488,0.2159090909090909,0.19434628975265017,92.05477551020408,0.5216326530612245,0.7840909090909091,80.92745535714286
593958,CH,Changeup,Offspeed,811,0.26442777958917507,0.28502415458937197,0.23333333333333334,85.39136868064118,0.3477188655980271,0.7149758454106281,79.47282608695652
593958,FC,Cutter,Fastball,411,0.13400717313335506,0.1715686274509804,0.12,88.88248175182481,0.5547445255474452,0.8284313725490196,82.03374233128834
593958,CU,Curveball,Breaking,375,0.12226931855233127,0.22666666666666666,0.17777777777777778,79.55066666666667,0.44266666666666665,0.7733333333333333,83.53644859813086
593958,SI,Sinker,Fastball,244,0.07955656993805021,0.06896551724137931,0.06451612903225806,91.56352459016394,0.47540983606557374,0.9310344827586207,82.20918367346938
593974,SI,Sinker,Fastball,529,0.4205087440381558,0.15185185185185185,0.12987012987012986,96.01890359168242,0.55765595463138,0.8481481481481481,82.81153846153848
593974,CH,Changeup,Offspeed,432,0.34340222575516693,0.32388663967611336,0.29347826086956524,89.50393518518518,0.3425925925925926,0.6761133603238867,81.6959731543624
593974,SL,Slider,Breaking,183,0.14546899841017488,0.2857142857142857,0.28,89.30983606557378,0.4207650273224044,0.7142857142857143,76.621568627451
593974,FF,4-Seam FB,Fastball,114,0.09062003179650238,0.08163265306122448,0.05555555555555555,96.35526315789474,0.3684210526315789,0.9183673469387755,80.11136363636363
594027,SI,Sinker,Fastball,528,0.8421052631578947,0.23432343234323433,0.21296296296296297,100.16534090909092,0.6060606060606061,0.7656765676567656,81.85165876777252
594027,SL,Slider,Breaking,66,0.10526315789473684,0.28205128205128205,0.20833333333333334,91.4121212121212,0.4393939393939394,0.717948717948718,82.175
594580,SI,Sinker,Fastball,404,0.35783879539415414,0.1270718232044199,0.11363636363636363,91.46311881188119,0.5767326732673267,0.8729281767955801,81.70151515151515
594580,ST,Sweeper,Breaking,401,0.35518157661647476,0.375,0.30303030303030304,81.22294264339152,0.39650872817955113,0.625,78.3360465116279
594580,CH,Changeup,Offspeed,192,0.17006200177147918,0.27631578947368424,0.22857142857142856,84.49583333333334,0.20833333333333334,0.7236842105263157,83.9487804878049
594580,FF,4-Seam FB,Fastball,132,0.11691762621789194,0.14492753623188406,0.125,92.60530303030303,0.5757575757575758,0.855072463768116,83.83962264150944
594798,FF,4-Seam FB,Fastball,1152,0.4212065813528336,0.2535885167464115,0.24568965517241378,97.33576388888889,0.5607638888888888,0.7464114832535885,84.6986301369863
594798,SL,Slider,Breaking,937,0.34259597806215725,0.4024144869215292,0.3534136546184739,91.35570971184632,0.3575240128068303,0.5975855130784709,82.52380952380952
594798,CH,Changeup,Offspeed,373,0.13638025594149908,0.4573170731707317,0.3793103448275862,89.73083109919571,0.3163538873994638,0.5426829268292683,82.08309859154929
594798,CU,Curveball,Breaking,182,0.06654478976234003,0.391304347826087,0.4444444444444444,80.8587912087912,0.510989010989011,0.6086956521739131,85.35128205128204
594798,SI,Sinker,Fastball,91,0.033272394881170016,0.15517241379310345,0.14285714285714285,96.56263736263737,0.6263736263736264,0.8448275862068966,81.13023255813954
594835,FF,4-Seam FB,Fastball,52,0.25870646766169153,0.25,0.2,90.29615384615386,0.5576923076923077,0.75,85.3
594835,CH,Changeup,Offspeed,47,0.23383084577114427,0.15384615384615385,0.0625,81.38297872340425,0.5531914893617021,0.8461538461538461,77.81904761904762
594835,FC,Cutter,Fastball,40,0.19900497512437812,0.23529411764705882,0.0,87.6,0.45,0.7647058823529411,81.9909090909091
594835,SV,Slurve,Breaking,40,0.19900497512437812,0.14285714285714285,0.125,81.5925,0.375,0.8571428571428572,74.125
595014,ST,Sweeper,Breaking,218,0.4007352941176471,0.3978494623655914,0.3541666666666667,83.97201834862385,0.2889908256880734,0.6021505376344086,82.82884615384616
595014,SI,Sinker,Fastball,196,0.3602941176470588,0.17204301075268819,0.21052631578947367,95.13571428571427,0.5969387755102041,0.8279569892473118,86.65970149253731
595014,FF,4-Seam FB,Fastball,66,0.1213235294117647,0.1891891891891892,0.11764705882352941,94.77878787878787,0.5303030303030303,0.8108108108108107,80.36071428571428
595014,FC,Cutter,Fastball,62,0.11397058823529412,0.2,0.25,91.34193548387098,0.5161290322580645,0.8,82.38888888888889
595345,SL,Slider,Breaking,755,0.6651982378854625,0.35049019607843135,0.2823529411764706,80.75973509933775,0.5417218543046357,0.6495098039215687,77.8008064516129
595345,FF,4-Seam FB,Fastball,321,0.2828193832599119,0.2,0.20833333333333334,91.03894080996885,0.4392523364485981,0.8,83.11666666666667
595345,SI,Sinker,Fastball,57,0.050220264317180616,0.05263157894736842,0.0,90.37192982456142,0.49122807017543857,0.9473684210526316,80.46470588235294
595978,FA,Fastball,Fastball,34,0.6181818181818182,0.1111111111111111,0.3333333333333333,70.5794117647059,0.47058823529411764,0.8888888888888888,80.58125
596001,ST,Sweeper,Breaking,368,0.42494226327944573,0.2,0.1794871794871795,82.06902173913043,0.49184782608695654,0.8,78.69344262295081
596001,CH,Changeup,Offspeed,176,0.20323325635103925,0.1956521739130435,0.17647058823529413,86.80056818181818,0.4318181818181818,0.8043478260869565,82.79142857142858
596001,FF,4-Seam FB,Fastball,166,0.19168591224018475,0.2727272727272727,0.2857142857142857,92.35060240963855,0.5602409638554217,0.7272727272727273,82.07999999999998
596001,SI,Sinker,Fastball,156,0.18013856812933027,0.10256410256410256,0.16666666666666666,91.92628205128206,0.5961538461538461,0.8974358974358975,86.97611940298506
596117,EP,EP,Other,40,0.8695652173913043,0.0,0.0,41.260000000000005,0.325,1.0,90.10000000000001
596133,FF,4-Seam FB,Fastball,487,0.5099476439790576,0.2217573221757322,0.23404255319148937,95.25605749486652,0.5482546201232033,0.7782426778242678,82.08908045977012
596133,CH,Changeup,Offspeed,322,0.33717277486910996,0.400990099009901,0.32941176470588235,88.0192546583851,0.43478260869565216,0.599009900990099,81.91214953271029
596133,FC,Cutter,Fastball,144,0.15078534031413612,0.2786885245901639,0.2,90.45763888888888,0.4097222222222222,0.7213114754098361,82.3425
601713,FF,4-Seam FB,Fastball,370,0.5174825174825175,0.21311475409836064,0.23529411764705882,94.03513513513514,0.5,0.7868852459016393,84.994776119403
601713,CU,Curveball,Breaking,156,0.21818181818181817,0.21818181818181817,0.1111111111111111,79.28589743589744,0.532051282051282,0.7818181818181819,84.5170731707317
601713,FC,Cutter,Fastball,94,0.13146853146853146,0.1346153846153846,0.1,91.18404255319146,0.5638297872340425,0.8653846153846154,81.69302325581396
601713,ST,Sweeper,Breaking,81,0.11328671328671329,0.38095238095238093,0.37037037037037035,81.80987654320988,0.38271604938271603,0.6190476190476191,79.52799999999999
605130,ST,Sweeper,Breaking,215,0.35073409461663946,0.32558139534883723,0.13793103448275862,79.16232558139535,0.3953488372093023,0.6744186046511628,80.97321428571429
605130,CU,Curveball,Breaking,206,0.3360522022838499,0.44761904761904764,0.41304347826086957,76.21407766990292,0.3300970873786408,0.5523809523809524,80.06153846153846
605130,SI,Sinker,Fastball,91,0.14845024469820556,0.1875,0.0,89.12307692307694,0.3956043956043956,0.8125,83.27499999999999
605130,FF,4-Seam FB,Fastball,78,0.1272430668841762,0.10344827586206896,0.25,88.99102564102563,0.5641025641025641,0.896551724137931,87.824
605135,SI,Sinker,Fastball,679,0.3660377358490566,0.12540192926045016,0.1232876712328767,92.2340206185567,0.614138438880707,0.8745980707395499,83.93501945525293
605135,CU,Curveball,Breaking,392,0.21132075471698114,0.29473684210526313,0.23157894736842105,71.25994897959183,0.4107142857142857,0.7052631578947368,75.45891472868217
605135,FC,Cutter,Fastball,373,0.20107816711590296,0.23118279569892472,0.21428571428571427,89.88123324396783,0.3967828418230563,0.7688172043010753,81.22928571428572
605135,FF,4-Seam FB,Fastball,153,0.08247978436657682,0.16666666666666666,0.08333333333333333,92.35490196078432,0.5032679738562091,0.8333333333333334,81.3765625
605135,ST,Sweeper,Breaking,112,0.06037735849056604,0.2978723404255319,0.2692307692307692,73.3125,0.4375,0.7021276595744681,75.51333333333332
605135,CH,Changeup,Offspeed,96,0.05175202156334232,0.22580645161290322,0.2,85.19895833333334,0.3645833333333333,0.7741935483870968,90.85000000000001
605135,SL,Slider,Breaking,50,0.026954177897574125,0.047619047619047616,0.0,81.054,0.46,0.9523809523809523,85.925
605154,SL,Slider,Breaking,63,0.3888888888888889,0.2,0.1111111111111111,84.75396825396827,0.6507936507936508,0.8,86.06774193548385
605154,FF,4-Seam FB,Fastball,56,0.345679012345679,0.11538461538461539,0.0,92.57857142857142,0.6071428571428571,0.8846153846153846,84.79130434782608
605182,FF,4-Seam FB,Fastball,40,0.45977011494252873,0.38095238095238093,0.25,95.93499999999999,0.525,0.6190476190476191,86.5153846153846
605218,FF,4-Seam FB,Fastball,53,0.5353535353535354,0.5714285714285714,0.6666666666666666,92.45283018867924,0.5660377358490566,0.4285714285714286,82.1888888888889
605218,CU,Curveball,Breaking,30,0.30303030303030304,0.38461538461538464,0.42857142857142855,79.80333333333331,0.3,0.6153846153846154,78.91428571428571
605242,FC,Cutter,Fastball,119,0.3953488372093023,0.35185185185185186,0.18181818181818182,88.3689075630252,0.5378151260504201,0.6481481481481481,85.10909090909092
605242,ST,Sweeper,Breaking,76,0.25249169435215946,0.4166666666666667,0.38095238095238093,81.34342105263157,0.34210526315789475,0.5833333333333333,78.2
605242,CH,Changeup,Offspeed,35,0.11627906976744186,0.4444444444444444,0.3,87.60857142857142,0.17142857142857143,0.5555555555555556,77.23
605242,FF,4-Seam FB,Fastball,31,0.10299003322259136,0.2857142857142857,0.14285714285714285,93.04516129032257,0.5483870967741935,0.7142857142857143,82.47999999999999
605280,SI,Sinker,Fastball,789,0.48915065096094235,0.12087912087912088,0.11428571428571428,93.0515842839037,0.541191381495564,0.8791208791208791,85.5556338028169
605280,ST,Sweeper,Breaking,296,0.18350898946063235,0.2897196261682243,0.24193548387096775,81.23412162162163,0.4527027027027027,0.7102803738317758,77.38030303030304
605280,CH,Changeup,Offspeed,230,0.1425914445133292,0.31666666666666665,0.2878787878787879,87.97652173913043,0.28695652173913044,0.6833333333333333,86.63815789473684
605280,FC,Cutter,Fastball,170,0.10539367637941724,0.39759036144578314,0.3333333333333333,85.9735294117647,0.3941176470588235,0.6024096385542168,80.80816326530613
605280,CU,Curveball,Breaking,111,0.06881587104773713,0.2765957446808511,0.3125,81.10630630630632,0.34234234234234234,0.7234042553191489,79.63125
605288,SI,Sinker,Fastball,837,0.4626865671641791,0.09562841530054644,0.08695652173913043,94.87658303464757,0.5519713261648745,0.9043715846994536,85.4524115755627
605288,FF,4-Seam FB,Fastball,379,0.20950801547816472,0.1875,0.20588235294117646,95.7250659630607,0.5013192612137203,0.8125,83.70671140939596
605288,CH,Changeup,Offspeed,282,0.1558872305140962,0.3684210526315789,0.3582089552238806,85.31560283687944,0.35815602836879434,0.631578947368421,78.86195652173915
605288,SL,Slider,Breaking,186,0.10281923714759536,0.16091954022988506,0.28,88.40752688172043,0.46774193548387094,0.8390804597701149,83.2695652173913
605288,CU,Curveball,Breaking,125,0.06909894969596463,0.2564102564102564,0.16666666666666666,82.24239999999999,0.392,0.7435897435897436,85.33846153846153
605400,KC,Knuckle-Curve,Breaking,1011,0.33006856023506365,0.41132075471698115,0.3754646840148699,78.35845697329377,0.380811078140455,0.5886792452830188,77.47571428571429
605400,FF,4-Seam FB,Fastball,733,0.23930786810316684,0.1362126245847176,0.08602150537634409,92.26780354706685,0.5238744884038199,0.8637873754152824,84.78669354838709
605400,SI,Sinker,Fastball,561,0.1831537708129285,0.11737089201877934,0.13414634146341464,91.59358288770053,0.5294117647058824,0.8826291079812206,86.4061797752809
605400,CH,Changeup,Offspeed,502,0.16389160953313744,0.25877192982456143,0.24561403508771928,85.61155378486056,0.3466135458167331,0.7412280701754386,81.03987341772152
605400,FC,Cutter,Fastball,235,0.07672216780933726,0.256198347107438,0.35,86.21531914893617,0.4297872340425532,0.743801652892562,86.12142857142858
605447,SL,Slider,Breaking,394,0.569364161849711,0.328125,0.3103448275862069,83.92436548223351,0.41878172588832485,0.671875,82.14344262295081
605447,FF,4-Seam FB,Fastball,284,0.41040462427745666,0.211864406779661,0.2037037037037037,93.75739436619718,0.5246478873239436,0.788135593220339,81.79204545454544
605452,SL,Slider,Breaking,69,0.28991596638655465,0.21621621621621623,0.07142857142857142,89.22898550724636,0.4782608695652174,0.7837837837837838,81.06428571428572
605452,SI,Sinker,Fastball,63,0.2647058823529412,0.16129032258064516,0.0,95.34920634920636,0.5079365079365079,0.8387096774193549,88.3304347826087
605452,FF,4-Seam FB,Fastball,45,0.18907563025210083,0.2916666666666667,0.2222222222222222,95.28222222222222,0.3333333333333333,0.7083333333333333,83.38235294117648
605452,FS,Splitter,Offspeed,45,0.18907563025210083,0.4782608695652174,0.16666666666666666,90.36444444444444,0.35555555555555557,0.5217391304347826,75.2
605483,FF,4-Seam FB,Fastball,367,0.49527665317139,0.2303370786516854,0.2835820895522388,96.03623978201635,0.4659400544959128,0.7696629213483146,77.2872
605483,CU,Curveball,Breaking,162,0.21862348178137653,0.4307692307692308,0.3333333333333333,79.9246913580247,0.35802469135802467,0.5692307692307692,79.95588235294117
605483,CH,Changeup,Offspeed,132,0.17813765182186234,0.4470588235294118,0.17391304347826086,84.78863636363637,0.4090909090909091,0.5529411764705883,81.6159090909091
605483,SL,Slider,Breaking,80,0.10796221322537113,0.525,0.3125,88.84125,0.2625,0.475,82.93529411764705
605488,FF,4-Seam FB,Fastball,1121,0.4346645986816596,0.15169660678642716,0.13679245283018868,91.33889384478144,0.5209634255129348,0.8483033932135728,83.53117206982543
605488,CH,Changeup,Offspeed,636,0.2466072120977123,0.3587570621468927,0.2642857142857143,79.51509433962264,0.3160377358490566,0.6412429378531073,76.60046728971963
605488,SL,Slider,Breaking,554,0.21481194261341605,0.2384937238493724,0.23529411764705882,84.18158844765344,0.5216606498194946,0.7615062761506276,84.1864705882353
605488,ST,Sweeper,Breaking,156,0.06048856145792943,0.13559322033898305,0.25,77.4147435897436,0.4807692307692308,0.864406779661017,78.45777777777779
605488,FC,Cutter,Fastball,112,0.04342768514928267,0.14634146341463414,0.25,87.625,0.4642857142857143,0.8536585365853658,79.76176470588236
605540,FF,4-Seam FB,Fastball,304,0.43366619115549215,0.25301204819277107,0.3108108108108108,91.80657894736841,0.5756578947368421,0.7469879518072289,81.83839285714286
605540,CH,Changeup,Offspeed,149,0.21255349500713266,0.4266666666666667,0.36666666666666664,82.35637583892618,0.3624161073825503,0.5733333333333333,81.93333333333332
605540,SI,Sinker,Fastball,128,0.1825962910128388,0.1044776119402985,0.041666666666666664,92.40624999999999,0.59375,0.8955223880597015,84.10172413793103
605540,FC,Cutter,Fastball,80,0.11412268188302425,0.05714285714285714,0.0,88.49000000000001,0.4875,0.9428571428571428,85.69062500000001
605540,CU,Curveball,Breaking,34,0.04850213980028531,0.18181818181818182,0.16666666666666666,75.94411764705882,0.5882352941176471,0.8181818181818181,75.03333333333333
606303,ST,Sweeper,Breaking,97,0.4597156398104265,0.26666666666666666,0.25,84.15567010309279,0.44329896907216493,0.7333333333333334,83.61428571428571
606303,FF,4-Seam FB,Fastball,78,0.3696682464454976,0.3170731707317073,0.5,94.1128205128205,0.48717948717948717,0.6829268292682926,84.30384615384614
606965,CH,Changeup,Offspeed,59,0.44029850746268656,0.26666666666666666,0.2857142857142857,82.61864406779661,0.423728813559322,0.7333333333333334,82.82631578947368
606965,FF,4-Seam FB,Fastball,53,0.39552238805970147,0.09090909090909091,0.125,92.86603773584903,0.5471698113207547,0.9090909090909091,86.30689655172412
606996,SI,Sinker,Fastball,354,0.31920649233543735,0.15441176470588236,0.13513513513513514,93.65197740112995,0.5141242937853108,0.8455882352941176,80.71523809523808
606996,ST,Sweeper,Breaking,280,0.25247971145175835,0.23622047244094488,0.19642857142857142,83.17392857142856,0.4928571428571429,0.7637795275590551,81.8012048192771
606996,FS,Splitter,Offspeed,222,0.20018034265103696,0.37962962962962965,0.28,85.42927927927926,0.25675675675675674,0.6203703703703703,80.57333333333334
606996,SL,Slider,Breaking,156,0.1406672678088368,0.20588235294117646,0.1111111111111111,89.1576923076923,0.6217948717948718,0.7941176470588236,84.738
606996,FF,4-Seam FB,Fastball,97,0.08746618575293057,0.05,0.045454545454545456,94.01546391752578,0.6082474226804123,0.95,84.73235294117647
607067,FF,4-Seam FB,Fastball,976,0.41338415925455313,0.15021459227467812,0.15723270440251572,93.84375,0.5614754098360656,0.8497854077253219,83.49117647058823
607067,CH,Changeup,Offspeed,427,0.180855569673867,0.27699530516431925,0.21686746987951808,87.73559718969555,0.34894613583138173,0.7230046948356808,83.5062937062937
607067,SL,Slider,Breaking,257,0.10885218127911901,0.29850746268656714,0.30666666666666664,86.2373540856031,0.40077821011673154,0.7014925373134329,82.85747126436782
607067,ST,Sweeper,Breaking,207,0.08767471410419314,0.2872340425531915,0.2727272727272727,82.89855072463769,0.3719806763285024,0.7127659574468085,80.49375
607067,SI,Sinker,Fastball,202,0.08555696738670054,0.07368421052631578,0.08695652173913043,92.5831683168317,0.5,0.9263157894736842,83.44935064935065
607067,FC,Cutter,Fastball,153,0.06480304955527319,0.2028985507246377,0.14285714285714285,87.35620915032679,0.5424836601307189,0.7971014492753623,84.59803921568627
607067,CU,Curveball,Breaking,139,0.058873358746293944,0.19444444444444445,0.09090909090909091,80.05827338129495,0.460431654676259,0.8055555555555556,84.4241379310345
607074,FF,4-Seam FB,Fastball,661,0.45966620305980527,0.24115755627009647,0.15,94.34523449319214,0.5173978819969742,0.7588424437299035,82.13991031390134
607074,SL,Slider,Breaking,366,0.2545201668984701,0.38857142857142857,0.39,86.1379781420765,0.36885245901639346,0.6114285714285714,81.37052631578948
607074,CH,Changeup,Offspeed,209,0.14534075104311545,0.3867924528301887,0.275,85.23971291866027,0.3588516746411483,0.6132075471698113,82.87258064516129
607074,SI,Sinker,Fastball,178,0.12378303198887343,0.21978021978021978,0.2916666666666667,93.36235955056179,0.4550561797752809,0.7802197802197802,83.25901639344261
607192,FF,4-Seam FB,Fastball,458,0.34802431610942247,0.171875,0.25806451612903225,95.49366812227073,0.5436681222707423,0.828125,84.62447552447551
607192,KC,Knuckle-Curve,Breaking,299,0.22720364741641338,0.515625,0.5128205128205128,80.661872909699,0.3110367892976589,0.484375,83.89464285714287
607192,SI,Sinker,Fastball,262,0.19908814589665655,0.23404255319148937,0.23809523809523808,95.77290076335878,0.5534351145038168,0.7659574468085106,84.0985294117647
607192,SL,Slider,Breaking,234,0.1778115501519757,0.4074074074074074,0.41379310344827586,89.77905982905985,0.39316239316239315,0.5925925925925926,82.81090909090909
607192,CU,Curveball,Breaking,63,0.047872340425531915,0.6538461538461539,0.64,83.75396825396827,0.19047619047619047,0.34615384615384615,77.02499999999999
607200,ST,Sweeper,Breaking,974,0.38743038981702466,0.23042505592841164,0.20833333333333334,82.19733059548254,0.4928131416837782,0.7695749440715883,81.86042944785277
607200,SI,Sinker,Fastball,774,0.30787589498806683,0.125,0.1388888888888889,94.07144702842376,0.5077519379844961,0.875,85.765
607200,FC,Cutter,Fastball,457,0.18178202068416865,0.14953271028037382,0.14035087719298245,91.29759299781182,0.474835886214442,0.8504672897196262,81.50115606936417
607200,CH,Changeup,Offspeed,278,0.1105807478122514,0.2608695652173913,0.2972972972972973,88.80143884892087,0.19784172661870503,0.7391304347826086,85.84615384615384
607200,FF,4-Seam FB,Fastball,31,0.012330946698488464,0.14285714285714285,0.16666666666666666,94.4,0.06451612903225806,0.8571428571428572,85.11666666666666
607259,SI,Sinker,Fastball,833,0.31105302464525764,0.09273182957393483,0.08450704225352113,92.36986794717888,0.6458583433373349,0.9072681704260652,82.16507462686567
607259,CH,Changeup,Offspeed,689,0.25728155339805825,0.29829545454545453,0.24489795918367346,78.22931785195937,0.3584905660377358,0.7017045454545454,79.39484978540773
607259,FC,Cutter,Fastball,589,0.21994025392083644,0.12316715542521994,0.1111111111111111,89.13005093378608,0.5840407470288624,0.8768328445747801,83.22357142857142
607259,FF,4-Seam FB,Fastball,344,0.128454070201643,0.16666666666666666,0.17391304347826086,92.67674418604652,0.5319767441860465,0.8333333333333334,84.91610738255034
607259,CU,Curveball,Breaking,113,0.042195668409260645,0.15384615384615385,0.0,79.92654867256635,0.45132743362831856,0.8461538461538461,82.31052631578947
607259,SL,Slider,Breaking,108,0.040328603435399554,0.22,0.0,85.11018518518519,0.4444444444444444,0.78,80.59189189189189
607455,SL,Slider,Breaking,263,0.4109375,0.4067796610169492,0.4153846153846154,84.52053231939163,0.33840304182509506,0.5932203389830508,83.50153846153847
607455,FF,4-Seam FB,Fastball,174,0.271875,0.14473684210526316,0.15384615384615385,94.5316091954023,0.4540229885057471,0.8552631578947368,83.23548387096774
607455,SI,Sinker,Fastball,164,0.25625,0.1506849315068493,0.16666666666666666,94.61646341463415,0.6097560975609756,0.8493150684931507,82.23728813559322
607455,CH,Changeup,Offspeed,39,0.0609375,0.375,0.0,87.25897435897436,0.3076923076923077,0.625,80.57777777777778
607481,SI,Sinker,Fastball,132,0.37393767705382436,0.1111111111111111,0.14285714285714285,90.31363636363636,0.5909090909090909,0.8888888888888888,87.38666666666667
607481,CU,Curveball,Breaking,77,0.21813031161473087,0.1794871794871795,0.15,80.14805194805194,0.4025974025974026,0.8205128205128205,86.29333333333334
607481,ST,Sweeper,Breaking,72,0.20396600566572237,0.3333333333333333,0.2222222222222222,80.54444444444442,0.4444444444444444,0.6666666666666667,75.984
607481,FC,Cutter,Fastball,42,0.11898016997167139,0.2962962962962963,0.14285714285714285,87.6047619047619,0.5952380952380952,0.7037037037037037,85.39473684210526
607481,FF,4-Seam FB,Fastball,30,0.08498583569405099,0.1111111111111111,0.25,90.68666666666667,0.36666666666666664,0.8888888888888888,92.3125
607536,FF,4-Seam FB,Fastball,528,0.23466666666666666,0.12550607287449392,0.10309278350515463,91.34488636363638,0.553030303030303,0.8744939271255061,84.52488038277512
607536,KC,Knuckle-Curve,Breaking,497,0.22088888888888888,0.3333333333333333,0.3333333333333333,82.4605633802817,0.3903420523138833,0.6666666666666667,85.20754716981132
607536,FC,Cutter,Fastball,469,0.20844444444444443,0.18106995884773663,0.18518518518518517,87.67014925373135,0.5970149253731343,0.8189300411522633,83.9005291005291
607536,CH,Changeup,Offspeed,307,0.13644444444444445,0.2236024844720497,0.2,86.1869706840391,0.40716612377850164,0.7763975155279503,87.70344827586206
607536,ST,Sweeper,Breaking,225,0.1,0.31746031746031744,0.3389830508474576,82.71155555555555,0.49777777777777776,0.6825396825396826,80.755
607536,SI,Sinker,Fastball,224,0.09955555555555555,0.12962962962962962,0.1,91.13303571428573,0.5133928571428571,0.8703703703703703,83.87303370786516
607625,SI,Sinker,Fastball,579,0.19693877551020408,0.12048192771084337,0.16129032258064516,91.42953367875647,0.6096718480138169,0.8795180722891567,85.42990654205607
607625,FF,4-Seam FB,Fastball,487,0.16564625850340137,0.1485148514851485,0.1625,91.67597535934293,0.5503080082135524,0.8514851485148515,84.81304347826088
607625,FC,Cutter,Fastball,466,0.15850340136054422,0.242914979757085,0.20909090909090908,89.8324034334764,0.5858369098712446,0.757085020242915,81.07045454545455
607625,CU,Curveball,Breaking,438,0.1489795918367347,0.2198952879581152,0.1978021978021978,77.29794520547945,0.4292237442922374,0.7801047120418848,81.26962962962963
607625,ST,Sweeper,Breaking,331,0.11258503401360544,0.16129032258064516,0.19148936170212766,79.1679758308157,0.5045317220543807,0.8387096774193549,78.2203125
607625,SL,Slider,Breaking,270,0.09183673469387756,0.2222222222222222,0.24444444444444444,84.32703703703703,0.4703703703703704,0.7777777777777778,81.96022727272727
607625,CH,Changeup,Offspeed,262,0.0891156462585034,0.15702479338842976,0.125,85.11793893129772,0.38549618320610685,0.8429752066115702,83.72268041237113
607625,CS,CS,Breaking,64,0.021768707482993196,0.3333333333333333,0.23529411764705882,69.2125,0.421875,0.6666666666666667,72.91499999999999
607625,SV,Slurve,Breaking,43,0.014625850340136054,0.21052631578947367,0.2857142857142857,77.38604651162791,0.5581395348837209,0.7894736842105263,83.84285714285714
608032,FF,4-Seam FB,Fastball,50,0.5376344086021505,0.1875,0.2,89.934,0.4,0.8125,90.61666666666667
608331,FC,Cutter,Fastball,418,0.22293333333333334,0.26540284360189575,0.3709677419354839,91.84952153110049,0.5167464114832536,0.7345971563981042,81.69568345323742
608331,SI,Sinker,Fastball,374,0.19946666666666665,0.18994413407821228,0.16326530612244897,93.0938502673797,0.5026737967914439,0.8100558659217877,82.69307692307693
608331,FF,4-Seam FB,Fastball,337,0.17973333333333333,0.17391304347826086,0.2,94.83471810089021,0.49851632047477745,0.8260869565217391,81.5512
608331,CU,Curveball,Breaking,250,0.13333333333333333,0.28125,0.2553191489361702,73.6592,0.468,0.71875,77.9090909090909
608331,ST,Sweeper,Breaking,244,0.13013333333333332,0.29411764705882354,0.24390243902439024,79.85942622950822,0.4426229508196721,0.7058823529411764,75.34464285714284
608331,CH,Changeup,Offspeed,231,0.1232,0.2857142857142857,0.25,85.51471861471862,0.30735930735930733,0.7142857142857143,78.63461538461539
608337,FF,4-Seam FB,Fastball,229,0.41560798548094374,0.16666666666666666,0.14285714285714285,90.79912663755458,0.5240174672489083,0.8333333333333334,87.3054794520548
608337,CH,Changeup,Offspeed,191,0.3466424682395644,0.2441860465116279,0.17857142857142858,78.9869109947644,0.4973821989528796,0.7558139534883721,82.03333333333333
608337,SL,Slider,Breaking,94,0.1705989110707804,0.4857142857142857,0.4166666666666667,83.1659574468085,0.2765957446808511,0.5142857142857142,77.92222222222222
608337,CU,Curveball,Breaking,37,0.06715063520871144,0.07142857142857142,0.0,76.88108108108108,0.40540540540540543,0.9285714285714286,86.0
608371,FF,4-Seam FB,Fastball,91,0.457286432160804,0.075,0.0,94.22857142857141,0.4835164835164835,0.925,87.24594594594595
608371,SL,Slider,Breaking,49,0.24623115577889448,0.36363636363636365,0.25,85.8142857142857,0.5102040816326531,0.6363636363636364,68.92307692307692
608371,ST,Sweeper,Breaking,39,0.19597989949748743,0.5,0.4,85.19743589743591,0.3076923076923077,0.5,74.66666666666666
608372,FS,Splitter,Offspeed,555,0.21038665655799849,0.3249097472924188,0.2767857142857143,86.88936936936936,0.3117117117117117,0.6750902527075813,79.24638554216867
608372,FF,4-Seam FB,Fastball,546,0.20697498104624715,0.1684981684981685,0.16521739130434782,92.57399267399268,0.5439560439560439,0.8315018315018314,87.87793427230046
608372,SI,Sinker,Fastball,491,0.18612585291887793,0.07725321888412018,0.057971014492753624,92.50264765784115,0.6171079429735234,0.9227467811158798,87.37156862745098
608372,FC,Cutter,Fastball,295,0.11182714177407127,0.19310344827586207,0.23809523809523808,89.02949152542372,0.49830508474576274,0.806896551724138,84.56636363636363
608372,ST,Sweeper,Breaking,292,0.1106899166034875,0.19327731092436976,0.09090909090909091,83.74520547945205,0.4931506849315068,0.8067226890756303,85.82921348314606
608372,SL,Slider,Breaking,246,0.0932524639878696,0.19642857142857142,0.22641509433962265,85.41138211382115,0.37398373983739835,0.8035714285714286,83.1829268292683
608372,CU,Curveball,Breaking,213,0.08074298711144806,0.20212765957446807,0.18181818181818182,79.84741784037557,0.38967136150234744,0.7978723404255319,83.07692307692308
608379,FF,4-Seam FB,Fastball,878,0.2751488561579442,0.20898876404494382,0.19886363636363635,93.14362186788155,0.5318906605922551,0.7910112359550562,82.46867469879517
608379,CH,Changeup,Offspeed,792,0.2481980570354121,0.27790432801822323,0.2780487804878049,80.65151515151516,0.49242424242424243,0.7220956719817768,80.16354515050166
608379,FC,Cutter,Fastball,476,0.14916953932936383,0.15611814345991562,0.15555555555555556,89.42920168067228,0.5756302521008403,0.8438818565400844,81.1928205128205
608379,SI,Sinker,Fastball,449,0.14070824193042933,0.11981566820276497,0.15853658536585366,93.16124721603563,0.5100222717149221,0.880184331797235,84.11373626373627
608379,CU,Curveball,Breaking,310,0.09714822939517392,0.2553191489361702,0.23076923076923078,75.90096774193547,0.4064516129032258,0.7446808510638299,82.34626865671643
608379,SL,Slider,Breaking,286,0.08962707615167659,0.29838709677419356,0.23809523809523808,84.80979020979021,0.3811188811188811,0.7016129032258065,84.37619047619047
608566,FF,4-Seam FB,Fastball,398,0.3695450324976787,0.1534090909090909,0.12857142857142856,94.7040201005025,0.5452261306532663,0.8465909090909091,84.81777777777779
608566,KC,Knuckle-Curve,Breaking,368,0.34168987929433614,0.34210526315789475,0.3,85.53451086956521,0.4483695652173913,0.6578947368421053,84.29217391304348
608566,SI,Sinker,Fastball,153,0.14206128133704735,0.08536585365853659,0.15384615384615385,94.15555555555555,0.5882352941176471,0.9146341463414634,80.35285714285715
608566,SL,Slider,Breaking,125,0.11606313834726091,0.2878787878787879,0.2727272727272727,87.88239999999999,0.36,0.7121212121212122,79.8952380952381
608566,CH,Changeup,Offspeed,33,0.03064066852367688,0.0,0.0,86.96363636363635,0.30303030303030304,1.0,87.41250000000001
608650,FF,4-Seam FB,Fastball,202,0.5611111111111111,0.2549019607843137,0.17073170731707318,93.77425742574258,0.5643564356435643,0.7450980392156863,83.52676056338028
608650,CH,Changeup,Offspeed,78,0.21666666666666667,0.2916666666666667,0.18181818181818182,84.32820512820513,0.3333333333333333,0.7083333333333333,88.33749999999999
608650,FC,Cutter,Fastball,33,0.09166666666666666,0.18181818181818182,0.0,86.10909090909091,0.42424242424242425,0.8181818181818181,62.725
608650,ST,Sweeper,Breaking,30,0.08333333333333333,0.25,0.2222222222222222,80.45,0.3,0.75,72.38888888888889
608718,SI,Sinker,Fastball,548,0.3437892095357591,0.1222707423580786,0.06382978723404255,89.02025547445255,0.6423357664233577,0.8777292576419214,83.1010582010582
608718,CH,Changeup,Offspeed,429,0.2691342534504391,0.33668341708542715,0.19753086419753085,76.55757575757575,0.2913752913752914,0.6633165829145728,75.43548387096774
608718,FF,4-Seam FB,Fastball,411,0.2578419071518193,0.23963133640552994,0.20202020202020202,87.74282238442824,0.5425790754257908,0.7603686635944701,80.12516129032258
608718,SL,Slider,Breaking,206,0.12923462986198245,0.3146067415730337,0.2777777777777778,78.00728155339807,0.48058252427184467,0.6853932584269663,78.85185185185185
608723,FF,4-Seam FB,Fastball,53,0.24651162790697675,0.08695652173913043,0.16666666666666666,92.11320754716982,0.4528301886792453,0.9130434782608696,88.55999999999999
608723,FC,Cutter,Fastball,51,0.2372093023255814,0.17857142857142858,0.0,87.4137254901961,0.4117647058823529,0.8214285714285714,83.21363636363637
608723,ST,Sweeper,Breaking,40,0.18604651162790697,0.14285714285714285,0.0,80.09,0.55,0.8571428571428572,86.26666666666665
608723,CU,Curveball,Breaking,34,0.15813953488372093,0.2857142857142857,0.0,74.48235294117647,0.20588235294117646,0.7142857142857143,82.27000000000001
615698,SI,Sinker,Fastball,421,0.2505952380952381,0.15315315315315314,0.1323529411764706,93.958432304038,0.5510688836104513,0.8468468468468469,81.29022988505747
615698,FF,4-Seam FB,Fastball,413,0.24583333333333332,0.2751322751322751,0.2716049382716049,93.80096852300241,0.5472154963680388,0.7248677248677249,84.79999999999998
615698,FS,Splitter,Offspeed,382,0.22738095238095238,0.25,0.2911392405063291,84.63115183246073,0.3324607329842932,0.75,81.55069444444445
615698,FC,Cutter,Fastball,332,0.1976190476190476,0.1390728476821192,0.14634146341463414,88.69006024096385,0.5421686746987951,0.8609271523178808,82.52926829268291
615698,CU,Curveball,Breaking,72,0.04285714285714286,0.07407407407407407,0.125,79.1611111111111,0.4444444444444444,0.9259259259259259,77.05909090909091
615698,SL,Slider,Breaking,60,0.03571428571428571,0.045454545454545456,0.14285714285714285,85.85666666666665,0.36666666666666664,0.9545454545454546,85.85499999999999
621016,SI,Sinker,Fastball,174,0.35655737704918034,0.17721518987341772,0.21052631578947367,91.99252873563216,0.47126436781609193,0.8227848101265822,81.4701754385965
621016,FF,4-Seam FB,Fastball,160,0.32786885245901637,0.3,0.19230769230769232,91.844375,0.3625,0.7,81.15882352941178
621016,ST,Sweeper,Breaking,126,0.2581967213114754,0.3684210526315789,0.32,82.82777777777778,0.3968253968253968,0.631578947368421,75.78571428571429
621053,FF,4-Seam FB,Fastball,135,0.46075085324232085,0.2676056338028169,0.3076923076923077,95.45185185185186,0.5185185185185185,0.7323943661971831,85.04444444444445
621053,ST,Sweeper,Breaking,62,0.21160409556313994,0.4444444444444444,0.5,84.1274193548387,0.3387096774193548,0.5555555555555556,78.88666666666667
621074,FF,4-Seam FB,Fastball,254,0.327741935483871,0.22137404580152673,0.2037037037037037,96.15118110236222,0.47244094488188976,0.7786259541984732,84.19081632653062
621074,CU,Curveball,Breaking,241,0.3109677419354839,0.3706896551724138,0.34782608695652173,82.2539419087137,0.3775933609958506,0.6293103448275862,75.03235294117648
621074,FC,Cutter,Fastball,169,0.21806451612903227,0.18421052631578946,0.2857142857142857,89.63905325443787,0.46153846153846156,0.8157894736842105,83.68771929824561
621074,SI,Sinker,Fastball,95,0.12258064516129032,0.18181818181818182,0.3333333333333333,95.76,0.6842105263157895,0.8181818181818181,83.63461538461539
621097,FF,4-Seam FB,Fastball,286,0.41210374639769454,0.19078947368421054,0.13793103448275862,92.90594405594405,0.534965034965035,0.8092105263157895,81.8218487394958
621097,FC,Cutter,Fastball,230,0.3314121037463977,0.2604166666666667,0.2631578947368421,86.79434782608695,0.5130434782608696,0.7395833333333333,81.96323529411765
621097,CH,Changeup,Offspeed,136,0.19596541786743515,0.4090909090909091,0.4594594594594595,84.4595588235294,0.36764705882352944,0.5909090909090908,75.73714285714286
621097,CU,Curveball,Breaking,42,0.06051873198847262,0.36363636363636365,0.0,76.41666666666667,0.4523809523809524,0.6363636363636364,79.83333333333333
621107,FC,Cutter,Fastball,34,0.2361111111111111,0.23529411764705882,0.0,88.54411764705883,0.5,0.7647058823529411,82.86363636363636
621107,CU,Curveball,Breaking,30,0.20833333333333334,0.6666666666666666,0.5,78.64333333333333,0.13333333333333333,0.33333333333333337,72.625
621111,FC,Cutter,Fastball,660,0.2389572773352643,0.17684887459807075,0.23076923076923078,90.39363636363638,0.5045454545454545,0.8231511254019293,81.08410041841003
621111,FF,4-Seam FB,Fastball,564,0.20419985517740769,0.14220183486238533,0.12048192771084337,93.93386524822695,0.5195035460992907,0.8577981651376146,86.41387283236993
621111,SI,Sinker,Fastball,526,0.19044170890658943,0.11219512195121951,0.08333333333333333,94.20057034220532,0.6007604562737643,0.8878048780487805,82.6867816091954
621111,SL,Slider,Breaking,289,0.10463432295438088,0.2236024844720497,0.2753623188405797,87.06782006920415,0.4532871972318339,0.7763975155279503,81.45964912280704
621111,CH,Changeup,Offspeed,279,0.10101375814627082,0.3008130081300813,0.27450980392156865,89.07706093189964,0.34050179211469533,0.6991869918699187,85.75466666666667
621111,KC,Knuckle-Curve,Breaking,243,0.08797972483707459,0.325,0.3333333333333333,78.00699588477364,0.3497942386831276,0.675,84.74736842105263
621111,ST,Sweeper,Breaking,201,0.07277335264301231,0.26605504587155965,0.288135593220339,82.35522388059702,0.40298507462686567,0.7339449541284404,78.10128205128206
621112,SI,Sinker,Fastball,440,0.3424124513618677,0.11413043478260869,0.09615384615384616,94.24477272727272,0.5840909090909091,0.8858695652173914,85.66486486486487
621112,CH,Changeup,Offspeed,273,0.21245136186770427,0.29605263157894735,0.3541666666666667,87.47765567765568,0.3956043956043956,0.7039473684210527,79.61442307692309
621112,FC,Cutter,Fastball,246,0.19143968871595332,0.1623931623931624,0.25,91.78373983739839,0.45121951219512196,0.8376068376068376,83.09239130434783
621112,CU,Curveball,Breaking,184,0.1431906614785992,0.40540540540540543,0.4411764705882353,81.08423913043478,0.29347826086956524,0.5945945945945945,77.25128205128206
621112,ST,Sweeper,Breaking,94,0.07315175097276265,0.32608695652173914,0.2916666666666667,83.76808510638298,0.35106382978723405,0.6739130434782609,76.59310344827584
621112,FF,4-Seam FB,Fastball,35,0.027237354085603113,0.09090909090909091,0.3333333333333333,94.70000000000002,0.4857142857142857,0.9090909090909091,83.22
621121,FC,Cutter,Fastball,236,0.2773207990599295,0.21428571428571427,0.3181818181818182,89.0072033898305,0.5296610169491526,0.7857142857142857,82.51159420289856
621121,SI,Sinker,Fastball,186,0.21856639247943596,0.1388888888888889,0.0,91.30215053763439,0.5806451612903226,0.8611111111111112,84.30701754385964
621121,ST,Sweeper,Breaking,142,0.16686251468860164,0.2982456140350877,0.3235294117647059,82.26971830985914,0.4084507042253521,0.7017543859649122,82.38461538461539
621121,CH,Changeup,Offspeed,132,0.15511163337250294,0.4074074074074074,0.23529411764705882,85.50303030303029,0.3181818181818182,0.5925925925925926,82.96428571428571
621121,KC,Knuckle-Curve,Breaking,120,0.1410105757931845,0.4576271186440678,0.3939393939393939,81.615,0.26666666666666666,0.5423728813559322,87.01612903225806
621121,FF,4-Seam FB,Fastball,35,0.041128084606345476,0.26666666666666666,0.0,91.82857142857142,0.3142857142857143,0.7333333333333334,94.08181818181819
621139,FS,Splitter,Offspeed,30,0.5454545454545454,0.4,0.2857142857142857,81.92666666666668,0.36666666666666664,0.6,73.15
621237,SI,Sinker,Fastball,747,0.631979695431472,0.19941348973607037,0.21978021978021978,97.85957161981257,0.5301204819277109,0.8005865102639296,81.62178988326849
621237,FC,Cutter,Fastball,384,0.3248730964467005,0.39444444444444443,0.36,91.45625,0.24479166666666666,0.6055555555555556,80.79
621242,FF,4-Seam FB,Fastball,234,0.5571428571428572,0.21505376344086022,0.25,96.46923076923078,0.5170940170940171,0.7849462365591398,83.61538461538461
621242,SL,Slider,Breaking,184,0.4380952380952381,0.3125,0.2391304347826087,89.28695652173913,0.4076086956521739,0.6875,84.48888888888888
621345,FC,Cutter,Fastball,373,0.55096011816839,0.2621359223300971,0.34328358208955223,89.01394101876674,0.4959785522788204,0.7378640776699029,80.39928571428571
621345,FF,4-Seam FB,Fastball,187,0.276218611521418,0.20212765957446807,0.24324324324324326,93.46791443850267,0.45989304812834225,0.7978723404255319,84.16617647058823
621345,CH,Changeup,Offspeed,87,0.12850812407680945,0.19047619047619047,0.26666666666666666,86.47816091954024,0.39080459770114945,0.8095238095238095,77.1125
621345,SI,Sinker,Fastball,30,0.04431314623338257,0.15384615384615385,0.16666666666666666,93.39333333333335,0.6,0.8461538461538461,83.19
621366,SL,Slider,Breaking,146,0.37055837563451777,0.4268292682926829,0.4230769230769231,86.0958904109589,0.3972602739726027,0.5731707317073171,81.52954545454544
621366,SI,Sinker,Fastball,134,0.3401015228426396,0.11320754716981132,0.16666666666666666,93.50447761194029,0.5746268656716418,0.8867924528301887,85.03636363636365
621366,FS,Splitter,Offspeed,56,0.14213197969543148,0.2727272727272727,0.08333333333333333,83.01607142857142,0.48214285714285715,0.7272727272727273,88.84285714285714
621366,ST,Sweeper,Breaking,36,0.09137055837563451,0.35714285714285715,0.16666666666666666,80.77500000000002,0.4166666666666667,0.6428571428571428,84.54444444444444
621381,FF,4-Seam FB,Fastball,262,0.3748211731044349,0.2463768115942029,0.14516129032258066,91.27290076335878,0.5534351145038168,0.7536231884057971,84.64599999999999
621381,SL,Slider,Breaking,197,0.28183118741058655,0.3103448275862069,0.2702702702702703,81.18730964467005,0.4873096446700508,0.6896551724137931,81.08181818181818
621381,SI,Sinker,Fastball,106,0.15164520743919885,0.0851063829787234,0.0,91.43301886792453,0.5471698113207547,0.9148936170212766,79.22972972972973
621381,CH,Changeup,Offspeed,76,0.10872675250357654,0.18604651162790697,0.09375,82.24736842105263,0.3815789473684211,0.813953488372093,84.56206896551724
621381,FC,Cutter,Fastball,58,0.08297567954220315,0.25,0.25,87.5,0.5689655172413793,0.75,82.91904761904762
621383,SL,Slider,Breaking,250,0.3561253561253561,0.208,0.21212121212121213,86.8248,0.54,0.792,78.83333333333333
621383,ST,Sweeper,Breaking,156,0.2222222222222222,0.28169014084507044,0.27586206896551724,81.49743589743589,0.5,0.7183098591549295,81.42857142857143
621383,FF,4-Seam FB,Fastball,150,0.21367521367521367,0.28735632183908044,0.32653061224489793,91.95066666666666,0.5133333333333333,0.7126436781609196,81.93666666666665
621383,SI,Sinker,Fastball,111,0.1581196581196581,0.10416666666666667,0.0,91.2099099099099,0.45045045045045046,0.8958333333333334,81.60000000000001
621383,CH,Changeup,Offspeed,35,0.04985754985754986,0.3125,0.42857142857142855,83.58,0.2,0.6875,80.25454545454546
622088,ST,Sweeper,Breaking,488,0.5109947643979058,0.33480176211453744,0.24742268041237114,83.80409836065573,0.4569672131147541,0.6651982378854626,79.16148148148147
622088,FC,Cutter,Fastball,176,0.18429319371727748,0.24050632911392406,0.2631578947368421,90.31931818181819,0.5965909090909091,0.759493670886076,81.29056603773584
622088,CU,Curveball,Breaking,112,0.11727748691099477,0.13953488372093023,0.047619047619047616,81.72321428571429,0.41964285714285715,0.8604651162790697,79.48666666666666
622088,SI,Sinker,Fastball,109,0.11413612565445026,0.2708333333333333,0.5,93.79541284403669,0.5137614678899083,0.7291666666666667,87.2642857142857
622088,FF,4-Seam FB,Fastball,56,0.05863874345549738,0.22857142857142856,0.24,94.8375,0.6071428571428571,0.7714285714285715,84.992
622491,FF,4-Seam FB,Fastball,1055,0.419984076433121,0.26610169491525426,0.2139917695473251,95.1642654028436,0.4881516587677725,0.7338983050847457,83.3460396039604
622491,SL,Slider,Breaking,613,0.24402866242038215,0.27335640138408307,0.20512820512820512,85.48678629690048,0.46818923327895595,0.726643598615917,83.62565445026178
622491,SI,Sinker,Fastball,470,0.18710191082802546,0.11555555555555555,0.09090909090909091,95.33744680851063,0.5595744680851064,0.8844444444444445,85.16774193548387
622491,CH,Changeup,Offspeed,367,0.1460987261146497,0.2436548223350254,0.1527777777777778,87.37166212534059,0.4032697547683924,0.7563451776649746,84.41333333333334
622554,FF,4-Seam FB,Fastball,489,0.43007915567282323,0.24696356275303644,0.1875,97.28200408997955,0.5276073619631901,0.7530364372469636,82.06607142857143
622554,ST,Sweeper,Breaking,317,0.27880386983289357,0.32061068702290074,0.2631578947368421,85.10567823343848,0.3911671924290221,0.6793893129770993,79.28214285714287
622554,SI,Sinker,Fastball,187,0.1644678979771328,0.12790697674418605,0.14285714285714285,97.60374331550803,0.5026737967914439,0.872093023255814,84.0056338028169
622554,FS,Splitter,Offspeed,128,0.11257695690413369,0.5409836065573771,0.4418604651162791,85.87812499999998,0.28125,0.4590163934426229,75.9074074074074
622608,FC,Cutter,Fastball,396,0.3341772151898734,0.25806451612903225,0.21666666666666667,92.26313131313131,0.4696969696969697,0.7419354838709677,81.66
622608,FF,4-Seam FB,Fastball,363,0.30632911392405066,0.28095238095238095,0.2549019607843137,97.33608815426997,0.5371900826446281,0.719047619047619,82.79236111111112
622608,SI,Sinker,Fastball,250,0.2109704641350211,0.1297709923664122,0.14705882352941177,96.7528,0.564,0.8702290076335878,83.4242718446602
622608,CU,Curveball,Breaking,100,0.08438818565400844,0.29411764705882354,0.3,83.521,0.29,0.7058823529411764,81.715
622608,CH,Changeup,Offspeed,53,0.04472573839662447,0.1,0.0,90.76037735849053,0.39622641509433965,0.9,90.01176470588236
622663,ST,Sweeper,Breaking,288,0.24721030042918454,0.32,0.30434782608695654,84.90416666666667,0.40625,0.6799999999999999,83.47654320987655
622663,SI,Sinker,Fastball,271,0.23261802575107296,0.15503875968992248,0.11428571428571428,96.31734317343174,0.5756457564575646,0.8449612403100775,83.25192307692308
622663,FF,4-Seam FB,Fastball,250,0.2145922746781116,0.25196850393700787,0.19117647058823528,96.80839999999999,0.556,0.7480314960629921,84.1655172413793
622663,FC,Cutter,Fastball,244,0.2094420600858369,0.17886178861788618,0.14285714285714285,94.1467213114754,0.45491803278688525,0.8211382113821138,80.48390804597702
622663,CH,Changeup,Offspeed,74,0.06351931330472103,0.24,0.2,86.97972972972973,0.4189189189189189,0.76,80.92222222222222
622663,SL,Slider,Breaking,38,0.03261802575107296,0.375,0.46153846153846156,86.85000000000001,0.23684210526315788,0.625,83.80000000000001
622694,FF,4-Seam FB,Fastball,81,0.37327188940092165,0.1951219512195122,0.11764705882352941,92.20987654320987,0.6049382716049383,0.8048780487804879,85.91290322580646
622694,ST,Sweeper,Breaking,78,0.35944700460829493,0.3939393939393939,0.26666666666666666,79.47820512820512,0.3717948717948718,0.6060606060606061,77.56315789473685
622694,CH,Changeup,Offspeed,50,0.2304147465437788,0.36363636363636365,0.5714285714285714,83.604,0.38,0.6363636363636364,77.02142857142857
622761,FA,Fastball,Fastball,41,1.0,0.05263157894736842,0.0,65.60975609756098,0.4878048780487805,0.9473684210526316,77.41764705882353
623149,FF,4-Seam FB,Fastball,510,0.5555555555555556,0.22377622377622378,0.2032520325203252,91.32745098039216,0.5117647058823529,0.7762237762237763,82.25352112676056
623149,ST,Sweeper,Breaking,390,0.42483660130718953,0.3279569892473118,0.28,82.82,0.5153846153846153,0.6720430107526882,80.25677966101695
623168,EP,EP,Other,38,0.59375,0.0,0.0,47.626315789473686,0.3157894736842105,1.0,80.55909090909091
623211,SI,Sinker,Fastball,522,0.4943181818181818,0.18930041152263374,0.22727272727272727,96.16839080459769,0.5421455938697318,0.8106995884773662,82.34239130434783
623211,CH,Changeup,Offspeed,421,0.39867424242424243,0.33796296296296297,0.2523364485981308,90.84513064133017,0.38004750593824227,0.662037037037037,76.73828125
623211,FF,4-Seam FB,Fastball,77,0.07291666666666667,0.17391304347826086,0.18181818181818182,96.7987012987013,0.5064935064935064,0.8260869565217391,83.60909090909091
623211,FC,Cutter,Fastball,30,0.028409090909090908,0.3333333333333333,0.2,91.17333333333335,0.43333333333333335,0.6666666666666667,79.46666666666667
623352,SI,Sinker,Fastball,458,0.6459802538787024,0.277992277992278,0.2831858407079646,95.12205240174671,0.5021834061135371,0.722007722007722,81.8135593220339
623352,SL,Slider,Breaking,251,0.3540197461212976,0.4566929133858268,0.3469387755102041,84.50557768924303,0.38645418326693226,0.5433070866141732,78.92686567164179
623433,FF,4-Seam FB,Fastball,40,0.6451612903225806,0.23076923076923078,0.1111111111111111,94.66,0.625,0.7692307692307692,84.62222222222222
623437,SI,Sinker,Fastball,191,0.40987124463519314,0.12658227848101267,0.20833333333333334,93.57905759162306,0.5863874345549738,0.8734177215189873,84.6203125
623437,FC,Cutter,Fastball,120,0.2575107296137339,0.1896551724137931,0.1,91.46666666666667,0.44166666666666665,0.8103448275862069,78.76818181818182
623437,ST,Sweeper,Breaking,96,0.20600858369098712,0.17647058823529413,0.16666666666666666,81.76458333333333,0.3854166666666667,0.8235294117647058,85.36296296296297
623437,CH,Changeup,Offspeed,58,0.12446351931330472,0.22580645161290322,0.35714285714285715,86.2051724137931,0.4482758620689655,0.7741935483870968,82.34782608695652
623454,FF,4-Seam FB,Fastball,734,0.4041850220264317,0.18798955613577023,0.2,95.30681198910081,0.5,0.8120104438642297,82.38062283737024
623454,CH,Changeup,Offspeed,561,0.30892070484581496,0.3612040133779264,0.29770992366412213,89.82869875222815,0.36185383244206776,0.6387959866220736,82.28809523809524
623454,CU,Curveball,Breaking,401,0.22081497797356828,0.32857142857142857,0.3492063492063492,80.07506234413965,0.43640897755610975,0.6714285714285715,83.92613636363636
623454,SL,Slider,Breaking,92,0.05066079295154185,0.26,0.3333333333333333,88.01521739130435,0.532608695652174,0.74,85.1764705882353
623465,FF,4-Seam FB,Fastball,191,0.4515366430260047,0.26595744680851063,0.3157894736842105,96.86492146596859,0.5497382198952879,0.7340425531914894,85.89365079365079
623465,ST,Sweeper,Breaking,157,0.37115839243498816,0.34328358208955223,0.2619047619047619,86.24585987261146,0.40764331210191085,0.6567164179104478,82.7
623465,FC,Cutter,Fastball,43,0.1016548463356974,0.17857142857142858,0.0,92.42093023255813,0.4418604651162791,0.8214285714285714,81.72105263157894
623465,SI,Sinker,Fastball,32,0.07565011820330969,0.11764705882352941,0.25,96.6375,0.71875,0.8823529411764706,83.52142857142857
623474,ST,Sweeper,Breaking,276,0.2754491017964072,0.27631578947368424,0.25,78.2054347826087,0.44565217391304346,0.7236842105263157,78.16095238095237
623474,FC,Cutter,Fastball,268,0.26746506986027946,0.2900763358778626,0.21212121212121213,86.24589552238807,0.5783582089552238,0.7099236641221374,76.81666666666668
623474,SI,Sinker,Fastball,230,0.22954091816367264,0.10843373493975904,0.1111111111111111,90.82000000000001,0.5173913043478261,0.891566265060241,90.57714285714287
623474,CH,Changeup,Offspeed,85,0.08483033932135728,0.2,0.0,85.31764705882352,0.09411764705882353,0.8,75.02222222222223
623474,FF,4-Seam FB,Fastball,83,0.08283433133732535,0.2,0.21428571428571427,92.0831325301205,0.3493975903614458,0.8,83.79032258064517
623474,SL,Slider,Breaking,60,0.059880239520958084,0.37037037037037035,0.2,84.38499999999999,0.5,0.6296296296296297,91.14375
624133,SI,Sinker,Fastball,598,0.2437831227068895,0.12962962962962962,0.08571428571428572,90.25367892976588,0.5284280936454849,0.8703703703703703,83.60582959641255
624133,FF,4-Seam FB,Fastball,551,0.22462291072156543,0.1642512077294686,0.14285714285714285,91.46805807622503,0.5190562613430127,0.8357487922705313,82.21446540880503
624133,FC,Cutter,Fastball,463,0.18874847125968203,0.1375,0.15555555555555556,87.83390928725703,0.5053995680345572,0.8625,79.5937172774869
624133,CU,Curveball,Breaking,408,0.1663269465960049,0.375,0.4044943820224719,75.64240196078431,0.35784313725490197,0.625,79.38272727272727
624133,CH,Changeup,Offspeed,308,0.12556053811659193,0.2653061224489796,0.16666666666666666,81.02435064935065,0.2564935064935065,0.7346938775510203,77.601
624133,SL,Slider,Breaking,125,0.050958010599266204,0.45614035087719296,0.3939393939393939,78.9312,0.264,0.543859649122807,80.46451612903226
624431,EP,EP,Other,67,0.536,0.07692307692307693,0.5,38.61940298507463,0.3283582089552239,0.9230769230769231,93.63333333333334
624431,KN,Knuckleball,Breaking,49,0.392,0.05263157894736842,0.0,54.67959183673469,0.24489795918367346,0.9473684210526316,73.54705882352943
624522,FF,4-Seam FB,Fastball,59,0.28095238095238095,0.17647058823529413,0.15384615384615385,92.36440677966101,0.5254237288135594,0.8235294117647058,87.08
624522,FC,Cutter,Fastball,53,0.2523809523809524,0.2903225806451613,0.2,88.40566037735847,0.6226415094339622,0.7096774193548387,86.96363636363637
624522,SI,Sinker,Fastball,46,0.21904761904761905,0.13636363636363635,0.3333333333333333,92.16304347826089,0.6086956521739131,0.8636363636363636,87.34736842105262
625643,FF,4-Seam FB,Fastball,813,0.534516765285996,0.1548223350253807,0.16923076923076924,93.81340713407134,0.6162361623616236,0.8451776649746193,83.04610591900312
625643,SL,Slider,Breaking,467,0.30703484549638393,0.3197969543147208,0.30952380952380953,83.78715203426124,0.29336188436830835,0.6802030456852792,79.93064516129031
625643,CU,Curveball,Breaking,172,0.11308349769888232,0.225,0.1951219512195122,74.22325581395347,0.4127906976744186,0.775,74.88947368421054
625643,CH,Changeup,Offspeed,69,0.045364891518737675,0.45454545454545453,0.5,83.74492753623187,0.17391304347826086,0.5454545454545454,82.74545454545455
628452,FF,4-Seam FB,Fastball,358,0.3668032786885246,0.2393617021276596,0.20238095238095238,94.30893854748604,0.5810055865921788,0.7606382978723404,84.87404580152672
628452,CH,Changeup,Offspeed,349,0.35758196721311475,0.41284403669724773,0.391304347826087,88.36991404011461,0.3954154727793696,0.5871559633027523,82.72752293577982
628452,SI,Sinker,Fastball,190,0.19467213114754098,0.13513513513513514,0.0,94.34842105263156,0.5736842105263158,0.8648648648648649,83.92166666666665
628452,SL,Slider,Breaking,79,0.08094262295081968,0.2857142857142857,0.3888888888888889,82.64177215189873,0.2911392405063291,0.7142857142857143,76.65238095238094
640448,FF,4-Seam FB,Fastball,557,0.5157407407407407,0.17391304347826086,0.15294117647058825,96.19461400359067,0.5421903052064632,0.8260869565217391,84.35510204081632
640448,FS,Splitter,Offspeed,342,0.31666666666666665,0.32335329341317365,0.26666666666666666,87.15116959064328,0.3508771929824561,0.6766467065868264,81.81764705882354
640448,SL,Slider,Breaking,181,0.1675925925925926,0.3655913978494624,0.21428571428571427,85.52541436464088,0.48066298342541436,0.6344086021505376,80.64528301886794
640451,FF,4-Seam FB,Fastball,54,0.47368421052631576,0.125,0.08333333333333333,96.95740740740744,0.6851851851851852,0.875,89.46470588235294
640451,FS,Splitter,Offspeed,35,0.30701754385964913,0.4,0.23076923076923078,88.98285714285713,0.37142857142857144,0.6,83.13333333333333
640454,SI,Sinker,Fastball,95,0.45893719806763283,0.24390243902439024,0.2,89.5357894736842,0.43157894736842106,0.7560975609756098,79.61428571428571
640454,ST,Sweeper,Breaking,94,0.45410628019323673,0.3333333333333333,0.3684210526315789,82.13510638297873,0.3617021276595745,0.6666666666666667,80.5047619047619
640455,FF,4-Seam FB,Fastball,983,0.3862475442043222,0.23529411764705882,0.21338912133891214,91.23184130213632,0.6002034587995931,0.7647058823529411,83.67427055702917
640455,ST,Sweeper,Breaking,769,0.30216110019646364,0.3016759776536313,0.29069767441860467,75.7107932379714,0.40182054616384916,0.6983240223463687,76.35347826086957
640455,SI,Sinker,Fastball,478,0.18781925343811395,0.07456140350877193,0.13725490196078433,90.28744769874477,0.5794979079497908,0.9254385964912281,83.43417085427136
640455,FC,Cutter,Fastball,204,0.08015717092337918,0.2727272727272727,0.2,84.65196078431373,0.4950980392156863,0.7272727272727273,79.6041095890411
640455,CH,Changeup,Offspeed,111,0.04361493123772102,0.15,0.14285714285714285,83.99909909909911,0.36036036036036034,0.85,84.12727272727273
641302,CH,Changeup,Offspeed,284,0.2341302555647156,0.2684563758389262,0.29310344827586204,84.73802816901409,0.2676056338028169,0.7315436241610738,84.01224489795919
641302,FC,Cutter,Fastball,256,0.2110469909315746,0.17894736842105263,0.17647058823529413,88.265625,0.4921875,0.8210526315789474,76.07571428571428
641302,SI,Sinker,Fastball,232,0.1912613355317395,0.049019607843137254,0.05555555555555555,91.38405172413792,0.5948275862068966,0.9509803921568627,81.18461538461538
641302,ST,Sweeper,Breaking,223,0.1838417147568013,0.25,0.125,80.2390134529148,0.5067264573991032,0.75,79.75128205128206
641302,FF,4-Seam FB,Fastball,217,0.17889530090684255,0.2549019607843137,0.21052631578947367,91.9373271889401,0.5622119815668203,0.7450980392156863,81.95142857142858
641312,SL,Slider,Breaking,135,0.2922077922077922,0.2786885245901639,0.3333333333333333,89.03407407407407,0.562962962962963,0.7213114754098361,82.55
641312,FF,4-Seam FB,Fastball,120,0.2597402597402597,0.21153846153846154,0.2222222222222222,93.20416666666667,0.48333333333333334,0.7884615384615384,81.98
641312,CH,Changeup,Offspeed,114,0.24675324675324675,0.2962962962962963,0.26666666666666666,86.69824561403509,0.42105263157894735,0.7037037037037037,84.2527777777778
641312,ST,Sweeper,Breaking,58,0.12554112554112554,0.2857142857142857,0.2857142857142857,81.95344827586207,0.41379310344827586,0.7142857142857143,84.5421052631579
641312,SI,Sinker,Fastball,35,0.07575757575757576,0.09090909090909091,0.0,93.73428571428572,0.5428571428571428,0.9090909090909091,84.21000000000001
641329,FF,4-Seam FB,Fastball,535,0.5265748031496063,0.23183391003460208,0.2018348623853211,96.29757009345794,0.525233644859813,0.7681660899653979,82.29323671497583
641329,CH,Changeup,Offspeed,439,0.43208661417322836,0.32286995515695066,0.297029702970297,85.16765375854216,0.4396355353075171,0.6771300448430493,78.97867647058823
641329,SL,Slider,Breaking,42,0.04133858267716536,0.23809523809523808,0.2857142857142857,87.79761904761905,0.5476190476190477,0.7619047619047619,87.14
641401,FF,4-Seam FB,Fastball,160,0.47619047619047616,0.2857142857142857,0.3793103448275862,94.5325,0.54375,0.7142857142857143,84.67499999999998
641401,CH,Changeup,Offspeed,132,0.39285714285714285,0.23809523809523808,0.29411764705882354,83.86515151515151,0.38636363636363635,0.7619047619047619,83.43636363636364
641401,FC,Cutter,Fastball,35,0.10416666666666667,0.4,0.0,87.73142857142857,0.4,0.6,83.19999999999999
641585,FC,Cutter,Fastball,44,0.2619047619047619,0.18518518518518517,0.25,86.81818181818183,0.6136363636363636,0.8148148148148149,84.18571428571428
641585,CU,Curveball,Breaking,37,0.22023809523809523,0.23529411764705882,0.16666666666666666,76.15945945945946,0.40540540540540543,0.7647058823529411,77.75384615384615
641585,FF,4-Seam FB,Fastball,32,0.19047619047619047,0.0,0.0,92.25937499999999,0.4375,1.0,88.62857142857142
641656,SL,Slider,Breaking,62,0.5961538461538461,0.3333333333333333,0.25,86.70161290322581,0.46774193548387094,0.6666666666666667,87.065
641743,ST,Sweeper,Breaking,684,0.23217922606924643,0.3303964757709251,0.2898550724637681,82.6608187134503,0.4239766081871345,0.6696035242290749,80.50070921985815
641743,FF,4-Seam FB,Fastball,646,0.21928038017651053,0.1926605504587156,0.20394736842105263,95.862693498452,0.5046439628482973,0.8073394495412844,81.87217741935484
641743,SI,Sinker,Fastball,529,0.1795655125594026,0.16666666666666666,0.17647058823529413,95.27618147448017,0.5633270321361059,0.8333333333333334,85.38920187793428
641743,FC,Cutter,Fastball,500,0.1697216564833673,0.17254901960784313,0.10714285714285714,91.596,0.458,0.8274509803921568,81.94340659340659
641743,CH,Changeup,Offspeed,417,0.1415478615071283,0.32653061224489793,0.24324324324324326,86.06834532374101,0.23741007194244604,0.6734693877551021,83.50578512396693
641743,SL,Slider,Breaking,170,0.05770536320434488,0.2631578947368421,0.28205128205128205,86.29235294117647,0.29411764705882354,0.736842105263158,83.53484848484847
641745,FF,4-Seam FB,Fastball,180,0.32432432432432434,0.2,0.18518518518518517,96.9761111111111,0.4666666666666667,0.8,83.47719298245613
641745,SL,Slider,Breaking,123,0.22162162162162163,0.24561403508771928,0.36,87.00813008130083,0.4878048780487805,0.7543859649122807,82.51463414634146
641745,SI,Sinker,Fastball,108,0.1945945945945946,0.16,0.13333333333333333,96.77037037037037,0.5092592592592593,0.84,77.81891891891892
641745,CH,Changeup,Offspeed,77,0.13873873873873874,0.35294117647058826,0.35294117647058826,92.7961038961039,0.2077922077922078,0.6470588235294117,76.55
641745,ST,Sweeper,Breaking,67,0.12072072072072072,0.22857142857142856,0.3,85.66716417910449,0.5223880597014925,0.7714285714285715,80.28750000000001
641755,SL,Slider,Breaking,621,0.6634615384615384,0.2857142857142857,0.2222222222222222,87.1024154589372,0.499194847020934,0.7142857142857143,79.25294117647059
641755,CU,Curveball,Breaking,156,0.16666666666666666,0.2608695652173913,0.225,83.04743589743589,0.38461538461538464,0.7391304347826086,80.48
641755,FF,4-Seam FB,Fastball,145,0.15491452991452992,0.13636363636363635,0.1,94.35241379310345,0.46206896551724136,0.8636363636363636,85.99722222222222
641778,FF,4-Seam FB,Fastball,759,0.418412348401323,0.19953051643192488,0.16568047337278108,91.10039525691701,0.5191040843214756,0.8004694835680751,81.53333333333333
641778,FC,Cutter,Fastball,415,0.22877618522601983,0.19913419913419914,0.16455696202531644,87.60746987951809,0.4867469879518072,0.8008658008658008,78.50914285714286
641778,CH,Changeup,Offspeed,269,0.14829106945975745,0.1487603305785124,0.08333333333333333,84.63048327137545,0.34944237918215615,0.8512396694214877,83.78080808080807
641778,CU,Curveball,Breaking,223,0.12293274531422271,0.17647058823529413,0.08571428571428572,75.90986547085201,0.484304932735426,0.8235294117647058,81.26212121212122
641778,SL,Slider,Breaking,148,0.08158765159867695,0.13924050632911392,0.058823529411764705,82.8087837837838,0.4594594594594595,0.8607594936708861,82.0323076923077
641793,SL,Slider,Breaking,576,0.2822146006859383,0.19217081850533807,0.19047619047619047,88.11024305555556,0.4670138888888889,0.8078291814946619,84.38262910798122
641793,FF,4-Seam FB,Fastball,517,0.25330720235178833,0.14624505928853754,0.1836734693877551,91.62495164410059,0.5415860735009671,0.8537549407114624,85.95123152709358
641793,FS,Splitter,Offspeed,477,0.23370896619304263,0.18106995884773663,0.16964285714285715,84.03752620545072,0.42557651991614254,0.8189300411522633,85.27094972067039
641793,SI,Sinker,Fastball,292,0.14306712395884372,0.11585365853658537,0.12195121951219512,91.34109589041095,0.5958904109589042,0.8841463414634146,84.56642335766423
641793,ST,Sweeper,Breaking,177,0.08672219500244978,0.1780821917808219,0.1388888888888889,79.24632768361582,0.4011299435028249,0.821917808219178,84.14736842105262
641816,FF,4-Seam FB,Fastball,1213,0.475499803998432,0.22105263157894736,0.25925925925925924,92.81995053586151,0.494641384995878,0.7789473684210526,83.54941520467837
641816,FS,Splitter,Offspeed,783,0.30693845550764404,0.27078891257995735,0.2545454545454545,86.3353767560664,0.4342273307790549,0.7292110874200426,81.3349358974359
641816,FC,Cutter,Fastball,371,0.1454331634653077,0.1518987341772152,0.24,87.72021563342317,0.522911051212938,0.8481012658227848,84.15609756097561
641816,SL,Slider,Breaking,167,0.06546452371618973,0.23809523809523808,0.2962962962962963,84.83293413173652,0.30538922155688625,0.7619047619047619,84.23555555555555
641835,SI,Sinker,Fastball,653,0.564390665514261,0.19205298013245034,0.14736842105263157,94.1926493108729,0.5849923430321593,0.8079470198675497,82.15270270270271
641835,SL,Slider,Breaking,352,0.30423509075194466,0.2635135135135135,0.2537313432835821,87.29176136363637,0.3352272727272727,0.7364864864864865,83.27821782178216
641835,FF,4-Seam FB,Fastball,129,0.111495246326707,0.2923076923076923,0.2926829268292683,94.44186046511628,0.4728682170542636,0.7076923076923076,81.08809523809524
641927,CH,Changeup,Offspeed,747,0.33378016085790885,0.20157068062827224,0.1554054054054054,82.63520749665328,0.46318607764390896,0.7984293193717278,81.03414634146343
641927,FF,4-Seam FB,Fastball,697,0.31143878462913316,0.14942528735632185,0.13392857142857142,88.09282639885222,0.539454806312769,0.8505747126436781,85.53071428571428
641927,SL,Slider,Breaking,399,0.17828418230563003,0.14814814814814814,0.2,82.4937343358396,0.5463659147869674,0.8518518518518519,84.03576158940398
641927,ST,Sweeper,Breaking,278,0.12421805183199285,0.4318181818181818,0.4,76.05431654676258,0.38848920863309355,0.5681818181818181,78.35362318840579
641927,SI,Sinker,Fastball,81,0.036193029490616625,0.12195121951219512,0.0,88.82716049382717,0.5555555555555556,0.8780487804878049,84.44117647058823
641927,CU,Curveball,Breaking,36,0.0160857908847185,0.1,0.0,72.9361111111111,0.5,0.9,83.19999999999999
641941,FF,4-Seam FB,Fastball,445,0.625,0.20077220077220076,0.26373626373626374,94.83797752808988,0.5573033707865168,0.7992277992277992,85.00205128205128
641941,FC,Cutter,Fastball,137,0.19241573033707865,0.37037037037037035,0.26666666666666666,85.82627737226278,0.43795620437956206,0.6296296296296297,81.84666666666666
641941,FS,Splitter,Offspeed,129,0.18117977528089887,0.3793103448275862,0.3225806451612903,82.6798449612403,0.27906976744186046,0.6206896551724138,80.5848484848485
642048,ST,Sweeper,Breaking,118,0.3224043715846995,0.4098360655737705,0.30434782608695654,82.11271186440679,0.4152542372881356,0.5901639344262295,77.08
642048,SL,Slider,Breaking,92,0.25136612021857924,0.40476190476190477,0.2,87.07934782608696,0.5108695652173914,0.5952380952380952,80.82499999999999
642048,SI,Sinker,Fastball,66,0.18032786885245902,0.2,0.2222222222222222,92.26363636363635,0.3787878787878788,0.8,79.65833333333333
642048,FF,4-Seam FB,Fastball,54,0.14754098360655737,0.30434782608695654,0.46153846153846156,92.51666666666667,0.3888888888888889,0.6956521739130435,80.43571428571428
642048,CH,Changeup,Offspeed,36,0.09836065573770492,0.5263157894736842,0.6666666666666666,86.25555555555557,0.3333333333333333,0.4736842105263158,70.43333333333334
642100,FF,4-Seam FB,Fastball,288,0.401673640167364,0.3179190751445087,0.3020833333333333,95.41493055555556,0.5659722222222222,0.6820809248554913,82.6627450980392
642100,SI,Sinker,Fastball,234,0.3263598326359833,0.11304347826086956,0.2,95.0559829059829,0.6410256410256411,0.8869565217391304,84.59230769230768
642100,SL,Slider,Breaking,189,0.26359832635983266,0.27058823529411763,0.2631578947368421,84.22751322751323,0.37037037037037035,0.7294117647058824,79.17818181818183
642121,FF,4-Seam FB,Fastball,426,0.43962848297213625,0.21008403361344538,0.23170731707317074,92.25352112676056,0.6056338028169014,0.7899159663865546,83.50747126436781
642121,CH,Changeup,Offspeed,374,0.38596491228070173,0.36312849162011174,0.37662337662337664,83.60668449197861,0.21657754010695188,0.6368715083798883,81.68712871287129
642121,FC,Cutter,Fastball,132,0.13622291021671826,0.2318840579710145,0.3,87.49545454545455,0.4696969696969697,0.7681159420289855,78.63600000000001
642121,ST,Sweeper,Breaking,36,0.03715170278637771,0.25,0.3,83.07777777777778,0.1388888888888889,0.75,85.16666666666666
642152,SI,Sinker,Fastball,63,0.29439252336448596,0.08,0.16666666666666666,95.18412698412699,0.49206349206349204,0.92,83.545
642152,FC,Cutter,Fastball,62,0.2897196261682243,0.2857142857142857,0.5,91.71774193548387,0.4032258064516129,0.7142857142857143,79.86666666666667
642152,ST,Sweeper,Breaking,40,0.18691588785046728,0.6923076923076923,0.4,79.61749999999999,0.425,0.3076923076923077,84.975
642152,CH,Changeup,Offspeed,31,0.14485981308411214,0.38461538461538464,0.2,86.60967741935485,0.2903225806451613,0.6153846153846154,80.52499999999999
642207,FF,4-Seam FB,Fastball,405,0.5225806451612903,0.3,0.24,93.84592592592594,0.4765432098765432,0.7,81.41967213114755
642207,CH,Changeup,Offspeed,356,0.4593548387096774,0.39,0.34782608695652173,83.81685393258427,0.36797752808988765,0.61,78.23818181818183
642215,EP,EP,Other,44,0.7457627118644068,0.045454545454545456,0.0,46.02272727272727,0.29545454545454547,0.9545454545454546,83.50000000000001
642232,FC,Cutter,Fastball,330,0.28695652173913044,0.18543046357615894,0.12244897959183673,84.87969696969697,0.5272727272727272,0.814569536423841,78.86101694915254
642232,CH,Changeup,Offspeed,262,0.22782608695652173,0.3221476510067114,0.20689655172413793,77.61679389312978,0.4389312977099237,0.6778523489932886,77.33225806451613
642232,ST,Sweeper,Breaking,222,0.19304347826086957,0.4158415841584158,0.2391304347826087,71.63648648648649,0.44594594594594594,0.5841584158415842,73.66250000000001
642232,FF,4-Seam FB,Fastball,182,0.1582608695652174,0.16901408450704225,0.10256410256410256,87.36648351648351,0.5604395604395604,0.8309859154929577,82.30363636363636
642232,SI,Sinker,Fastball,154,0.13391304347826086,0.03896103896103896,0.058823529411764705,86.74155844155845,0.6038961038961039,0.961038961038961,77.76575342465753
642376,SI,Sinker,Fastball,162,0.44141689373297005,0.18309859154929578,0.07692307692307693,97.56913580246913,0.47530864197530864,0.8169014084507042,83.6
642376,FF,4-Seam FB,Fastball,94,0.2561307901907357,0.3469387755102041,0.3076923076923077,97.34148936170209,0.48936170212765956,0.653061224489796,83.92666666666666
642376,SL,Slider,Breaking,73,0.1989100817438692,0.5161290322580645,0.4,86.35068493150685,0.273972602739726,0.4838709677419355,76.0153846153846
642376,CH,Changeup,Offspeed,37,0.1008174386920981,0.7368421052631579,0.8,88.57837837837837,0.13513513513513514,0.26315789473684215,68.82000000000001
642397,SI,Sinker,Fastball,464,0.3902439024390244,0.1016949152542373,0.0,96.40775862068965,0.5129310344827587,0.8983050847457628,81.9645390070922
642397,SL,Slider,Breaking,340,0.28595458368376786,0.445859872611465,0.3950617283950617,83.57029411764707,0.3764705882352941,0.554140127388535,75.64625
642397,FF,4-Seam FB,Fastball,191,0.16063919259882253,0.14942528735632185,0.13953488372093023,97.04921465968587,0.4293193717277487,0.8505747126436781,85.97887323943662
642397,ST,Sweeper,Breaking,183,0.15391084945332212,0.4444444444444444,0.42857142857142855,82.66666666666667,0.4207650273224044,0.5555555555555556,83.96041666666666
642528,SI,Sinker,Fastball,348,0.34285714285714286,0.16230366492146597,0.18867924528301888,97.86494252873563,0.603448275862069,0.837696335078534,81.27655172413792
642528,CH,Changeup,Offspeed,277,0.2729064039408867,0.3375,0.3333333333333333,91.00613718411553,0.37545126353790614,0.6625,82.07
642528,FF,4-Seam FB,Fastball,171,0.1684729064039409,0.18604651162790697,0.2,97.61520467836257,0.45614035087719296,0.813953488372093,82.0720588235294
642528,CU,Curveball,Breaking,153,0.15073891625615762,0.2753623188405797,0.16666666666666666,89.43529411764705,0.41830065359477125,0.7246376811594203,79.39591836734694
642528,FC,Cutter,Fastball,66,0.06502463054187192,0.22857142857142856,0.125,95.86515151515152,0.5454545454545454,0.7714285714285715,81.59599999999999
642546,SL,Slider,Breaking,216,0.4595744680851064,0.3655913978494624,0.2631578947368421,88.8550925925926,0.3888888888888889,0.6344086021505376,80.66491228070174
642546,SI,Sinker,Fastball,173,0.3680851063829787,0.0963855421686747,0.047619047619047616,96.95549132947977,0.5433526011560693,0.9036144578313253,86.77272727272727
642546,FF,4-Seam FB,Fastball,71,0.15106382978723404,0.125,0.13333333333333333,97.3112676056338,0.4788732394366197,0.875,86.57692307692308
642547,FF,4-Seam FB,Fastball,1568,0.5299087529570801,0.22427440633245382,0.19305019305019305,94.34604591836735,0.4923469387755102,0.7757255936675462,83.39389587073607
642547,CH,Changeup,Offspeed,693,0.2342007434944238,0.2894736842105263,0.265625,87.37864357864358,0.3088023088023088,0.7105263157894737,77.4981981981982
642547,CU,Curveball,Breaking,383,0.12943562014193985,0.3076923076923077,0.2823529411764706,79.49451697127938,0.4073107049608355,0.6923076923076923,81.64473684210526
642547,ST,Sweeper,Breaking,169,0.057113889827644475,0.25,0.21052631578947367,82.3792899408284,0.4260355029585799,0.75,81.76833333333335
642547,SL,Slider,Breaking,118,0.03987833727610679,0.48717948717948717,0.45454545454545453,83.12711864406779,0.3050847457627119,0.5128205128205128,81.405
642701,SL,Slider,Breaking,345,0.3590010405827263,0.36,0.2692307692307692,85.40927536231884,0.4260869565217391,0.64,81.02477064220184
642701,FF,4-Seam FB,Fastball,259,0.2695109261186264,0.1796875,0.2037037037037037,94.02779922779924,0.5096525096525096,0.8203125,83.03571428571429
642701,CH,Changeup,Offspeed,137,0.1425598335067638,0.2878787878787879,0.14285714285714285,87.8963503649635,0.35036496350364965,0.7121212121212122,79.0904761904762
642701,SI,Sinker,Fastball,119,0.12382934443288242,0.10714285714285714,0.09090909090909091,93.85546218487397,0.5294117647058824,0.8928571428571429,86.9063829787234
642701,FC,Cutter,Fastball,101,0.10509885535900104,0.22448979591836735,0.14285714285714285,89.88316831683169,0.504950495049505,0.7755102040816326,81.48235294117647
642759,FF,4-Seam FB,Fastball,50,0.5813953488372093,0.16,0.0,96.336,0.56,0.84,82.6421052631579
642759,CH,Changeup,Offspeed,36,0.4186046511627907,0.6666666666666666,0.42857142857142855,86.50833333333334,0.2222222222222222,0.33333333333333337,74.075
643377,ST,Sweeper,Breaking,433,0.2508690614136732,0.3546511627906977,0.3508771929824561,87.52424942263279,0.44803695150115475,0.6453488372093024,80.11698113207548
643377,SI,Sinker,Fastball,391,0.22653534183082272,0.11917098445595854,0.05263157894736842,95.30588235294117,0.5933503836317136,0.8808290155440415,81.12222222222222
643377,CH,Changeup,Offspeed,389,0.2253765932792584,0.4188034188034188,0.44565217391304346,90.84652956298201,0.35218508997429304,0.5811965811965811,81.33305785123966
643377,FF,4-Seam FB,Fastball,312,0.18076477404403243,0.2692307692307692,0.2318840579710145,95.89711538461539,0.4391025641025641,0.7307692307692308,85.2
643377,CU,Curveball,Breaking,151,0.08748551564310544,0.43636363636363634,0.46153846153846156,84.90728476821192,0.3443708609271523,0.5636363636363637,84.46296296296296
643377,FC,Cutter,Fastball,50,0.028968713789107765,0.125,0.0,92.80000000000001,0.54,0.875,84.085
643410,FS,Splitter,Offspeed,190,0.3150912106135987,0.44642857142857145,0.4507042253521127,84.3036842105263,0.30526315789473685,0.5535714285714286,80.65862068965518
643410,SI,Sinker,Fastball,164,0.27197346600331673,0.1111111111111111,0.0,92.15975609756099,0.5914634146341463,0.8888888888888888,80.06984126984126
643410,CU,Curveball,Breaking,116,0.19237147595356552,0.3541666666666667,0.23076923076923078,73.9206896551724,0.45689655172413796,0.6458333333333333,83.46428571428574
643410,FF,4-Seam FB,Fastball,74,0.12271973466003316,0.09375,0.058823529411764705,92.2527027027027,0.47297297297297297,0.90625,89.24642857142858
643410,FC,Cutter,Fastball,54,0.08955223880597014,0.29411764705882354,0.3333333333333333,89.6,0.5370370370370371,0.7058823529411764,84.57272727272728
643511,SI,Sinker,Fastball,773,0.7593320235756386,0.11970074812967581,0.10526315789473684,83.22406209573091,0.5950840879689522,0.8802992518703242,79.35269461077846
643511,SL,Slider,Breaking,245,0.2406679764243615,0.23423423423423423,0.19672131147540983,73.53183673469387,0.43673469387755104,0.7657657657657657,75.43950617283951
645261,SI,Sinker,Fastball,903,0.26189095127610207,0.11688311688311688,0.13095238095238096,97.26710963455149,0.6057585825027686,0.8831168831168831,84.77925531914893
645261,CH,Changeup,Offspeed,704,0.20417633410672853,0.2817258883248731,0.2585034013605442,90.77784090909091,0.3508522727272727,0.7182741116751269,82.426171875
645261,FF,4-Seam FB,Fastball,627,0.1818445475638051,0.20634920634920634,0.18253968253968253,97.41339712918659,0.5598086124401914,0.7936507936507937,86.24333333333334
645261,FC,Cutter,Fastball,511,0.14820185614849188,0.24390243902439024,0.2857142857142857,89.90371819960862,0.5577299412915852,0.7560975609756098,81.69112426035502
645261,ST,Sweeper,Breaking,307,0.08903712296983758,0.24822695035460993,0.24193548387096775,84.09185667752442,0.4560260586319218,0.75177304964539,79.78399999999999
645261,SL,Slider,Breaking,255,0.07395591647331787,0.25196850393700787,0.21311475409836064,84.89333333333335,0.4823529411764706,0.7480314960629921,79.51162790697674
645261,CU,Curveball,Breaking,141,0.04089327146171694,0.17543859649122806,0.0,82.78794326241133,0.425531914893617,0.8245614035087719,80.3913043478261
646241,FF,4-Seam FB,Fastball,288,0.41379310344827586,0.26811594202898553,0.2692307692307692,94.14756944444444,0.5451388888888888,0.7318840579710144,83.305
646241,CH,Changeup,Offspeed,153,0.21982758620689655,0.3194444444444444,0.35714285714285715,87.62483660130718,0.35294117647058826,0.6805555555555556,81.74791666666667
646241,FC,Cutter,Fastball,109,0.15660919540229884,0.3103448275862069,0.3181818181818182,85.57339449541283,0.5045871559633027,0.6896551724137931,85.44117647058823
646241,SI,Sinker,Fastball,99,0.14224137931034483,0.058823529411764705,0.16666666666666666,94.1070707070707,0.6868686868686869,0.9411764705882353,83.99111111111112
646241,SL,Slider,Breaking,47,0.06752873563218391,0.23076923076923078,0.25,80.29148936170213,0.3829787234042553,0.7692307692307692,88.75
647315,SI,Sinker,Fastball,106,0.5988700564971752,0.10416666666666667,0.08333333333333333,96.32358490566038,0.5471698113207547,0.8958333333333334,88.83235294117647
647315,SL,Slider,Breaking,49,0.2768361581920904,0.23529411764705882,0.2,86.38163265306122,0.40816326530612246,0.7647058823529411,87.10769230769232
647336,SV,Slurve,Breaking,644,0.323943661971831,0.3707482993197279,0.3493975903614458,80.58944099378881,0.4409937888198758,0.629251700680272,80.67134831460675
647336,FF,4-Seam FB,Fastball,639,0.32142857142857145,0.17522658610271905,0.1953125,93.58982785602502,0.5117370892018779,0.824773413897281,81.69076923076923
647336,CH,Changeup,Offspeed,241,0.12122736418511067,0.20689655172413793,0.21428571428571427,85.91078838174273,0.37344398340248963,0.7931034482758621,81.19887640449437
647336,FC,Cutter,Fastball,237,0.11921529175050302,0.20512820512820512,0.3684210526315789,89.05569620253164,0.4092827004219409,0.7948717948717949,81.58160919540231
647336,SI,Sinker,Fastball,213,0.10714285714285714,0.125,0.05555555555555555,93.36525821596246,0.6244131455399061,0.875,84.95
650556,SL,Slider,Breaking,539,0.4443528441879637,0.3881278538812785,0.35454545454545455,86.5743970315399,0.4322820037105751,0.6118721461187215,81.43666666666667
650556,FF,4-Seam FB,Fastball,531,0.437757625721352,0.2798165137614679,0.41975308641975306,95.7406779661017,0.4312617702448211,0.7201834862385321,83.61610738255033
650556,FC,Cutter,Fastball,139,0.1145919208573784,0.34328358208955223,0.2857142857142857,93.11223021582734,0.49640287769784175,0.6567164179104478,76.44594594594595
650633,SI,Sinker,Fastball,897,0.28305459135373934,0.1652892561983471,0.1885245901639344,93.21583054626534,0.5518394648829431,0.8347107438016529,83.15238095238095
650633,CH,Changeup,Offspeed,819,0.25844114862732726,0.2727272727272727,0.2641509433962264,86.49499389499388,0.4163614163614164,0.7272727272727273,79.53592233009708
650633,FF,4-Seam FB,Fastball,637,0.20100978226569896,0.2773972602739726,0.2624113475177305,94.2844583987441,0.45054945054945056,0.7226027397260274,81.89946808510639
650633,ST,Sweeper,Breaking,611,0.19280530135689491,0.28076923076923077,0.23595505617977527,82.18412438625205,0.45171849427168576,0.7192307692307692,80.94252873563218
650633,SL,Slider,Breaking,205,0.06468917639633955,0.2413793103448276,0.2571428571428571,85.52731707317072,0.4195121951219512,0.7586206896551724,82.62203389830509
650644,FC,Cutter,Fastball,752,0.3758120939530235,0.25203252032520324,0.2288135593220339,88.1287234042553,0.5545212765957447,0.7479674796747968,81.23176470588234
650644,CU,Curveball,Breaking,509,0.2543728135932034,0.23902439024390243,0.21359223300970873,77.4139489194499,0.46954813359528486,0.7609756097560976,79.9687074829932
650644,SI,Sinker,Fastball,319,0.15942028985507245,0.13986013986013987,0.17391304347826086,91.57210031347962,0.5109717868338558,0.8601398601398601,84.54786324786325
650644,FF,4-Seam FB,Fastball,216,0.10794602698650675,0.15178571428571427,0.14,91.54953703703704,0.47685185185185186,0.8482142857142857,86.87608695652173
650644,FS,Splitter,Offspeed,143,0.07146426786606697,0.25,0.21739130434782608,84.88601398601399,0.3146853146853147,0.75,83.016
650644,SL,Slider,Breaking,62,0.030984507746126936,0.22580645161290322,0.23076923076923078,82.60161290322583,0.41935483870967744,0.7741935483870968,86.25217391304348
650911,SI,Sinker,Fastball,1484,0.4464500601684717,0.1188118811881188,0.10869565217391304,95.0964959568733,0.601078167115903,0.8811881188118812,86.09070175438596
650911,CH,Changeup,Offspeed,1219,0.3667268351383875,0.4624624624624625,0.43223443223443225,87.05537325676784,0.32977850697292865,0.5375375375375375,78.78456790123455
650911,SL,Slider,Breaking,621,0.18682310469314078,0.41914191419141916,0.3875968992248062,86.34589371980677,0.4492753623188406,0.5808580858085808,82.37317073170732
650960,FC,Cutter,Fastball,155,0.32978723404255317,0.2073170731707317,0.09523809523809523,89.88516129032257,0.4967741935483871,0.7926829268292683,80.65862068965518
650960,ST,Sweeper,Breaking,122,0.25957446808510637,0.35384615384615387,0.3488372093023256,81.52213114754097,0.3770491803278688,0.6461538461538461,73.62352941176471
650960,FF,4-Seam FB,Fastball,73,0.15531914893617021,0.13333333333333333,0.125,95.0013698630137,0.5205479452054794,0.8666666666666667,78.22800000000001
650960,SI,Sinker,Fastball,70,0.14893617021276595,0.175,0.1875,93.32714285714286,0.6,0.825,83.30322580645162
650960,CH,Changeup,Offspeed,49,0.10425531914893617,0.13333333333333333,0.07142857142857142,88.40612244897959,0.4489795918367347,0.8666666666666667,77.79583333333333
655889,SL,Slider,Breaking,65,0.47101449275362317,0.25,0.3333333333333333,88.91538461538462,0.3384615384615385,0.75,79.77
655889,SI,Sinker,Fastball,51,0.3695652173913043,0.3333333333333333,0.6666666666666666,96.17647058823532,0.47058823529411764,0.6666666666666667,86.08181818181818
656212,FF,4-Seam FB,Fastball,67,0.3333333333333333,0.07692307692307693,0.3333333333333333,89.34477611940298,0.43283582089552236,0.9230769230769231,86.9
656212,SI,Sinker,Fastball,43,0.21393034825870647,0.047619047619047616,0.0,89.18139534883721,0.5813953488372093,0.9523809523809523,92.865
656212,SL,Slider,Breaking,42,0.208955223880597,0.35294117647058826,0.2857142857142857,83.57142857142857,0.3333333333333333,0.6470588235294117,90.05555555555556
656212,CH,Changeup,Offspeed,36,0.1791044776119403,0.2222222222222222,0.3333333333333333,82.35277777777777,0.3333333333333333,0.7777777777777778,80.96153846153847
656222,FF,4-Seam FB,Fastball,224,0.5067873303167421,0.14035087719298245,0.2,93.37589285714286,0.5758928571428571,0.8596491228070176,83.91290322580646
656222,CH,Changeup,Offspeed,174,0.3936651583710407,0.35365853658536583,0.29411764705882354,87.88333333333333,0.4482758620689655,0.6463414634146342,85.31458333333333
656222,FC,Cutter,Fastball,44,0.09954751131221719,0.23076923076923078,0.5,81.82954545454545,0.4772727272727273,0.7692307692307692,93.83333333333333
656234,ST,Sweeper,Breaking,277,0.38472222222222224,0.3557692307692308,0.28888888888888886,84.24404332129963,0.51985559566787,0.6442307692307692,80.59843749999999
656234,SI,Sinker,Fastball,232,0.32222222222222224,0.2,0.125,94.65172413793103,0.5431034482758621,0.8,86.77272727272727
656234,FF,4-Seam FB,Fastball,121,0.16805555555555557,0.30158730158730157,0.3225806451612903,93.48016528925622,0.4462809917355372,0.6984126984126984,79.56666666666668
656234,CU,Curveball,Breaking,84,0.11666666666666667,0.23529411764705882,0.2222222222222222,80.95952380952382,0.4642857142857143,0.7647058823529411,82.392
656240,FC,Cutter,Fastball,199,0.3235772357723577,0.26495726495726496,0.25,89.44522613065325,0.4824120603015075,0.7350427350427351,81.29512195121953
656240,FF,4-Seam FB,Fastball,158,0.25691056910569104,0.18055555555555555,0.17647058823529413,95.63481012658228,0.5126582278481012,0.8194444444444444,87.83703703703704
656240,SL,Slider,Breaking,154,0.25040650406504067,0.3695652173913043,0.34615384615384615,85.01948051948051,0.36363636363636365,0.6304347826086957,82.04901960784314
656240,SI,Sinker,Fastball,61,0.0991869918699187,0.09375,0.0,94.75081967213114,0.47540983606557374,0.90625,79.76
656240,FS,Splitter,Offspeed,43,0.06991869918699187,0.125,0.14285714285714285,86.73023255813952,0.23255813953488372,0.875,84.28461538461539
656271,FF,4-Seam FB,Fastball,517,0.40708661417322833,0.2612244897959184,0.24770642201834864,96.18123791102514,0.4912959381044487,0.7387755102040816,84.3892857142857
656271,SL,Slider,Breaking,352,0.27716535433070866,0.4,0.3684210526315789,86.43892045454545,0.4630681818181818,0.6,81.83815789473685
656271,CH,Changeup,Offspeed,224,0.1763779527559055,0.2782608695652174,0.1794871794871795,87.56071428571428,0.4107142857142857,0.7217391304347827,81.25066666666666
656271,SI,Sinker,Fastball,177,0.13937007874015747,0.13580246913580246,0.11764705882352941,93.48813559322032,0.5536723163841808,0.8641975308641976,81.48524590163935
656288,CH,Changeup,Offspeed,386,0.25,0.24056603773584906,0.2571428571428571,90.32564766839377,0.4481865284974093,0.7594339622641509,85.29007092198582
656288,FF,4-Seam FB,Fastball,377,0.24417098445595856,0.2125,0.21311475409836064,94.60450928381964,0.4509283819628647,0.7875,85.34152542372881
656288,SL,Slider,Breaking,366,0.23704663212435234,0.3696969696969697,0.39344262295081966,87.96174863387978,0.4426229508196721,0.6303030303030304,85.93820224719101
656288,SI,Sinker,Fastball,152,0.09844559585492228,0.05,0.0,93.84013157894738,0.5328947368421053,0.95,84.6107142857143
656288,KC,Knuckle-Curve,Breaking,133,0.086139896373057,0.3103448275862069,0.3103448275862069,82.10676691729324,0.3609022556390977,0.6896551724137931,77.09428571428572
656288,FC,Cutter,Fastball,85,0.05505181347150259,0.24242424242424243,0.0,90.17529411764707,0.4823529411764706,0.7575757575757576,86.02727272727273
656288,ST,Sweeper,Breaking,45,0.029145077720207253,0.3,0.42857142857142855,86.31333333333335,0.3333333333333333,0.7,69.0
656302,FF,4-Seam FB,Fastball,1091,0.3663532572196105,0.2504708097928437,0.28378378378378377,96.82740604949588,0.47571035747021084,0.7495291902071564,81.6784090909091
656302,SL,Slider,Breaking,895,0.3005372733378106,0.44282744282744285,0.43564356435643564,88.68703910614525,0.3843575418994413,0.5571725571725572,78.42064777327936
656302,CH,Changeup,Offspeed,343,0.11517797179314976,0.48854961832061067,0.45098039215686275,81.5997084548105,0.3965014577259475,0.5114503816793894,77.03064516129032
656302,KC,Knuckle-Curve,Breaking,300,0.10073875083948959,0.2857142857142857,0.42105263157894735,81.67833333333333,0.36333333333333334,0.7142857142857143,82.59019607843136
656302,SI,Sinker,Fastball,240,0.08059100067159167,0.1504424778761062,0.13333333333333333,95.82916666666667,0.4875,0.8495575221238938,80.9685393258427
656302,ST,Sweeper,Breaking,109,0.036601746138347886,0.22857142857142856,0.1,83.48623853211011,0.3669724770642202,0.7714285714285715,78.90769230769232
656427,FF,4-Seam FB,Fastball,887,0.4900552486187845,0.1952941176470588,0.1695906432748538,92.71668545659527,0.5591882750845547,0.8047058823529412,84.19528301886793
656427,SL,Slider,Breaking,442,0.24419889502762432,0.33658536585365856,0.3037974683544304,85.06153846153846,0.4117647058823529,0.6634146341463414,82.2811475409836
656427,KC,Knuckle-Curve,Breaking,342,0.18895027624309393,0.3815789473684211,0.33783783783783783,78.05497076023391,0.30701754385964913,0.618421052631579,77.47142857142858
656427,SI,Sinker,Fastball,79,0.04364640883977901,0.23076923076923078,0.0,90.92658227848099,0.3037974683544304,0.7692307692307692,83.745
656427,CH,Changeup,Offspeed,60,0.03314917127071823,0.29411764705882354,0.0,85.62500000000001,0.11666666666666667,0.7058823529411764,73.575
656457,SI,Sinker,Fastball,58,0.41134751773049644,0.03125,0.0,89.71724137931035,0.7068965517241379,0.96875,90.31111111111113
656457,ST,Sweeper,Breaking,50,0.3546099290780142,0.47619047619047616,0.3,79.182,0.4,0.5238095238095238,78.55000000000001
656464,SL,Slider,Breaking,546,0.4789473684210526,0.420863309352518,0.4205607476635514,85.66300366300366,0.39194139194139194,0.579136690647482,84.10596026490066
656464,FF,4-Seam FB,Fastball,527,0.46228070175438596,0.19011406844106463,0.16326530612244897,95.68747628083491,0.5028462998102466,0.8098859315589354,84.33150000000002
656464,SI,Sinker,Fastball,62,0.054385964912280704,0.0967741935483871,0.0,95.08064516129033,0.4838709677419355,0.9032258064516129,76.48148148148147
656492,FC,Cutter,Fastball,932,0.320164891789763,0.1965648854961832,0.1830065359477124,88.51480686695278,0.6040772532188842,0.8034351145038168,80.98246073298431
656492,FF,4-Seam FB,Fastball,480,0.16489178976296806,0.20540540540540542,0.18811881188118812,91.53958333333334,0.5375,0.7945945945945946,82.48345864661655
656492,ST,Sweeper,Breaking,438,0.15046375815870836,0.31840796019900497,0.28888888888888886,80.3244292237443,0.4406392694063927,0.681592039800995,82.61567164179104
656492,CH,Changeup,Offspeed,335,0.11508072827207146,0.3291139240506329,0.2978723404255319,82.57641791044776,0.31044776119402984,0.6708860759493671,79.71382978723405
656492,SI,Sinker,Fastball,297,0.10202679491583648,0.15789473684210525,0.07692307692307693,91.41952861952862,0.494949494949495,0.8421052631578947,77.45238095238095
656492,CU,Curveball,Breaking,259,0.08897286155960152,0.23529411764705882,0.23529411764705882,77.86370656370656,0.40540540540540543,0.7647058823529411,85.16666666666667
656492,FS,Splitter,Offspeed,170,0.05839917554105119,0.2727272727272727,0.24691358024691357,81.37294117647058,0.19411764705882353,0.7272727272727273,79.9532258064516
656529,FF,4-Seam FB,Fastball,231,0.33624454148471616,0.27722772277227725,0.21621621621621623,94.491341991342,0.49783549783549785,0.7227722772277227,79.5927536231884
656529,SI,Sinker,Fastball,184,0.2678311499272198,0.19230769230769232,0.29411764705882354,94.05163043478261,0.5706521739130435,0.8076923076923077,81.57966101694915
656529,SL,Slider,Breaking,155,0.22561863173216884,0.2857142857142857,0.14814814814814814,87.86,0.4,0.7142857142857143,82.98039215686275
656529,CU,Curveball,Breaking,117,0.1703056768558952,0.39473684210526316,0.42105263157894735,80.47350427350426,0.3247863247863248,0.6052631578947368,80.51363636363637
656546,SL,Slider,Breaking,545,0.44672131147540983,0.5075757575757576,0.4224137931034483,86.5137614678899,0.3853211009174312,0.49242424242424243,80.10185185185185
656546,FF,4-Seam FB,Fastball,380,0.3114754098360656,0.25,0.2222222222222222,96.35342105263159,0.5078947368421053,0.75,82.13458646616542
656546,FS,Splitter,Offspeed,241,0.19754098360655736,0.33070866141732286,0.23809523809523808,89.41701244813278,0.33195020746887965,0.6692913385826771,81.41948051948052
656546,SI,Sinker,Fastball,54,0.04426229508196721,0.25,0.6666666666666666,96.0740740740741,0.5925925925925926,0.75,83.35789473684211
656550,SL,Slider,Breaking,897,0.3605305466237942,0.39872068230277186,0.36,85.38338907469341,0.37235228539576365,0.6012793176972282,84.42290076335878
656550,FF,4-Seam FB,Fastball,694,0.27893890675241156,0.1580547112462006,0.1346153846153846,94.2135446685879,0.5821325648414986,0.8419452887537994,85.7187265917603
656550,SI,Sinker,Fastball,309,0.12419614147909967,0.12878787878787878,0.0,93.22621359223301,0.4854368932038835,0.8712121212121212,89.54811320754717
656550,FC,Cutter,Fastball,214,0.0860128617363344,0.14432989690721648,0.0,92.12009345794391,0.5981308411214953,0.8556701030927836,85.12972972972973
656550,CU,Curveball,Breaking,195,0.07837620578778134,0.35294117647058826,0.3953488372093023,82.91948717948719,0.28717948717948716,0.6470588235294117,85.88166666666667
656550,CH,Changeup,Offspeed,179,0.07194533762057878,0.25316455696202533,0.20833333333333334,89.32625698324023,0.2737430167597765,0.7468354430379747,83.0
656605,FF,4-Seam FB,Fastball,658,0.3219178082191781,0.1728395061728395,0.13392857142857142,93.32644376899697,0.5364741641337386,0.8271604938271605,84.0596837944664
656605,SI,Sinker,Fastball,365,0.17857142857142858,0.15,0.12903225806451613,92.32054794520548,0.5589041095890411,0.85,86.97301587301587
656605,ST,Sweeper,Breaking,334,0.1634050880626223,0.25748502994011974,0.2608695652173913,81.97455089820359,0.41916167664670656,0.7425149700598803,80.66386554621849
656605,CH,Changeup,Offspeed,183,0.08953033268101761,0.24705882352941178,0.3,88.74918032786887,0.4098360655737705,0.7529411764705882,83.8490909090909
656605,CU,Curveball,Breaking,182,0.08904109589041095,0.375,0.4838709677419355,77.8010989010989,0.3241758241758242,0.625,80.47096774193548
656605,SL,Slider,Breaking,177,0.08659491193737769,0.21505376344086022,0.20689655172413793,87.17118644067796,0.4745762711864407,0.7849462365591398,83.95571428571428
656605,FC,Cutter,Fastball,145,0.07093933463796477,0.20512820512820512,0.16666666666666666,89.64827586206897,0.46206896551724136,0.7948717948717949,80.30819672131146
656638,SL,Slider,Breaking,375,0.31512605042016806,0.38,0.2441860465116279,87.91706666666667,0.44,0.62,82.63486238532109
656638,SI,Sinker,Fastball,275,0.23109243697478993,0.18691588785046728,0.30434782608695654,95.69854545454545,0.5236363636363637,0.8130841121495327,86.69367088607595
656638,CH,Changeup,Offspeed,258,0.21680672268907564,0.2975206611570248,0.2982456140350877,90.65,0.34108527131782945,0.7024793388429752,78.68589743589743
656638,FC,Cutter,Fastball,151,0.126890756302521,0.13846153846153847,0.0,92.08013245033112,0.4966887417218543,0.8615384615384616,85.50192307692306
656638,FF,4-Seam FB,Fastball,130,0.1092436974789916,0.16393442622950818,0.16666666666666666,95.89538461538463,0.46153846153846156,0.8360655737704918,86.97446808510638
656641,FF,4-Seam FB,Fastball,664,0.5496688741721855,0.22343324250681199,0.2052980132450331,94.71807228915664,0.5225903614457831,0.776566757493188,84.27902621722846
656641,CH,Changeup,Offspeed,243,0.201158940397351,0.47794117647058826,0.39215686274509803,85.9559670781893,0.3950617283950617,0.5220588235294117,77.33235294117648
656641,SL,Slider,Breaking,210,0.173841059602649,0.41,0.21212121212121213,85.53476190476192,0.5095238095238095,0.5900000000000001,78.93
656641,CU,Curveball,Breaking,91,0.07533112582781457,0.41379310344827586,0.43478260869565216,80.37912087912088,0.3076923076923077,0.5862068965517242,82.76428571428573
656686,FF,4-Seam FB,Fastball,88,0.5238095238095238,0.3,0.21428571428571427,94.8625,0.4318181818181818,0.7,87.9090909090909
656686,CU,Curveball,Breaking,33,0.19642857142857142,0.5,0.0,85.83030303030303,0.3939393939393939,0.5,86.3
656716,FA,Fastball,Fastball,33,0.5789473684210527,0.25,0.0,47.29090909090909,0.12121212121212122,0.75,85.56666666666666
656730,FF,4-Seam FB,Fastball,585,0.6428571428571429,0.21221864951768488,0.26,97.91247863247864,0.5811965811965812,0.7877813504823151,83.54529914529914
656730,KC,Knuckle-Curve,Breaking,325,0.35714285714285715,0.4777777777777778,0.4691358024691358,87.96153846153847,0.3723076923076923,0.5222222222222221,81.45930232558139
656756,SI,Sinker,Fastball,161,0.3888888888888889,0.09523809523809523,0.043478260869565216,90.57639751552794,0.6149068322981367,0.9047619047619048,83.93333333333334
656756,SL,Slider,Breaking,70,0.16908212560386474,0.34782608695652173,0.4,82.98571428571428,0.38571428571428573,0.6521739130434783,77.09333333333333
656756,CU,Curveball,Breaking,66,0.15942028985507245,0.34782608695652173,0.2,76.83636363636364,0.2878787878787879,0.6521739130434783,76.85714285714286
656756,FF,4-Seam FB,Fastball,66,0.15942028985507245,0.08333333333333333,0.05263157894736842,90.40151515151516,0.5,0.9166666666666666,80.44193548387098
656756,CH,Changeup,Offspeed,51,0.12318840579710146,0.5185185185185185,0.5,81.5843137254902,0.39215686274509803,0.4814814814814815,73.71666666666665
656786,FF,4-Seam FB,Fastball,41,0.23295454545454544,0.17647058823529413,0.0,91.96829268292683,0.4634146341463415,0.8235294117647058,93.07857142857142
656786,ST,Sweeper,Breaking,40,0.22727272727272727,0.13636363636363635,0.0,82.12750000000001,0.55,0.8636363636363636,78.9421052631579
656786,FC,Cutter,Fastball,35,0.19886363636363635,0.21428571428571427,1.0,88.36,0.5714285714285714,0.7857142857142857,78.27272727272727
656786,CU,Curveball,Breaking,30,0.17045454545454544,0.25,0.0,82.48333333333335,0.3,0.75,85.39999999999999
656794,FF,4-Seam FB,Fastball,607,0.39035369774919615,0.27639751552795033,0.2740740740740741,94.88682042833608,0.5700164744645799,0.7236024844720497,80.60181818181819
656794,SV,Slurve,Breaking,484,0.3112540192926045,0.3028571428571429,0.22093023255813954,82.87913223140495,0.4256198347107438,0.6971428571428571,81.17572815533981
656794,SI,Sinker,Fastball,328,0.21093247588424438,0.11688311688311688,0.10810810810810811,93.52103658536586,0.5640243902439024,0.8831168831168831,84.16
656794,CU,Curveball,Breaking,66,0.04244372990353698,0.2,0.24,80.78939393939395,0.36363636363636365,0.8,88.16999999999999
656794,CH,Changeup,Offspeed,42,0.027009646302250803,0.047619047619047616,0.0,86.7547619047619,0.35714285714285715,0.9523809523809523,85.325
656848,FF,4-Seam FB,Fastball,710,0.613126079447323,0.2679900744416873,0.2346368715083799,97.95676056338027,0.49859154929577465,0.7320099255583127,83.4841328413284
656848,SL,Slider,Breaking,309,0.266839378238342,0.3984375,0.35294117647058826,87.69741100323624,0.42718446601941745,0.6015625,84.1263888888889
656848,CH,Changeup,Offspeed,137,0.11830742659758203,0.2830188679245283,0.16666666666666666,89.68102189781021,0.43795620437956206,0.7169811320754718,85.13513513513513
656849,SI,Sinker,Fastball,788,0.2974707436768592,0.15273775216138327,0.13636363636363635,92.08324873096447,0.5685279187817259,0.8472622478386167,85.97545787545789
656849,FF,4-Seam FB,Fastball,656,0.24764061910154775,0.2088607594936709,0.24324324324324326,92.49649390243903,0.4115853658536585,0.7911392405063291,79.93939393939394
656849,SL,Slider,Breaking,583,0.22008305020762553,0.2993421052631579,0.29931972789115646,86.36277873070325,0.4888507718696398,0.700657894736842,81.39742268041238
656849,CH,Changeup,Offspeed,346,0.13061532653831634,0.2289156626506024,0.2,85.63959537572255,0.3959537572254335,0.7710843373493976,81.28290598290599
656849,CU,Curveball,Breaking,276,0.10419026047565119,0.3106796116504854,0.425531914893617,80.38260869565217,0.39492753623188404,0.6893203883495146,80.89393939393939
656876,FC,Cutter,Fastball,794,0.2894640904119577,0.25476190476190474,0.26119402985074625,89.93337531486145,0.48866498740554154,0.7452380952380953,81.12941176470589
656876,FF,4-Seam FB,Fastball,773,0.2818082391542107,0.25790754257907544,0.26666666666666666,95.79016817593791,0.5200517464424321,0.7420924574209246,82.28140350877192
656876,SI,Sinker,Fastball,654,0.23842508202697776,0.16891891891891891,0.16,95.21788990825688,0.5932721712538226,0.8310810810810811,82.46891891891892
656876,CH,Changeup,Offspeed,355,0.12942034269048486,0.35638297872340424,0.3333333333333333,89.63830985915493,0.29577464788732394,0.6436170212765957,81.93070175438596
656876,CU,Curveball,Breaking,96,0.034998177178271965,0.24,0.375,80.11458333333333,0.4583333333333333,0.76,83.44736842105263
656876,ST,Sweeper,Breaking,71,0.025884068538096973,0.15789473684210525,0.10526315789473684,84.46901408450704,0.49295774647887325,0.8421052631578947,85.88275862068964
656945,SL,Slider,Breaking,516,0.5053868756121449,0.4166666666666667,0.33620689655172414,89.37383720930231,0.4728682170542636,0.5833333333333333,84.38193548387098
656945,FF,4-Seam FB,Fastball,500,0.48971596474045054,0.2896551724137931,0.2743362831858407,96.883,0.538,0.7103448275862069,82.18808290155441
656986,SL,Slider,Breaking,368,0.673992673992674,0.3670212765957447,0.3218390804597701,85.49755434782608,0.483695652173913,0.6329787234042553,81.94196428571429
656986,FF,4-Seam FB,Fastball,134,0.2454212454212454,0.16129032258064516,0.0,94.03582089552238,0.6268656716417911,0.8387096774193549,88.624
656986,SI,Sinker,Fastball,44,0.08058608058608059,0.2631578947368421,0.5,93.08181818181819,0.36363636363636365,0.736842105263158,71.28333333333332
657044,SI,Sinker,Fastball,450,0.6206896551724138,0.1619047619047619,0.18181818181818182,89.23066666666668,0.48444444444444446,0.8380952380952381,83.48853503184714
657044,SL,Slider,Breaking,236,0.3255172413793103,0.2459016393442623,0.21666666666666667,77.81313559322035,0.4872881355932203,0.7540983606557377,77.98333333333333
657044,FF,4-Seam FB,Fastball,39,0.05379310344827586,0.1875,0.18181818181818182,91.18974358974359,0.41025641025641024,0.8125,86.3076923076923
657097,FF,4-Seam FB,Fastball,509,0.4280908326324643,0.26104417670682734,0.25225225225225223,94.1746561886051,0.5245579567779961,0.7389558232931727,86.39655172413794
657097,CH,Changeup,Offspeed,458,0.38519764507989906,0.40569395017793597,0.3103448275862069,85.59672489082969,0.4497816593886463,0.594306049822064,79.4342105263158
657097,SL,Slider,Breaking,101,0.08494533221194281,0.27906976744186046,0.18181818181818182,85.57524752475248,0.5148514851485149,0.7209302325581395,80.36
657097,CU,Curveball,Breaking,87,0.07317073170731707,0.10526315789473684,0.0,81.78735632183908,0.5747126436781609,0.8947368421052632,86.8
657097,ST,Sweeper,Breaking,34,0.028595458368376788,0.5555555555555556,0.0,82.52941176470587,0.29411764705882354,0.4444444444444444,104.66666666666667
657265,SI,Sinker,Fastball,126,0.42,0.14035087719298245,0.0,92.31825396825397,0.5079365079365079,0.8596491228070176,85.55000000000001
657265,CU,Curveball,Breaking,72,0.24,0.2222222222222222,0.17647058823529413,81.44999999999999,0.3194444444444444,0.7777777777777778,80.77000000000001
657265,ST,Sweeper,Breaking,40,0.13333333333333333,0.2857142857142857,0.6666666666666666,81.115,0.525,0.7142857142857143,91.58000000000001
657265,FF,4-Seam FB,Fastball,33,0.11,0.21052631578947367,0.18181818181818182,92.61818181818182,0.48484848484848486,0.7894736842105263,82.67142857142856
657277,SI,Sinker,Fastball,757,0.2940947940947941,0.12536443148688048,0.12195121951219512,92.01809775429327,0.5574636723910171,0.8746355685131195,86.12120141342756
657277,CH,Changeup,Offspeed,619,0.24048174048174048,0.27714285714285714,0.2543352601156069,85.78400646203555,0.3053311793214863,0.7228571428571429,79.45342465753424
657277,ST,Sweeper,Breaking,521,0.2024087024087024,0.24858757062146894,0.2727272727272727,84.14740882917467,0.4990403071017274,0.751412429378531,81.57478991596638
657277,FF,4-Seam FB,Fastball,342,0.13286713286713286,0.25268817204301075,0.20754716981132076,92.25029239766081,0.45321637426900585,0.7473118279569892,80.70624999999998
657277,FC,Cutter,Fastball,335,0.13014763014763014,0.19318181818181818,0.1891891891891892,89.82537313432836,0.5194029850746269,0.8068181818181819,78.24814814814815
657424,SL,Slider,Breaking,240,0.4436229205175601,0.24545454545454545,0.15789473684210525,84.32916666666667,0.38333333333333336,0.7545454545454545,81.39750000000001
657424,FF,4-Seam FB,Fastball,179,0.33086876155268025,0.25555555555555554,0.25806451612903225,92.23016759776537,0.37988826815642457,0.7444444444444445,77.66333333333333
657424,CH,Changeup,Offspeed,81,0.14972273567467653,0.20588235294117646,0.26666666666666666,85.1395061728395,0.30864197530864196,0.7941176470588236,79.304
657424,SI,Sinker,Fastball,41,0.07578558225508318,0.22727272727272727,0.09090909090909091,92.91707317073171,0.5121951219512195,0.7727272727272727,85.14117647058823
657514,SI,Sinker,Fastball,439,0.4076137418755803,0.15384615384615385,0.15254237288135594,90.30478359908885,0.6287015945330297,0.8461538461538461,84.30857142857143
657514,CU,Curveball,Breaking,360,0.3342618384401114,0.34965034965034963,0.3787878787878788,77.75416666666666,0.35555555555555557,0.6503496503496504,80.69058823529411
657514,FC,Cutter,Fastball,126,0.116991643454039,0.23728813559322035,0.0,85.73809523809526,0.48412698412698413,0.7627118644067796,78.3390243902439
657514,CH,Changeup,Offspeed,85,0.07892293407613742,0.3157894736842105,0.2857142857142857,80.2329411764706,0.25882352941176473,0.6842105263157895,82.02083333333333
657514,FF,4-Seam FB,Fastball,58,0.05385329619312906,0.16129032258064516,0.1111111111111111,90.5551724137931,0.4482758620689655,0.8387096774193549,78.55199999999999
657571,SI,Sinker,Fastball,196,0.33447098976109213,0.18072289156626506,0.14705882352941177,92.27244897959184,0.5867346938775511,0.8192771084337349,81.4719298245614
657571,FC,Cutter,Fastball,150,0.25597269624573377,0.22972972972972974,0.24,87.494,0.44,0.7702702702702703,81.93799999999999
657571,FF,4-Seam FB,Fastball,146,0.24914675767918087,0.1267605633802817,0.08333333333333333,92.24931506849313,0.5821917808219178,0.8732394366197183,82.4603448275862
657571,SV,Slurve,Breaking,94,0.16040955631399317,0.2926829268292683,0.2,80.05106382978722,0.32978723404255317,0.7073170731707317,80.19259259259259
657612,SI,Sinker,Fastball,694,0.8193624557260921,0.0997229916897507,0.08264462809917356,88.34510086455332,0.5619596541786743,0.9002770083102493,84.42671232876712
657612,SL,Slider,Breaking,100,0.1180637544273908,0.35135135135135137,0.5,76.006,0.46,0.6486486486486487,71.77499999999999
657612,FF,4-Seam FB,Fastball,53,0.06257378984651712,0.2608695652173913,0.3125,89.18490566037737,0.5094339622641509,0.7391304347826086,90.85333333333332
657649,SI,Sinker,Fastball,109,0.49099099099099097,0.15555555555555556,0.10526315789473684,94.10183486238533,0.5596330275229358,0.8444444444444444,85.01388888888889
657649,FC,Cutter,Fastball,59,0.26576576576576577,0.19047619047619047,0.0,90.51016949152543,0.5254237288135594,0.8095238095238095,85.09333333333333
657649,CH,Changeup,Offspeed,34,0.15315315315315314,0.375,0.16666666666666666,83.5764705882353,0.5294117647058824,0.625,79.34
657746,FF,4-Seam FB,Fastball,1127,0.43886292834890966,0.2504288164665523,0.2222222222222222,93.42315882874888,0.5625554569653949,0.7495711835334478,82.50171149144253
657746,ST,Sweeper,Breaking,409,0.15926791277258567,0.37,0.33766233766233766,80.29853300733495,0.46454767726161367,0.63,78.6897435897436
657746,FS,Splitter,Offspeed,308,0.11993769470404984,0.2361111111111111,0.19607843137254902,87.81136363636364,0.45454545454545453,0.7638888888888888,84.4952380952381
657746,KC,Knuckle-Curve,Breaking,288,0.11214953271028037,0.2953020134228188,0.2803738317757009,78.9829861111111,0.3819444444444444,0.7046979865771812,82.63298969072164
657746,SI,Sinker,Fastball,253,0.0985202492211838,0.078125,0.02631578947368421,93.02648221343874,0.616600790513834,0.921875,85.27321428571427
657746,SL,Slider,Breaking,183,0.07126168224299065,0.2619047619047619,0.15384615384615385,86.20437158469946,0.45901639344262296,0.7380952380952381,83.01607142857142
657756,FF,4-Seam FB,Fastball,263,0.5166994106090373,0.18181818181818182,0.13333333333333333,93.56007604562737,0.5665399239543726,0.8181818181818181,84.08571428571429
657756,CH,Changeup,Offspeed,108,0.21218074656188604,0.18181818181818182,0.15,82.98796296296298,0.28703703703703703,0.8181818181818181,78.54
657756,SL,Slider,Breaking,82,0.16110019646365423,0.23076923076923078,0.125,82.93048780487806,0.4024390243902439,0.7692307692307692,83.8103448275862
657756,FC,Cutter,Fastball,56,0.1100196463654224,0.34615384615384615,0.0,86.90357142857144,0.5,0.6538461538461539,79.04285714285713
660271,FF,4-Seam FB,Fastball,652,0.4399460188933873,0.2742857142857143,0.296,97.98174846625766,0.5843558282208589,0.7257142857142858,84.61681034482758
660271,ST,Sweeper,Breaking,420,0.2834008097165992,0.3723404255319149,0.3717948717948718,84.86928571428571,0.4880952380952381,0.6276595744680851,78.85000000000001
660271,CU,Curveball,Breaking,157,0.10593792172739541,0.4594594594594595,0.47619047619047616,75.32420382165606,0.3248407643312102,0.5405405405405406,80.0842105263158
660271,FS,Splitter,Offspeed,136,0.09176788124156546,0.359375,0.3,88.59485294117647,0.3014705882352941,0.640625,84.22432432432433
660271,SI,Sinker,Fastball,93,0.06275303643724696,0.24390243902439024,0.3333333333333333,96.16666666666667,0.43010752688172044,0.7560975609756098,83.27931034482758
660604,CH,Changeup,Offspeed,183,0.3727087576374745,0.35454545454545455,0.28846153846153844,80.81584699453552,0.453551912568306,0.6454545454545455,77.6047619047619
660604,FF,4-Seam FB,Fastball,168,0.3421588594704684,0.0898876404494382,0.15151515151515152,92.92261904761905,0.5238095238095238,0.9101123595505618,84.53552631578948
660604,SL,Slider,Breaking,81,0.164969450101833,0.35294117647058826,0.46153846153846156,84.54074074074076,0.3950617283950617,0.6470588235294117,72.38947368421053
660604,CU,Curveball,Breaking,59,0.12016293279022404,0.07692307692307693,0.0,73.17796610169492,0.4745762711864407,0.9230769230769231,78.76666666666667
660710,FA,Fastball,Fastball,35,0.7777777777777778,0.10526315789473684,0.0,74.06857142857145,0.5714285714285714,0.8947368421052632,79.19375
660761,FF,4-Seam FB,Fastball,433,0.35933609958506224,0.23529411764705882,0.2463768115942029,92.68868360277136,0.48498845265588914,0.7647058823529411,83.11037037037038
660761,SL,Slider,Breaking,307,0.25477178423236513,0.2765957446808511,0.2857142857142857,81.71628664495114,0.46905537459283386,0.7234042553191489,80.85348837209303
660761,CH,Changeup,Offspeed,304,0.25228215767634854,0.3850574712643678,0.2926829268292683,82.94802631578946,0.29605263157894735,0.6149425287356323,82.66170212765957
660761,SI,Sinker,Fastball,120,0.0995850622406639,0.1016949152542373,0.0,91.5325,0.625,0.8983050847457628,83.906
660761,ST,Sweeper,Breaking,33,0.027385892116182572,0.3076923076923077,0.36363636363636365,78.11515151515151,0.3333333333333333,0.6923076923076923,84.26666666666667
660787,SI,Sinker,Fastball,231,0.5732009925558312,0.11965811965811966,0.05263157894736842,95.27402597402599,0.6666666666666666,0.8803418803418803,84.21111111111111
660787,CH,Changeup,Offspeed,98,0.24317617866004962,0.2708333333333333,0.2857142857142857,87.58877551020409,0.3469387755102041,0.7291666666666667,80.078125
660787,FF,4-Seam FB,Fastball,49,0.12158808933002481,0.13636363636363635,0.16666666666666666,94.85918367346939,0.5918367346938775,0.8636363636363636,83.2764705882353
660825,SI,Sinker,Fastball,704,0.6153846153846154,0.15384615384615385,0.15517241379310345,95.71931818181817,0.5795454545454546,0.8461538461538461,86.17419354838708
660825,ST,Sweeper,Breaking,389,0.34003496503496505,0.34911242603550297,0.31343283582089554,83.57300771208227,0.4730077120822622,0.650887573964497,80.89333333333333
660844,EP,EP,Other,31,1.0,0.0,0.0,39.035483870967745,0.41935483870967744,1.0,95.625
660853,FF,4-Seam FB,Fastball,511,0.43900343642611683,0.17,0.16030534351145037,95.03326810176125,0.5518590998043053,0.83,82.59327731092436
660853,SL,Slider,Breaking,351,0.3015463917525773,0.35625,0.3,86.43532763532764,0.41595441595441596,0.64375,79.14999999999999
660853,CH,Changeup,Offspeed,302,0.25945017182130586,0.37349397590361444,0.4,85.3519867549669,0.4602649006622517,0.6265060240963856,77.921875
661395,FS,Splitter,Offspeed,487,0.4728155339805825,0.28169014084507044,0.3333333333333333,97.63860369609856,0.5236139630390144,0.7183098591549295,84.90335195530726
661395,FF,4-Seam FB,Fastball,288,0.2796116504854369,0.4105960264900662,0.4166666666666667,100.44548611111111,0.5173611111111112,0.5894039735099338,83.50238095238095
661395,ST,Sweeper,Breaking,112,0.1087378640776699,0.5869565217391305,0.5769230769230769,89.41250000000001,0.21428571428571427,0.4130434782608695,66.83684210526316
661395,KC,Knuckle-Curve,Breaking,94,0.0912621359223301,0.4444444444444444,0.2727272727272727,88.80319148936172,0.2978723404255319,0.5555555555555556,80.43157894736842
661395,CH,Changeup,Offspeed,49,0.04757281553398058,0.09523809523809523,0.08333333333333333,88.62857142857143,0.3877551020408163,0.9047619047619048,79.2578947368421
661563,FF,4-Seam FB,Fastball,326,0.5150078988941548,0.17197452229299362,0.16417910447761194,95.52208588957055,0.4938650306748466,0.8280254777070064,86.5266129032258
661563,SL,Slider,Breaking,143,0.2259083728278041,0.2835820895522388,0.28,86.31958041958042,0.46853146853146854,0.7164179104477613,83.02127659574468
661563,CH,Changeup,Offspeed,119,0.18799368088467613,0.2682926829268293,0.3076923076923077,90.17647058823528,0.3949579831932773,0.7317073170731707,86.57931034482759
661563,SI,Sinker,Fastball,45,0.07109004739336493,0.0,0.0,94.54888888888891,0.4,1.0,82.16999999999999
662253,SL,Slider,Breaking,430,0.4287138584247258,0.5021645021645021,0.4766355140186916,87.13302325581397,0.3488372093023256,0.49783549783549785,79.22200000000001
662253,FF,4-Seam FB,Fastball,422,0.42073778664007977,0.24867724867724866,0.2711864406779661,99.71800947867298,0.5402843601895735,0.7513227513227514,84.68321167883212
662253,SI,Sinker,Fastball,83,0.08275174476570289,0.16666666666666666,0.2,98.4120481927711,0.5180722891566265,0.8333333333333334,82.96363636363635
662253,CH,Changeup,Offspeed,68,0.06779661016949153,0.8,0.8947368421052632,92.80294117647058,0.07352941176470588,0.19999999999999996,73.1
663158,FF,4-Seam FB,Fastball,260,0.4727272727272727,0.18309859154929578,0.20689655172413793,98.60461538461537,0.5269230769230769,0.8169014084507042,83.92549019607843
663158,CH,Changeup,Offspeed,173,0.3145454545454546,0.32710280373831774,0.2692307692307692,90.54104046242773,0.4161849710982659,0.6728971962616823,76.75671641791044
663158,FC,Cutter,Fastball,75,0.13636363636363635,0.23333333333333334,0.0,95.99199999999999,0.36,0.7666666666666666,79.18636363636364
663158,SI,Sinker,Fastball,42,0.07636363636363637,0.047619047619047616,0.0,97.54047619047618,0.47619047619047616,0.9523809523809523,82.635
663362,KN,Knuckleball,Breaking,243,0.3111395646606914,0.2184873949579832,0.20833333333333334,80.57489711934157,0.4773662551440329,0.7815126050420168,81.98636363636363
663362,FC,Cutter,Fastball,155,0.19846350832266324,0.16470588235294117,0.35,88.01096774193549,0.4645161290322581,0.8352941176470589,77.17424242424242
663362,FF,4-Seam FB,Fastball,139,0.17797695262483995,0.1917808219178082,0.16216216216216217,92.18705035971223,0.4676258992805755,0.8082191780821918,83.49285714285715
663362,SI,Sinker,Fastball,133,0.1702944942381562,0.171875,0.26666666666666666,91.73157894736842,0.6165413533834586,0.828125,82.58461538461538
663362,ST,Sweeper,Breaking,111,0.14212548015364918,0.09090909090909091,0.0625,81.05855855855857,0.5585585585585585,0.9090909090909091,82.79722222222222
663372,FF,4-Seam FB,Fastball,620,0.28401282638570774,0.13043478260869565,0.18518518518518517,94.82112903225806,0.5403225806451613,0.8695652173913043,85.32298387096775
663372,SL,Slider,Breaking,503,0.2304168575355016,0.2616033755274262,0.14634146341463414,89.08230616302185,0.4970178926441352,0.7383966244725738,83.22331288343558
663372,CH,Changeup,Offspeed,399,0.18277599633531838,0.4434389140271493,0.3893805309734513,85.13659147869674,0.43358395989974935,0.5565610859728507,78.71367521367522
663372,SI,Sinker,Fastball,311,0.14246449839670178,0.14012738853503184,0.06818181818181818,94.23922829581993,0.5594855305466238,0.8598726114649682,83.60000000000001
663372,ST,Sweeper,Breaking,238,0.10902427851580394,0.19444444444444445,0.1568627450980392,81.95588235294117,0.4831932773109244,0.8055555555555556,80.42142857142856
663372,CU,Curveball,Breaking,112,0.05130554283096656,0.20512820512820512,0.07692307692307693,79.3875,0.44642857142857145,0.7948717948717949,83.93666666666667
663423,FF,4-Seam FB,Fastball,226,0.3192090395480226,0.17391304347826086,0.1282051282051282,95.13451327433629,0.5486725663716814,0.8260869565217391,86.43444444444445
663423,FC,Cutter,Fastball,155,0.2189265536723164,0.2840909090909091,0.38461538461538464,91.13548387096775,0.47096774193548385,0.7159090909090908,83.13571428571429
663423,ST,Sweeper,Breaking,135,0.1906779661016949,0.23333333333333334,0.1724137931034483,81.29407407407405,0.43703703703703706,0.7666666666666666,81.73409090909091
663423,CU,Curveball,Breaking,115,0.16242937853107345,0.17073170731707318,0.19230769230769232,81.75130434782608,0.40869565217391307,0.8292682926829268,84.7741935483871
663423,SI,Sinker,Fastball,75,0.1059322033898305,0.11627906976744186,0.16666666666666666,94.59733333333332,0.49333333333333335,0.8837209302325582,82.42222222222223
663432,FF,4-Seam FB,Fastball,72,0.5106382978723404,0.26666666666666666,0.3,96.43333333333334,0.5277777777777778,0.7333333333333334,83.8047619047619
663432,SL,Slider,Breaking,55,0.3900709219858156,0.4444444444444444,0.0,88.12545454545452,0.2909090909090909,0.5555555555555556,81.62
663436,FF,4-Seam FB,Fastball,639,0.26591760299625467,0.24161073825503357,0.25,93.85899843505477,0.48043818466353677,0.7583892617449665,82.60825688073396
663436,SI,Sinker,Fastball,450,0.18726591760299627,0.06666666666666667,0.03389830508474576,92.75288888888888,0.5666666666666667,0.9333333333333333,84.51538461538462
663436,CH,Changeup,Offspeed,348,0.14481897627965043,0.13812154696132597,0.109375,90.05948275862069,0.4425287356321839,0.861878453038674,86.05071428571428
663436,CU,Curveball,Breaking,341,0.14190595089471494,0.4146341463414634,0.33962264150943394,81.6891495601173,0.3460410557184751,0.5853658536585367,82.8731343283582
663436,FC,Cutter,Fastball,311,0.12942155638784852,0.26973684210526316,0.23076923076923078,89.65305466237942,0.594855305466238,0.7302631578947368,83.77087378640776
663436,SL,Slider,Breaking,308,0.12817311693716188,0.36257309941520466,0.26582278481012656,87.05779220779222,0.3409090909090909,0.6374269005847953,82.07058823529412
663460,FF,4-Seam FB,Fastball,365,0.41383219954648526,0.25,0.2857142857142857,91.93287671232876,0.4794520547945205,0.75,83.05916666666667
663460,CH,Changeup,Offspeed,181,0.20521541950113378,0.32075471698113206,0.20833333333333334,85.94309392265194,0.4198895027624309,0.679245283018868,80.73492063492063
663460,ST,Sweeper,Breaking,148,0.16780045351473924,0.2903225806451613,0.2692307692307692,82.54256756756757,0.527027027027027,0.7096774193548387,82.2375
663460,SI,Sinker,Fastball,113,0.12811791383219956,0.0784313725490196,0.0,91.43539823008848,0.5398230088495575,0.9215686274509804,81.11627906976744
663460,SL,Slider,Breaking,75,0.08503401360544217,0.3333333333333333,0.2727272727272727,85.372,0.4266666666666667,0.6666666666666667,77.84761904761906
663465,FF,4-Seam FB,Fastball,87,0.36401673640167365,0.14285714285714285,0.13043478260869565,89.8528735632184,0.5517241379310345,0.8571428571428572,81.30882352941174
663465,FC,Cutter,Fastball,49,0.20502092050209206,0.3076923076923077,0.45454545454545453,83.34081632653061,0.6530612244897959,0.6923076923076923,80.83529411764707
663465,CH,Changeup,Offspeed,43,0.1799163179916318,0.18518518518518517,0.07142857142857142,82.38139534883722,0.5116279069767442,0.8148148148148149,85.46000000000001
663465,CU,Curveball,Breaking,37,0.15481171548117154,0.25,0.16666666666666666,71.8864864864865,0.40540540540540543,0.75,83.07777777777775
663485,FF,4-Seam FB,Fastball,88,0.39111111111111113,0.14634146341463414,0.0,93.21818181818183,0.48863636363636365,0.8536585365853658,86.1969696969697
663485,FC,Cutter,Fastball,52,0.2311111111111111,0.3333333333333333,0.4,87.63846153846156,0.5961538461538461,0.6666666666666667,80.62105263157895
663485,FS,Splitter,Offspeed,37,0.16444444444444445,0.3333333333333333,0.2,87.19189189189187,0.2972972972972973,0.6666666666666667,78.74000000000001
663542,FF,4-Seam FB,Fastball,720,0.6642066420664207,0.23497267759562843,0.19333333333333333,91.85958333333332,0.65,0.7650273224043715,81.70408921933085
663542,ST,Sweeper,Breaking,307,0.283210332103321,0.22962962962962963,0.20408163265306123,79.93550488599348,0.3745928338762215,0.7703703703703704,82.26530612244898
663542,SI,Sinker,Fastball,42,0.03874538745387454,0.2727272727272727,0.0,89.94047619047619,0.47619047619047616,0.7272727272727273,71.3375
663554,FF,4-Seam FB,Fastball,777,0.35047361299052776,0.18487394957983194,0.15503875968992248,93.27876447876449,0.5057915057915058,0.8151260504201681,85.19818181818182
663554,SL,Slider,Breaking,596,0.2688317546233649,0.2550607287449393,0.25396825396825395,87.40922818791947,0.5587248322147651,0.7449392712550607,82.17142857142858
663554,FS,Splitter,Offspeed,524,0.2363554352728913,0.31333333333333335,0.3308270676691729,87.6591603053435,0.3549618320610687,0.6866666666666666,80.27027027027027
663554,SI,Sinker,Fastball,217,0.09788001804239964,0.1623931623931624,0.19047619047619047,93.52258064516128,0.5990783410138248,0.8376068376068376,85.32391304347826
663554,SV,Slurve,Breaking,103,0.04645917907081642,0.16666666666666666,0.19047619047619047,81.33398058252426,0.33980582524271846,0.8333333333333334,79.53928571428571
663556,FF,4-Seam FB,Fastball,768,0.3922369765066394,0.18699186991869918,0.17894736842105263,95.516796875,0.5299479166666666,0.8130081300813008,84.22043010752688
663556,CH,Changeup,Offspeed,553,0.28243105209397346,0.38380281690140844,0.3382352941176471,86.84032549728754,0.3924050632911392,0.6161971830985915,78.36524390243903
663556,SL,Slider,Breaking,350,0.1787538304392237,0.28205128205128205,0.27419354838709675,88.15457142857143,0.5,0.717948717948718,83.92032520325203
663556,CU,Curveball,Breaking,287,0.14657814096016344,0.25,0.1935483870967742,82.05261324041811,0.5261324041811847,0.75,83.12089552238807
663558,FF,4-Seam FB,Fastball,428,0.3926605504587156,0.1896551724137931,0.21311475409836064,92.81518691588785,0.5327102803738317,0.8103448275862069,82.53684210526316
663558,CH,Changeup,Offspeed,384,0.3522935779816514,0.5,0.4470588235294118,83.1953125,0.3723958333333333,0.5,76.90222222222224
663558,FC,Cutter,Fastball,127,0.11651376146788991,0.32786885245901637,0.23076923076923078,85.19763779527558,0.47244094488188976,0.6721311475409837,81.48157894736842
663558,SI,Sinker,Fastball,98,0.08990825688073395,0.12195121951219512,0.0,92.83469387755102,0.5816326530612245,0.8780487804878049,79.67096774193548
663558,ST,Sweeper,Breaking,51,0.046788990825688076,0.18518518518518517,0.1111111111111111,79.60196078431375,0.39215686274509803,0.8148148148148149,72.81904761904762
663559,FF,4-Seam FB,Fastball,138,0.5433070866141733,0.14516129032258066,0.1875,92.46086956521738,0.5652173913043478,0.8548387096774194,86.17884615384618
663559,SL,Slider,Breaking,67,0.2637795275590551,0.26666666666666666,0.3,83.99552238805973,0.44776119402985076,0.7333333333333334,84.905
663567,FF,4-Seam FB,Fastball,853,0.31074681238615665,0.25892857142857145,0.2808988764044944,93.93341148886283,0.5357561547479485,0.7410714285714286,84.06331168831169
663567,CH,Changeup,Offspeed,648,0.2360655737704918,0.3333333333333333,0.2847222222222222,86.8969135802469,0.37037037037037035,0.6666666666666667,78.29107981220658
663567,SL,Slider,Breaking,317,0.11548269581056467,0.2482758620689655,0.17543859649122806,85.70094637223974,0.47003154574132494,0.7517241379310344,83.36213592233011
663567,SI,Sinker,Fastball,280,0.10200364298724955,0.08943089430894309,0.13043478260869565,93.50214285714286,0.48928571428571427,0.9105691056910569,81.53490566037736
663567,FC,Cutter,Fastball,273,0.0994535519125683,0.1590909090909091,0.18,91.60146520146519,0.575091575091575,0.8409090909090909,82.39082568807338
663567,ST,Sweeper,Breaking,209,0.07613843351548269,0.3020833333333333,0.20833333333333334,82.8047846889952,0.41148325358851673,0.6979166666666667,79.03225806451613
663567,SV,Slurve,Breaking,155,0.056466302367941715,0.18604651162790697,0.2222222222222222,80.26838709677419,0.4064516129032258,0.813953488372093,83.50689655172413
663568,FF,4-Seam FB,Fastball,237,0.2831541218637993,0.18584070796460178,0.08333333333333333,94.24894514767932,0.540084388185654,0.8141592920353982,81.51764705882353
663568,SI,Sinker,Fastball,182,0.2174432497013142,0.056179775280898875,0.0,93.72417582417584,0.5439560439560439,0.9438202247191011,85.32098765432099
663568,SL,Slider,Breaking,137,0.16367980884109917,0.42857142857142855,0.3333333333333333,85.57226277372264,0.40875912408759124,0.5714285714285714,83.99512195121952
663568,FC,Cutter,Fastball,103,0.12305854241338113,0.20754716981132076,0.2857142857142857,90.25339805825243,0.6019417475728155,0.7924528301886793,82.43513513513513
663568,CH,Changeup,Offspeed,100,0.11947431302270012,0.16,0.15,87.089,0.4,0.84,81.96756756756757
663568,ST,Sweeper,Breaking,78,0.0931899641577061,0.09090909090909091,0.125,79.9179487179487,0.47435897435897434,0.9090909090909091,88.72
663574,FF,4-Seam FB,Fastball,451,0.6246537396121884,0.18141592920353983,0.20481927710843373,94.49667405764967,0.5388026607538803,0.8185840707964602,83.71130952380952
663574,SV,Slurve,Breaking,216,0.29916897506925205,0.34285714285714286,0.35,84.6175925925926,0.3194444444444444,0.6571428571428571,90.18157894736841
663574,SL,Slider,Breaking,55,0.07617728531855955,0.45454545454545453,0.8,84.8509090909091,0.34545454545454546,0.5454545454545454,79.42727272727274
663623,FF,4-Seam FB,Fastball,643,0.3206982543640898,0.237012987012987,0.2,93.1720062208398,0.5552099533437014,0.762987012987013,84.75203619909503
663623,CU,Curveball,Breaking,448,0.22344139650872819,0.3440366972477064,0.2912621359223301,77.653125,0.41517857142857145,0.6559633027522935,80.80387596899226
663623,SI,Sinker,Fastball,377,0.18802992518703243,0.13095238095238096,0.04878048780487805,92.09602122015914,0.6392572944297082,0.8690476190476191,84.31642857142856
663623,FC,Cutter,Fastball,203,0.10124688279301745,0.1702127659574468,0.21739130434782608,89.53842364532021,0.4729064039408867,0.8297872340425532,83.75068493150684
663623,ST,Sweeper,Breaking,175,0.08728179551122195,0.25555555555555554,0.23255813953488372,81.87714285714284,0.44571428571428573,0.7444444444444445,78.50983606557378
663623,CH,Changeup,Offspeed,159,0.07930174563591022,0.2727272727272727,0.29411764705882354,85.94591194968554,0.37735849056603776,0.7272727272727273,79.51842105263158
663687,FF,4-Seam FB,Fastball,841,0.6188373804267844,0.23298429319371727,0.20118343195266272,95.23246135552913,0.5612366230677764,0.7670157068062827,80.87527272727273
663687,CU,Curveball,Breaking,360,0.26490066225165565,0.32,0.38235294117647056,74.0111111111111,0.39444444444444443,0.6799999999999999,79.03979591836735
663687,SL,Slider,Breaking,84,0.06181015452538632,0.2962962962962963,0.25,85.55119047619048,0.34523809523809523,0.7037037037037037,76.53888888888888
663687,CH,Changeup,Offspeed,53,0.03899926416482708,0.23529411764705882,0.2,83.94339622641509,0.4528301886792453,0.7647058823529411,80.975
663738,SI,Sinker,Fastball,434,0.3219584569732938,0.14361702127659576,0.08823529411764706,93.94032258064516,0.5069124423963134,0.8563829787234043,82.06241610738255
663738,CH,Changeup,Offspeed,327,0.24258160237388723,0.25,0.22413793103448276,85.55443425076453,0.4831804281345566,0.75,82.41532258064517
663738,SL,Slider,Breaking,263,0.19510385756676557,0.3472222222222222,0.27631578947368424,87.3110266159696,0.42585551330798477,0.6527777777777778,83.19186046511629
663738,FF,4-Seam FB,Fastball,204,0.1513353115727003,0.15,0.2,94.55490196078433,0.4068627450980392,0.85,86.30757575757575
663738,KC,Knuckle-Curve,Breaking,120,0.08902077151335312,0.22727272727272727,0.0,81.80749999999999,0.5083333333333333,0.7727272727272727,87.884375
663765,FC,Cutter,Fastball,168,0.3463917525773196,0.21428571428571427,0.2222222222222222,90.13630952380953,0.5178571428571429,0.7857142857142857,85.50819672131148
663765,SI,Sinker,Fastball,145,0.29896907216494845,0.13432835820895522,0.25,93.57034482758621,0.6689655172413793,0.8656716417910448,87.3
663765,FS,Splitter,Offspeed,74,0.15257731958762888,0.16666666666666666,0.13333333333333333,85.28378378378378,0.3108108108108108,0.8333333333333334,80.0
663765,ST,Sweeper,Breaking,72,0.14845360824742268,0.3333333333333333,0.4444444444444444,81.3736111111111,0.3194444444444444,0.6666666666666667,82.04545454545455
663767,FC,Cutter,Fastball,289,0.3074468085106383,0.20175438596491227,0.1,91.39792387543253,0.4982698961937716,0.7982456140350878,80.51477272727273
663767,SI,Sinker,Fastball,267,0.28404255319148936,0.20652173913043478,0.2962962962962963,94.86441947565542,0.5955056179775281,0.7934782608695652,80.77611940298507
663767,ST,Sweeper,Breaking,196,0.20851063829787234,0.3157894736842105,0.3125,82.23316326530613,0.3622448979591837,0.6842105263157895,83.81666666666666
663767,FF,4-Seam FB,Fastball,99,0.10531914893617021,0.2777777777777778,0.13333333333333333,95.56767676767676,0.47474747474747475,0.7222222222222222,86.016
663767,CH,Changeup,Offspeed,89,0.09468085106382979,0.225,0.15,89.05168539325842,0.39325842696629215,0.775,81.74333333333334
663776,CH,Changeup,Offspeed,342,0.280557834290402,0.39655172413793105,0.3924050632911392,83.16140350877193,0.41812865497076024,0.603448275862069,77.64795918367346
663776,FF,4-Seam FB,Fastball,309,0.2534864643150123,0.16363636363636364,0.11904761904761904,93.42265372168285,0.6440129449838188,0.8363636363636364,82.77462686567165
663776,SL,Slider,Breaking,250,0.20508613617719443,0.2803738317757009,0.21052631578947367,86.67880000000001,0.44,0.719626168224299,80.31466666666667
663776,SI,Sinker,Fastball,207,0.16981132075471697,0.13186813186813187,0.047619047619047616,93.85893719806765,0.5797101449275363,0.8681318681318682,83.23684210526316
663776,ST,Sweeper,Breaking,63,0.051681706316652996,0.19444444444444445,0.2857142857142857,80.48253968253968,0.3333333333333333,0.8055555555555556,77.5655172413793
663776,CU,Curveball,Breaking,48,0.03937653814602133,0.2222222222222222,0.3333333333333333,75.61458333333333,0.3333333333333333,0.7777777777777778,82.26
663795,FF,4-Seam FB,Fastball,55,0.4166666666666667,0.058823529411764705,0.0,90.89272727272726,0.4909090909090909,0.9411764705882353,89.47500000000001
663795,FC,Cutter,Fastball,36,0.2727272727272727,0.09090909090909091,0.1111111111111111,84.2972222222222,0.5277777777777778,0.9090909090909091,84.95263157894736
663795,CH,Changeup,Offspeed,30,0.22727272727272727,0.2631578947368421,0.2222222222222222,85.31333333333332,0.3333333333333333,0.736842105263158,82.49285714285713
663855,SI,Sinker,Fastball,444,0.4525993883792049,0.13793103448275862,0.17857142857142858,99.17747747747748,0.5923423423423423,0.8620689655172413,83.34539877300612
663855,ST,Sweeper,Breaking,304,0.30988786952089703,0.5258620689655172,0.4489795918367347,86.47105263157896,0.32894736842105265,0.47413793103448276,79.77291666666666
663855,FF,4-Seam FB,Fastball,198,0.2018348623853211,0.3,0.31666666666666665,99.3671717171717,0.42424242424242425,0.7,80.26060606060607
663855,FS,Splitter,Offspeed,35,0.03567787971457696,0.5384615384615384,0.625,90.85428571428572,0.2,0.46153846153846156,88.8
663878,FF,4-Seam FB,Fastball,345,0.44689119170984454,0.20606060606060606,0.2,97.6,0.4782608695652174,0.793939393939394,85.3984126984127
663878,SL,Slider,Breaking,217,0.2810880829015544,0.2524271844660194,0.2608695652173913,89.4188940092166,0.46543778801843316,0.7475728155339806,81.92567567567568
663878,SI,Sinker,Fastball,101,0.13082901554404144,0.1111111111111111,0.2,97.08613861386138,0.48514851485148514,0.8888888888888888,78.5264705882353
663878,CU,Curveball,Breaking,92,0.11917098445595854,0.48,0.5625,81.57173913043478,0.32608695652173914,0.52,78.60769230769232
663893,KC,Knuckle-Curve,Breaking,160,0.28368794326241137,0.4931506849315068,0.4666666666666667,86.64875,0.2,0.5068493150684932,88.13548387096773
663893,SL,Slider,Breaking,155,0.274822695035461,0.5223880597014925,0.36363636363636365,88.91806451612904,0.3548387096774194,0.4776119402985075,81.64999999999999
663893,SI,Sinker,Fastball,152,0.2695035460992908,0.22950819672131148,0.2857142857142857,94.47631578947369,0.5131578947368421,0.7704918032786885,84.85249999999999
663893,FF,4-Seam FB,Fastball,95,0.16843971631205673,0.45,0.5294117647058824,96.01684210526318,0.45263157894736844,0.55,72.61052631578947
663903,SI,Sinker,Fastball,1482,0.50580204778157,0.15191986644407346,0.14655172413793102,91.13947368421053,0.5499325236167342,0.8480801335559265,84.58208333333332
663903,SL,Slider,Breaking,814,0.27781569965870306,0.300531914893617,0.26515151515151514,82.60577395577394,0.3759213759213759,0.699468085106383,83.85443037974683
663903,ST,Sweeper,Breaking,380,0.1296928327645051,0.4068627450980392,0.3111111111111111,82.02473684210527,0.35789473684210527,0.5931372549019608,84.67943925233645
663903,FC,Cutter,Fastball,195,0.06655290102389079,0.16666666666666666,0.0,87.16461538461537,0.36923076923076925,0.8333333333333334,81.06857142857143
663903,FF,4-Seam FB,Fastball,59,0.020136518771331057,0.12,0.15384615384615385,90.71186440677967,0.3220338983050847,0.88,81.59
663941,FF,4-Seam FB,Fastball,135,0.39705882352941174,0.1,0.14285714285714285,94.81925925925927,0.5555555555555556,0.9,85.16415094339624
663941,ST,Sweeper,Breaking,127,0.3735294117647059,0.234375,0.14285714285714285,83.29133858267718,0.4330708661417323,0.765625,78.10212765957448
663941,SL,Slider,Breaking,52,0.15294117647058825,0.2727272727272727,0.14285714285714285,88.74615384615385,0.6538461538461539,0.7272727272727273,82.64166666666667
663947,FC,Cutter,Fastball,363,0.31565217391304345,0.20526315789473684,0.10526315789473684,87.68099173553719,0.581267217630854,0.7947368421052632,85.17222222222222
663947,SI,Sinker,Fastball,233,0.2026086956521739,0.10377358490566038,0.125,91.01931330472102,0.6394849785407726,0.8962264150943396,83.62413793103448
663947,CH,Changeup,Offspeed,192,0.16695652173913045,0.35,0.23809523809523808,83.36145833333333,0.34375,0.65,76.4241379310345
663947,ST,Sweeper,Breaking,176,0.15304347826086956,0.4246575342465753,0.358974358974359,79.8875,0.3465909090909091,0.5753424657534247,75.88157894736842
663947,FF,4-Seam FB,Fastball,146,0.12695652173913044,0.13114754098360656,0.15384615384615385,91.50890410958905,0.4794520547945205,0.8688524590163934,81.916
663947,CU,Curveball,Breaking,40,0.034782608695652174,0.4166666666666667,0.25,79.175,0.2,0.5833333333333333,80.82857142857142
663969,SI,Sinker,Fastball,534,0.2577220077220077,0.0603448275862069,0.04285714285714286,95.50393258426968,0.5187265917602997,0.9396551724137931,86.32352941176471
663969,ST,Sweeper,Breaking,492,0.23745173745173745,0.3402061855670103,0.3235294117647059,84.15487804878047,0.5182926829268293,0.6597938144329897,82.81129032258065
663969,FS,Splitter,Offspeed,476,0.22972972972972974,0.350597609561753,0.2543859649122807,86.9060924369748,0.3760504201680672,0.649402390438247,79.94489795918368
663969,CU,Curveball,Breaking,364,0.17567567567567569,0.4180790960451977,0.38028169014084506,83.45796703296703,0.3598901098901099,0.5819209039548023,84.16666666666667
663969,FF,4-Seam FB,Fastball,174,0.08397683397683398,0.10975609756097561,0.12,96.04137931034481,0.5747126436781609,0.8902439024390244,84.29090909090908
663969,SL,Slider,Breaking,32,0.015444015444015444,0.1,0.0,86.8,0.4375,0.9,87.15555555555555
663978,FF,4-Seam FB,Fastball,363,0.3405253283302064,0.16847826086956522,0.10810810810810811,92.9581267217631,0.5344352617079889,0.8315217391304348,81.41780821917808
663978,CH,Changeup,Offspeed,286,0.2682926829268293,0.27564102564102566,0.27419354838709675,84.77832167832167,0.35664335664335667,0.7243589743589743,80.77087378640776
663978,FC,Cutter,Fastball,143,0.13414634146341464,0.2535211267605634,0.23076923076923078,86.50419580419579,0.5314685314685315,0.7464788732394366,84.03750000000001
663978,CU,Curveball,Breaking,122,0.11444652908067542,0.25,0.14285714285714285,77.02295081967212,0.4016393442622951,0.75,85.86551724137931
663978,ST,Sweeper,Breaking,83,0.07786116322701689,0.28205128205128205,0.2857142857142857,79.35662650602411,0.3132530120481928,0.717948717948718,79.59230769230768
663978,SI,Sinker,Fastball,68,0.06378986866791744,0.08888888888888889,0.0,92.94117647058825,0.5882352941176471,0.9111111111111111,84.3923076923077
663992,ST,Sweeper,Breaking,286,0.4353120243531202,0.24812030075187969,0.25,81.75699300699301,0.43006993006993005,0.7518796992481203,81.63854166666667
663992,SI,Sinker,Fastball,194,0.2952815829528158,0.21428571428571427,0.35714285714285715,91.09484536082475,0.4896907216494845,0.7857142857142857,78.22068965517241
663992,FF,4-Seam FB,Fastball,144,0.2191780821917808,0.19402985074626866,0.14285714285714285,91.29374999999999,0.4652777777777778,0.8059701492537313,79.72708333333333
663992,SL,Slider,Breaking,33,0.0502283105022831,0.25,1.0,86.66969696969697,0.696969696969697,0.75,80.3
664062,FF,4-Seam FB,Fastball,37,0.5873015873015873,0.0,0.0,91.91351351351351,0.3783783783783784,1.0,78.67272727272729
664074,FF,4-Seam FB,Fastball,44,0.39285714285714285,0.32,0.25,95.0,0.5,0.6799999999999999,84.6764705882353
664076,SL,Slider,Breaking,343,0.4347275031685678,0.3425414364640884,0.359375,87.36559766763848,0.4402332361516035,0.6574585635359116,82.85809523809523
664076,SI,Sinker,Fastball,224,0.28390367553865653,0.1728395061728395,0.0625,95.13883928571428,0.5178571428571429,0.8271604938271605,83.1774193548387
664076,FF,4-Seam FB,Fastball,121,0.15335868187579213,0.24561403508771928,0.22727272727272727,96.50991735537191,0.34710743801652894,0.7543859649122807,79.60243902439024
664076,ST,Sweeper,Breaking,101,0.12801013941698353,0.3018867924528302,0.2962962962962963,80.30594059405941,0.3465346534653465,0.6981132075471699,76.48181818181818
664126,FF,4-Seam FB,Fastball,385,0.48488664987405544,0.27071823204419887,0.22388059701492538,97.15688311688311,0.4623376623376623,0.7292817679558011,84.57666666666667
664126,SL,Slider,Breaking,210,0.26448362720403024,0.4074074074074074,0.2894736842105263,83.61142857142858,0.4666666666666667,0.5925925925925926,84.0547619047619
664126,FC,Cutter,Fastball,185,0.23299748110831234,0.358695652173913,0.2708333333333333,89.56972972972974,0.4972972972972973,0.6413043478260869,79.81052631578949
664129,SL,Slider,Breaking,153,0.34615384615384615,0.44871794871794873,0.4,84.72549019607843,0.38562091503267976,0.5512820512820513,82.79302325581395
664129,FF,4-Seam FB,Fastball,143,0.3235294117647059,0.15384615384615385,0.2,95.3104895104895,0.46853146853146854,0.8461538461538461,83.79411764705883
664129,FC,Cutter,Fastball,74,0.167420814479638,0.1111111111111111,0.2,91.41756756756756,0.5,0.8888888888888888,91.32999999999998
664129,SI,Sinker,Fastball,72,0.16289592760180996,0.28205128205128205,0.0,93.8638888888889,0.4861111111111111,0.717948717948718,87.64
664141,SI,Sinker,Fastball,465,0.45058139534883723,0.09574468085106383,0.08695652173913043,93.66279569892474,0.5182795698924731,0.9042553191489362,85.53975155279502
664141,SL,Slider,Breaking,271,0.2625968992248062,0.3897058823529412,0.23076923076923078,87.13653136531366,0.4022140221402214,0.6102941176470589,78.76623376623377
664141,CH,Changeup,Offspeed,143,0.1385658914728682,0.24242424242424243,0.1,88.57552447552449,0.3146853146853147,0.7575757575757576,77.25531914893617
664141,CU,Curveball,Breaking,90,0.0872093023255814,0.2222222222222222,0.2,81.90777777777778,0.43333333333333335,0.7777777777777778,82.1375
664141,FF,4-Seam FB,Fastball,63,0.061046511627906974,0.07894736842105263,0.043478260869565216,93.12380952380951,0.3968253968253968,0.9210526315789473,83.97878787878787
664192,SI,Sinker,Fastball,67,0.48905109489051096,0.034482758620689655,0.0,91.84179104477612,0.4626865671641791,0.9655172413793104,81.39999999999999
664192,CU,Curveball,Breaking,35,0.25547445255474455,0.4,0.2,77.71428571428571,0.14285714285714285,0.6,80.78333333333333
664199,SL,Slider,Breaking,327,0.2967332123411978,0.3710691823899371,0.2857142857142857,88.43577981651376,0.45565749235474007,0.628930817610063,84.54947368421054
664199,CH,Changeup,Offspeed,298,0.27041742286751363,0.23529411764705882,0.19642857142857142,90.15872483221476,0.3926174496644295,0.7647058823529411,83.56923076923077
664199,SI,Sinker,Fastball,256,0.2323049001814882,0.17037037037037037,0.14705882352941177,95.29453125,0.54296875,0.8296296296296296,85.64519230769231
664199,FC,Cutter,Fastball,204,0.1851179673321234,0.09278350515463918,0.047619047619047616,94.26176470588236,0.3872549019607843,0.9072164948453608,80.28809523809525
664208,FC,Cutter,Fastball,223,0.3766891891891892,0.20909090909090908,0.16666666666666666,89.56681614349775,0.5426008968609866,0.7909090909090909,81.55061728395061
664208,CU,Curveball,Breaking,171,0.28885135135135137,0.32558139534883723,0.32653061224489793,75.50409356725146,0.4152046783625731,0.6744186046511628,78.07818181818183
664208,SI,Sinker,Fastball,106,0.17905405405405406,0.13636363636363635,0.0,90.15188679245283,0.6132075471698113,0.8636363636363636,77.59729729729729
664208,ST,Sweeper,Breaking,85,0.14358108108108109,0.34285714285714286,0.2,83.1905882352941,0.5411764705882353,0.6571428571428571,82.21428571428571
664285,SI,Sinker,Fastball,1280,0.4401650618982118,0.1111111111111111,0.10377358490566038,93.780703125,0.58671875,0.8888888888888888,85.79774127310061
664285,CU,Curveball,Breaking,863,0.296767537826685,0.31420765027322406,0.28865979381443296,78.29513325608343,0.35805330243337197,0.6857923497267759,82.63839285714286
664285,CH,Changeup,Offspeed,528,0.1815680880330124,0.2226027397260274,0.17142857142857143,89.05151515151516,0.4431818181818182,0.7773972602739726,85.3565
664285,SL,Slider,Breaking,132,0.0453920220082531,0.4444444444444444,0.34146341463414637,85.67575757575759,0.3560606060606061,0.5555555555555556,80.046875
664285,FF,4-Seam FB,Fastball,104,0.03576341127922971,0.19642857142857142,0.23684210526315788,94.7451923076923,0.3557692307692308,0.8035714285714286,77.64772727272727
664299,FF,4-Seam FB,Fastball,572,0.46353322528363045,0.2691029900332226,0.1891891891891892,93.0381118881119,0.4825174825174825,0.7308970099667774,82.48243902439025
664299,ST,Sweeper,Breaking,331,0.26823338735818475,0.3873239436619718,0.2857142857142857,80.99456193353474,0.4501510574018127,0.6126760563380282,82.2525
664299,CH,Changeup,Offspeed,201,0.16288492706645058,0.3153153153153153,0.26666666666666666,85.18159203980099,0.3681592039800995,0.6846846846846847,78.3
664299,FC,Cutter,Fastball,86,0.06969205834683954,0.19642857142857142,0.14285714285714285,88.9953488372093,0.6395348837209303,0.8035714285714286,81.54285714285713
664353,CH,Changeup,Offspeed,195,0.2813852813852814,0.2833333333333333,0.2608695652173913,83.25589743589744,0.5025641025641026,0.7166666666666667,79.4775
664353,FF,4-Seam FB,Fastball,159,0.22943722943722944,0.19767441860465115,0.12,92.27106918238992,0.5911949685534591,0.8023255813953488,83.72238805970149
664353,SI,Sinker,Fastball,134,0.19336219336219337,0.045454545454545456,0.07407407407407407,92.844776119403,0.6417910447761194,0.9545454545454546,81.81666666666666
664353,CU,Curveball,Breaking,116,0.1673881673881674,0.21052631578947367,0.23529411764705882,77.47844827586206,0.5086206896551724,0.7894736842105263,85.65172413793103
664353,ST,Sweeper,Breaking,79,0.113997113997114,0.3,0.23529411764705882,80.09999999999998,0.46835443037974683,0.7,82.42857142857143
664702,EP,EP,Other,38,0.7037037037037037,0.10526315789473684,0.0,41.515789473684215,0.15789473684210525,0.8947368421052632,79.54374999999999
664849,ST,Sweeper,Breaking,131,0.49433962264150944,0.4358974358974359,0.3181818181818182,82.76946564885496,0.31297709923664124,0.5641025641025641,82.54736842105264
664849,SI,Sinker,Fastball,129,0.4867924528301887,0.1,0.08333333333333333,93.68062015503875,0.5503875968992248,0.9,87.82857142857144
664854,FF,4-Seam FB,Fastball,144,0.4528301886792453,0.359375,0.5294117647058824,98.6673611111111,0.5138888888888888,0.640625,82.75384615384617
664854,SL,Slider,Breaking,126,0.39622641509433965,0.40350877192982454,0.3333333333333333,87.83571428571429,0.373015873015873,0.5964912280701755,69.61562500000001
664854,FS,Splitter,Offspeed,35,0.11006289308176101,0.4782608695652174,0.375,90.05142857142856,0.42857142857142855,0.5217391304347826,81.2090909090909
664875,ST,Sweeper,Breaking,321,0.4361413043478261,0.4336283185840708,0.40298507462686567,82.16915887850469,0.3613707165109034,0.5663716814159292,80.59464285714286
664875,SI,Sinker,Fastball,308,0.41847826086956524,0.14285714285714285,0.13333333333333333,95.48376623376623,0.5324675324675324,0.8571428571428572,85.71634615384616
664875,FF,4-Seam FB,Fastball,107,0.1453804347826087,0.24561403508771928,0.28125,95.62056074766353,0.45794392523364486,0.7543859649122807,82.7921052631579
664918,FF,4-Seam FB,Fastball,32,0.463768115942029,0.09523809523809523,0.0,93.86875,0.65625,0.9047619047619048,82.51666666666668
664954,EP,EP,Other,59,0.6276595744680851,0.0,0.0,57.45084745762712,0.4745762711864407,1.0,85.85384615384615
664954,FA,Fastball,Fastball,35,0.3723404255319149,0.0,0.0,68.11714285714284,0.45714285714285713,1.0,84.02222222222223
664991,SI,Sinker,Fastball,358,0.3882863340563991,0.15760869565217392,0.18032786885245902,95.81368715083799,0.6061452513966481,0.842391304347826,81.53750000000001
664991,FF,4-Seam FB,Fastball,215,0.23318872017353579,0.28846153846153844,0.2558139534883721,95.50186046511628,0.4744186046511628,0.7115384615384616,82.03676470588235
664991,CU,Curveball,Breaking,146,0.15835140997830802,0.3116883116883117,0.3333333333333333,85.38698630136986,0.3835616438356164,0.6883116883116883,75.82448979591837
664991,SL,Slider,Breaking,110,0.1193058568329718,0.4230769230769231,0.3684210526315789,87.05363636363637,0.42727272727272725,0.5769230769230769,77.63448275862069
664991,ST,Sweeper,Breaking,84,0.0911062906724512,0.37037037037037035,0.45,86.29761904761907,0.20238095238095238,0.6296296296296297,80.8
665152,FF,4-Seam FB,Fastball,409,0.26404131697869593,0.21621621621621623,0.2,92.77261613691931,0.5354523227383863,0.7837837837837838,84.72700729927007
665152,FS,Splitter,Offspeed,393,0.2537120723047127,0.3872549019607843,0.3669724770642202,82.30407124681935,0.3944020356234097,0.6127450980392157,76.7675
665152,SL,Slider,Breaking,273,0.1762427372498386,0.3597122302158273,0.3829787234042553,86.95091575091574,0.3626373626373626,0.6402877697841727,80.40352941176471
665152,SI,Sinker,Fastball,207,0.13363460296965785,0.13924050632911392,0.13636363636363635,91.91980676328504,0.5410628019323671,0.8607594936708861,84.34
665152,CU,Curveball,Breaking,193,0.12459651387992253,0.2676056338028169,0.0,76.66062176165804,0.43005181347150256,0.7323943661971831,81.86530612244897
665152,FC,Cutter,Fastball,55,0.035506778566817304,0.1935483870967742,0.2,90.52727272727275,0.4909090909090909,0.8064516129032258,81.24583333333332
665622,FF,4-Seam FB,Fastball,383,0.2877535687453043,0.23863636363636365,0.2875,97.67806788511749,0.4960835509138381,0.7613636363636364,84.59365079365081
665622,SI,Sinker,Fastball,364,0.2734785875281743,0.09210526315789473,0.14705882352941177,97.34752747252747,0.5686813186813187,0.9078947368421053,85.17933884297521
665622,SL,Slider,Breaking,223,0.16754320060105185,0.4731182795698925,0.4642857142857143,86.71973094170404,0.3632286995515695,0.5268817204301075,78.14318181818182
665622,CH,Changeup,Offspeed,192,0.14425244177310292,0.5913978494623656,0.5849056603773585,90.29531250000001,0.3072916666666667,0.4086021505376344,81.90000000000002
665622,CU,Curveball,Breaking,169,0.12697220135236664,0.5172413793103449,0.5,81.21479289940828,0.378698224852071,0.48275862068965514,85.58333333333333
665645,FF,4-Seam FB,Fastball,67,0.475177304964539,0.2903225806451613,0.3333333333333333,94.08955223880596,0.47761194029850745,0.7096774193548387,83.14999999999999
665645,FC,Cutter,Fastball,36,0.2553191489361702,0.17391304347826086,0.2727272727272727,92.82499999999999,0.5833333333333334,0.8260869565217391,86.15294117647058
665660,FF,4-Seam FB,Fastball,563,0.5810113519091847,0.32786885245901637,0.26515151515151514,98.70603907637656,0.5328596802841918,0.6721311475409837,83.46614583333333
665660,SL,Slider,Breaking,188,0.19401444788441694,0.3804347826086957,0.3125,88.14521276595744,0.4308510638297872,0.6195652173913043,81.0851851851852
665660,SI,Sinker,Fastball,154,0.15892672858617132,0.14285714285714285,0.1111111111111111,97.73441558441557,0.5,0.8571428571428572,88.43636363636364
665660,FS,Splitter,Offspeed,64,0.06604747162022703,0.34615384615384615,0.35294117647058826,87.784375,0.25,0.6538461538461539,79.95882352941176
665665,SI,Sinker,Fastball,128,0.3710144927536232,0.1724137931034483,0.3,91.70624999999998,0.6171875,0.8275862068965517,83.07608695652173
665665,CH,Changeup,Offspeed,96,0.2782608695652174,0.21153846153846154,0.2222222222222222,86.51666666666665,0.3229166666666667,0.7884615384615384,80.44871794871794
665665,SL,Slider,Breaking,93,0.26956521739130435,0.34285714285714286,0.1875,82.5247311827957,0.3763440860215054,0.6571428571428571,80.87826086956522
665795,CH,Changeup,Offspeed,465,0.3079470198675497,0.3074074074074074,0.29,93.09720430107527,0.36774193548387096,0.6925925925925926,84.02969696969697
665795,SI,Sinker,Fastball,324,0.21456953642384105,0.0736196319018405,0.0967741935483871,96.71543209876545,0.5462962962962963,0.9263803680981595,86.8029197080292
665795,CU,Curveball,Breaking,285,0.18874172185430463,0.3300970873786408,0.41304347826086957,84.86140350877193,0.45964912280701753,0.6699029126213591,81.18688524590165
665795,FF,4-Seam FB,Fastball,261,0.1728476821192053,0.16666666666666666,0.15151515151515152,96.29080459770114,0.4329501915708812,0.8333333333333334,88.02278481012657
665795,SL,Slider,Breaking,175,0.11589403973509933,0.4470588235294118,0.25,89.22571428571429,0.38857142857142857,0.5529411764705883,80.54285714285714
665871,SI,Sinker,Fastball,661,0.4199491740787802,0.09477124183006536,0.08080808080808081,93.42284417549169,0.6066565809379728,0.9052287581699346,85.05472440944882
665871,FF,4-Seam FB,Fastball,295,0.18742058449809404,0.20512820512820512,0.15517241379310345,93.52983050847457,0.6033898305084746,0.7948717948717949,83.19663865546218
665871,FC,Cutter,Fastball,195,0.12388818297331639,0.14285714285714285,0.0,88.91179487179487,0.49230769230769234,0.8571428571428572,82.76428571428572
665871,ST,Sweeper,Breaking,129,0.08195679796696315,0.375,0.3,81.73023255813953,0.20930232558139536,0.625,75.53571428571429
665871,CH,Changeup,Offspeed,124,0.07878017789072427,0.3090909090909091,0.3125,86.06451612903224,0.25806451612903225,0.6909090909090909,85.59722222222223
665871,CU,Curveball,Breaking,113,0.07179161372299873,0.1935483870967742,0.2727272727272727,77.64867256637167,0.39823008849557523,0.8064516129032258,77.56190476190476
665871,SL,Slider,Breaking,57,0.03621346886912325,0.20833333333333334,0.23076923076923078,85.34210526315789,0.38596491228070173,0.7916666666666666,85.61578947368422
666126,FA,Fastball,Fastball,151,0.949685534591195,0.0625,0.0,71.52450331125829,0.40397350993377484,0.9375,83.07272727272728
666129,SI,Sinker,Fastball,53,0.2663316582914573,0.13636363636363635,0.3333333333333333,90.7188679245283,0.49056603773584906,0.8636363636363636,83.12631578947368
666129,SL,Slider,Breaking,44,0.22110552763819097,0.3333333333333333,0.16666666666666666,85.75909090909092,0.3409090909090909,0.6666666666666667,85.38750000000002
666129,FF,4-Seam FB,Fastball,37,0.18592964824120603,0.125,0.16666666666666666,91.54864864864864,0.4594594594594595,0.875,75.13571428571429
666129,ST,Sweeper,Breaking,33,0.1658291457286432,0.23076923076923078,0.16666666666666666,83.23636363636365,0.48484848484848486,0.7692307692307692,80.42500000000001
666129,CH,Changeup,Offspeed,32,0.16080402010050251,0.2727272727272727,0.0,84.771875,0.21875,0.7272727272727273,80.5125
666142,FF,4-Seam FB,Fastball,444,0.5634517766497462,0.3116279069767442,0.3333333333333333,94.94842342342342,0.49774774774774777,0.6883720930232557,83.72148148148149
666142,CH,Changeup,Offspeed,133,0.16878172588832488,0.4090909090909091,0.3333333333333333,84.0796992481203,0.43609022556390975,0.5909090909090908,79.16388888888889
666142,SL,Slider,Breaking,109,0.1383248730964467,0.35714285714285715,0.3870967741935484,85.11284403669724,0.24770642201834864,0.6428571428571428,81.1125
666142,KC,Knuckle-Curve,Breaking,64,0.08121827411167512,0.1111111111111111,0.0,79.05468750000001,0.453125,0.8888888888888888,88.67142857142858
666142,FC,Cutter,Fastball,37,0.046954314720812185,0.21052631578947367,0.0,89.67567567567568,0.6216216216216216,0.7894736842105263,79.35714285714285
666155,FF,4-Seam FB,Fastball,30,0.4838709677419355,0.2,0.0,94.88666666666668,0.5666666666666667,0.8,88.66250000000001
666157,SI,Sinker,Fastball,532,0.2678751258811682,0.08333333333333333,0.08860759493670886,93.62612781954887,0.6654135338345865,0.9166666666666666,87.28507462686566
666157,FF,4-Seam FB,Fastball,528,0.26586102719033233,0.18181818181818182,0.22988505747126436,93.76022727272728,0.4696969696969697,0.8181818181818181,84.44829545454546
666157,CU,Curveball,Breaking,488,0.2457200402819738,0.40932642487046633,0.3469387755102041,82.3452868852459,0.3155737704918033,0.5906735751295337,78.03333333333333
666157,CH,Changeup,Offspeed,438,0.22054380664652568,0.22321428571428573,0.1111111111111111,87.97694063926939,0.3744292237442922,0.7767857142857143,82.19102564102563
666171,ST,Sweeper,Breaking,538,0.38788752703677,0.3588709677419355,0.330188679245283,85.47639405204461,0.46654275092936803,0.6411290322580645,80.3
666171,FF,4-Seam FB,Fastball,439,0.3165104542177361,0.34911242603550297,0.36470588235294116,97.41708428246014,0.40774487471526194,0.650887573964497,83.96082474226804
666171,SI,Sinker,Fastball,227,0.16366258111031,0.10869565217391304,0.1,96.35066079295153,0.4845814977973568,0.8913043478260869,84.65846153846154
666171,SL,Slider,Breaking,133,0.0958904109589041,0.21311475409836064,0.15789473684210525,88.54210526315788,0.5112781954887218,0.7868852459016393,83.30217391304348
666200,ST,Sweeper,Breaking,1170,0.37669027688345136,0.4731610337972167,0.437984496124031,86.05111111111111,0.3683760683760684,0.5268389662027833,78.5231441048035
666200,FF,4-Seam FB,Fastball,806,0.25949774629748873,0.19799498746867167,0.2154696132596685,96.77655086848637,0.49379652605459057,0.8020050125313283,82.19161073825502
666200,CH,Changeup,Offspeed,566,0.18222794591113972,0.367003367003367,0.29591836734693877,85.95441696113075,0.46819787985865724,0.632996632996633,79.65852272727273
666200,SI,Sinker,Fastball,558,0.17965228589826143,0.11440677966101695,0.23529411764705882,95.70250896057348,0.6129032258064516,0.885593220338983,85.73670212765957
666201,CH,Changeup,Offspeed,102,0.4146341463414634,0.3111111111111111,0.2,84.23039215686275,0.38235294117647056,0.6888888888888889,83.30666666666667
666201,SI,Sinker,Fastball,70,0.2845528455284553,0.1724137931034483,0.2857142857142857,88.01714285714289,0.5142857142857142,0.8275862068965517,85.9375
666201,FF,4-Seam FB,Fastball,42,0.17073170731707318,0.06666666666666667,0.0,89.39999999999999,0.47619047619047616,0.9333333333333333,92.1
666201,SL,Slider,Breaking,32,0.13008130081300814,0.375,0.3333333333333333,77.371875,0.28125,0.625,86.8
666277,CH,Changeup,Offspeed,367,0.3068561872909699,0.3673469387755102,0.31313131313131315,89.95095367847412,0.39509536784741145,0.6326530612244898,79.29824561403508
666277,FF,4-Seam FB,Fastball,357,0.298494983277592,0.17575757575757575,0.1206896551724138,96.54117647058823,0.49859943977591037,0.8242424242424242,83.88473282442746
666277,SL,Slider,Breaking,274,0.22909698996655517,0.3643410852713178,0.1951219512195122,88.42627737226277,0.48175182481751827,0.6356589147286822,84.6421052631579
666277,ST,Sweeper,Breaking,115,0.09615384615384616,0.3958333333333333,0.2,85.7269565217391,0.3565217391304348,0.6041666666666667,76.65925925925927
666277,SI,Sinker,Fastball,82,0.06856187290969899,0.05263157894736842,0.0,96.29878048780486,0.573170731707317,0.9473684210526316,88.11666666666667
666374,SL,Slider,Breaking,181,0.567398119122257,0.3918918918918919,0.36363636363636365,86.64088397790056,0.40331491712707185,0.6081081081081081,78.48809523809524
666374,SI,Sinker,Fastball,73,0.22884012539184953,0.19230769230769232,0.2,96.94383561643835,0.5205479452054794,0.8076923076923077,90.66190476190476
666374,CH,Changeup,Offspeed,48,0.15047021943573669,0.30434782608695654,0.0,90.34583333333332,0.4166666666666667,0.6956521739130435,82.65625
666619,SL,Slider,Breaking,57,0.4418604651162791,0.05263157894736842,0.0,89.90526315789474,0.5614035087719298,0.9473684210526316,80.23529411764706
666619,SI,Sinker,Fastball,51,0.3953488372093023,0.20833333333333334,0.0,98.2666666666667,0.43137254901960786,0.7916666666666666,83.97777777777777
666661,FF,4-Seam FB,Fastball,517,0.4738771769019248,0.3062015503875969,0.30952380952380953,98.62243713733076,0.5125725338491296,0.6937984496124031,82.76265060240964
666661,CH,Changeup,Offspeed,229,0.20989917506874428,0.3170731707317073,0.3392857142857143,92.47161572052401,0.314410480349345,0.6829268292682926,78.2116883116883
666661,SI,Sinker,Fastball,211,0.1934005499541705,0.1574074074074074,0.1111111111111111,98.57345971563981,0.5497630331753555,0.8425925925925926,78.48095238095237
666661,SL,Slider,Breaking,134,0.1228230980751604,0.4375,0.3157894736842105,84.79850746268657,0.3656716417910448,0.5625,84.3
666711,FF,4-Seam FB,Fastball,73,0.4319526627218935,0.23255813953488372,0.1875,99.97123287671232,0.6027397260273972,0.7674418604651163,81.83666666666667
666711,SI,Sinker,Fastball,57,0.33727810650887574,0.0967741935483871,0.2,99.14736842105265,0.5087719298245614,0.9032258064516129,82.12592592592593
666711,SL,Slider,Breaking,39,0.23076923076923078,0.2,0.09090909090909091,93.16410256410256,0.358974358974359,0.8,80.73333333333335
666745,CH,Changeup,Offspeed,39,0.3170731707317073,0.375,0.23529411764705882,88.01282051282051,0.5128205128205128,0.625,82.96666666666667
666745,SI,Sinker,Fastball,34,0.2764227642276423,0.09090909090909091,0.0,94.57058823529412,0.6470588235294118,0.9090909090909091,87.07333333333332
666808,SI,Sinker,Fastball,419,0.39904761904761904,0.1715686274509804,0.325,98.14367541766109,0.4892601431980907,0.8284313725490196,85.6536912751678
666808,SL,Slider,Breaking,327,0.31142857142857144,0.48125,0.41304347826086957,88.95076452599389,0.37920489296636084,0.51875,84.18333333333332
666808,FC,Cutter,Fastball,279,0.26571428571428574,0.18018018018018017,0.10344827586206896,98.76057347670252,0.5232974910394266,0.8198198198198199,84.72500000000001
666974,SI,Sinker,Fastball,447,0.5464547677261614,0.20304568527918782,0.2692307692307692,94.7648769574944,0.5637583892617449,0.7969543147208122,84.79925925925926
666974,FS,Splitter,Offspeed,225,0.27506112469437655,0.3333333333333333,0.25,90.83955555555556,0.3022222222222222,0.6666666666666667,83.95616438356163
666974,ST,Sweeper,Breaking,101,0.1234718826405868,0.25806451612903225,0.1875,85.64653465346535,0.45544554455445546,0.7419354838709677,84.78636363636363
666974,FF,4-Seam FB,Fastball,38,0.04645476772616137,0.3,1.0,94.57105263157894,0.3157894736842105,0.7,97.54285714285713
667297,SL,Slider,Breaking,428,0.436289500509684,0.3495575221238938,0.37142857142857144,89.18504672897195,0.4649532710280374,0.6504424778761062,82.50072463768116
667297,CU,Curveball,Breaking,283,0.2884811416921509,0.2440944881889764,0.2261904761904762,84.73003533568905,0.38869257950530034,0.7559055118110236,80.42469135802469
667297,SI,Sinker,Fastball,267,0.27217125382262997,0.125,0.0625,94.52734082397005,0.5355805243445693,0.875,84.21648351648352
667463,SI,Sinker,Fastball,235,0.31713900134952766,0.16521739130434782,0.14705882352941177,90.4540425531915,0.5276595744680851,0.8347826086956522,83.29772727272729
667463,CH,Changeup,Offspeed,147,0.19838056680161945,0.35365853658536583,0.30303030303030304,83.77755102040815,0.30612244897959184,0.6463414634146342,80.77446808510639
667463,SL,Slider,Breaking,143,0.19298245614035087,0.20967741935483872,0.17647058823529413,82.51888111888113,0.5244755244755245,0.7903225806451613,85.56808510638298
667463,ST,Sweeper,Breaking,116,0.15654520917678813,0.22641509433962265,0.25,81.46982758620692,0.45689655172413796,0.7735849056603774,81.99743589743589
667463,CU,Curveball,Breaking,88,0.11875843454790823,0.06666666666666667,0.2857142857142857,78.97954545454546,0.5,0.9333333333333333,85.67692307692309
667652,FS,Splitter,Offspeed,165,0.5061349693251533,0.2318840579710145,0.25806451612903225,82.54121212121211,0.48484848484848486,0.7681159420289855,79.58431372549019
667652,FF,4-Seam FB,Fastball,85,0.2607361963190184,0.15625,0.2857142857142857,93.6129411764706,0.5411764705882353,0.84375,84.29599999999999
667652,SL,Slider,Breaking,76,0.2331288343558282,0.08,0.0,85.38947368421051,0.5394736842105263,0.92,85.24545454545455
667755,SI,Sinker,Fastball,885,0.29818059299191374,0.18518518518518517,0.16071428571428573,96.31683615819209,0.5096045197740113,0.8148148148148149,85.28544303797469
667755,KC,Knuckle-Curve,Breaking,753,0.25370619946091644,0.4319526627218935,0.3732394366197183,85.33359893758299,0.4169986719787517,0.5680473372781065,80.3585798816568
667755,FF,4-Seam FB,Fastball,630,0.21226415094339623,0.23154362416107382,0.2014388489208633,97.14650793650794,0.5714285714285714,0.7684563758389262,83.54654377880183
667755,FS,Splitter,Offspeed,551,0.18564690026954178,0.3382899628252788,0.3333333333333333,92.27676950998185,0.29038112522686027,0.6617100371747212,80.34
667755,SL,Slider,Breaking,149,0.05020215633423181,0.2962962962962963,0.25925925925925924,90.24765100671142,0.3221476510067114,0.7037037037037037,78.35555555555555
668390,FF,4-Seam FB,Fastball,263,0.3105076741440378,0.224,0.19642857142857142,95.38669201520914,0.5057034220532319,0.776,85.52527472527474
668390,FC,Cutter,Fastball,243,0.28689492325855964,0.21875,0.15,91.10699588477367,0.5720164609053497,0.78125,82.32842105263158
668390,SL,Slider,Breaking,194,0.22904368358913813,0.40707964601769914,0.35294117647058826,85.86649484536082,0.35051546391752575,0.5929203539823009,79.31935483870967
668390,FS,Splitter,Offspeed,127,0.14994096812278632,0.36764705882352944,0.34615384615384615,87.24803149606298,0.36220472440944884,0.6323529411764706,81.58421052631579
668674,FF,4-Seam FB,Fastball,278,0.2892819979188345,0.20454545454545456,0.16,97.20791366906474,0.5287769784172662,0.7954545454545454,84.03564356435642
668674,SL,Slider,Breaking,272,0.28303850156087407,0.2713178294573643,0.2786885245901639,84.6128676470588,0.34191176470588236,0.7286821705426356,78.49764705882353
668674,SI,Sinker,Fastball,263,0.2736732570239334,0.15447154471544716,0.13157894736842105,97.01368821292775,0.5399239543726235,0.8455284552845528,81.68631578947368
668674,CH,Changeup,Offspeed,131,0.13631633714880334,0.20588235294117646,0.0,89.55801526717558,0.4122137404580153,0.7941176470588236,82.6549019607843
668678,FF,4-Seam FB,Fastball,653,0.35373781148429034,0.06060606060606061,0.05434782608695652,93.37105666156202,0.5696784073506891,0.9393939393939394,87.01525423728813
668678,SL,Slider,Breaking,416,0.22535211267605634,0.28837209302325584,0.2028985507246377,88.89447115384615,0.4375,0.7116279069767442,84.64893617021276
668678,KC,Knuckle-Curve,Breaking,351,0.19014084507042253,0.22857142857142856,0.14634146341463414,81.62136752136753,0.3561253561253561,0.7714285714285715,83.9232
668678,CH,Changeup,Offspeed,318,0.1722643553629469,0.2671232876712329,0.19607843137254902,86.60440251572327,0.3113207547169811,0.7328767123287672,84.25999999999999
668678,SI,Sinker,Fastball,107,0.05796316359696641,0.07142857142857142,0.0,92.71682242990657,0.4392523364485981,0.9285714285714286,85.22200000000001
668716,SI,Sinker,Fastball,37,0.42045454545454547,0.07142857142857142,0.25,94.05405405405405,0.5675675675675675,0.9285714285714286,84.21818181818183
668820,FF,4-Seam FB,Fastball,127,0.3735294117647059,0.125,0.05555555555555555,95.43385826771654,0.4251968503937008,0.875,82.73478260869565
668820,SL,Slider,Breaking,97,0.2852941176470588,0.21568627450980393,0.16666666666666666,88.54536082474226,0.5154639175257731,0.7843137254901961,80.63250000000001
668820,CU,Curveball,Breaking,82,0.2411764705882353,0.40540540540540543,0.4444444444444444,80.36951219512196,0.34146341463414637,0.5945945945945945,82.075
668831,CH,Changeup,Offspeed,84,0.4,0.44680851063829785,0.45454545454545453,81.03928571428571,0.35714285714285715,0.5531914893617021,73.5153846153846
668831,FC,Cutter,Fastball,56,0.26666666666666666,0.3333333333333333,0.42857142857142855,87.93035714285713,0.5714285714285714,0.6666666666666667,80.65833333333333
668831,SI,Sinker,Fastball,53,0.2523809523809524,0.14285714285714285,0.0,91.60188679245285,0.5660377358490566,0.8571428571428572,81.71428571428572
668834,CU,Curveball,Breaking,59,0.23046875,0.24,0.23076923076923078,80.34067796610168,0.4406779661016949,0.76,88.08888888888889
668834,SI,Sinker,Fastball,58,0.2265625,0.1935483870967742,0.14285714285714285,92.98620689655172,0.6724137931034483,0.8064516129032258,82.32608695652173
668834,FF,4-Seam FB,Fastball,50,0.1953125,0.41935483870967744,0.35714285714285715,92.34800000000001,0.44,0.5806451612903225,86.76666666666668
668834,ST,Sweeper,Breaking,45,0.17578125,0.09090909090909091,0.0,82.30666666666667,0.5555555555555556,0.9090909090909091,79.06315789473686
668834,FC,Cutter,Fastball,37,0.14453125,0.11538461538461539,0.25,87.15405405405406,0.6756756756756757,0.8846153846153846,80.93181818181819
668873,FF,4-Seam FB,Fastball,406,0.48739495798319327,0.19801980198019803,0.25,96.8470443349754,0.5369458128078818,0.801980198019802,81.81148648648647
668873,KC,Knuckle-Curve,Breaking,195,0.234093637454982,0.4069767441860465,0.4772727272727273,80.85435897435897,0.2923076923076923,0.5930232558139534,81.01590909090909
668873,SL,Slider,Breaking,120,0.14405762304921968,0.417910447761194,0.4,88.58666666666666,0.49166666666666664,0.582089552238806,82.78421052631579
668873,SI,Sinker,Fastball,112,0.13445378151260504,0.2549019607843137,0.125,95.99642857142858,0.5803571428571429,0.7450980392156863,81.14999999999999
668881,FF,4-Seam FB,Fastball,237,0.5197368421052632,0.1652892561983471,0.17777777777777778,98.25991561181435,0.5527426160337553,0.8347107438016529,85.60947368421054
668881,SL,Slider,Breaking,145,0.31798245614035087,0.4625,0.375,88.8344827586207,0.4,0.5375,85.9780487804878
668881,FS,Splitter,Offspeed,46,0.10087719298245613,0.2857142857142857,0.4444444444444444,86.93260869565218,0.4782608695652174,0.7142857142857143,82.13571428571429
668909,ST,Sweeper,Breaking,900,0.28948214860083626,0.45726495726495725,0.4170403587443946,87.49588888888889,0.4011111111111111,0.5427350427350428,79.92227272727273
668909,FF,4-Seam FB,Fastball,856,0.2753296880025732,0.30839002267573695,0.31891891891891894,97.57640186915889,0.49182242990654207,0.691609977324263,82.37909407665506
668909,CU,Curveball,Breaking,685,0.2203280797684143,0.313915857605178,0.25170068027210885,82.57094890510949,0.43503649635036495,0.6860841423948221,83.8883597883598
668909,SI,Sinker,Fastball,479,0.15406883242200065,0.1574074074074074,0.13157894736842105,96.9133611691023,0.6576200417536534,0.8425925925925926,87.81781609195401
668909,FC,Cutter,Fastball,189,0.060791251206175616,0.25510204081632654,0.3333333333333333,92.22222222222223,0.5555555555555556,0.7448979591836735,85.36911764705883
668933,FC,Cutter,Fastball,351,0.5408320493066255,0.20754716981132076,0.17647058823529413,97.69743589743591,0.4444444444444444,0.7924528301886793,83.64
668933,SL,Slider,Breaking,298,0.4591679506933744,0.4244604316546763,0.4090909090909091,90.44395973154363,0.42953020134228187,0.5755395683453237,84.35483870967742
668941,SI,Sinker,Fastball,426,0.4531914893617021,0.15204678362573099,0.2647058823529412,93.67370892018779,0.5586854460093896,0.847953216374269,87.16076923076923
668941,ST,Sweeper,Breaking,343,0.3648936170212766,0.2727272727272727,0.22784810126582278,82.88862973760934,0.49271137026239065,0.7272727272727273,77.55913978494624
668941,CH,Changeup,Offspeed,156,0.16595744680851063,0.3013698630136986,0.2564102564102564,87.26346153846153,0.1987179487179487,0.6986301369863014,83.47500000000001
668964,FF,4-Seam FB,Fastball,417,0.4623059866962306,0.12612612612612611,0.12790697674418605,92.50791366906475,0.5827338129496403,0.8738738738738738,86.10427807486631
668964,FS,Splitter,Offspeed,227,0.2516629711751663,0.36752136752136755,0.3333333333333333,80.09999999999998,0.44933920704845814,0.6324786324786325,76.64027777777778
668964,SL,Slider,Breaking,128,0.1419068736141907,0.14545454545454545,0.06666666666666667,82.05859375,0.4140625,0.8545454545454545,81.84565217391305
668964,FC,Cutter,Fastball,113,0.12527716186252771,0.20967741935483872,0.23076923076923078,86.58230088495574,0.46017699115044247,0.7903225806451613,81.13863636363637
668970,FF,4-Seam FB,Fastball,98,0.36162361623616235,0.1875,0.15,94.38775510204081,0.5408163265306123,0.8125,82.93589743589743
668970,ST,Sweeper,Breaking,89,0.3284132841328413,0.3225806451612903,0.26666666666666666,84.19662921348315,0.4606741573033708,0.6774193548387097,77.22
668970,SI,Sinker,Fastball,61,0.22509225092250923,0.19230769230769232,0.0,94.98196721311474,0.5409836065573771,0.8076923076923077,75.75714285714285
668984,FF,4-Seam FB,Fastball,497,0.43104943625325237,0.23104693140794225,0.1893939393939394,93.0,0.5855130784708249,0.7689530685920578,82.41545893719807
668984,SI,Sinker,Fastball,250,0.2168256721595837,0.09090909090909091,0.16,92.86439999999999,0.592,0.9090909090909091,79.04059405940595
668984,ST,Sweeper,Breaking,139,0.12055507372072853,0.3561643835616438,0.23333333333333334,79.85467625899281,0.45323741007194246,0.6438356164383562,81.62222222222222
668984,CH,Changeup,Offspeed,136,0.11795316565481354,0.1323529411764706,0.19230769230769232,86.64117647058823,0.3602941176470588,0.8676470588235294,80.82000000000001
668984,SL,Slider,Breaking,131,0.11361665221162186,0.2459016393442623,0.16666666666666666,84.94045801526718,0.3816793893129771,0.7540983606557377,81.15116279069767
669020,FF,4-Seam FB,Fastball,398,0.3956262425447316,0.1411764705882353,0.22058823529411764,94.70879396984924,0.5251256281407035,0.8588235294117648,83.41510791366906
669020,CU,Curveball,Breaking,166,0.16500994035785288,0.22857142857142856,0.2692307692307692,79.46566265060241,0.41566265060240964,0.7714285714285715,82.77659574468085
669020,ST,Sweeper,Breaking,156,0.1550695825049702,0.35443037974683544,0.3,85.07628205128204,0.358974358974359,0.6455696202531646,79.24444444444445
669020,SI,Sinker,Fastball,153,0.15208747514910537,0.1780821917808219,0.3333333333333333,95.01633986928104,0.5228758169934641,0.821917808219178,77.01481481481481
669020,SL,Slider,Breaking,124,0.12326043737574553,0.1724137931034483,0.15384615384615385,86.7709677419355,0.5161290322580645,0.8275862068965517,83.31489361702127
669022,FF,4-Seam FB,Fastball,1459,0.4723211395273551,0.2182061579651941,0.22767857142857142,95.168745716244,0.5380397532556546,0.7817938420348058,83.01058394160584
669022,CU,Curveball,Breaking,563,0.18225963094852704,0.2796610169491525,0.2196969696969697,81.51172291296625,0.3836589698046181,0.7203389830508475,81.52012578616353
669022,CH,Changeup,Offspeed,406,0.13143412107478147,0.35,0.34444444444444444,86.19581280788178,0.3251231527093596,0.65,80.27377049180328
669022,SL,Slider,Breaking,305,0.09873745548721269,0.2847222222222222,0.3103448275862069,85.61180327868853,0.47540983606557374,0.7152777777777778,78.82626262626263
669022,FC,Cutter,Fastball,195,0.06312722563936549,0.26262626262626265,0.3142857142857143,89.85333333333334,0.4564102564102564,0.7373737373737373,84.98615384615385
669022,SI,Sinker,Fastball,161,0.05212042732275817,0.11904761904761904,0.125,95.13478260869566,0.4658385093167702,0.8809523809523809,82.18125
669060,FC,Cutter,Fastball,194,0.34767025089605735,0.18446601941747573,0.18181818181818182,88.02835051546391,0.5927835051546392,0.8155339805825242,81.45432098765433
669060,SI,Sinker,Fastball,181,0.32437275985663083,0.13793103448275862,0.1875,92.33149171270718,0.6132596685082873,0.8620689655172413,83.79999999999998
669060,FF,4-Seam FB,Fastball,97,0.17383512544802868,0.22033898305084745,0.28125,93.22371134020618,0.5773195876288659,0.7796610169491526,84.59347826086957
669060,FS,Splitter,Offspeed,47,0.08422939068100359,0.20689655172413793,0.1875,85.30212765957447,0.3191489361702128,0.7931034482758621,86.4608695652174
669060,CU,Curveball,Breaking,39,0.06989247311827956,0.19047619047619047,0.16666666666666666,80.83076923076926,0.4358974358974359,0.8095238095238095,82.76470588235294
669062,SI,Sinker,Fastball,496,0.49060336300692386,0.1890547263681592,0.14035087719298245,96.7695564516129,0.5383064516129032,0.8109452736318408,81.56934306569343
669062,SL,Slider,Breaking,411,0.4065281899109792,0.5300546448087432,0.43956043956043955,85.58929440389294,0.3309002433090024,0.4699453551912568,76.04938271604938
669062,FF,4-Seam FB,Fastball,68,0.06726013847675569,0.26666666666666666,0.14285714285714285,96.81323529411765,0.19117647058823528,0.7333333333333334,87.33
669062,CH,Changeup,Offspeed,36,0.03560830860534125,0.25,0.3333333333333333,87.72777777777779,0.25,0.75,87.9
669084,SI,Sinker,Fastball,383,0.3592870544090056,0.125,0.08571428571428572,95.42036553524804,0.5718015665796344,0.875,82.88727272727272
669084,CU,Curveball,Breaking,180,0.16885553470919323,0.208955223880597,0.23333333333333334,81.85277777777777,0.45555555555555555,0.791044776119403,78.55681818181819
669084,CH,Changeup,Offspeed,172,0.16135084427767354,0.40789473684210525,0.35714285714285715,85.07558139534883,0.436046511627907,0.5921052631578947,78.29555555555557
669084,FF,4-Seam FB,Fastball,123,0.11538461538461539,0.2857142857142857,0.21212121212121213,95.04634146341462,0.3821138211382114,0.7142857142857143,82.35641025641026
669084,SL,Slider,Breaking,105,0.09849906191369606,0.4032258064516129,0.4375,87.68,0.5142857142857142,0.5967741935483871,82.06285714285714
669084,ST,Sweeper,Breaking,84,0.07879924953095685,0.4878048780487805,0.40625,84.70119047619048,0.32142857142857145,0.5121951219512195,78.33000000000001
669093,FF,4-Seam FB,Fastball,321,0.5701598579040853,0.25301204819277107,0.3050847457627119,95.87570093457944,0.42990654205607476,0.7469879518072289,80.37008547008547
669093,FS,Splitter,Offspeed,183,0.325044404973357,0.5063291139240507,0.48717948717948717,82.04426229508196,0.37158469945355194,0.49367088607594933,77.21111111111112
669093,SL,Slider,Breaking,59,0.10479573712255773,0.25,0.0,85.98135593220339,0.4406779661016949,0.75,79.02666666666667
669160,FF,4-Seam FB,Fastball,608,0.24516129032258063,0.2318840579710145,0.2231404958677686,96.91184210526315,0.5263157894736842,0.7681159420289855,84.17005076142132
669160,FC,Cutter,Fastball,581,0.2342741935483871,0.2445141065830721,0.26666666666666666,93.30068846815834,0.5215146299483648,0.755485893416928,82.37955555555556
669160,SI,Sinker,Fastball,502,0.20241935483870968,0.15748031496062992,0.16,96.57509960159362,0.5597609561752988,0.8425196850393701,85.82774869109947
669160,ST,Sweeper,Breaking,444,0.17903225806451614,0.2692307692307692,0.26153846153846155,86.0328828828829,0.43018018018018017,0.7307692307692308,79.57464788732393
669160,CU,Curveball,Breaking,189,0.07620967741935483,0.3181818181818182,0.28,83.62592592592593,0.3439153439153439,0.6818181818181819,81.085
669160,CH,Changeup,Offspeed,155,0.0625,0.19402985074626866,0.19047619047619047,90.26129032258065,0.38064516129032255,0.8059701492537313,82.52291666666666
669165,FF,4-Seam FB,Fastball,424,0.557161629434954,0.32075471698113206,0.35365853658536583,96.5945754716981,0.5566037735849056,0.679245283018868,85.52158273381295
669165,CH,Changeup,Offspeed,266,0.3495400788436268,0.37333333333333335,0.38,88.6984962406015,0.45112781954887216,0.6266666666666667,82.88588235294118
669165,SL,Slider,Breaking,71,0.09329829172141918,0.37037037037037035,0.14285714285714285,88.03239436619718,0.4225352112676056,0.6296296296296297,83.06875000000001
669169,FF,4-Seam FB,Fastball,33,0.38823529411764707,0.1,0.25,91.39090909090909,0.5151515151515151,0.9,88.6375
669194,FF,4-Seam FB,Fastball,874,0.5784248841826605,0.2125506072874494,0.19230769230769232,96.37219679633867,0.5640732265446224,0.7874493927125505,84.13068493150685
669194,SL,Slider,Breaking,310,0.20516214427531437,0.2982456140350877,0.27941176470588236,88.5241935483871,0.4645161290322581,0.7017543859649122,83.70900900900901
669194,FC,Cutter,Fastball,141,0.09331568497683654,0.15873015873015872,0.0,92.90425531914893,0.4397163120567376,0.8412698412698413,84.08571428571429
669194,CU,Curveball,Breaking,138,0.09133024487094639,0.19148936170212766,0.23809523809523808,80.7949275362319,0.2971014492753623,0.8085106382978724,83.61944444444445
669194,SI,Sinker,Fastball,48,0.03176704169424222,0.21428571428571427,0.0,95.31458333333335,0.4375,0.7857142857142857,85.47999999999999
669199,FF,4-Seam FB,Fastball,445,0.3037542662116041,0.15137614678899083,0.2112676056338028,94.45595505617977,0.48764044943820223,0.8486238532110092,83.45738636363636
669199,SL,Slider,Breaking,332,0.22662116040955632,0.4142857142857143,0.37777777777777777,89.78463855421687,0.46987951807228917,0.5857142857142856,83.08289473684209
669199,CU,Curveball,Breaking,296,0.20204778156996586,0.39669421487603307,0.38181818181818183,86.44932432432432,0.4358108108108108,0.6033057851239669,80.2859375
669199,ST,Sweeper,Breaking,226,0.15426621160409557,0.38,0.3157894736842105,86.70884955752213,0.40707964601769914,0.62,86.34363636363636
669199,FS,Splitter,Offspeed,104,0.07098976109215017,0.3695652173913043,0.21052631578947367,84.26153846153846,0.3076923076923077,0.6304347826086957,72.93703703703703
669199,SI,Sinker,Fastball,62,0.042320819112627986,0.15151515151515152,0.0,93.21935483870968,0.532258064516129,0.8484848484848485,85.4148148148148
669203,FC,Cutter,Fastball,106,0.5353535353535354,0.16666666666666666,0.06666666666666667,91.96698113207546,0.5283018867924528,0.8333333333333334,87.07837837837837
669203,CU,Curveball,Breaking,47,0.23737373737373738,0.36363636363636365,0.14285714285714285,78.05319148936171,0.3617021276595745,0.6363636363636364,80.3076923076923
669211,FF,4-Seam FB,Fastball,223,0.4922737306843267,0.18691588785046728,0.18604651162790697,93.73497757847534,0.5919282511210763,0.8130841121495327,81.22168674698794
669211,CH,Changeup,Offspeed,117,0.2582781456953642,0.21052631578947367,0.18518518518518517,86.66837606837608,0.4358974358974359,0.7894736842105263,77.25348837209302
669211,SL,Slider,Breaking,113,0.24944812362030905,0.19672131147540983,0.08333333333333333,86.65752212389381,0.4690265486725664,0.8032786885245902,81.71136363636364
669212,FF,4-Seam FB,Fastball,134,0.37640449438202245,0.1694915254237288,0.125,91.15970149253731,0.39552238805970147,0.8305084745762712,87.35
669212,CH,Changeup,Offspeed,120,0.33707865168539325,0.18032786885245902,0.08,76.9225,0.4666666666666667,0.819672131147541,75.06666666666666
669212,SL,Slider,Breaking,102,0.28651685393258425,0.3829787234042553,0.5714285714285714,85.42254901960787,0.4215686274509804,0.6170212765957447,81.48148148148148
669270,SI,Sinker,Fastball,417,0.5205992509363296,0.1291866028708134,0.15254237288135594,95.2326139088729,0.5299760191846523,0.8708133971291866,84.85783132530122
669270,FC,Cutter,Fastball,238,0.29712858926342073,0.3541666666666667,0.16666666666666666,90.39117647058823,0.4411764705882353,0.6458333333333333,83.24181818181819
669270,FF,4-Seam FB,Fastball,57,0.07116104868913857,0.30434782608695654,0.35714285714285715,95.3543859649123,0.3333333333333333,0.6956521739130435,87.1125
669270,CH,Changeup,Offspeed,45,0.056179775280898875,0.23809523809523808,0.2857142857142857,90.21333333333334,0.3333333333333333,0.7619047619047619,84.88571428571429
669270,CU,Curveball,Breaking,30,0.03745318352059925,0.35714285714285715,0.3,83.17333333333333,0.4666666666666667,0.6428571428571428,79.21666666666667
669276,SL,Slider,Breaking,581,0.5243682310469314,0.4086687306501548,0.2857142857142857,83.00946643717728,0.4991394148020654,0.5913312693498451,78.85810055865922
669276,FF,4-Seam FB,Fastball,353,0.3185920577617328,0.24338624338624337,0.24242424242424243,93.3342776203966,0.5637393767705382,0.7566137566137566,83.00601503759398
669276,CH,Changeup,Offspeed,174,0.15703971119133575,0.39473684210526316,0.2916666666666667,85.52873563218391,0.3448275862068966,0.6052631578947368,79.2409090909091
669298,FF,4-Seam FB,Fastball,66,0.44,0.20689655172413793,0.2222222222222222,92.6090909090909,0.48484848484848486,0.7931034482758621,80.97894736842106
669298,ST,Sweeper,Breaking,34,0.22666666666666666,0.2222222222222222,0.14285714285714285,81.54117647058824,0.5882352941176471,0.7777777777777778,88.37142857142858
669298,CH,Changeup,Offspeed,32,0.21333333333333335,0.2,0.14285714285714285,86.165625,0.25,0.8,85.8111111111111
669302,FF,4-Seam FB,Fastball,1187,0.39792155548105934,0.2273449920508744,0.16292134831460675,96.37169334456613,0.6175231676495366,0.7726550079491256,83.79407894736843
669302,SL,Slider,Breaking,746,0.2500838082467315,0.3746898263027295,0.3288590604026846,86.83753351206435,0.4785522788203753,0.6253101736972705,83.16103896103897
669302,FS,Splitter,Offspeed,447,0.14984914515588335,0.4205607476635514,0.37575757575757573,81.96174496644295,0.22818791946308725,0.5794392523364487,76.5873873873874
669302,CH,Changeup,Offspeed,215,0.0720750921890714,0.32051282051282054,0.4,85.87255813953492,0.33488372093023255,0.6794871794871795,77.32
669302,ST,Sweeper,Breaking,214,0.0717398592021455,0.375,0.3269230769230769,81.17990654205607,0.4205607476635514,0.625,78.55312500000001
669302,FC,Cutter,Fastball,152,0.050955414012738856,0.15942028985507245,0.09090909090909091,91.21710526315789,0.5723684210526315,0.8405797101449275,87.30545454545455
669310,FC,Cutter,Fastball,58,0.2577777777777778,0.11764705882352941,0.0,88.24827586206897,0.5344827586206896,0.8823529411764706,81.04333333333334
669310,CU,Curveball,Breaking,49,0.21777777777777776,0.19230769230769232,0.18181818181818182,81.14897959183673,0.42857142857142855,0.8076923076923077,85.9952380952381
669310,FF,4-Seam FB,Fastball,39,0.17333333333333334,0.23529411764705882,0.14285714285714285,93.52820512820512,0.5384615384615384,0.7647058823529411,92.925
669310,CH,Changeup,Offspeed,36,0.16,0.16666666666666666,0.0,83.65555555555554,0.3611111111111111,0.8333333333333334,75.36666666666666
669330,FC,Cutter,Fastball,324,0.299722479185939,0.33136094674556216,0.38666666666666666,90.375,0.5462962962962963,0.6686390532544378,79.71171171171171
669330,FF,4-Seam FB,Fastball,306,0.28307123034227566,0.25949367088607594,0.17543859649122806,93.42712418300653,0.5032679738562091,0.740506329113924,82.50714285714285
669330,CH,Changeup,Offspeed,240,0.22201665124884365,0.3401360544217687,0.25862068965517243,87.10625,0.5,0.6598639455782314,76.44835164835165
669330,SL,Slider,Breaking,164,0.1517113783533765,0.30952380952380953,0.32432432432432434,86.77134146341463,0.4268292682926829,0.6904761904761905,80.80181818181819
669330,CU,Curveball,Breaking,47,0.043478260869565216,0.25,0.5,78.06170212765957,0.44680851063829785,0.75,85.86666666666666
669358,FF,4-Seam FB,Fastball,1017,0.34081769436997317,0.15690376569037656,0.17058823529411765,95.85998033431662,0.5162241887905604,0.8430962343096234,83.50923076923077
669358,KC,Knuckle-Curve,Breaking,982,0.32908847184986595,0.2863247863247863,0.26382978723404255,85.27606924643585,0.43279022403258655,0.7136752136752137,84.31538461538462
669358,FC,Cutter,Fastball,447,0.149798927613941,0.21810699588477367,0.23728813559322035,89.62326621923938,0.5615212527964206,0.7818930041152263,83.66871508379889
669358,CH,Changeup,Offspeed,278,0.09316353887399464,0.20491803278688525,0.175,87.72625899280575,0.420863309352518,0.7950819672131147,76.80736842105264
669358,SI,Sinker,Fastball,259,0.08679624664879357,0.14285714285714285,0.09523809523809523,95.26911196911196,0.6138996138996139,0.8571428571428572,83.59494949494949
669371,FF,4-Seam FB,Fastball,155,0.4813664596273292,0.25,0.34782608695652173,93.89677419354838,0.4645161290322581,0.75,85.55098039215687
669371,ST,Sweeper,Breaking,110,0.3416149068322981,0.30434782608695654,0.21052631578947367,82.20818181818181,0.4,0.6956521739130435,82.41724137931035
669372,SI,Sinker,Fastball,836,0.37155555555555553,0.2125340599455041,0.19801980198019803,93.38959330143543,0.5203349282296651,0.7874659400544959,84.06628787878788
669372,CH,Changeup,Offspeed,448,0.1991111111111111,0.3497942386831276,0.35443037974683544,87.74508928571429,0.33035714285714285,0.6502057613168724,76.4781690140845
669372,FC,Cutter,Fastball,367,0.16311111111111112,0.2080536912751678,0.23529411764705882,90.32343324250681,0.41689373297002724,0.7919463087248322,83.3099099099099
669372,SL,Slider,Breaking,288,0.128,0.3333333333333333,0.20967741935483872,85.91562499999999,0.3368055555555556,0.6666666666666667,79.05697674418604
669372,FF,4-Seam FB,Fastball,247,0.10977777777777778,0.21568627450980393,0.225,93.5165991902834,0.44534412955465585,0.7843137254901961,84.86103896103897
669372,CU,Curveball,Breaking,64,0.028444444444444446,0.3103448275862069,0.36363636363636365,84.175,0.328125,0.6896551724137931,86.50555555555555
669373,FF,4-Seam FB,Fastball,916,0.37710992177850966,0.2598870056497175,0.28217821782178215,96.76593886462882,0.5469432314410481,0.7401129943502824,80.97206703910615
669373,CH,Changeup,Offspeed,621,0.2556607657472211,0.46216216216216216,0.40993788819875776,87.60853462157809,0.33011272141706927,0.5378378378378379,78.01857923497268
669373,SI,Sinker,Fastball,431,0.17743927542198434,0.1794871794871795,0.2,96.67262180974477,0.5893271461716937,0.8205128205128205,83.2095238095238
669373,SL,Slider,Breaking,339,0.13956360642239604,0.2857142857142857,0.3191489361702128,89.68525073746312,0.5486725663716814,0.7142857142857143,83.96600000000001
669373,CU,Curveball,Breaking,122,0.050226430629888845,0.40384615384615385,0.52,80.38032786885246,0.4344262295081967,0.5961538461538461,82.71785714285714
669387,FF,4-Seam FB,Fastball,537,0.25817307692307695,0.16279069767441862,0.1941747572815534,95.04581005586591,0.5493482309124768,0.8372093023255813,85.62403846153846
669387,FS,Splitter,Offspeed,522,0.25096153846153846,0.3203125,0.27049180327868855,85.7595785440613,0.36590038314176243,0.6796875,80.5880503144654
669387,SI,Sinker,Fastball,383,0.1841346153846154,0.06493506493506493,0.03333333333333333,94.37937336814622,0.5848563968668408,0.935064935064935,87.9776119402985
669387,CU,Curveball,Breaking,245,0.11778846153846154,0.25471698113207547,0.2391304347826087,83.83673469387755,0.47346938775510206,0.7452830188679245,85.7821917808219
669387,ST,Sweeper,Breaking,215,0.10336538461538461,0.2375,0.16666666666666666,83.48418604651162,0.4558139534883721,0.7625,83.60363636363635
669387,FC,Cutter,Fastball,105,0.05048076923076923,0.18867924528301888,0.2857142857142857,92.12952380952382,0.638095238095238,0.8113207547169812,84.47142857142858
669387,SL,Slider,Breaking,73,0.035096153846153846,0.20689655172413793,0.0,90.16027397260275,0.410958904109589,0.7931034482758621,87.32608695652173
669432,FF,4-Seam FB,Fastball,1291,0.465896788163118,0.24475524475524477,0.2084942084942085,93.79914794732765,0.5778466305189776,0.7552447552447552,82.65481927710844
669432,CH,Changeup,Offspeed,561,0.20245398773006135,0.24271844660194175,0.1388888888888889,86.99661319073084,0.38146167557932265,0.7572815533980582,83.45707547169812
669432,ST,Sweeper,Breaking,392,0.14146517502706604,0.3229166666666667,0.32,78.07576530612245,0.4744897959183674,0.6770833333333333,74.87317073170733
669432,SI,Sinker,Fastball,284,0.10249007578491519,0.13636363636363635,0.11538461538461539,93.31197183098591,0.6091549295774648,0.8636363636363636,82.3125
669432,FC,Cutter,Fastball,243,0.08769397329483941,0.25203252032520324,0.17142857142857143,83.00576131687244,0.49794238683127573,0.7479674796747968,79.09310344827587
669438,CH,Changeup,Offspeed,189,0.2735166425470333,0.308411214953271,0.288135593220339,86.42962962962963,0.3492063492063492,0.691588785046729,80.79565217391304
669438,SI,Sinker,Fastball,135,0.19536903039073805,0.0759493670886076,0.08333333333333333,91.70592592592594,0.6888888888888889,0.9240506329113924,86.14999999999999
669438,CU,Curveball,Breaking,127,0.1837916063675832,0.3090909090909091,0.14285714285714285,74.62204724409449,0.5118110236220472,0.6909090909090909,84.33055555555555
669438,FF,4-Seam FB,Fastball,122,0.17655571635311143,0.2786885245901639,0.21739130434782608,92.78606557377049,0.4426229508196721,0.7213114754098361,85.43571428571428
669438,FC,Cutter,Fastball,71,0.10274963820549927,0.21052631578947367,0.3333333333333333,86.1380281690141,0.5070422535211268,0.7894736842105263,85.12692307692308
669438,SL,Slider,Breaking,37,0.053545586107091175,0.375,0.2222222222222222,81.7027027027027,0.40540540540540543,0.625,86.2
669456,FF,4-Seam FB,Fastball,340,0.3655913978494624,0.11764705882352941,0.13157894736842105,92.30705882352942,0.4852941176470588,0.8823529411764706,85.97525773195876
669456,KC,Knuckle-Curve,Breaking,172,0.18494623655913978,0.3614457831325301,0.3,82.64767441860467,0.38953488372093026,0.6385542168674698,90.92
669456,CH,Changeup,Offspeed,171,0.18387096774193548,0.24285714285714285,0.2,88.16198830409357,0.3333333333333333,0.7571428571428571,85.34782608695652
669456,FC,Cutter,Fastball,113,0.12150537634408602,0.21428571428571427,0.0,87.3991150442478,0.3893805309734513,0.7857142857142857,79.93249999999999
669456,SL,Slider,Breaking,93,0.1,0.36538461538461536,0.38235294117647056,85.25053763440862,0.34408602150537637,0.6346153846153846,85.471875
669456,SI,Sinker,Fastball,41,0.04408602150537634,0.1,0.5,92.19268292682926,0.36585365853658536,0.9,72.24117647058823
669461,FF,4-Seam FB,Fastball,792,0.2972972972972973,0.12373737373737374,0.11029411764705882,94.28535353535354,0.5631313131313131,0.8762626262626263,85.22415902140672
669461,SL,Slider,Breaking,704,0.26426426426426425,0.36046511627906974,0.3620689655172414,86.02102272727272,0.4431818181818182,0.6395348837209303,83.49468599033817
669461,CU,Curveball,Breaking,478,0.17942942942942944,0.39490445859872614,0.30120481927710846,79.50627615062761,0.3577405857740586,0.6050955414012739,81.46708860759493
669461,CH,Changeup,Offspeed,336,0.12612612612612611,0.21084337349397592,0.14285714285714285,88.50892857142857,0.49404761904761907,0.7891566265060241,81.89375000000001
669461,SI,Sinker,Fastball,221,0.08295795795795796,0.10810810810810811,0.06666666666666667,94.17149321266969,0.669683257918552,0.8918918918918919,87.7336956521739
669461,FC,Cutter,Fastball,108,0.04054054054054054,0.1836734693877551,0.0,90.5324074074074,0.4722222222222222,0.8163265306122449,83.77352941176471
669467,FF,4-Seam FB,Fastball,902,0.3414080242240727,0.14492753623188406,0.13157894736842105,95.2079822616408,0.6008869179600886,0.855072463768116,83.53198757763975
669467,SL,Slider,Breaking,771,0.2918243754731264,0.3047091412742382,0.3049645390070922,87.74306095979247,0.4889753566796368,0.6952908587257618,81.5519313304721
669467,KC,Knuckle-Curve,Breaking,452,0.17108251324753973,0.2896551724137931,0.27631578947368424,78.56814159292036,0.3163716814159292,0.7103448275862069,84.23125
669467,SI,Sinker,Fastball,441,0.16691900075700228,0.12704918032786885,0.10465116279069768,95.43786848072563,0.4603174603174603,0.8729508196721312,79.98844221105529
669467,FS,Splitter,Offspeed,76,0.028766086298258896,0.2916666666666667,0.1111111111111111,88.8763157894737,0.25,0.7083333333333333,78.93333333333334
669620,FF,4-Seam FB,Fastball,305,0.4382183908045977,0.17543859649122806,0.14285714285714285,92.54852459016395,0.6098360655737705,0.8245614035087719,82.75259259259259
669620,CU,Curveball,Breaking,124,0.1781609195402299,0.3695652173913043,0.24,77.43790322580645,0.28225806451612906,0.6304347826086957,75.55714285714285
669620,SL,Slider,Breaking,101,0.14511494252873564,0.24193548387096775,0.2608695652173913,83.55940594059408,0.48514851485148514,0.7580645161290323,82.36808510638298
669620,FC,Cutter,Fastball,77,0.11063218390804598,0.13953488372093023,0.0,89.06363636363638,0.6103896103896104,0.8604651162790697,88.63823529411765
669620,SI,Sinker,Fastball,56,0.08045977011494253,0.07142857142857142,0.5,92.39285714285714,0.4107142857142857,0.9285714285714286,81.67200000000001
669620,CH,Changeup,Offspeed,30,0.04310344827586207,0.18181818181818182,0.0,86.69999999999999,0.16666666666666666,0.8181818181818181,85.5
669622,ST,Sweeper,Breaking,291,0.5105263157894737,0.2706766917293233,0.2987012987012987,83.54810996563575,0.584192439862543,0.7293233082706767,81.50652173913043
669622,SI,Sinker,Fastball,178,0.312280701754386,0.1724137931034483,0.16666666666666666,96.31966292134832,0.601123595505618,0.8275862068965517,86.27777777777777
669622,SL,Slider,Breaking,77,0.13508771929824562,0.21875,0.1111111111111111,86.49350649350649,0.33766233766233766,0.78125,84.74545454545454
669684,FF,4-Seam FB,Fastball,216,0.33384853168469864,0.2540983606557377,0.20454545454545456,96.29074074074073,0.5138888888888888,0.7459016393442623,80.90609756097561
669684,SL,Slider,Breaking,190,0.2936630602782071,0.32323232323232326,0.05555555555555555,89.31,0.5421052631578948,0.6767676767676767,83.2125
669684,CU,Curveball,Breaking,153,0.23647604327666152,0.3442622950819672,0.22857142857142856,77.9764705882353,0.47058823529411764,0.6557377049180328,72.04054054054055
669684,ST,Sweeper,Breaking,31,0.04791344667697063,0.3,0.375,80.3516129032258,0.3225806451612903,0.7,82.48333333333333
669704,FC,Cutter,Fastball,58,0.5132743362831859,0.17391304347826086,0.14285714285714285,91.08275862068966,0.3793103448275862,0.8260869565217391,75.34705882352942
669711,SI,Sinker,Fastball,348,0.3388510223953262,0.1165644171779141,0.13953488372093023,93.96954022988506,0.5977011494252874,0.8834355828220859,84.11060606060606
669711,FF,4-Seam FB,Fastball,308,0.29990262901655307,0.24861878453038674,0.20481927710843373,94.14545454545454,0.5227272727272727,0.7513812154696132,82.52786885245902
669711,CH,Changeup,Offspeed,135,0.1314508276533593,0.44155844155844154,0.32432432432432434,85.24222222222222,0.21481481481481482,0.5584415584415585,78.1
669711,ST,Sweeper,Breaking,131,0.12755598831548198,0.3584905660377358,0.22727272727272727,81.98091603053435,0.40458015267175573,0.6415094339622642,78.1
669711,SL,Slider,Breaking,82,0.0798442064264849,0.1,0.0,85.4939024390244,0.524390243902439,0.9,78.36521739130436
669713,ST,Sweeper,Breaking,265,0.2951002227171492,0.3761467889908257,0.30158730158730157,81.45320754716982,0.38113207547169814,0.6238532110091743,77.77187500000001
669713,FF,4-Seam FB,Fastball,218,0.24276169265033407,0.13513513513513514,0.1836734693877551,93.5302752293578,0.4954128440366973,0.8648648648648649,86.56444444444443
669713,SI,Sinker,Fastball,170,0.18930957683741648,0.11827956989247312,0.09090909090909091,92.54117647058824,0.4764705882352941,0.8817204301075269,82.51923076923077
669713,FC,Cutter,Fastball,136,0.1514476614699332,0.24324324324324326,0.42857142857142855,89.54779411764706,0.5367647058823529,0.7567567567567568,87.07454545454546
669713,CH,Changeup,Offspeed,107,0.11915367483296214,0.36538461538461536,0.23529411764705882,86.22990654205606,0.4205607476635514,0.6346153846153846,80.8967741935484
669724,SI,Sinker,Fastball,209,0.6057971014492753,0.12264150943396226,0.06666666666666667,94.93732057416268,0.6220095693779905,0.8773584905660378,85.14823529411764
669724,SL,Slider,Breaking,80,0.2318840579710145,0.20833333333333334,0.375,88.02625,0.375,0.7916666666666666,84.18333333333334
669724,FF,4-Seam FB,Fastball,30,0.08695652173913043,0.3333333333333333,0.2727272727272727,96.02,0.4666666666666667,0.6666666666666667,84.49000000000001
669854,FF,4-Seam FB,Fastball,211,0.3701754385964912,0.21978021978021978,0.2,93.38341232227489,0.4549763033175355,0.7802197802197802,84.37101449275363
669854,CH,Changeup,Offspeed,152,0.26666666666666666,0.34782608695652173,0.23684210526315788,85.04276315789474,0.4605263157894737,0.6521739130434783,79.47241379310346
669854,SL,Slider,Breaking,120,0.21052631578947367,0.20634920634920634,0.18181818181818182,86.52083333333334,0.5333333333333333,0.7936507936507937,84.44583333333333
669854,CU,Curveball,Breaking,87,0.15263157894736842,0.2222222222222222,0.3333333333333333,79.94827586206895,0.47126436781609193,0.7777777777777778,77.97692307692307
669920,CH,Changeup,Offspeed,105,0.3511705685618729,0.29411764705882354,0.3333333333333333,80.35142857142857,0.3904761904761905,0.7058823529411764,79.96944444444443
669920,SI,Sinker,Fastball,70,0.23411371237458195,0.16666666666666666,0.6666666666666666,91.02285714285713,0.6,0.8333333333333334,84.82
669920,FF,4-Seam FB,Fastball,69,0.23076923076923078,0.11428571428571428,0.0,91.53478260869565,0.5507246376811594,0.8857142857142857,85.07142857142857
669923,FF,4-Seam FB,Fastball,822,0.28315535652772994,0.24032586558044808,0.23618090452261306,96.74939172749392,0.5170316301703163,0.7596741344195519,84.82929577464787
669923,ST,Sweeper,Breaking,818,0.281777471581123,0.265,0.2832369942196532,87.48154034229829,0.45354523227383864,0.735,81.28218181818183
669923,SI,Sinker,Fastball,607,0.20909404064760592,0.12211221122112212,0.14814814814814814,96.89917627677102,0.6095551894563427,0.8778877887788779,85.00375000000001
669923,KC,Knuckle-Curve,Breaking,294,0.10127454357561144,0.2222222222222222,0.20454545454545456,84.09455782312926,0.3843537414965986,0.7777777777777778,82.75056179775281
669923,CH,Changeup,Offspeed,162,0.05580434033758181,0.2894736842105263,0.47058823529411764,88.76481481481481,0.42592592592592593,0.7105263157894737,84.15714285714286
669923,FC,Cutter,Fastball,120,0.04133654839820875,0.3050847457627119,0.0,92.9225,0.475,0.6949152542372881,83.46153846153847
669923,FS,Splitter,Offspeed,80,0.027557698932139166,0.24324324324324326,0.1875,87.29749999999999,0.2875,0.7567567567567568,83.58214285714284
669947,SL,Slider,Breaking,236,0.3053040103492885,0.1623931623931624,0.1724137931034483,88.29618644067797,0.5254237288135594,0.8376068376068376,84.99368421052631
669947,SI,Sinker,Fastball,179,0.2315653298835705,0.19387755102040816,0.2,92.13798882681564,0.4972067039106145,0.8061224489795918,80.66986301369863
669947,FF,4-Seam FB,Fastball,164,0.21216041397153945,0.25,0.23684210526315788,93.14329268292683,0.5060975609756098,0.75,84.34807692307693
669947,FS,Splitter,Offspeed,115,0.14877102199223805,0.16393442622950818,0.125,84.04521739130432,0.391304347826087,0.8360655737704918,83.4521739130435
669947,ST,Sweeper,Breaking,79,0.10219922380336352,0.2972972972972973,0.2857142857142857,80.38607594936708,0.31645569620253167,0.7027027027027026,77.54
670036,FF,4-Seam FB,Fastball,559,0.4882096069868996,0.2757352941176471,0.2755102040816326,92.65134168157424,0.49731663685152055,0.7242647058823529,81.9869109947644
670036,ST,Sweeper,Breaking,453,0.3956331877729258,0.27111111111111114,0.22666666666666666,83.40220750551876,0.46357615894039733,0.7288888888888889,82.64105960264901
670036,SI,Sinker,Fastball,74,0.06462882096069869,0.18518518518518517,0.2857142857142857,93.22297297297295,0.5135135135135135,0.8148148148148149,83.14090909090909
670036,FC,Cutter,Fastball,53,0.0462882096069869,0.2962962962962963,0.38461538461538464,91.0811320754717,0.4339622641509434,0.7037037037037037,80.23684210526316
670059,SI,Sinker,Fastball,445,0.5,0.135678391959799,0.16326530612244897,96.73303370786516,0.5393258426966292,0.864321608040201,83.59447852760736
670059,ST,Sweeper,Breaking,303,0.3404494382022472,0.45925925925925926,0.4,84.71749174917491,0.3795379537953795,0.5407407407407407,78.72647058823529
670059,CU,Curveball,Breaking,92,0.10337078651685393,0.3333333333333333,0.21739130434782608,83.11304347826086,0.18478260869565216,0.6666666666666667,78.44999999999999
670059,FF,4-Seam FB,Fastball,46,0.051685393258426963,0.2857142857142857,0.3333333333333333,97.09347826086957,0.30434782608695654,0.7142857142857143,84.24166666666666
670062,ST,Sweeper,Breaking,369,0.5160839160839161,0.31216931216931215,0.24390243902439024,82.39024390243902,0.41192411924119243,0.6878306878306879,81.35483870967742
670062,FF,4-Seam FB,Fastball,217,0.3034965034965035,0.18604651162790697,0.20512820512820512,92.41612903225806,0.5529953917050692,0.813953488372093,81.96212121212122
670062,SL,Slider,Breaking,129,0.18041958041958042,0.30357142857142855,0.3,85.64496124031007,0.5968992248062015,0.6964285714285714,78.82368421052632
670090,SL,Slider,Breaking,44,0.2953020134228188,0.2,0.0,83.04318181818182,0.5227272727272727,0.8,80.27857142857144
670090,FF,4-Seam FB,Fastball,42,0.28187919463087246,0.11764705882352941,0.2222222222222222,90.53571428571429,0.42857142857142855,0.8823529411764706,76.02857142857144
670090,SI,Sinker,Fastball,40,0.2684563758389262,0.29411764705882354,0.0,90.11,0.475,0.7058823529411764,85.23333333333333
670103,SI,Sinker,Fastball,127,0.4349315068493151,0.10294117647058823,0.07692307692307693,90.52992125984252,0.6850393700787402,0.8970588235294118,86.25178571428572
670103,ST,Sweeper,Breaking,98,0.3356164383561644,0.3469387755102041,0.25,78.14183673469387,0.45918367346938777,0.653061224489796,76.58928571428571
670103,FC,Cutter,Fastball,34,0.11643835616438356,0.0,0.0,85.98823529411766,0.5588235294117647,1.0,88.0
670167,FF,4-Seam FB,Fastball,302,0.2796296296296296,0.2483221476510067,0.2222222222222222,93.75496688741723,0.48013245033112584,0.7516778523489933,81.47476635514018
670167,ST,Sweeper,Breaking,292,0.27037037037037037,0.2894736842105263,0.16666666666666666,82.36780821917809,0.4452054794520548,0.7105263157894737,78.06447368421053
670167,SI,Sinker,Fastball,270,0.25,0.14035087719298245,0.03571428571428571,93.25296296296294,0.5296296296296297,0.8596491228070176,85.68526315789474
670167,FC,Cutter,Fastball,137,0.12685185185185185,0.18055555555555555,0.07142857142857142,89.53211678832116,0.5328467153284672,0.8194444444444444,83.22962962962963
670167,CH,Changeup,Offspeed,79,0.07314814814814814,0.3142857142857143,0.18181818181818182,86.52658227848102,0.22784810126582278,0.6857142857142857,88.03157894736842
670183,FF,4-Seam FB,Fastball,120,0.5741626794258373,0.2641509433962264,0.2857142857142857,94.49083333333333,0.525,0.7358490566037736,85.47058823529412
670183,SL,Slider,Breaking,85,0.40669856459330145,0.47619047619047616,0.3181818181818182,86.12470588235294,0.36470588235294116,0.5238095238095238,92.95
670245,FC,Cutter,Fastball,289,0.24083333333333334,0.17419354838709677,0.13333333333333333,90.00692041522491,0.615916955017301,0.8258064516129032,83.08991596638654
670245,ST,Sweeper,Breaking,284,0.23666666666666666,0.3381294964028777,0.2903225806451613,84.95845070422534,0.45422535211267606,0.6618705035971223,80.88823529411765
670245,FF,4-Seam FB,Fastball,229,0.19083333333333333,0.22131147540983606,0.19298245614035087,94.21441048034936,0.5327510917030568,0.7786885245901639,86.45681818181816
670245,CU,Curveball,Breaking,210,0.175,0.37209302325581395,0.43137254901960786,83.29857142857144,0.32857142857142857,0.627906976744186,85.28333333333335
670245,SI,Sinker,Fastball,175,0.14583333333333334,0.13953488372093023,0.0,93.53314285714285,0.4514285714285714,0.8604651162790697,82.68923076923076
670280,FF,4-Seam FB,Fastball,489,0.4088628762541806,0.23461538461538461,0.14736842105263157,96.06666666666668,0.48057259713701433,0.7653846153846153,81.01170212765958
670280,FS,Splitter,Offspeed,485,0.40551839464882944,0.35494880546075086,0.34965034965034963,90.82680412371134,0.4,0.6450511945392492,80.50650887573964
670280,CU,Curveball,Breaking,222,0.18561872909698995,0.4050632911392405,0.2608695652173913,76.9198198198198,0.5,0.5949367088607596,78.23409090909091
670329,FF,4-Seam FB,Fastball,338,0.32783705140640157,0.22077922077922077,0.18,95.38609467455622,0.5355029585798816,0.7792207792207793,83.66842105263159
670329,CH,Changeup,Offspeed,279,0.27061105722599416,0.42948717948717946,0.3582089552238806,86.72222222222223,0.4946236559139785,0.5705128205128205,75.12738095238095
670329,CU,Curveball,Breaking,252,0.24442289039767218,0.336283185840708,0.37209302325581395,87.02539682539683,0.43253968253968256,0.663716814159292,82.05797101449275
670329,SL,Slider,Breaking,162,0.1571290009699321,0.27710843373493976,0.35714285714285715,88.96358024691358,0.48148148148148145,0.7228915662650602,79.43448275862069
670912,FF,4-Seam FB,Fastball,57,0.36538461538461536,0.1724137931034483,0.07142857142857142,92.9719298245614,0.43859649122807015,0.8275862068965517,87.64347826086957
670912,SL,Slider,Breaking,39,0.25,0.26666666666666666,0.0,82.9051282051282,0.41025641025641024,0.7333333333333334,89.91
670912,CU,Curveball,Breaking,34,0.21794871794871795,0.3333333333333333,0.14285714285714285,75.82941176470588,0.38235294117647056,0.6666666666666667,74.72
670950,FF,4-Seam FB,Fastball,835,0.630188679245283,0.13302752293577982,0.11510791366906475,91.90035928143713,0.5976047904191617,0.8669724770642202,84.5891364902507
670950,CH,Changeup,Offspeed,367,0.2769811320754717,0.42857142857142855,0.32,79.92942779291553,0.25885558583106266,0.5714285714285714,80.1977011494253
670950,SL,Slider,Breaking,115,0.08679245283018867,0.3018867924528302,0.23076923076923078,84.94086956521738,0.3565217391304348,0.6981132075471699,84.3264705882353
670970,SI,Sinker,Fastball,677,0.4842632331902718,0.1893491124260355,0.1348314606741573,99.50457902511077,0.6129985228951256,0.8106508875739645,83.30515873015874
670970,CH,Changeup,Offspeed,318,0.22746781115879827,0.5661375661375662,0.47619047619047616,92.07955974842768,0.27044025157232704,0.43386243386243384,78.659375
670970,SL,Slider,Breaking,215,0.15379113018597998,0.2839506172839506,0.28205128205128205,89.38139534883723,0.5069767441860465,0.7160493827160495,81.72244897959183
670970,FF,4-Seam FB,Fastball,188,0.13447782546494993,0.42276422764227645,0.37333333333333335,99.25851063829786,0.4148936170212766,0.5772357723577235,83.13870967741936
670990,ST,Sweeper,Breaking,628,0.43671766342141866,0.3619402985074627,0.34057971014492755,84.2517515923567,0.44904458598726116,0.6380597014925373,78.25519480519482
670990,SI,Sinker,Fastball,347,0.24130737134909597,0.15853658536585366,0.21621621621621623,96.32622478386166,0.5273775216138329,0.8414634146341463,82.97384615384614
670990,FF,4-Seam FB,Fastball,305,0.2121001390820584,0.24161073825503357,0.3333333333333333,96.58491803278689,0.5081967213114754,0.7583892617449665,84.01941747572816
670990,CU,Curveball,Breaking,150,0.1043115438108484,0.30357142857142855,0.24242424242424243,84.282,0.36666666666666664,0.6964285714285714,81.66944444444445
671083,FA,Fastball,Fastball,39,1.0,0.058823529411764705,0.0,64.59230769230768,0.358974358974359,0.9411764705882353,82.35333333333332
671096,FF,4-Seam FB,Fastball,1356,0.44930417495029823,0.1271860095389507,0.1225296442687747,92.41666666666667,0.5671091445427728,0.8728139904610492,85.07704280155643
671096,ST,Sweeper,Breaking,586,0.1941683233929755,0.2838709677419355,0.28125,82.17986348122867,0.40955631399317405,0.7161290322580645,79.69644670050762
671096,CH,Changeup,Offspeed,585,0.19383697813121273,0.3643122676579926,0.28,86.15948717948719,0.3264957264957265,0.6356877323420074,79.17798742138365
671096,CU,Curveball,Breaking,390,0.12922465208747516,0.24,0.3333333333333333,79.73871794871795,0.43333333333333335,0.76,81.08372093023254
671096,FC,Cutter,Fastball,101,0.03346587143803843,0.38181818181818183,0.3333333333333333,88.87029702970297,0.5148514851485149,0.6181818181818182,78.89999999999999
671106,FF,4-Seam FB,Fastball,109,0.2658536585365854,0.16363636363636364,0.16129032258064516,90.79908256880734,0.47706422018348627,0.8363636363636364,84.18409090909091
671106,FC,Cutter,Fastball,99,0.24146341463414633,0.23214285714285715,0.25,84.87777777777778,0.5858585858585859,0.7678571428571428,84.6
671106,ST,Sweeper,Breaking,77,0.1878048780487805,0.2916666666666667,0.25,78.16623376623376,0.4155844155844156,0.7083333333333333,85.13529411764705
671106,SI,Sinker,Fastball,70,0.17073170731707318,0.02857142857142857,0.1,89.20857142857142,0.6428571428571429,0.9714285714285714,80.203125
671106,CH,Changeup,Offspeed,55,0.13414634146341464,0.28,0.25,82.08181818181818,0.32727272727272727,0.72,71.13333333333335
671109,FF,4-Seam FB,Fastball,34,0.6071428571428571,0.047619047619047616,0.0,95.00588235294116,0.6176470588235294,0.9523809523809523,86.92631578947368
671111,SI,Sinker,Fastball,111,0.2674698795180723,0.14893617021276595,0.3333333333333333,88.81801801801801,0.5945945945945946,0.851063829787234,79.98378378378379
671111,SL,Slider,Breaking,85,0.20481927710843373,0.275,0.45454545454545453,80.40352941176471,0.5882352941176471,0.725,78.69285714285715
671111,ST,Sweeper,Breaking,84,0.20240963855421687,0.15151515151515152,0.0,79.67023809523809,0.47619047619047616,0.8484848484848485,76.27857142857144
671111,CH,Changeup,Offspeed,72,0.17349397590361446,0.15789473684210525,0.16666666666666666,83.75,0.3472222222222222,0.8421052631578947,84.9
671111,FF,4-Seam FB,Fastball,60,0.14457831325301204,0.3103448275862069,0.2727272727272727,88.37166666666666,0.45,0.6896551724137931,84.63888888888889
671162,SI,Sinker,Fastball,98,0.23444976076555024,0.08333333333333333,0.07142857142857142,90.97755102040816,0.6224489795918368,0.9166666666666666,84.48780487804878
671162,FF,4-Seam FB,Fastball,95,0.22727272727272727,0.3333333333333333,0.3076923076923077,91.68105263157895,0.47368421052631576,0.6666666666666667,82.97586206896551
671162,CH,Changeup,Offspeed,81,0.1937799043062201,0.20588235294117646,0.125,85.29135802469135,0.3333333333333333,0.7941176470588236,90.60799999999999
671162,ST,Sweeper,Breaking,76,0.18181818181818182,0.28125,0.1111111111111111,82.7684210526316,0.39473684210526316,0.71875,79.32000000000001
671162,FC,Cutter,Fastball,68,0.16267942583732056,0.1794871794871795,0.125,87.52352941176471,0.6176470588235294,0.8205128205128205,81.521875
671212,SL,Slider,Breaking,140,0.332541567695962,0.24193548387096775,0.13333333333333333,89.1207142857143,0.5214285714285715,0.7580645161290323,80.17906976744186
671212,FF,4-Seam FB,Fastball,102,0.24228028503562946,0.2765957446808511,0.375,97.21372549019605,0.5588235294117647,0.7234042553191489,82.45294117647057
671212,SI,Sinker,Fastball,68,0.16152019002375298,0.14814814814814814,0.0,97.28676470588235,0.45588235294117646,0.8518518518518519,79.6157894736842
671212,FS,Splitter,Offspeed,59,0.14014251781472684,0.3225806451612903,0.26666666666666666,92.46101694915254,0.4067796610169492,0.6774193548387097,82.415
671212,ST,Sweeper,Breaking,52,0.12351543942992874,0.25,0.3125,84.87307692307692,0.4807692307692308,0.75,77.33571428571429
671345,SI,Sinker,Fastball,187,0.4174107142857143,0.07407407407407407,0.08695652173913043,95.56844919786096,0.6417112299465241,0.9259259259259259,86.20857142857143
671345,SL,Slider,Breaking,119,0.265625,0.18,0.1,85.94789915966388,0.4369747899159664,0.8200000000000001,79.59250000000002
671345,FF,4-Seam FB,Fastball,81,0.18080357142857142,0.2647058823529412,0.2631578947368421,96.12839506172838,0.2839506172839506,0.7352941176470589,84.4875
671345,FS,Splitter,Offspeed,61,0.13616071428571427,0.2222222222222222,0.25,89.09016393442624,0.3114754098360656,0.7777777777777778,79.90588235294116
671382,FF,4-Seam FB,Fastball,110,0.582010582010582,0.22916666666666666,0.21052631578947367,96.11999999999999,0.5181818181818182,0.7708333333333334,80.77428571428571
671382,SL,Slider,Breaking,41,0.21693121693121692,0.29411764705882354,0.1111111111111111,84.0219512195122,0.3170731707317073,0.7058823529411764,79.3
671382,FC,Cutter,Fastball,38,0.20105820105820105,0.38095238095238093,0.4,89.86315789473686,0.5526315789473685,0.6190476190476191,85.72727272727273
671737,FF,4-Seam FB,Fastball,1435,0.46895424836601307,0.17806267806267806,0.18376068376068377,97.15909407665504,0.556794425087108,0.8219373219373219,84.8617486338798
671737,FC,Cutter,Fastball,744,0.24313725490196078,0.3602150537634409,0.32894736842105265,89.71438172043011,0.43951612903225806,0.6397849462365591,81.70227272727273
671737,FS,Splitter,Offspeed,594,0.19411764705882353,0.36823104693140796,0.308411214953271,91.49966329966331,0.4393939393939394,0.631768953068592,84.61055900621118
671737,CU,Curveball,Breaking,287,0.09379084967320261,0.34782608695652173,0.35384615384615387,82.7418118466899,0.37630662020905925,0.6521739130434783,80.75535714285715
671922,FF,4-Seam FB,Fastball,829,0.6401544401544401,0.2926267281105991,0.24736842105263157,97.42364294330518,0.5934861278648975,0.7073732718894009,84.36920415224914
671922,FS,Splitter,Offspeed,331,0.2555984555984556,0.45962732919254656,0.3902439024390244,86.96163141993958,0.27794561933534745,0.5403726708074534,79.94266666666667
671922,ST,Sweeper,Breaking,135,0.10424710424710425,0.3673469387755102,0.35714285714285715,85.47555555555556,0.4074074074074074,0.6326530612244898,78.25172413793103
671936,SL,Slider,Breaking,231,0.4003466204506066,0.3482142857142857,0.1951219512195122,85.23636363636365,0.49783549783549785,0.6517857142857143,81.08823529411765
671936,FF,4-Seam FB,Fastball,230,0.3986135181975737,0.2047244094488189,0.125,94.55478260869563,0.5652173913043478,0.7952755905511811,82.7642105263158
671936,CH,Changeup,Offspeed,84,0.14558058925476602,0.32142857142857145,0.3333333333333333,84.47261904761906,0.25,0.6785714285714286,79.44210526315788
671936,KC,Knuckle-Curve,Breaking,32,0.05545927209705372,0.5,0.3333333333333333,78.7625,0.21875,0.5,84.7
672021,SL,Slider,Breaking,49,0.4016393442622951,0.5294117647058824,0.5555555555555556,84.19795918367346,0.32653061224489793,0.47058823529411764,81.1875
672021,FF,4-Seam FB,Fastball,45,0.36885245901639346,0.16666666666666666,0.3333333333333333,94.4888888888889,0.4,0.8333333333333334,84.24
672282,FF,4-Seam FB,Fastball,1385,0.4580026455026455,0.21337126600284495,0.1814814814814815,94.05140794223827,0.5451263537906137,0.786628733997155,84.16692307692308
672282,SL,Slider,Breaking,993,0.32837301587301587,0.35589941972920697,0.38461538461538464,86.01148036253775,0.45417925478348437,0.6441005802707931,82.76086956521739
672282,CU,Curveball,Breaking,333,0.11011904761904762,0.3684210526315789,0.28846153846153844,72.32072072072071,0.5375375375375375,0.631578947368421,77.94057971014492
672282,CH,Changeup,Offspeed,281,0.09292328042328042,0.38405797101449274,0.3157894736842105,83.75195729537366,0.4412811387900356,0.6159420289855073,80.18987341772151
672282,SI,Sinker,Fastball,31,0.01025132275132275,0.07142857142857142,0.25,93.50645161290323,0.2903225806451613,0.9285714285714286,76.01666666666667
672335,SV,Slurve,Breaking,268,0.32682926829268294,0.319672131147541,0.3125,85.56305970149255,0.3843283582089552,0.680327868852459,79.65263157894736
672335,SI,Sinker,Fastball,243,0.29634146341463413,0.1415929203539823,0.15625,96.44897119341563,0.5308641975308642,0.8584070796460177,83.9129411764706
672335,FF,4-Seam FB,Fastball,171,0.20853658536585365,0.25301204819277107,0.15151515151515152,96.6608187134503,0.543859649122807,0.7469879518072289,86.32786885245902
672335,CU,Curveball,Breaking,138,0.16829268292682928,0.296875,0.3333333333333333,85.5195652173913,0.41304347826086957,0.703125,89.0047619047619
672442,SL,Slider,Breaking,134,0.44966442953020136,0.3384615384615385,0.25806451612903225,91.21268656716418,0.5,0.6615384615384615,86.30499999999999
672442,FF,4-Seam FB,Fastball,96,0.3221476510067114,0.18604651162790697,0.25,100.09375,0.5416666666666666,0.813953488372093,83.31562500000001
672442,SI,Sinker,Fastball,46,0.15436241610738255,0.1,0.0,100.01739130434781,0.5217391304347826,0.9,83.12941176470588
672456,FF,4-Seam FB,Fastball,691,0.2997830802603037,0.13636363636363635,0.1,94.29753979739509,0.5397973950795948,0.8636363636363636,83.68029739776952
672456,SI,Sinker,Fastball,529,0.22950108459869847,0.0995850622406639,0.07936507936507936,94.59810964083177,0.5652173913043478,0.9004149377593361,84.74653465346535
672456,SL,Slider,Breaking,451,0.19566160520607376,0.28125,0.32967032967032966,85.99445676274945,0.5210643015521065,0.71875,81.57733333333333
672456,KC,Knuckle-Curve,Breaking,319,0.1383947939262473,0.19333333333333333,0.2153846153846154,80.30846394984326,0.4482758620689655,0.8066666666666666,81.33076923076922
672456,CH,Changeup,Offspeed,314,0.13622559652928418,0.2645161290322581,0.21818181818181817,86.95350318471338,0.47770700636942676,0.7354838709677419,81.4336448598131
672582,SI,Sinker,Fastball,155,0.6681034482758621,0.19047619047619047,0.22727272727272727,95.54451612903226,0.6258064516129033,0.8095238095238095,85.01489361702129
672582,SL,Slider,Breaking,47,0.2025862068965517,0.13043478260869565,0.14285714285714285,87.11702127659575,0.3829787234042553,0.8695652173913043,86.80526315789473
672629,FC,Cutter,Fastball,98,0.296969696969697,0.21052631578947367,0.3333333333333333,92.82244897959184,0.47959183673469385,0.7894736842105263,80.4423076923077
672629,FS,Splitter,Offspeed,81,0.24545454545454545,0.5294117647058824,0.5454545454545454,84.30864197530866,0.2839506172839506,0.47058823529411764,75.18571428571428
672629,SI,Sinker,Fastball,70,0.21212121212121213,0.125,0.0,96.91285714285713,0.5285714285714286,0.875,81.675
672629,ST,Sweeper,Breaking,41,0.12424242424242424,0.42857142857142855,0.375,86.490243902439,0.5121951219512195,0.5714285714285714,82.05454545454546
672629,FF,4-Seam FB,Fastball,36,0.10909090909090909,0.1875,0.25,96.96388888888889,0.3888888888888889,0.8125,86.17500000000001
672782,FF,4-Seam FB,Fastball,542,0.4644387317909169,0.25196850393700787,0.2553191489361702,95.83357933579336,0.5424354243542435,0.7480314960629921,82.71734104046243
672782,ST,Sweeper,Breaking,271,0.23221936589545844,0.3951612903225806,0.3582089552238806,84.66273062730627,0.35793357933579334,0.6048387096774194,81.10285714285715
672782,FC,Cutter,Fastball,180,0.15424164524421594,0.18072289156626506,0.23076923076923078,91.77944444444444,0.5111111111111111,0.8192771084337349,85.37068965517241
672782,SI,Sinker,Fastball,103,0.08826049700085689,0.16,0.16666666666666666,94.28446601941748,0.49514563106796117,0.84,78.9027027027027
672782,CH,Changeup,Offspeed,71,0.060839760068551844,0.2,0.14285714285714285,91.58732394366199,0.323943661971831,0.8,80.5391304347826
672841,SI,Sinker,Fastball,164,0.486646884272997,0.13414634146341464,0.15789473684210525,96.26646341463415,0.5548780487804879,0.8658536585365854,81.83181818181818
672841,SL,Slider,Breaking,96,0.28486646884273,0.24074074074074073,0.1891891891891892,88.62395833333333,0.40625,0.7592592592592593,81.09473684210526
672841,FC,Cutter,Fastball,75,0.22255192878338279,0.19444444444444445,0.5,93.67466666666665,0.56,0.8055555555555556,82.14782608695653
673380,FF,4-Seam FB,Fastball,113,0.5305164319248826,0.16417910447761194,0.4,96.63274336283186,0.5663716814159292,0.835820895522388,86.75399999999999
673380,SL,Slider,Breaking,96,0.4507042253521127,0.5873015873015873,0.5862068965517241,88.55312500000001,0.4479166666666667,0.4126984126984127,89.52173913043478
673513,FF,4-Seam FB,Fastball,423,0.3855970829535096,0.21844660194174756,0.19402985074626866,91.96501182033096,0.5319148936170213,0.7815533980582524,82.19736842105263
673513,SL,Slider,Breaking,330,0.300820419325433,0.35507246376811596,0.3333333333333333,84.90060606060607,0.4393939393939394,0.644927536231884,78.87439024390244
673513,FS,Splitter,Offspeed,282,0.25706472196900637,0.474025974025974,0.3411764705882353,83.45886524822694,0.26595744680851063,0.525974025974026,78.6842105263158
673513,SI,Sinker,Fastball,31,0.028258887876025523,0.09090909090909091,0.0,90.90322580645159,0.25806451612903225,0.9090909090909091,71.93
673513,ST,Sweeper,Breaking,31,0.028258887876025523,0.2727272727272727,0.2857142857142857,81.10000000000001,0.4838709677419355,0.7272727272727273,74.41428571428571
673540,FF,4-Seam FB,Fastball,497,0.41694630872483224,0.15486725663716813,0.25757575757575757,96.29476861167002,0.5231388329979879,0.8451327433628318,84.4655737704918
673540,FO,Forkball,Offspeed,312,0.26174496644295303,0.4852941176470588,0.5066666666666667,83.22339743589744,0.23717948717948717,0.5147058823529411,78.49677419354839
673540,FC,Cutter,Fastball,159,0.13338926174496643,0.24285714285714285,0.07142857142857142,89.99496855345913,0.5220125786163522,0.7571428571428571,80.438
673540,ST,Sweeper,Breaking,104,0.087248322147651,0.28125,0.2857142857142857,81.53173076923076,0.4807692307692308,0.71875,82.13043478260869
673540,SL,Slider,Breaking,75,0.06291946308724833,0.4375,0.38461538461538464,86.37866666666667,0.4533333333333333,0.5625,82.1846153846154
673540,SI,Sinker,Fastball,41,0.034395973154362415,0.17647058823529413,0.5,89.88780487804877,0.4878048780487805,0.8235294117647058,87.17999999999999
673929,FF,4-Seam FB,Fastball,183,0.5140449438202247,0.19801980198019803,0.1590909090909091,95.7693989071038,0.453551912568306,0.801980198019802,84.35714285714286
673929,SL,Slider,Breaking,147,0.41292134831460675,0.35714285714285715,0.4,87.1591836734694,0.4217687074829932,0.6428571428571428,84.42
674003,FF,4-Seam FB,Fastball,370,0.5146036161335188,0.1691542288557214,0.08641975308641975,88.57324324324324,0.5972972972972973,0.8308457711442786,82.83885350318472
674003,CH,Changeup,Offspeed,224,0.31154381084840055,0.23275862068965517,0.1276595744680851,80.94955357142855,0.5267857142857143,0.7672413793103449,78.07317073170732
674003,SL,Slider,Breaking,78,0.10848400556328233,0.13333333333333333,0.14285714285714285,80.76282051282051,0.358974358974359,0.8666666666666667,87.67599999999999
674003,CU,Curveball,Breaking,32,0.04450625869262865,0.0,0.0,74.41874999999999,0.375,1.0,64.08
674073,FF,4-Seam FB,Fastball,63,0.3073170731707317,0.3333333333333333,0.23076923076923078,95.03492063492064,0.31746031746031744,0.6666666666666667,82.69375000000001
674073,ST,Sweeper,Breaking,49,0.23902439024390243,0.32,0.3076923076923077,82.02448979591837,0.30612244897959184,0.6799999999999999,78.03333333333333
674073,FC,Cutter,Fastball,38,0.18536585365853658,0.13043478260869565,0.1111111111111111,89.62894736842104,0.42105263157894735,0.8695652173913043,81.28333333333333
674073,SI,Sinker,Fastball,37,0.18048780487804877,0.25,0.2857142857142857,94.06756756756756,0.5945945945945946,0.75,80.21428571428571
674370,FF,4-Seam FB,Fastball,101,0.28450704225352114,0.1875,0.14285714285714285,94.58712871287128,0.42574257425742573,0.8125,85.23333333333333
674370,SI,Sinker,Fastball,79,0.22253521126760564,0.1,0.1111111111111111,95.03417721518987,0.5569620253164557,0.9,84.31818181818181
674370,SL,Slider,Breaking,78,0.21971830985915494,0.2903225806451613,0.1,87.0320512820513,0.3717948717948718,0.7096774193548387,85.00999999999999
674370,ST,Sweeper,Breaking,76,0.2140845070422535,0.42105263157894735,0.3125,85.35394736842105,0.35526315789473684,0.5789473684210527,76.47727272727273
674444,FF,4-Seam FB,Fastball,544,0.5619834710743802,0.2881944444444444,0.23469387755102042,98.44283088235294,0.5551470588235294,0.7118055555555556,83.53214285714286
674444,FC,Cutter,Fastball,278,0.2871900826446281,0.2913907284768212,0.3333333333333333,93.76007194244606,0.5359712230215827,0.7086092715231789,81.17745098039217
674444,SL,Slider,Breaking,143,0.14772727272727273,0.25,0.21818181818181817,89.38111888111888,0.44755244755244755,0.75,84.44081632653062
674841,CU,Curveball,Breaking,594,0.3198707592891761,0.3433962264150943,0.3776223776223776,82.88030303030303,0.41245791245791247,0.6566037735849057,80.83540372670808
674841,FF,4-Seam FB,Fastball,521,0.28056004308023696,0.12608695652173912,0.14634146341463414,92.24721689059501,0.4836852207293666,0.8739130434782609,82.32139037433154
674841,SL,Slider,Breaking,376,0.20247711362412493,0.35911602209944754,0.34375,84.16675531914893,0.4441489361702128,0.6408839779005524,83.52181818181819
674841,SI,Sinker,Fastball,265,0.14270328486806677,0.16822429906542055,0.3333333333333333,91.7498113207547,0.4981132075471698,0.8317757009345794,87.53116883116883
674841,CH,Changeup,Offspeed,101,0.05438879913839526,0.3684210526315789,0.0,86.36138613861384,0.297029702970297,0.631578947368421,77.85652173913043
675512,FF,4-Seam FB,Fastball,581,0.32769317540891146,0.17375886524822695,0.13043478260869565,96.3643717728055,0.5163511187607573,0.8262411347517731,85.07616822429908
675512,FC,Cutter,Fastball,389,0.21940214326001128,0.2,0.203125,92.16992287917739,0.5809768637532133,0.8,83.8832258064516
675512,SL,Slider,Breaking,301,0.1697687535250987,0.3246753246753247,0.37333333333333335,86.94152823920267,0.44518272425249167,0.6753246753246753,83.839
675512,CH,Changeup,Offspeed,200,0.11280315848843768,0.30434782608695654,0.28205128205128205,89.2855,0.28,0.6956521739130435,85.43157894736842
675512,SI,Sinker,Fastball,162,0.09137055837563451,0.2073170731707317,0.3,95.7395061728395,0.4567901234567901,0.7926829268292683,84.26981132075473
675512,CU,Curveball,Breaking,140,0.07896221094190638,0.3230769230769231,0.34285714285714286,79.48357142857144,0.45,0.676923076923077,81.72702702702703
675540,FF,4-Seam FB,Fastball,131,0.3764367816091954,0.15517241379310345,0.28,90.77251908396947,0.5419847328244275,0.8448275862068966,87.11632653061224
675540,SL,Slider,Breaking,100,0.28735632183908044,0.1794871794871795,0.1111111111111111,83.75599999999999,0.41,0.8205128205128205,79.61874999999999
675540,FS,Splitter,Offspeed,53,0.15229885057471265,0.37037037037037035,0.45454545454545453,84.0,0.37735849056603776,0.6296296296296297,81.38749999999999
675540,CU,Curveball,Breaking,37,0.10632183908045977,0.047619047619047616,0.0,73.2135135135135,0.5945945945945946,0.9523809523809523,88.54375
675627,SL,Slider,Breaking,34,0.38202247191011235,0.4444444444444444,0.2222222222222222,85.14411764705882,0.4117647058823529,0.5555555555555556,88.03333333333335
675660,FF,4-Seam FB,Fastball,563,0.27041306436119117,0.2826086956521739,0.2396694214876033,94.8619893428064,0.4920071047957371,0.7173913043478262,80.61868131868133
675660,SL,Slider,Breaking,445,0.2137367915465898,0.39344262295081966,0.3787878787878788,86.43820224719101,0.4314606741573034,0.6065573770491803,81.08167938931298
675660,SI,Sinker,Fastball,443,0.212776176753122,0.14925373134328357,0.1875,94.83792325056433,0.6072234762979684,0.8507462686567164,87.07435897435896
675660,CU,Curveball,Breaking,269,0.1292026897214217,0.2882882882882883,0.19148936170212766,80.60446096654275,0.3940520446096654,0.7117117117117118,81.35416666666667
675660,FC,Cutter,Fastball,248,0.11911623439000961,0.15671641791044777,0.13333333333333333,90.85887096774194,0.5040322580645161,0.8432835820895522,83.58823529411765
675660,CH,Changeup,Offspeed,114,0.05475504322766571,0.375,0.2222222222222222,85.83684210526316,0.2543859649122807,0.625,76.33043478260869
675848,FF,4-Seam FB,Fastball,708,0.540045766590389,0.18075801749271136,0.14516129032258066,96.85381355932203,0.481638418079096,0.8192419825072886,83.54312267657993
675848,ST,Sweeper,Breaking,491,0.37452326468344777,0.33031674208144796,0.27102803738317754,83.92403258655804,0.45010183299389,0.6696832579185521,82.25777777777778
675848,SI,Sinker,Fastball,60,0.04576659038901602,0.1875,0.14285714285714285,96.03166666666667,0.55,0.8125,80.43478260869564
675911,FF,4-Seam FB,Fastball,329,0.4761215629522431,0.18292682926829268,0.16071428571428573,95.1322188449848,0.513677811550152,0.8170731707317074,84.92222222222223
675911,SL,Slider,Breaking,191,0.276410998552822,0.3979591836734694,0.28205128205128205,83.965445026178,0.41361256544502617,0.6020408163265306,81.62549019607845
675911,CU,Curveball,Breaking,100,0.1447178002894356,0.4857142857142857,0.42857142857142855,78.03099999999999,0.34,0.5142857142857142,78.75
675911,CH,Changeup,Offspeed,71,0.10274963820549927,0.52,0.5,85.51830985915493,0.4084507042253521,0.48,82.95
675916,FF,4-Seam FB,Fastball,98,0.6049382716049383,0.24444444444444444,0.2222222222222222,94.98979591836736,0.47959183673469385,0.7555555555555555,85.25666666666666
675916,CU,Curveball,Breaking,64,0.3950617283950617,0.3157894736842105,0.14285714285714285,84.0078125,0.4375,0.6842105263157895,75.56666666666666
675919,ST,Sweeper,Breaking,31,0.41333333333333333,0.058823529411764705,0.0,82.84838709677419,0.4838709677419355,0.9411764705882353,80.77333333333333
675989,FF,4-Seam FB,Fastball,111,0.28388746803069054,0.25,0.34782608695652173,94.8252252252252,0.36936936936936937,0.75,81.20555555555556
675989,FC,Cutter,Fastball,93,0.23785166240409208,0.1891891891891892,0.3333333333333333,90.70860215053763,0.5053763440860215,0.8108108108108107,81.29642857142856
675989,SI,Sinker,Fastball,59,0.15089514066496162,0.1,0.0,94.50508474576272,0.6610169491525424,0.9,83.81851851851852
675989,CU,Curveball,Breaking,45,0.11508951406649616,0.0,0.0,79.19555555555554,0.5111111111111111,1.0,83.94615384615382
675989,CH,Changeup,Offspeed,42,0.10741687979539642,0.26666666666666666,0.0,89.49285714285713,0.35714285714285715,0.7333333333333334,82.07000000000001
675989,ST,Sweeper,Breaking,41,0.10485933503836317,0.3,0.18181818181818182,82.12439024390244,0.5365853658536586,0.7,79.04285714285713
676051,FF,4-Seam FB,Fastball,102,0.4340425531914894,0.09090909090909091,0.0625,95.6745098039216,0.5980392156862745,0.9090909090909091,87.05918367346938
676051,SL,Slider,Breaking,80,0.3404255319148936,0.42857142857142855,0.3076923076923077,86.58624999999999,0.325,0.5714285714285714,84.66000000000001
676051,CH,Changeup,Offspeed,52,0.22127659574468084,0.5909090909090909,0.5,87.08269230769231,0.3269230769230769,0.40909090909090906,81.7125
676083,FF,4-Seam FB,Fastball,738,0.3553201733269138,0.14804469273743018,0.13636363636363635,94.07574525745257,0.5894308943089431,0.8519553072625698,83.77397260273973
676083,SL,Slider,Breaking,401,0.19306692344727974,0.15609756097560976,0.17333333333333334,86.21845386533666,0.5835411471321695,0.8439024390243902,82.11913580246913
676083,CH,Changeup,Offspeed,360,0.17332691381800674,0.23030303030303031,0.15873015873015872,87.3,0.4027777777777778,0.7696969696969697,84.14310344827587
676083,ST,Sweeper,Breaking,302,0.14540202214732786,0.15151515151515152,0.11666666666666667,80.12185430463576,0.4900662251655629,0.8484848484848485,80.29852941176469
676083,CU,Curveball,Breaking,188,0.09051516610495908,0.14925373134328357,0.23529411764705882,80.77340425531915,0.44680851063829785,0.8507462686567164,83.7923076923077
676083,SI,Sinker,Fastball,79,0.03803562831006259,0.06666666666666667,0.0,93.60632911392406,0.5949367088607594,0.9333333333333333,83.7525
676105,SL,Slider,Breaking,37,0.46835443037974683,0.3333333333333333,0.14285714285714285,87.81891891891891,0.4594594594594595,0.6666666666666667,85.32000000000001
676105,FF,4-Seam FB,Fastball,33,0.4177215189873418,0.2222222222222222,0.4,95.35454545454544,0.42424242424242425,0.7777777777777778,75.23076923076923
676106,FF,4-Seam FB,Fastball,876,0.39020044543429844,0.24036697247706423,0.22641509433962265,95.40673515981734,0.6232876712328768,0.7596330275229357,83.72157360406092
676106,SI,Sinker,Fastball,524,0.2334075723830735,0.11785714285714285,0.09803921568627451,94.81717557251908,0.6087786259541985,0.8821428571428571,86.27285067873305
676106,ST,Sweeper,Breaking,366,0.16302895322939867,0.375886524822695,0.3023255813953488,77.26174863387978,0.30327868852459017,0.624113475177305,76.93625
676106,FC,Cutter,Fastball,268,0.11937639198218263,0.3333333333333333,0.17647058823529413,85.91119402985075,0.503731343283582,0.6666666666666667,83.72567567567567
676106,CH,Changeup,Offspeed,114,0.05077951002227171,0.2,0.1875,87.00438596491226,0.2631578947368421,0.8,81.50588235294117
676106,CU,Curveball,Breaking,97,0.04320712694877506,0.3902439024390244,0.375,76.13608247422681,0.1958762886597938,0.6097560975609756,75.70454545454545
676254,SI,Sinker,Fastball,405,0.646964856230032,0.11666666666666667,0.12121212121212122,95.11185185185185,0.5481481481481482,0.8833333333333333,81.1195945945946
676254,SL,Slider,Breaking,196,0.31309904153354634,0.20481927710843373,0.13513513513513514,83.1515306122449,0.3979591836734694,0.7951807228915663,78.4109375
676263,FF,4-Seam FB,Fastball,507,0.4747191011235955,0.25868725868725867,0.2857142857142857,94.03234714003945,0.5443786982248521,0.7413127413127414,81.25872093023256
676263,SL,Slider,Breaking,388,0.36329588014981273,0.3181818181818182,0.3116883116883117,88.62628865979381,0.44329896907216493,0.6818181818181819,82.72314049586777
676263,CU,Curveball,Breaking,173,0.16198501872659177,0.24615384615384617,0.21428571428571427,80.78612716763006,0.3872832369942196,0.7538461538461538,78.78
676272,CU,Curveball,Breaking,57,0.4014084507042254,0.3,0.3333333333333333,79.8175438596491,0.3333333333333333,0.7,79.19999999999999
676272,FF,4-Seam FB,Fastball,49,0.34507042253521125,0.13043478260869565,0.125,97.22448979591837,0.46938775510204084,0.8695652173913043,88.3
676282,FF,4-Seam FB,Fastball,920,0.32857142857142857,0.14824797843665768,0.16521739130434782,92.2154347826087,0.5489130434782609,0.8517520215633423,85.34462540716612
676282,CU,Curveball,Breaking,853,0.30464285714285716,0.3605263157894737,0.3279569892473118,79.98007033997655,0.41031652989449,0.6394736842105263,80.9656862745098
676282,CH,Changeup,Offspeed,689,0.24607142857142858,0.38769230769230767,0.3194444444444444,81.07619738751814,0.43686502177068215,0.6123076923076923,74.14784946236558
676282,FC,Cutter,Fastball,224,0.08,0.25217391304347825,0.1,87.06160714285714,0.5580357142857143,0.7478260869565218,82.58717948717948
676282,SL,Slider,Breaking,113,0.040357142857142855,0.27586206896551724,0.058823529411764705,82.78938053097345,0.4778761061946903,0.7241379310344828,83.88536585365854
676395,FF,4-Seam FB,Fastball,150,0.44776119402985076,0.28378378378378377,0.22727272727272727,93.97066666666669,0.66,0.7162162162162162,84.80416666666667
676395,CH,Changeup,Offspeed,117,0.3492537313432836,0.21818181818181817,0.1724137931034483,88.34273504273504,0.36752136752136755,0.7818181818181819,80.75750000000001
676395,SL,Slider,Breaking,68,0.20298507462686566,0.3157894736842105,0.1111111111111111,84.91764705882353,0.45588235294117646,0.6842105263157895,82.96923076923076
676428,SI,Sinker,Fastball,297,0.5510204081632653,0.10317460317460317,0.1,91.84781144781145,0.5925925925925926,0.8968253968253969,83.47788461538462
676428,ST,Sweeper,Breaking,161,0.2987012987012987,0.3968253968253968,0.21428571428571427,81.23726708074534,0.422360248447205,0.6031746031746033,74.19142857142856
676428,CH,Changeup,Offspeed,57,0.10575139146567718,0.2413793103448276,0.07692307692307693,87.59999999999998,0.3333333333333333,0.7586206896551724,85.68947368421054
676440,FC,Cutter,Fastball,762,0.24399615754082613,0.3160621761658031,0.2644628099173554,85.72664041994749,0.47244094488188976,0.6839378238341969,83.73662551440329
676440,FF,4-Seam FB,Fastball,742,0.23759205891770732,0.15160349854227406,0.1746031746031746,93.95363881401617,0.49595687331536387,0.8483965014577259,85.7626811594203
676440,SI,Sinker,Fastball,640,0.20493115593980146,0.14965986394557823,0.10810810810810811,93.24953124999999,0.603125,0.8503401360544218,84.53879310344827
676440,CH,Changeup,Offspeed,480,0.15369836695485112,0.34893617021276596,0.26804123711340205,80.908125,0.45,0.651063829787234,79.20763888888888
676440,CU,Curveball,Breaking,344,0.11015049631764329,0.24342105263157895,0.2033898305084746,78.08517441860465,0.41569767441860467,0.756578947368421,80.09464285714286
676440,ST,Sweeper,Breaking,155,0.04963176432917067,0.17073170731707318,0.1794871794871795,82.46838709677418,0.44516129032258067,0.8292682926829268,78.65624999999999
676454,ST,Sweeper,Breaking,52,0.4642857142857143,0.4166666666666667,0.4,84.29807692307693,0.5192307692307693,0.5833333333333333,83.06153846153848
676454,FF,4-Seam FB,Fastball,48,0.42857142857142855,0.3333333333333333,0.3,93.65833333333335,0.5625,0.6666666666666667,86.34545454545454
676467,FF,4-Seam FB,Fastball,77,0.28308823529411764,0.17073170731707318,0.16666666666666666,91.28181818181818,0.5194805194805194,0.8292682926829268,83.91470588235292
676467,ST,Sweeper,Breaking,75,0.2757352941176471,0.17142857142857143,0.0625,81.50533333333331,0.4266666666666667,0.8285714285714285,72.53703703703704
676467,SI,Sinker,Fastball,58,0.21323529411764705,0.08695652173913043,0.0,91.52758620689654,0.4482758620689655,0.9130434782608696,89.33500000000001
676467,CH,Changeup,Offspeed,38,0.13970588235294118,0.2608695652173913,0.4,83.98684210526316,0.4473684210526316,0.7391304347826086,81.61249999999998
676477,SI,Sinker,Fastball,447,0.567258883248731,0.24803149606299213,0.1780821917808219,94.9496644295302,0.5816554809843401,0.7519685039370079,81.63701657458564
676477,SL,Slider,Breaking,195,0.24746192893401014,0.4690265486725664,0.41509433962264153,86.08564102564105,0.41025641025641024,0.5309734513274336,80.89999999999999
676477,CH,Changeup,Offspeed,146,0.18527918781725888,0.3488372093023256,0.3,84.3123287671233,0.3835616438356164,0.6511627906976745,80.64259259259259
676508,FF,4-Seam FB,Fastball,61,0.39869281045751637,0.4583333333333333,0.25,95.77704918032788,0.4262295081967213,0.5416666666666667,87.9
676508,ST,Sweeper,Breaking,44,0.2875816993464052,0.21052631578947367,0.1,87.08181818181819,0.3409090909090909,0.7894736842105263,79.57333333333332
676510,FC,Cutter,Fastball,60,0.26200873362445415,0.125,0.0,88.36666666666665,0.5666666666666667,0.875,77.685
676510,FF,4-Seam FB,Fastball,58,0.25327510917030566,0.28125,0.4,93.16724137931034,0.603448275862069,0.71875,81.89500000000001
676510,SI,Sinker,Fastball,56,0.2445414847161572,0.18518518518518517,0.5,92.80892857142855,0.5,0.8148148148148149,78.56
676534,FC,Cutter,Fastball,379,0.32010135135135137,0.27167630057803466,0.20512820512820512,93.22532981530344,0.5277044854881267,0.7283236994219653,83.14695652173913
676534,ST,Sweeper,Breaking,300,0.2533783783783784,0.2978723404255319,0.33783783783783783,87.69166666666666,0.38,0.7021276595744681,80.51444444444445
676534,SI,Sinker,Fastball,188,0.15878378378378377,0.125,0.13043478260869565,95.99946808510639,0.46808510638297873,0.875,81.89090909090909
676534,CU,Curveball,Breaking,154,0.13006756756756757,0.2459016393442623,0.2903225806451613,85.54415584415585,0.36363636363636365,0.7540983606557377,82.08780487804877
676534,FF,4-Seam FB,Fastball,131,0.11064189189189189,0.3617021276595745,0.3333333333333333,96.312213740458,0.4351145038167939,0.6382978723404256,81.75862068965517
676534,SL,Slider,Breaking,32,0.02702702702702703,0.26666666666666666,0.14285714285714285,91.196875,0.34375,0.7333333333333334,82.54444444444445
676568,FF,4-Seam FB,Fastball,101,0.507537688442211,0.21951219512195122,0.17647058823529413,93.93663366336634,0.5445544554455446,0.7804878048780488,84.17333333333333
676568,CH,Changeup,Offspeed,50,0.25125628140703515,0.32142857142857145,0.125,84.536,0.46,0.6785714285714286,74.81176470588235
676568,CU,Curveball,Breaking,48,0.24120603015075376,0.15384615384615385,0.0,82.90416666666667,0.375,0.8461538461538461,87.75
676571,ST,Sweeper,Breaking,240,0.35502958579881655,0.2962962962962963,0.22448979591836735,79.04291666666668,0.45416666666666666,0.7037037037037037,80.70579710144928
676571,FF,4-Seam FB,Fastball,201,0.2973372781065089,0.10126582278481013,0.08571428571428572,90.16865671641791,0.5323383084577115,0.8987341772151899,88.28260869565217
676571,SI,Sinker,Fastball,153,0.22633136094674555,0.05454545454545454,0.09090909090909091,88.99869281045751,0.5490196078431373,0.9454545454545454,84.69767441860465
676571,CH,Changeup,Offspeed,82,0.12130177514792899,0.1875,0.21052631578947367,80.37195121951218,0.2804878048780488,0.8125,80.30833333333334
676596,SI,Sinker,Fastball,45,0.375,0.1,0.125,89.14222222222223,0.5111111111111111,0.9,81.95882352941176
676596,CU,Curveball,Breaking,38,0.31666666666666665,0.4,0.0,76.72368421052632,0.4473684210526316,0.6,72.39090909090909
676604,FF,4-Seam FB,Fastball,295,0.39918809201623817,0.2751677852348993,0.265625,95.40237288135593,0.5423728813559322,0.7248322147651007,83.05188679245283
676604,ST,Sweeper,Breaking,178,0.2408660351826793,0.21518987341772153,0.21428571428571427,83.64157303370786,0.5,0.7848101265822784,81.9322033898305
676604,SL,Slider,Breaking,132,0.17861975642760486,0.27692307692307694,0.20833333333333334,89.06515151515151,0.4696969696969697,0.7230769230769231,84.01739130434783
676604,SI,Sinker,Fastball,85,0.11502029769959404,0.05405405405405406,0.14285714285714285,94.68941176470588,0.611764705882353,0.9459459459459459,81.946875
676604,CU,Curveball,Breaking,44,0.05953991880920163,0.30434782608695654,0.3333333333333333,83.32727272727273,0.3181818181818182,0.6956521739130435,88.95625
676617,SI,Sinker,Fastball,633,0.5786106032906764,0.1793103448275862,0.13829787234042554,97.72764612954187,0.5608214849921012,0.8206896551724138,83.43148148148147
676617,ST,Sweeper,Breaking,357,0.3263254113345521,0.46938775510204084,0.38571428571428573,82.8563025210084,0.2689075630252101,0.5306122448979591,80.97058823529412
676617,SL,Slider,Breaking,91,0.08318098720292505,0.2391304347826087,0.35294117647058826,90.53296703296704,0.5274725274725275,0.7608695652173914,90.4060606060606
676620,ST,Sweeper,Breaking,140,0.49295774647887325,0.26582278481012656,0.3142857142857143,79.19785714285715,0.5,0.7341772151898734,76.26727272727273
676620,SL,Slider,Breaking,69,0.24295774647887325,0.2903225806451613,0.09090909090909091,83.79855072463768,0.6231884057971014,0.7096774193548387,78.68499999999999
676620,SI,Sinker,Fastball,36,0.1267605633802817,0.11764705882352941,0.0,90.44722222222222,0.6666666666666666,0.8823529411764706,90.97333333333334
676661,FF,4-Seam FB,Fastball,61,0.391025641025641,0.11764705882352941,0.18181818181818182,94.74590163934428,0.5737704918032787,0.8823529411764706,86.59310344827587
676661,FS,Splitter,Offspeed,35,0.22435897435897437,0.3684210526315789,0.4166666666666667,86.41142857142857,0.4857142857142857,0.631578947368421,78.00909090909092
676661,FC,Cutter,Fastball,33,0.21153846153846154,0.23529411764705882,0.2,87.83939393939394,0.5454545454545454,0.7647058823529411,88.99166666666667
676664,FF,4-Seam FB,Fastball,182,0.3440453686200378,0.18947368421052632,0.2391304347826087,93.01868131868133,0.532967032967033,0.8105263157894737,84.65405405405404
676664,CH,Changeup,Offspeed,110,0.20793950850661624,0.24528301886792453,0.4,84.96181818181819,0.36363636363636365,0.7547169811320755,82.30277777777778
676664,SI,Sinker,Fastball,78,0.14744801512287334,0.125,0.125,91.84871794871795,0.6025641025641025,0.875,79.80000000000001
676664,ST,Sweeper,Breaking,76,0.14366729678638943,0.391304347826087,0.5714285714285714,79.70263157894736,0.39473684210526316,0.6086956521739131,77.54285714285713
676664,SL,Slider,Breaking,74,0.13988657844990549,0.16666666666666666,0.09090909090909091,81.15,0.43243243243243246,0.8333333333333334,82.17241379310344
676680,ST,Sweeper,Breaking,178,0.664179104477612,0.15294117647058825,0.1891891891891892,73.35617977528089,0.5168539325842697,0.8470588235294118,78.05942028985508
676680,FF,4-Seam FB,Fastball,75,0.2798507462686567,0.20454545454545456,0.16666666666666666,88.588,0.5866666666666667,0.7954545454545454,85.60909090909091
676684,FF,4-Seam FB,Fastball,223,0.43984220907297833,0.19090909090909092,0.15384615384615385,95.79686098654707,0.6143497757847534,0.8090909090909091,85.82738095238095
676684,SL,Slider,Breaking,148,0.29191321499013806,0.43243243243243246,0.2702702702702703,87.73648648648648,0.3310810810810811,0.5675675675675675,86.35555555555555
676684,SI,Sinker,Fastball,78,0.15384615384615385,0.07692307692307693,0.1,95.28846153846153,0.5128205128205128,0.9230769230769231,80.35357142857141
676684,CH,Changeup,Offspeed,58,0.11439842209072978,0.5833333333333334,0.3,89.41896551724139,0.10344827586206896,0.41666666666666663,70.0
676742,FF,4-Seam FB,Fastball,259,0.4567901234567901,0.35537190082644626,0.2826086956521739,95.97258687258687,0.4517374517374517,0.6446280991735538,83.03424657534246
676742,SL,Slider,Breaking,217,0.38271604938271603,0.4375,0.38095238095238093,85.66958525345622,0.45161290322580644,0.5625,81.732
676742,CH,Changeup,Offspeed,75,0.13227513227513227,0.21212121212121213,0.2,90.55066666666667,0.30666666666666664,0.7878787878787878,84.73913043478261
676755,FF,4-Seam FB,Fastball,542,0.7084967320261438,0.2007168458781362,0.12878787878787878,94.15276752767528,0.551660516605166,0.7992831541218638,83.23478260869564
676755,CH,Changeup,Offspeed,77,0.10065359477124183,0.17391304347826086,0.125,85.99350649350647,0.2727272727272727,0.8260869565217391,77.21333333333332
676755,ST,Sweeper,Breaking,76,0.09934640522875816,0.2777777777777778,0.23529411764705882,82.93157894736841,0.4868421052631579,0.7222222222222222,86.35000000000002
676755,SL,Slider,Breaking,70,0.0915032679738562,0.25,0.3125,85.04714285714284,0.5142857142857142,0.75,82.54838709677419
676760,FF,4-Seam FB,Fastball,452,0.42521166509877706,0.2597402597402597,0.25555555555555554,93.72455752212389,0.5398230088495575,0.7402597402597403,82.9474025974026
676760,CH,Changeup,Offspeed,293,0.2756349952963311,0.25984251968503935,0.15384615384615385,81.80887372013652,0.26621160409556316,0.7401574803149606,78.91609195402299
676760,FC,Cutter,Fastball,221,0.2079021636876764,0.25742574257425743,0.25,86.48325791855206,0.5067873303167421,0.7425742574257426,83.71142857142857
676760,ST,Sweeper,Breaking,97,0.09125117591721543,0.2391304347826087,0.1875,81.89896907216495,0.4845360824742268,0.7608695652173914,80.2657142857143
676775,FS,Splitter,Offspeed,303,0.4583963691376702,0.3375796178343949,0.25757575757575757,89.28415841584157,0.44224422442244227,0.6624203821656052,80.77865168539326
676775,FF,4-Seam FB,Fastball,164,0.2481089258698941,0.0821917808219178,0.13793103448275862,96.10609756097561,0.4878048780487805,0.9178082191780822,86.11774193548388
676775,SI,Sinker,Fastball,146,0.22087745839636913,0.06666666666666667,0.0,95.36095890410958,0.6301369863013698,0.9333333333333333,83.42307692307692
676775,SL,Slider,Breaking,48,0.07261724659606657,0.34782608695652173,0.6,88.39791666666667,0.4166666666666667,0.6521739130434783,73.81538461538462
676879,SI,Sinker,Fastball,864,0.5226860254083484,0.16434540389972144,0.09195402298850575,97.58842592592592,0.5381944444444444,0.8356545961002786,85.20872727272726
676879,CU,Curveball,Breaking,372,0.2250453720508167,0.514018691588785,0.4722222222222222,83.62069892473119,0.3655913978494624,0.485981308411215,77.40227272727272
676879,SL,Slider,Breaking,193,0.11675741076830005,0.5764705882352941,0.5172413793103449,85.09326424870466,0.29015544041450775,0.42352941176470593,75.95142857142858
676879,CH,Changeup,Offspeed,192,0.1161524500907441,0.5,0.44,91.84114583333333,0.24479166666666666,0.5,79.93191489361702
676879,FF,4-Seam FB,Fastball,32,0.019358741681790685,0.0625,0.09090909090909091,97.13125,0.40625,0.9375,83.25999999999999
676917,FF,4-Seam FB,Fastball,929,0.3261938202247191,0.22198275862068967,0.20526315789473684,96.8114101184069,0.55005382131324,0.7780172413793103,84.12041420118344
676917,KC,Knuckle-Curve,Breaking,755,0.26509831460674155,0.38823529411764707,0.3493975903614458,86.15350993377484,0.4423841059602649,0.611764705882353,80.22445652173914
676917,ST,Sweeper,Breaking,404,0.14185393258426968,0.3651685393258427,0.32653061224489793,86.27004950495049,0.3910891089108911,0.6348314606741573,80.305
676917,SI,Sinker,Fastball,359,0.12605337078651685,0.11578947368421053,0.1,96.10779944289693,0.5988857938718662,0.8842105263157894,84.51075949367089
676917,CH,Changeup,Offspeed,218,0.07654494382022473,0.2872340425531915,0.21875,89.12247706422019,0.3761467889908257,0.7127659574468085,81.49642857142858
676917,FC,Cutter,Fastball,181,0.06355337078651685,0.18478260869565216,0.09523809523809523,93.54419889502762,0.5414364640883977,0.8152173913043479,82.24153846153847
676962,KC,Knuckle-Curve,Breaking,395,0.37124060150375937,0.4405940594059406,0.425531914893617,86.83291139240507,0.41265822784810124,0.5594059405940595,84.97142857142858
676962,FF,4-Seam FB,Fastball,388,0.36466165413533835,0.16292134831460675,0.14285714285714285,96.36778350515463,0.5747422680412371,0.8370786516853932,85.91785714285714
676962,SI,Sinker,Fastball,221,0.20770676691729323,0.13541666666666666,0.16666666666666666,96.47239819004524,0.5429864253393665,0.8645833333333334,81.65949367088608
676962,CH,Changeup,Offspeed,60,0.05639097744360902,0.34782608695652173,0.42857142857142855,90.12666666666668,0.26666666666666666,0.6521739130434783,89.22857142857143
676974,ST,Sweeper,Breaking,537,0.30016769144773614,0.35658914728682173,0.4028776978417266,88.98715083798884,0.3947858472998138,0.6434108527131783,82.31059602649007
676974,SL,Slider,Breaking,466,0.2604807154835103,0.39574468085106385,0.35802469135802467,90.14678111587982,0.49356223175965663,0.6042553191489362,81.37899159663864
676974,FF,4-Seam FB,Fastball,430,0.2403577417551705,0.125,0.1111111111111111,95.1,0.5372093023255814,0.875,87.14090909090909
676974,CH,Changeup,Offspeed,183,0.10229178311906093,0.3375,0.15789473684210525,87.16939890710383,0.3989071038251366,0.6625,83.90784313725493
676974,SI,Sinker,Fastball,173,0.09670206819452208,0.05063291139240506,0.0,93.56127167630059,0.5780346820809249,0.9493670886075949,82.8753846153846
676979,FF,4-Seam FB,Fastball,198,0.32142857142857145,0.2653061224489796,0.24324324324324326,95.78131313131311,0.4494949494949495,0.7346938775510203,83.16212121212122
676979,FC,Cutter,Fastball,157,0.25487012987012986,0.23809523809523808,0.35294117647058826,90.91528662420383,0.4968152866242038,0.7619047619047619,86.164406779661
676979,SI,Sinker,Fastball,140,0.22727272727272727,0.1864406779661017,0.35294117647058826,95.2342857142857,0.4714285714285714,0.8135593220338984,80.88837209302326
676979,ST,Sweeper,Breaking,91,0.14772727272727273,0.2708333333333333,0.23529411764705882,83.32637362637361,0.3516483516483517,0.7291666666666667,87.25
677020,SL,Slider,Breaking,191,0.3782178217821782,0.31868131868131866,0.1951219512195122,83.16858638743454,0.4397905759162304,0.6813186813186813,80.46481481481482
677020,SI,Sinker,Fastball,137,0.2712871287128713,0.039473684210526314,0.05263157894736842,92.65255474452555,0.656934306569343,0.9605263157894737,81.2549295774648
677020,FF,4-Seam FB,Fastball,127,0.2514851485148515,0.21666666666666667,0.32,93.0204724409449,0.4251968503937008,0.7833333333333333,80.10222222222222
677020,CH,Changeup,Offspeed,50,0.09900990099009901,0.4444444444444444,0.3333333333333333,85.694,0.3,0.5555555555555556,82.97999999999999
677053,FF,4-Seam FB,Fastball,210,0.47191011235955055,0.2830188679245283,0.275,94.28142857142856,0.5476190476190477,0.7169811320754718,83.22142857142858
677053,ST,Sweeper,Breaking,112,0.251685393258427,0.40425531914893614,0.38095238095238093,82.39553571428571,0.4642857142857143,0.5957446808510638,84.46785714285714
677053,SL,Slider,Breaking,59,0.13258426966292136,0.25925925925925924,0.14285714285714285,85.75084745762712,0.559322033898305,0.7407407407407407,87.0388888888889
677053,CH,Changeup,Offspeed,54,0.12134831460674157,0.2857142857142857,0.3333333333333333,89.20555555555556,0.3148148148148148,0.7142857142857143,78.19285714285715
677161,FC,Cutter,Fastball,144,0.4485981308411215,0.19298245614035087,0.35714285714285715,90.70902777777778,0.5347222222222222,0.8070175438596492,85.84772727272728
677161,ST,Sweeper,Breaking,67,0.2087227414330218,0.27586206896551724,0.13333333333333333,81.6507462686567,0.3582089552238806,0.7241379310344828,78.16842105263157
677161,SI,Sinker,Fastball,51,0.1588785046728972,0.09523809523809523,0.125,95.89411764705883,0.5098039215686274,0.9047619047619048,81.41666666666667
677161,FF,4-Seam FB,Fastball,46,0.14330218068535824,0.18181818181818182,0.21428571428571427,96.07826086956523,0.43478260869565216,0.8181818181818181,79.06428571428572
677865,SI,Sinker,Fastball,588,0.4349112426035503,0.08778625954198473,0.014705882352941176,90.16496598639456,0.5816326530612245,0.9122137404580153,82.4275229357798
677865,ST,Sweeper,Breaking,547,0.40458579881656803,0.2471042471042471,0.21897810218978103,77.90987202925045,0.4643510054844607,0.752895752895753,77.96417112299464
677865,CH,Changeup,Offspeed,116,0.08579881656804733,0.3125,0.2857142857142857,80.27844827586208,0.1810344827586207,0.6875,72.096875
677865,FF,4-Seam FB,Fastball,83,0.0613905325443787,0.20588235294117646,0.2,91.70602409638553,0.25301204819277107,0.7941176470588236,75.59130434782608
677944,FF,4-Seam FB,Fastball,561,0.27233009708737865,0.1814516129032258,0.22857142857142856,93.6204991087344,0.5347593582887701,0.8185483870967742,86.28489583333334
677944,FC,Cutter,Fastball,519,0.2519417475728155,0.23076923076923078,0.25301204819277107,88.53410404624277,0.5221579961464354,0.7692307692307692,83.4505376344086
677944,SI,Sinker,Fastball,409,0.19854368932038835,0.11627906976744186,0.13559322033898305,93.51198044009779,0.6014669926650367,0.8837209302325582,85.53444444444445
677944,CU,Curveball,Breaking,306,0.14854368932038836,0.2807017543859649,0.26666666666666666,76.06405228758169,0.3627450980392157,0.7192982456140351,80.4883116883117
677944,ST,Sweeper,Breaking,130,0.06310679611650485,0.32786885245901637,0.18518518518518517,83.00999999999999,0.4076923076923077,0.6721311475409837,80.1263157894737
677944,SL,Slider,Breaking,92,0.04466019417475728,0.30434782608695654,0.16666666666666666,83.42934782608695,0.3804347826086957,0.6956521739130435,79.0451612903226
677944,CH,Changeup,Offspeed,41,0.019902912621359223,0.2777777777777778,0.3333333333333333,83.14634146341464,0.21951219512195122,0.7222222222222222,80.08333333333333
677952,FF,4-Seam FB,Fastball,753,0.3019246190858059,0.1732283464566929,0.20689655172413793,97.26879150066401,0.5604249667994687,0.8267716535433071,83.7135761589404
677952,CU,Curveball,Breaking,659,0.26423416198877303,0.390625,0.33678756476683935,84.96312594840667,0.4400606980273141,0.609375,83.57977528089889
677952,SL,Slider,Breaking,560,0.22453889334402566,0.2981366459627329,0.304,91.79303571428571,0.525,0.7018633540372671,82.9725
677952,SI,Sinker,Fastball,420,0.16840417000801924,0.18099547511312217,0.175,97.01619047619046,0.5523809523809524,0.8190045248868778,86.62468354430379
677952,FS,Splitter,Offspeed,102,0.0408981555733761,0.09090909090909091,0.2222222222222222,91.76176470588234,0.43137254901960786,0.9090909090909091,81.85945945945946
677955,FF,4-Seam FB,Fastball,229,0.3082099596231494,0.2459016393442623,0.2,96.95633187772926,0.5021834061135371,0.7540983606557377,83.7764705882353
677955,SL,Slider,Breaking,203,0.2732166890982503,0.40789473684210525,0.40625,88.23349753694582,0.43842364532019706,0.5921052631578947,85.30454545454545
677955,SI,Sinker,Fastball,157,0.21130551816958276,0.125,0.16666666666666666,97.4050955414013,0.5859872611464968,0.875,86.3765625
677955,CH,Changeup,Offspeed,154,0.2072678331090175,0.45121951219512196,0.3142857142857143,85.50129870129871,0.42857142857142855,0.5487804878048781,80.3452380952381
677958,SL,Slider,Breaking,965,0.3760717069368667,0.4300847457627119,0.37872340425531914,83.17088082901554,0.36580310880829014,0.5699152542372881,81.49518072289156
677958,SI,Sinker,Fastball,754,0.2938425565081839,0.09141274238227147,0.07865168539325842,94.36127320954907,0.5344827586206896,0.9085872576177285,84.48503184713375
677958,FF,4-Seam FB,Fastball,378,0.14731098986749805,0.22285714285714286,0.20588235294117646,94.5878306878307,0.4947089947089947,0.7771428571428571,83.84959349593495
677958,FC,Cutter,Fastball,364,0.14185502727981295,0.21052631578947367,0.2857142857142857,90.29615384615386,0.5164835164835165,0.7894736842105263,84.54603174603174
677958,CH,Changeup,Offspeed,84,0.03273577552611068,0.23684210526315788,0.125,88.7714285714286,0.4166666666666667,0.7631578947368421,90.58620689655172
677960,CH,Changeup,Offspeed,602,0.24732949876746096,0.3525641025641026,0.3178294573643411,85.79186046511627,0.31893687707641194,0.6474358974358974,81.13263157894737
677960,FF,4-Seam FB,Fastball,553,0.22719802793755137,0.210727969348659,0.16842105263157894,95.94882459312838,0.5316455696202531,0.789272030651341,85.46349206349207
677960,SI,Sinker,Fastball,504,0.20706655710764174,0.08928571428571429,0.05084745762711865,94.20238095238095,0.5932539682539683,0.9107142857142857,84.61502590673575
677960,ST,Sweeper,Breaking,498,0.20460147904683648,0.391025641025641,0.3333333333333333,81.40983935742973,0.44176706827309237,0.608974358974359,78.9609756097561
677960,SL,Slider,Breaking,277,0.11380443714050945,0.3493150684931507,0.30120481927710846,86.9870036101083,0.48736462093862815,0.6506849315068493,84.14395604395605
677961,FF,4-Seam FB,Fastball,140,0.2697495183044316,0.27586206896551724,0.2631578947368421,96.61928571428572,0.5071428571428571,0.7241379310344828,82.61219512195123
677961,ST,Sweeper,Breaking,133,0.25626204238921,0.3392857142857143,0.3333333333333333,86.50526315789473,0.47368421052631576,0.6607142857142857,86.17647058823529
677961,SL,Slider,Breaking,99,0.1907514450867052,0.3888888888888889,0.22727272727272727,87.55050505050504,0.494949494949495,0.6111111111111112,85.73928571428571
677961,SI,Sinker,Fastball,87,0.1676300578034682,0.19444444444444445,0.16666666666666666,96.64597701149427,0.45977011494252873,0.8055555555555556,87.38571428571429
677961,CH,Changeup,Offspeed,60,0.11560693641618497,0.3055555555555556,0.23076923076923078,87.86166666666668,0.36666666666666664,0.6944444444444444,83.13809523809523
677976,SI,Sinker,Fastball,508,0.38368580060422963,0.07112970711297072,0.09433962264150944,91.50039370078741,0.5649606299212598,0.9288702928870293,87.80825242718447
677976,ST,Sweeper,Breaking,333,0.2515105740181269,0.30434782608695654,0.22,82.44294294294295,0.42042042042042044,0.6956521739130435,83.00263157894737
677976,CH,Changeup,Offspeed,291,0.21978851963746224,0.27848101265822783,0.23076923076923078,84.76563573883162,0.27147766323024053,0.7215189873417722,82.63653846153846
677976,FF,4-Seam FB,Fastball,128,0.09667673716012085,0.10714285714285714,0.1111111111111111,92.29296875,0.4921875,0.8928571428571429,82.42040816326531
677976,SL,Slider,Breaking,64,0.04833836858006042,0.3055555555555556,0.19047619047619047,83.721875,0.296875,0.6944444444444444,76.99565217391304
678020,FF,4-Seam FB,Fastball,343,0.5893470790378007,0.1125,0.16666666666666666,98.92303206997084,0.49854227405247814,0.8875,86.36390977443608
678020,SL,Slider,Breaking,167,0.2869415807560137,0.3902439024390244,0.3055555555555556,86.71377245508982,0.3652694610778443,0.6097560975609756,79.96041666666666
678020,FS,Splitter,Offspeed,59,0.1013745704467354,0.22857142857142856,0.23076923076923078,90.26271186440677,0.4067796610169492,0.7714285714285715,82.3923076923077
678022,FF,4-Seam FB,Fastball,644,0.30178069353327086,0.17391304347826086,0.1694915254237288,95.76801242236024,0.515527950310559,0.8260869565217391,82.61880341880344
678022,ST,Sweeper,Breaking,601,0.281630740393627,0.38028169014084506,0.3228346456692913,86.26439267886855,0.46921797004991683,0.619718309859155,81.31290322580645
678022,CH,Changeup,Offspeed,397,0.18603561387066542,0.37055837563451777,0.3695652173913043,89.53954659949622,0.3224181360201511,0.6294416243654822,78.75446428571429
678022,FC,Cutter,Fastball,323,0.1513589503280225,0.1951219512195122,0.1875,92.65386996904024,0.5108359133126935,0.8048780487804879,81.98135593220339
678022,SI,Sinker,Fastball,115,0.05388940955951265,0.1724137931034483,0.0,94.81130434782608,0.5652173913043478,0.8275862068965517,84.40425531914894
678022,CU,Curveball,Breaking,34,0.015932521087160263,0.25,0.25,84.49999999999999,0.38235294117647056,0.75,80.89090909090909
678061,FF,4-Seam FB,Fastball,90,0.3474903474903475,0.26666666666666666,0.3333333333333333,94.69999999999997,0.5555555555555556,0.7333333333333334,87.9375
678061,CU,Curveball,Breaking,81,0.3127413127413127,0.29545454545454547,0.23076923076923078,81.1679012345679,0.43209876543209874,0.7045454545454546,76.58
678061,SI,Sinker,Fastball,59,0.2277992277992278,0.03125,0.0,94.42711864406779,0.6949152542372882,0.96875,76.03333333333333
678368,FC,Cutter,Fastball,55,0.24663677130044842,0.25,0.2857142857142857,86.48181818181817,0.7272727272727273,0.75,84.48947368421052
678368,ST,Sweeper,Breaking,48,0.21524663677130046,0.3181818181818182,0.14285714285714285,79.12083333333334,0.3958333333333333,0.6818181818181819,76.75
678368,FF,4-Seam FB,Fastball,45,0.20179372197309417,0.2,0.16666666666666666,90.60444444444444,0.5777777777777777,0.8,84.77000000000001
678368,CH,Changeup,Offspeed,42,0.18834080717488788,0.3888888888888889,0.2727272727272727,80.65952380952382,0.35714285714285715,0.6111111111111112,84.83
678391,EP,EP,Other,53,1.0,0.0,0.0,45.588679245283025,0.24528301886792453,1.0,86.51071428571429
678394,SI,Sinker,Fastball,772,0.3867735470941884,0.14985590778097982,0.14432989690721648,95.3282383419689,0.5284974093264249,0.8501440922190202,85.85441176470589
678394,CH,Changeup,Offspeed,404,0.20240480961923848,0.2564102564102564,0.20212765957446807,89.05519801980199,0.3811881188118812,0.7435897435897436,80.3144578313253
678394,FC,Cutter,Fastball,294,0.14729458917835672,0.4594594594594595,0.3125,87.49047619047619,0.5340136054421769,0.5405405405405406,84.27236842105265
678394,ST,Sweeper,Breaking,266,0.13326653306613226,0.31496062992125984,0.26153846153846155,86.01842105263158,0.39849624060150374,0.6850393700787402,78.95180722891567
678394,FF,4-Seam FB,Fastball,189,0.09468937875751503,0.1941747572815534,0.23076923076923078,95.76084656084657,0.48677248677248675,0.8058252427184466,86.16315789473684
678394,CU,Curveball,Breaking,71,0.03557114228456914,0.3125,0.25,83.42112676056338,0.4225352112676056,0.6875,86.475
678576,SI,Sinker,Fastball,37,0.6065573770491803,0.1111111111111111,0.0,94.47837837837838,0.5405405405405406,0.8888888888888888,90.4125
678606,SI,Sinker,Fastball,779,0.6809440559440559,0.13734939759036144,0.09836065573770492,97.53003851091142,0.6341463414634146,0.8626506024096385,82.03090909090908
678606,CH,Changeup,Offspeed,202,0.17657342657342656,0.40217391304347827,0.3269230769230769,87.5881188118812,0.24752475247524752,0.5978260869565217,77.13333333333333
678606,SL,Slider,Breaking,156,0.13636363636363635,0.3384615384615385,0.26666666666666666,88.39935897435898,0.4230769230769231,0.6615384615384615,78.45238095238095
678868,SI,Sinker,Fastball,97,0.5773809523809523,0.14634146341463414,0.14285714285714285,96.7762886597938,0.6082474226804123,0.8536585365853658,84.1
678868,CH,Changeup,Offspeed,50,0.2976190476190476,0.1724137931034483,0.2,89.36,0.48,0.8275862068965517,84.01666666666667
678906,ST,Sweeper,Breaking,455,0.35353535353535354,0.31627906976744186,0.32,84.20395604395605,0.45714285714285713,0.6837209302325582,80.66857142857141
678906,FF,4-Seam FB,Fastball,350,0.27195027195027194,0.18125,0.12307692307692308,93.34971428571428,0.5228571428571429,0.81875,85.11023622047243
678906,SI,Sinker,Fastball,219,0.17016317016317017,0.17857142857142858,0.14285714285714285,93.21643835616439,0.589041095890411,0.8214285714285714,84.88181818181816
678906,CH,Changeup,Offspeed,126,0.0979020979020979,0.25862068965517243,0.2,86.95158730158731,0.3888888888888889,0.7413793103448276,80.91999999999999
678906,CU,Curveball,Breaking,116,0.09013209013209013,0.4,0.47368421052631576,82.40862068965517,0.35344827586206895,0.6,83.72380952380952
679358,FS,Splitter,Offspeed,380,0.5149051490514905,0.266304347826087,0.25316455696202533,83.4928947368421,0.45526315789473687,0.7336956521739131,81.07890624999999
679358,FF,4-Seam FB,Fastball,188,0.25474254742547425,0.0759493670886076,0.17857142857142858,92.76063829787235,0.5425531914893617,0.9240506329113924,83.72428571428571
679358,SL,Slider,Breaking,107,0.14498644986449866,0.18421052631578946,0.0,87.39158878504672,0.514018691588785,0.8157894736842105,83.0
679358,CU,Curveball,Breaking,63,0.08536585365853659,0.2608695652173913,0.2,82.00476190476188,0.47619047619047616,0.7391304347826086,78.9625
679775,SI,Sinker,Fastball,222,0.5736434108527132,0.10309278350515463,0.1875,90.68963963963965,0.6261261261261262,0.8969072164948454,83.97
679775,ST,Sweeper,Breaking,127,0.3281653746770026,0.34615384615384615,0.32,78.27165354330708,0.36220472440944884,0.6538461538461539,80.6483870967742
679775,CH,Changeup,Offspeed,38,0.09819121447028424,0.15384615384615385,0.14285714285714285,80.2578947368421,0.2631578947368421,0.8461538461538461,73.01818181818182
679883,SI,Sinker,Fastball,353,0.27300850734725446,0.18012422360248448,0.22448979591836735,96.38385269121812,0.46175637393767704,0.8198757763975155,83.99747899159665
679883,FF,4-Seam FB,Fastball,336,0.25986078886310904,0.1619718309859155,0.17391304347826086,96.14791666666667,0.5148809523809523,0.8380281690140845,84.01545454545453
679883,SL,Slider,Breaking,279,0.21577726218097448,0.34782608695652173,0.2982456140350877,88.084229390681,0.34767025089605735,0.6521739130434783,79.95294117647059
679883,CU,Curveball,Breaking,191,0.1477184841453983,0.24,0.10344827586206896,83.01151832460732,0.47643979057591623,0.76,83.49423076923078
679883,CH,Changeup,Offspeed,134,0.10363495746326373,0.38181818181818183,0.36363636363636365,89.45447761194028,0.3208955223880597,0.6181818181818182,81.90344827586208
679885,FF,4-Seam FB,Fastball,84,0.3620689655172414,0.34375,0.5,101.61309523809524,0.5119047619047619,0.65625,82.11052631578947
679885,SI,Sinker,Fastball,84,0.3620689655172414,0.07142857142857142,0.25,101.76071428571429,0.5595238095238095,0.9285714285714286,83.7
679885,FS,Splitter,Offspeed,54,0.23275862068965517,0.5,0.45,90.33888888888887,0.35185185185185186,0.5,76.20833333333333
680570,FF,4-Seam FB,Fastball,905,0.5110107284020328,0.16268980477223427,0.14136125654450263,96.11082872928175,0.5933701657458563,0.8373101952277657,84.93045822102427
680570,CH,Changeup,Offspeed,467,0.2636928289102202,0.3391304347826087,0.2376237623762376,83.18008565310492,0.3875802997858672,0.6608695652173913,81.17428571428572
680570,CU,Curveball,Breaking,207,0.11688311688311688,0.273972602739726,0.14285714285714285,80.80966183574878,0.41545893719806765,0.726027397260274,79.59230769230768
680570,SL,Slider,Breaking,192,0.10841332580463016,0.33663366336633666,0.34210526315789475,84.93697916666666,0.4427083333333333,0.6633663366336633,81.55151515151515
680573,FF,4-Seam FB,Fastball,542,0.434991974317817,0.196,0.14084507042253522,92.55369003690036,0.5645756457564576,0.804,82.41855670103094
680573,FS,Splitter,Offspeed,305,0.2447833065810594,0.20155038759689922,0.2037037037037037,86.7511475409836,0.32131147540983607,0.7984496124031008,81.38144329896907
680573,SL,Slider,Breaking,281,0.22552166934189405,0.2,0.1590909090909091,85.9306049822064,0.4234875444839858,0.8,84.85666666666667
680573,CU,Curveball,Breaking,117,0.09390048154093097,0.11428571428571428,0.18181818181818182,76.71709401709401,0.5555555555555556,0.8857142857142857,88.37407407407409
680604,SI,Sinker,Fastball,185,0.40217391304347827,0.13253012048192772,0.18181818181818182,94.14756756756758,0.572972972972973,0.8674698795180723,88.36666666666667
680604,ST,Sweeper,Breaking,104,0.22608695652173913,0.34782608695652173,0.2692307692307692,82.78365384615384,0.41346153846153844,0.6521739130434783,82.10357142857143
680604,FC,Cutter,Fastball,63,0.13695652173913042,0.17857142857142858,0.0,90.40793650793651,0.47619047619047616,0.8214285714285714,83.66818181818182
680604,FF,4-Seam FB,Fastball,57,0.12391304347826088,0.11764705882352941,0.12,94.53508771929826,0.5263157894736842,0.8823529411764706,87.21785714285716
680604,CH,Changeup,Offspeed,47,0.10217391304347827,0.17391304347826086,0.09090909090909091,88.96595744680852,0.44680851063829785,0.8260869565217391,90.03684210526315
680694,SI,Sinker,Fastball,978,0.36182019977802443,0.10526315789473684,0.11627906976744186,94.7274028629857,0.5623721881390593,0.8947368421052632,84.13797101449275
680694,SL,Slider,Breaking,657,0.24306326304106549,0.36470588235294116,0.2868217054263566,87.37366818873669,0.365296803652968,0.6352941176470588,80.303125
680694,CU,Curveball,Breaking,586,0.21679615242323344,0.35714285714285715,0.3333333333333333,84.81928327645052,0.3225255972696246,0.6428571428571428,85.60134228187918
680694,FF,4-Seam FB,Fastball,468,0.17314095449500555,0.14009661835748793,0.24324324324324326,94.15470085470086,0.5085470085470085,0.8599033816425121,82.21437499999999
680702,FF,4-Seam FB,Fastball,70,0.5426356589147286,0.21428571428571427,0.375,93.50142857142859,0.42857142857142855,0.7857142857142857,89.12
680702,FC,Cutter,Fastball,54,0.4186046511627907,0.2631578947368421,0.2222222222222222,88.65370370370371,0.5925925925925926,0.736842105263158,88.09285714285714
680704,SL,Slider,Breaking,104,0.52,0.4634146341463415,0.2857142857142857,77.21346153846154,0.5,0.5365853658536586,82.965
680704,FS,Splitter,Offspeed,50,0.25,0.3333333333333333,0.3,84.10000000000002,0.24,0.6666666666666667,80.02857142857144
680723,FF,4-Seam FB,Fastball,188,0.5968253968253968,0.2391304347826087,0.23529411764705882,91.63404255319149,0.574468085106383,0.7608695652173914,85.07462686567165
680723,SI,Sinker,Fastball,49,0.15555555555555556,0.2727272727272727,0.3333333333333333,92.13673469387754,0.5918367346938775,0.7272727272727273,85.78125
680723,FS,Splitter,Offspeed,42,0.13333333333333333,0.0,0.0,87.75714285714285,0.4523809523809524,1.0,89.62352941176471
680723,ST,Sweeper,Breaking,36,0.11428571428571428,0.0,0.0,81.28333333333333,0.3333333333333333,1.0,78.08571428571427
680730,SL,Slider,Breaking,369,0.4993234100135318,0.37,0.2875,83.11056910569106,0.47696476964769646,0.63,82.89745762711864
680730,FF,4-Seam FB,Fastball,247,0.3342354533152909,0.17557251908396945,0.21739130434782608,93.50566801619433,0.5870445344129555,0.8244274809160306,83.38846153846154
680730,CU,Curveball,Breaking,117,0.15832205683355885,0.2857142857142857,0.125,78.81452991452991,0.4188034188034188,0.7142857142857143,80.08571428571429
680732,FF,4-Seam FB,Fastball,1161,0.3742746615087041,0.2531446540880503,0.22712933753943218,94.73212747631352,0.5185185185185185,0.7468553459119497,82.82585812356979
680732,KC,Knuckle-Curve,Breaking,627,0.20212765957446807,0.2845528455284553,0.25,79.01116427432217,0.41626794258373206,0.7154471544715447,82.2358024691358
680732,SL,Slider,Breaking,514,0.16569954867827208,0.3359683794466403,0.297029702970297,86.4966926070039,0.49221789883268485,0.6640316205533596,83.03018867924528
680732,SI,Sinker,Fastball,414,0.13346228239845262,0.11219512195121951,0.08771929824561403,94.66304347826087,0.5072463768115942,0.8878048780487805,85.12899408284024
680732,FC,Cutter,Fastball,320,0.1031592520954223,0.2727272727272727,0.3125,89.81281249999999,0.565625,0.7272727272727273,85.79611650485437
680732,CH,Changeup,Offspeed,65,0.020954223081882658,0.28,0.0,85.84615384615384,0.2923076923076923,0.72,82.25294117647059
680736,FF,4-Seam FB,Fastball,1069,0.4890210430009149,0.24403669724770644,0.23404255319148937,94.67072029934518,0.5855940130963517,0.7559633027522936,83.01808785529717
680736,SL,Slider,Breaking,624,0.28545288197621227,0.22327044025157233,0.2556390977443609,86.56778846153847,0.47275641025641024,0.7767295597484276,87.22819383259912
680736,SI,Sinker,Fastball,179,0.0818847209515096,0.07777777777777778,0.18181818181818182,93.96480446927373,0.6368715083798883,0.9222222222222223,83.0283950617284
680736,CH,Changeup,Offspeed,106,0.0484903934126258,0.18181818181818182,0.07142857142857142,85.61415094339623,0.33962264150943394,0.8181818181818181,83.38787878787879
680736,CU,Curveball,Breaking,100,0.04574565416285453,0.06976744186046512,0.0,75.25299999999999,0.52,0.9302325581395349,81.2578947368421
680736,ST,Sweeper,Breaking,73,0.03339432753888381,0.12903225806451613,0.0625,84.86575342465753,0.3561643835616438,0.8709677419354839,85.34
680736,FC,Cutter,Fastball,34,0.01555352241537054,0.21052631578947367,0.0,91.38235294117646,0.4411764705882353,0.7894736842105263,85.25333333333332
680742,FF,4-Seam FB,Fastball,494,0.4800777453838678,0.38846153846153847,0.35714285714285715,97.0836032388664,0.48582995951417,0.6115384615384616,80.72328767123287
680742,SL,Slider,Breaking,185,0.17978620019436345,0.3404255319148936,0.3023255813953488,86.81189189189189,0.41621621621621624,0.6595744680851063,82.37758620689655
680742,CH,Changeup,Offspeed,142,0.1379980563654033,0.2876712328767123,0.23809523809523808,90.4725352112676,0.4225352112676056,0.7123287671232876,87.72115384615384
680742,SI,Sinker,Fastball,114,0.11078717201166181,0.07017543859649122,0.125,97.12894736842104,0.5087719298245614,0.9298245614035088,78.0808510638298
680742,ST,Sweeper,Breaking,85,0.0826044703595724,0.27586206896551724,0.23529411764705882,84.82235294117646,0.29411764705882354,0.7241379310344828,76.0421052631579
680744,FF,4-Seam FB,Fastball,247,0.3271523178807947,0.16296296296296298,0.22727272727272727,93.4765182186235,0.4534412955465587,0.837037037037037,83.09818181818181
680744,FC,Cutter,Fastball,159,0.21059602649006623,0.4025974025974026,0.4166666666666667,87.55660377358491,0.4276729559748428,0.5974025974025974,78.6
680744,SL,Slider,Breaking,157,0.20794701986754968,0.30666666666666664,0.34210526315789475,83.82229299363057,0.3630573248407643,0.6933333333333334,81.8804347826087
680744,FS,Splitter,Offspeed,104,0.13774834437086092,0.20454545454545456,0.045454545454545456,85.40673076923076,0.3269230769230769,0.7954545454545454,83.68235294117646
680744,SI,Sinker,Fastball,82,0.10860927152317881,0.21052631578947367,0.25,92.35365853658537,0.5365853658536586,0.7894736842105263,84.58888888888889
680755,SL,Slider,Breaking,621,0.484399375975039,0.31683168316831684,0.26605504587155965,88.04090177133655,0.4605475040257649,0.6831683168316831,79.56149732620321
680755,CU,Curveball,Breaking,377,0.29407176287051484,0.2713178294573643,0.25,81.34429708222811,0.44297082228116713,0.7286821705426356,84.31573033707866
680755,FF,4-Seam FB,Fastball,252,0.19656786271450857,0.21296296296296297,0.24444444444444444,94.31706349206348,0.3611111111111111,0.787037037037037,80.20875
680755,FC,Cutter,Fastball,30,0.0234009360374415,0.23529411764705882,0.0,92.57,0.43333333333333335,0.7647058823529411,89.44999999999999
680767,FF,4-Seam FB,Fastball,483,0.45013979496738116,0.18340611353711792,0.20634920634920634,98.58654244306419,0.4865424430641822,0.8165938864628821,86.23882352941177
680767,SL,Slider,Breaking,299,0.2786579683131407,0.33587786259541985,0.23255813953488372,88.9521739130435,0.49498327759197325,0.6641221374045801,81.67042253521127
680767,CH,Changeup,Offspeed,165,0.15377446411929171,0.2857142857142857,0.23684210526315788,92.1448484848485,0.42424242424242425,0.7142857142857143,82.16326530612244
680767,SV,Slurve,Breaking,70,0.06523765144454799,0.5,0.42105263157894735,87.34857142857145,0.22857142857142856,0.5,80.68333333333332
680767,SI,Sinker,Fastball,40,0.03727865796831314,0.15789473684210525,0.0,98.62,0.45,0.8421052631578947,75.96428571428571
680802,FF,4-Seam FB,Fastball,219,0.38286713286713286,0.15841584158415842,0.17777777777777778,95.20639269406391,0.5114155251141552,0.8415841584158416,86.8074074074074
680802,ST,Sweeper,Breaking,182,0.3181818181818182,0.325,0.2894736842105263,83.81483516483516,0.4175824175824176,0.675,82.74081632653062
680802,CH,Changeup,Offspeed,85,0.1486013986013986,0.3793103448275862,0.18181818181818182,89.08705882352942,0.29411764705882354,0.6206896551724138,81.65294117647059
680802,SI,Sinker,Fastball,66,0.11538461538461539,0.1935483870967742,0.6,93.11363636363636,0.4090909090909091,0.8064516129032258,80.55
680899,FF,4-Seam FB,Fastball,163,0.509375,0.2987012987012987,0.1935483870967742,96.8165644171779,0.5337423312883436,0.7012987012987013,80.00851063829788
680899,CH,Changeup,Offspeed,92,0.2875,0.3157894736842105,0.25,84.72934782608696,0.4782608695652174,0.6842105263157895,79.82777777777777
680899,SL,Slider,Breaking,65,0.203125,0.35714285714285715,0.3333333333333333,86.91538461538461,0.4307692307692308,0.6428571428571428,77.325
680916,FF,4-Seam FB,Fastball,283,0.6627634660421545,0.24,0.23529411764705882,96.05088339222615,0.5053003533568905,0.76,83.11807228915663
680916,SL,Slider,Breaking,116,0.2716627634660422,0.3333333333333333,0.39285714285714285,86.02844827586208,0.41379310344827586,0.6666666666666667,82.6361111111111
681006,SI,Sinker,Fastball,59,0.38562091503267976,0.09090909090909091,0.14285714285714285,92.90847457627117,0.5254237288135594,0.9090909090909091,87.3722222222222
681006,ST,Sweeper,Breaking,42,0.27450980392156865,0.29411764705882354,0.3333333333333333,80.8047619047619,0.40476190476190477,0.7058823529411764,85.66666666666667
681006,CU,Curveball,Breaking,39,0.2549019607843137,0.2631578947368421,0.25,79.95128205128204,0.48717948717948717,0.736842105263158,80.82307692307693
681035,FF,4-Seam FB,Fastball,945,0.46782178217821785,0.2776617954070981,0.2676767676767677,95.5005291005291,0.5439153439153439,0.7223382045929019,81.32267080745342
681035,ST,Sweeper,Breaking,454,0.22475247524752476,0.31100478468899523,0.35294117647058826,81.36762114537446,0.43832599118942733,0.6889952153110048,81.02000000000001
681035,FC,Cutter,Fastball,384,0.1900990099009901,0.24352331606217617,0.2962962962962963,89.62760416666667,0.4895833333333333,0.7564766839378239,80.05514705882354
681035,FS,Splitter,Offspeed,103,0.05099009900990099,0.3541666666666667,0.34782608695652173,84.69902912621362,0.32038834951456313,0.6458333333333333,84.27499999999999
681035,CU,Curveball,Breaking,100,0.04950495049504951,0.14754098360655737,0.125,81.879,0.46,0.8524590163934427,82.33863636363637
681035,SI,Sinker,Fastball,33,0.016336633663366337,0.21428571428571427,0.0,92.2030303030303,0.42424242424242425,0.7857142857142857,88.92999999999999
681151,FF,4-Seam FB,Fastball,162,0.5328947368421053,0.3595505617977528,0.2727272727272727,95.34938271604938,0.5123456790123457,0.6404494382022472,87.06981132075471
681151,ST,Sweeper,Breaking,75,0.24671052631578946,0.19444444444444445,0.16666666666666666,81.05333333333334,0.38666666666666666,0.8055555555555556,83.58846153846154
681168,SL,Slider,Breaking,71,0.3008474576271186,0.325,0.08333333333333333,83.77464788732394,0.647887323943662,0.675,81.6148148148148
681168,FF,4-Seam FB,Fastball,66,0.2796610169491525,0.12121212121212122,0.1111111111111111,95.48484848484848,0.5454545454545454,0.8787878787878788,87.43076923076923
681168,FS,Splitter,Offspeed,50,0.211864406779661,0.32142857142857145,0.3,83.016,0.54,0.6785714285714286,80.02631578947368
681168,SI,Sinker,Fastball,49,0.2076271186440678,0.17857142857142858,0.0,94.62244897959184,0.5714285714285714,0.8214285714285714,83.4913043478261
681190,FF,4-Seam FB,Fastball,758,0.31969633066216785,0.20603015075376885,0.14594594594594595,95.09511873350924,0.5567282321899736,0.7939698492462312,84.73400673400674
681190,FC,Cutter,Fastball,568,0.23956136651202026,0.20640569395017794,0.18,90.95686619718309,0.5563380281690141,0.7935943060498221,84.5952380952381
681190,SI,Sinker,Fastball,391,0.16490932096161956,0.10396039603960396,0.08196721311475409,95.08567774936061,0.6624040920716112,0.8960396039603961,87.31428571428572
681190,CH,Changeup,Offspeed,206,0.08688317165752847,0.275,0.2702702702702703,88.58543689320389,0.2621359223300971,0.725,86.50727272727272
681190,CU,Curveball,Breaking,199,0.08393083087304935,0.18518518518518517,0.16326530612244897,83.96683417085426,0.47738693467336685,0.8148148148148149,85.34342105263158
681190,SL,Slider,Breaking,138,0.05820328975115985,0.24358974358974358,0.1794871794871795,86.01884057971013,0.37681159420289856,0.7564102564102564,81.73684210526316
681190,ST,Sweeper,Breaking,111,0.04681568958245466,0.14285714285714285,0.043478260869565216,84.29639639639639,0.4144144144144144,0.8571428571428572,83.4404255319149
681217,FF,4-Seam FB,Fastball,489,0.42118863049095606,0.376,0.3191489361702128,95.88997955010224,0.5541922290388548,0.624,80.43401360544217
681217,FS,Splitter,Offspeed,287,0.24720068906115417,0.38636363636363635,0.34328358208955223,88.1,0.2613240418118467,0.6136363636363636,81.07571428571428
681217,ST,Sweeper,Breaking,244,0.21016365202411713,0.29411764705882354,0.25,85.9155737704918,0.45081967213114754,0.7058823529411764,78.86865671641792
681217,SI,Sinker,Fastball,141,0.12144702842377261,0.08955223880597014,0.1111111111111111,95.6886524822695,0.5390070921985816,0.9104477611940298,84.1396551724138
681252,FF,4-Seam FB,Fastball,66,0.3384615384615385,0.06451612903225806,0.1111111111111111,90.96969696969697,0.6818181818181818,0.935483870967742,84.7642857142857
681252,SL,Slider,Breaking,47,0.24102564102564103,0.4583333333333333,0.6666666666666666,84.39787234042552,0.3617021276595745,0.5416666666666667,83.53333333333333
681252,FS,Splitter,Offspeed,44,0.22564102564102564,0.41379310344827586,0.29411764705882354,81.9068181818182,0.5454545454545454,0.5862068965517242,74.32666666666665
681293,CU,Curveball,Breaking,665,0.34243048403707516,0.4032258064516129,0.4298245614035088,76.48586466165415,0.36541353383458647,0.5967741935483871,79.3376811594203
681293,FF,4-Seam FB,Fastball,546,0.2811534500514933,0.1889763779527559,0.1724137931034483,92.40457875457875,0.5256410256410257,0.8110236220472441,83.21191709844561
681293,ST,Sweeper,Breaking,225,0.11585993820803296,0.2604166666666667,0.3142857142857143,79.69911111111111,0.4088888888888889,0.7395833333333333,81.59090909090908
681293,SI,Sinker,Fastball,204,0.10504634397528322,0.0975609756097561,0.13333333333333333,92.14803921568625,0.5343137254901961,0.9024390243902439,82.42676056338028
681293,CH,Changeup,Offspeed,155,0.07981462409886715,0.25396825396825395,0.05263157894736842,84.23096774193547,0.3225806451612903,0.746031746031746,79.09767441860464
681293,FC,Cutter,Fastball,131,0.0674562306900103,0.140625,0.125,87.78625954198473,0.6335877862595419,0.859375,85.41176470588235
681320,FF,4-Seam FB,Fastball,216,0.7346938775510204,0.2641509433962264,0.2777777777777778,92.40138888888889,0.5833333333333334,0.7358490566037736,82.27368421052631
681320,SL,Slider,Breaking,31,0.1054421768707483,0.13333333333333333,0.0,84.95806451612903,0.6129032258064516,0.8666666666666667,84.95833333333336
681343,FF,4-Seam FB,Fastball,78,0.26174496644295303,0.2692307692307692,0.2,95.3269230769231,0.3974358974358974,0.7307692307692308,78.85
681343,CU,Curveball,Breaking,65,0.2181208053691275,0.375,0.2857142857142857,82.22615384615386,0.4461538461538462,0.625,77.84375
681343,CH,Changeup,Offspeed,56,0.18791946308724833,0.28,0.16666666666666666,90.29464285714286,0.32142857142857145,0.72,71.95
681343,SI,Sinker,Fastball,54,0.18120805369127516,0.1111111111111111,0.16666666666666666,96.15555555555555,0.5,0.8888888888888888,77.8
681343,SL,Slider,Breaking,45,0.15100671140939598,0.13636363636363635,0.14285714285714285,90.07333333333334,0.5777777777777777,0.8636363636363636,89.13684210526317
681347,FF,4-Seam FB,Fastball,468,0.2846715328467153,0.12093023255813953,0.11764705882352941,94.92970085470085,0.5170940170940171,0.8790697674418605,85.34782608695652
681347,CH,Changeup,Offspeed,441,0.26824817518248173,0.3133047210300429,0.25287356321839083,86.68163265306124,0.41950113378684806,0.6866952789699571,82.0951048951049
681347,SL,Slider,Breaking,274,0.16666666666666666,0.26973684210526316,0.18867924528301888,89.53029197080292,0.5291970802919708,0.7302631578947368,83.39805825242719
681347,CU,Curveball,Breaking,234,0.14233576642335766,0.23255813953488372,0.23404255319148937,79.0405982905983,0.36324786324786323,0.7674418604651163,80.78148148148148
681347,SI,Sinker,Fastball,227,0.1380778588807786,0.10236220472440945,0.16666666666666666,94.51629955947139,0.5550660792951542,0.8976377952755905,81.8440366972477
681402,FF,4-Seam FB,Fastball,361,0.5739268680445151,0.20441988950276244,0.2054794520547945,95.09556786703601,0.5401662049861495,0.7955801104972375,85.82878787878788
681402,SL,Slider,Breaking,248,0.3942766295707472,0.2459016393442623,0.28888888888888886,87.56048387096774,0.49193548387096775,0.7540983606557377,82.48539325842698
681517,FF,4-Seam FB,Fastball,625,0.2600915522263837,0.17120622568093385,0.22950819672131148,94.22,0.5104,0.8287937743190661,86.27638190954774
681517,SL,Slider,Breaking,394,0.16396171452351227,0.22959183673469388,0.39473684210526316,89.41319796954313,0.5406091370558376,0.7704081632653061,83.72689655172415
681517,CU,Curveball,Breaking,389,0.1618809821057012,0.2727272727272727,0.24719101123595505,82.99845758354756,0.42159383033419023,0.7272727272727273,84.34260869565217
681517,CH,Changeup,Offspeed,343,0.14273824386183936,0.32142857142857145,0.3,88.600583090379,0.37900874635568516,0.6785714285714286,82.73823529411764
681517,ST,Sweeper,Breaking,328,0.13649604660840617,0.25903614457831325,0.21333333333333335,84.78384146341463,0.4420731707317073,0.7409638554216867,80.26052631578948
681517,SI,Sinker,Fastball,323,0.1344153141905951,0.12337662337662338,0.1076923076923077,94.15913312693498,0.6594427244582043,0.8766233766233766,83.7396694214876
681520,SL,Slider,Breaking,35,0.4268292682926829,0.2777777777777778,0.3333333333333333,87.87714285714286,0.4857142857142857,0.7222222222222222,76.5375
681544,FF,4-Seam FB,Fastball,167,0.5107033639143731,0.23529411764705882,0.1935483870967742,96.49221556886228,0.49101796407185627,0.7647058823529411,81.86065573770492
681544,SL,Slider,Breaking,104,0.3180428134556575,0.46153846153846156,0.42857142857142855,87.09807692307692,0.41346153846153844,0.5384615384615384,83.22857142857141
681544,FC,Cutter,Fastball,51,0.1559633027522936,0.3157894736842105,0.0,89.91960784313724,0.43137254901960786,0.6842105263157895,71.125
681676,SL,Slider,Breaking,167,0.4315245478036176,0.4117647058823529,0.41025641025641024,87.63293413173653,0.3413173652694611,0.5882352941176471,81.35416666666667
681676,FF,4-Seam FB,Fastball,158,0.4082687338501292,0.20270270270270271,0.19047619047619047,94.72151898734177,0.5632911392405063,0.7972972972972973,85.1896551724138
681676,CH,Changeup,Offspeed,46,0.11886304909560723,0.5,0.2222222222222222,87.28478260869565,0.3695652173913043,0.5,77.56666666666666
681751,FF,4-Seam FB,Fastball,128,0.43537414965986393,0.1774193548387097,0.13793103448275862,92.86328125,0.546875,0.8225806451612903,85.54565217391304
681751,FC,Cutter,Fastball,75,0.25510204081632654,0.1891891891891892,0.0,86.488,0.44,0.8108108108108107,80.32592592592592
681751,CU,Curveball,Breaking,42,0.14285714285714285,0.26666666666666666,0.14285714285714285,76.1547619047619,0.42857142857142855,0.7333333333333334,80.7625
681799,FC,Cutter,Fastball,203,0.4393939393939394,0.1827956989247312,0.15384615384615385,92.95960591133006,0.5615763546798029,0.8172043010752688,85.62739726027398
681799,ST,Sweeper,Breaking,180,0.38961038961038963,0.3108108108108108,0.3103448275862069,83.6138888888889,0.4111111111111111,0.6891891891891893,85.61200000000001
681799,SI,Sinker,Fastball,79,0.170995670995671,0.14705882352941177,0.0,93.73797468354431,0.34177215189873417,0.8529411764705882,82.66666666666664
681810,ST,Sweeper,Breaking,434,0.45732349841938885,0.2727272727272727,0.2,84.83248847926268,0.4539170506912442,0.7272727272727273,81.46666666666665
681810,SI,Sinker,Fastball,263,0.27713382507903056,0.1276595744680851,0.20454545454545456,94.08403041825096,0.5627376425855514,0.8723404255319149,82.99342105263158
681810,FF,4-Seam FB,Fastball,149,0.15700737618545837,0.4838709677419355,0.375,93.91543624161073,0.3288590604026846,0.5161290322580645,82.75714285714285
681810,CU,Curveball,Breaking,66,0.06954689146469968,0.275,0.23333333333333334,84.15757575757576,0.3181818181818182,0.725,82.77586206896552
681867,SI,Sinker,Fastball,201,0.2757201646090535,0.09803921568627451,0.05263157894736842,90.68706467661691,0.6417910447761194,0.9019607843137255,84.9635294117647
681867,CH,Changeup,Offspeed,194,0.2661179698216735,0.24324324324324326,0.26,85.22268041237112,0.33505154639175255,0.7567567567567568,79.41265822784811
681867,FC,Cutter,Fastball,159,0.21810699588477367,0.3076923076923077,0.3225806451612903,87.12893081761007,0.4591194968553459,0.6923076923076923,74.36200000000001
681867,ST,Sweeper,Breaking,126,0.1728395061728395,0.2222222222222222,0.18181818181818182,78.26269841269841,0.46825396825396826,0.7777777777777778,82.83548387096774
681867,FF,4-Seam FB,Fastball,45,0.06172839506172839,0.2631578947368421,0.2,90.61777777777777,0.3333333333333333,0.736842105263158,79.82857142857142
681870,FF,4-Seam FB,Fastball,562,0.6386363636363637,0.25296442687747034,0.2261904761904762,94.07099644128114,0.5088967971530249,0.7470355731225297,82.66455696202532
681870,CU,Curveball,Breaking,161,0.18295454545454545,0.3333333333333333,0.3055555555555556,81.76273291925466,0.35403726708074534,0.6666666666666667,80.38095238095238
681870,SL,Slider,Breaking,157,0.1784090909090909,0.43023255813953487,0.5,86.55350318471338,0.4394904458598726,0.5697674418604651,81.15777777777778
681892,FC,Cutter,Fastball,325,0.34908700322234154,0.3395061728395062,0.36538461538461536,92.46984615384616,0.49538461538461537,0.6604938271604939,78.82038834951456
681892,SI,Sinker,Fastball,319,0.3426423200859291,0.13178294573643412,0.1935483870967742,92.9128526645768,0.554858934169279,0.8682170542635659,78.85346534653465
681892,ST,Sweeper,Breaking,184,0.19763694951664876,0.21518987341772153,0.23214285714285715,81.60054347826087,0.33152173913043476,0.7848101265822784,77.61
681892,CH,Changeup,Offspeed,58,0.06229860365198711,0.08,0.0,88.90689655172415,0.5344827586206896,0.92,86.18636363636364
681892,SL,Slider,Breaking,45,0.04833512352309345,0.25,0.5,87.45333333333332,0.3333333333333333,0.75,72.89999999999999
681895,SI,Sinker,Fastball,256,0.30732292917166865,0.1595744680851064,0.2,91.14375000000001,0.5234375,0.8404255319148937,80.84324324324324
681895,CU,Curveball,Breaking,221,0.2653061224489796,0.3103448275862069,0.23076923076923078,77.6343891402715,0.4434389140271493,0.6896551724137931,74.30000000000001
681895,FF,4-Seam FB,Fastball,144,0.17286914765906364,0.32,0.36363636363636365,91.52708333333334,0.4166666666666667,0.6799999999999999,79.05957446808512
681895,ST,Sweeper,Breaking,138,0.16566626650660263,0.34545454545454546,0.32142857142857145,80.33333333333333,0.34782608695652173,0.6545454545454545,82.29428571428572
681895,CH,Changeup,Offspeed,74,0.08883553421368548,0.2857142857142857,0.25,83.58648648648648,0.33783783783783783,0.7142857142857143,82.145
681911,FF,4-Seam FB,Fastball,581,0.5543893129770993,0.25752508361204013,0.264,92.10034423407917,0.47676419965576594,0.7424749163879598,82.50707070707071
681911,SL,Slider,Breaking,319,0.30438931297709926,0.4233576642335766,0.3709677419354839,84.37523510971788,0.44200626959247646,0.5766423357664234,77.74520547945205
681911,CH,Changeup,Offspeed,148,0.14122137404580154,0.4857142857142857,0.21739130434782608,82.75608108108109,0.42567567567567566,0.5142857142857142,77.12647058823529
681916,FF,4-Seam FB,Fastball,402,0.5718349928876245,0.24102564102564103,0.24705882352941178,95.59701492537313,0.5323383084577115,0.7589743589743589,81.19014084507042
681916,ST,Sweeper,Breaking,157,0.2233285917496444,0.2840909090909091,0.28205128205128205,86.01019108280255,0.4585987261146497,0.7159090909090908,80.82372881355933
681916,SI,Sinker,Fastball,58,0.08250355618776671,0.08333333333333333,0.25,95.27241379310345,0.5689655172413793,0.9166666666666666,85.02777777777777
681916,CU,Curveball,Breaking,44,0.06258890469416785,0.25,1.0,80.775,0.45454545454545453,0.75,86.11111111111111
681916,FS,Splitter,Offspeed,42,0.059743954480796585,0.4,0.4,86.05,0.2857142857142857,0.6,85.94999999999999
681973,FC,Cutter,Fastball,32,0.4444444444444444,0.3333333333333333,0.16666666666666666,86.47187500000001,0.5,0.6666666666666667,79.92727272727272
681982,ST,Sweeper,Breaking,357,0.3703319502074689,0.39375,0.3142857142857143,81.14425770308124,0.3585434173669468,0.60625,79.42777777777778
681982,FF,4-Seam FB,Fastball,344,0.35684647302904565,0.21666666666666667,0.19480519480519481,93.41947674418606,0.5174418604651163,0.7833333333333333,83.46515151515152
681982,SI,Sinker,Fastball,230,0.23858921161825727,0.102803738317757,0.0,93.03826086956524,0.6086956521739131,0.897196261682243,81.66444444444446
681982,CH,Changeup,Offspeed,33,0.03423236514522822,0.1875,0.2,86.23636363636365,0.24242424242424243,0.8125,82.25833333333333
682052,FF,4-Seam FB,Fastball,796,0.3462374945628534,0.19756838905775076,0.18045112781954886,90.3391959798995,0.507537688442211,0.8024316109422492,82.38385826771653
682052,SL,Slider,Breaking,776,0.3375380600260983,0.2823834196891192,0.26344086021505375,76.16817010309278,0.422680412371134,0.7176165803108808,74.60984251968503
682052,FC,Cutter,Fastball,461,0.2005219660722053,0.24423963133640553,0.32,86.16637744034706,0.5422993492407809,0.7557603686635945,81.39000000000001
682052,CH,Changeup,Offspeed,199,0.08655937364071335,0.25773195876288657,0.17857142857142858,82.40452261306532,0.37185929648241206,0.7422680412371134,77.40588235294118
682052,SI,Sinker,Fastball,67,0.029143105698129623,0.15384615384615385,0.0,89.75223880597014,0.5223880597014925,0.8461538461538461,81.26666666666668
682120,CU,Curveball,Breaking,318,0.3081395348837209,0.34285714285714286,0.2916666666666667,80.25534591194969,0.33647798742138363,0.6571428571428571,78.48275862068965
682120,SL,Slider,Breaking,258,0.25,0.4748201438848921,0.31746031746031744,87.21937984496124,0.3992248062015504,0.525179856115108,83.34117647058825
682120,SI,Sinker,Fastball,240,0.23255813953488372,0.1834862385321101,0.125,93.63958333333333,0.525,0.8165137614678899,81.90123456790124
682120,FF,4-Seam FB,Fastball,212,0.2054263565891473,0.17346938775510204,0.20588235294117646,94.67877358490567,0.5707547169811321,0.826530612244898,83.71315789473684
682227,FC,Cutter,Fastball,343,0.3282296650717703,0.18292682926829268,0.30952380952380953,89.74868804664725,0.5451895043731778,0.8170731707317074,81.90080645161291
682227,CH,Changeup,Offspeed,221,0.21148325358851675,0.32038834951456313,0.2222222222222222,85.53257918552038,0.35294117647058826,0.6796116504854368,81.81060606060606
682227,FF,4-Seam FB,Fastball,165,0.15789473684210525,0.10714285714285714,0.047619047619047616,92.98727272727274,0.4666666666666667,0.8928571428571429,83.28478260869565
682227,ST,Sweeper,Breaking,124,0.11866028708133972,0.36619718309859156,0.3488372093023256,81.95161290322582,0.4274193548387097,0.6338028169014085,81.45714285714287
682227,SI,Sinker,Fastball,98,0.0937799043062201,0.12727272727272726,0.0625,93.35102040816327,0.5510204081632653,0.8727272727272728,86.13333333333333
682227,CU,Curveball,Breaking,94,0.08995215311004785,0.05,0.0,75.37340425531916,0.43617021276595747,0.95,75.80555555555556
682243,FF,4-Seam FB,Fastball,744,0.3946949602122016,0.2191780821917808,0.21428571428571427,95.9534946236559,0.5456989247311828,0.7808219178082192,83.80349206349206
682243,FS,Splitter,Offspeed,441,0.2339522546419098,0.32421875,0.2846153846153846,84.59410430839003,0.47165532879818595,0.67578125,80.001875
682243,SL,Slider,Breaking,214,0.11352785145888594,0.28703703703703703,0.22727272727272727,87.27429906542055,0.48598130841121495,0.712962962962963,84.34533333333333
682243,SI,Sinker,Fastball,162,0.08594164456233422,0.016666666666666666,0.0,95.25432098765432,0.5617283950617284,0.9833333333333333,81.17884615384614
682243,ST,Sweeper,Breaking,136,0.07214854111405836,0.22807017543859648,0.25,83.70735294117648,0.29411764705882354,0.7719298245614035,79.50731707317074
682243,FC,Cutter,Fastball,107,0.05676392572944297,0.3387096774193548,0.0,91.15046728971961,0.45794392523364486,0.6612903225806452,83.52432432432433
682243,KC,Knuckle-Curve,Breaking,80,0.042440318302387266,0.2682926829268293,0.27586206896551724,82.91999999999999,0.2875,0.7317073170731707,78.51111111111112
682254,FF,4-Seam FB,Fastball,560,0.46434494195688225,0.30526315789473685,0.3467741935483871,98.45517857142858,0.5267857142857143,0.6947368421052631,82.36455026455026
682254,SI,Sinker,Fastball,286,0.23714759535655058,0.3308270676691729,0.2564102564102564,98.74020979020978,0.5804195804195804,0.6691729323308271,85.05316455696203
682254,CU,Curveball,Breaking,167,0.1384742951907131,0.36585365853658536,0.25,86.47784431137724,0.3592814371257485,0.6341463414634146,82.62653061224489
682254,SL,Slider,Breaking,166,0.13764510779436154,0.4024390243902439,0.34285714285714286,89.64216867469878,0.3192771084337349,0.5975609756097561,76.85
682274,FF,4-Seam FB,Fastball,93,0.4189189189189189,0.30952380952380953,0.3333333333333333,95.752688172043,0.4946236559139785,0.6904761904761905,79.32083333333333
682274,FS,Splitter,Offspeed,70,0.3153153153153153,0.42857142857142855,0.2857142857142857,86.53857142857144,0.37142857142857144,0.5714285714285714,84.68181818181819
682274,SL,Slider,Breaking,59,0.26576576576576577,0.3333333333333333,0.3333333333333333,86.57796610169491,0.5254237288135594,0.6666666666666667,81.23333333333333
682445,FF,4-Seam FB,Fastball,50,0.3875968992248062,0.17391304347826086,0.1111111111111111,92.86800000000001,0.54,0.8260869565217391,81.04705882352941
682445,SL,Slider,Breaking,46,0.35658914728682173,0.35,0.3333333333333333,86.2,0.41304347826086957,0.65,85.98333333333333
682445,SI,Sinker,Fastball,31,0.24031007751937986,0.058823529411764705,0.0,92.86774193548389,0.5483870967741935,0.9411764705882353,89.16000000000001
682608,FF,4-Seam FB,Fastball,418,0.4184184184184184,0.2048780487804878,0.2247191011235955,93.08516746411483,0.6196172248803827,0.7951219512195122,81.4095890410959
682608,CH,Changeup,Offspeed,398,0.3983983983983984,0.3090909090909091,0.2912621359223301,83.33793969849246,0.40954773869346733,0.6909090909090909,81.24225352112674
682608,SL,Slider,Breaking,183,0.1831831831831832,0.24358974358974358,0.16666666666666666,86.56939890710383,0.48633879781420764,0.7564102564102564,80.55636363636364
682610,SL,Slider,Breaking,69,0.41317365269461076,0.5333333333333333,0.42857142857142855,85.51159420289856,0.2753623188405797,0.4666666666666667,87.78333333333335
682610,FF,4-Seam FB,Fastball,37,0.2215568862275449,0.25,0.2,95.15675675675678,0.43243243243243246,0.75,87.41111111111111
682610,FC,Cutter,Fastball,34,0.20359281437125748,0.2,0.0,90.99117647058824,0.4411764705882353,0.8,85.57272727272726
682785,FF,4-Seam FB,Fastball,31,0.5,0.25,0.2857142857142857,96.72258064516129,0.41935483870967744,0.75,88.36666666666666
682825,SI,Sinker,Fastball,437,0.6019283746556474,0.2631578947368421,0.2857142857142857,97.87757437070938,0.5583524027459954,0.736842105263158,83.04960000000001
682825,SL,Slider,Breaking,262,0.3608815426997245,0.3829787234042553,0.45652173913043476,85.15763358778626,0.366412213740458,0.6170212765957447,84.66603773584906
682842,SI,Sinker,Fastball,580,0.614406779661017,0.20155038759689922,0.2222222222222222,98.74724137931034,0.5172413793103449,0.7984496124031008,83.85364583333333
682842,SL,Slider,Breaking,360,0.3813559322033898,0.3724137931034483,0.3125,87.80222222222223,0.43333333333333335,0.6275862068965516,77.72142857142858
682982,FF,4-Seam FB,Fastball,169,0.6190476190476191,0.4186046511627907,0.38235294117647056,98.81775147928992,0.4970414201183432,0.5813953488372092,84.25454545454545
682982,SL,Slider,Breaking,79,0.2893772893772894,0.27906976744186046,0.21428571428571427,92.0240506329114,0.3924050632911392,0.7209302325581395,77.36451612903227
682989,FC,Cutter,Fastball,272,0.4641638225255973,0.34285714285714286,0.28888888888888886,91.94154411764706,0.4632352941176471,0.6571428571428571,83.48809523809524
682989,FF,4-Seam FB,Fastball,138,0.2354948805460751,0.24242424242424243,0.28,97.3159420289855,0.391304347826087,0.7575757575757576,82.12978723404255
682989,SI,Sinker,Fastball,76,0.1296928327645051,0.15151515151515152,0.5,96.34342105263157,0.5263157894736842,0.8484848484848485,86.97037037037038
682989,FS,Splitter,Offspeed,75,0.12798634812286688,0.4117647058823529,0.3333333333333333,92.10000000000001,0.24,0.5882352941176471,81.35714285714286
682995,FF,4-Seam FB,Fastball,171,0.3904109589041096,0.2077922077922078,0.2222222222222222,94.11228070175439,0.5029239766081871,0.7922077922077921,83.08771929824562
682995,SL,Slider,Breaking,103,0.23515981735159816,0.21951219512195122,0.09090909090909091,82.35825242718447,0.4077669902912621,0.7804878048780488,77.971875
682995,SI,Sinker,Fastball,75,0.17123287671232876,0.09090909090909091,0.25,93.50533333333333,0.5866666666666667,0.9090909090909091,83.98461538461538
682995,CH,Changeup,Offspeed,39,0.08904109589041095,0.2222222222222222,0.5,85.93589743589743,0.2564102564102564,0.7777777777777778,82.14285714285714
682995,ST,Sweeper,Breaking,30,0.0684931506849315,0.3076923076923077,0.375,82.76666666666667,0.3333333333333333,0.6923076923076923,76.14444444444445
683000,SL,Slider,Breaking,335,0.48905109489051096,0.5095541401273885,0.3246753246753247,84.87432835820896,0.34626865671641793,0.49044585987261147,78.48732394366198
683000,FF,4-Seam FB,Fastball,251,0.36642335766423356,0.13709677419354838,0.08888888888888889,96.49681274900398,0.5258964143426295,0.8629032258064516,84.33
683000,FC,Cutter,Fastball,99,0.14452554744525548,0.34146341463414637,0.6,90.02222222222225,0.3939393939393939,0.6585365853658536,82.17826086956522
683003,FF,4-Seam FB,Fastball,762,0.4663402692778458,0.2328042328042328,0.29133858267716534,98.21482939632546,0.5380577427821522,0.7671957671957672,83.92035714285714
683003,SL,Slider,Breaking,556,0.3402692778457772,0.4143835616438356,0.392,89.87643884892087,0.48201438848920863,0.5856164383561644,83.33051948051948
683003,CH,Changeup,Offspeed,181,0.11077111383108935,0.3855421686746988,0.39285714285714285,92.80994475138121,0.3149171270718232,0.6144578313253012,87.65121951219511
683003,CU,Curveball,Breaking,135,0.08261933904528763,0.4107142857142857,0.34782608695652173,85.6659259259259,0.3851851851851852,0.5892857142857143,81.18148148148147
683004,FF,4-Seam FB,Fastball,554,0.3812801101169993,0.22545454545454546,0.19791666666666666,96.71281588447654,0.5234657039711191,0.7745454545454545,83.31414141414142
683004,SL,Slider,Breaking,265,0.182381280110117,0.3360655737704918,0.27450980392156865,86.54037735849056,0.47547169811320755,0.6639344262295082,85.60632911392405
683004,CH,Changeup,Offspeed,256,0.17618719889883,0.30708661417322836,0.25757575757575757,90.04804687500001,0.4296875,0.6929133858267716,82.52405063291138
683004,FC,Cutter,Fastball,141,0.09704060564349622,0.2222222222222222,0.38095238095238093,93.02695035460992,0.41134751773049644,0.7777777777777778,80.4673076923077
683004,CU,Curveball,Breaking,126,0.08671713695801789,0.375,0.2,81.84365079365078,0.4126984126984127,0.625,81.64166666666667
683004,SI,Sinker,Fastball,111,0.07639366827253957,0.08620689655172414,0.0,95.8189189189189,0.5675675675675675,0.9137931034482758,82.10851063829786
683155,FF,4-Seam FB,Fastball,43,0.344,0.34782608695652173,0.2857142857142857,93.29302325581396,0.4883720930232558,0.6521739130434783,83.39333333333335
683175,FF,4-Seam FB,Fastball,326,0.5,0.1282051282051282,0.14705882352941177,98.27944785276074,0.5,0.8717948717948718,85.45104166666665
683175,ST,Sweeper,Breaking,304,0.4662576687116564,0.36428571428571427,0.31666666666666665,86.03289473684211,0.3980263157894737,0.6357142857142857,84.13536585365854
683232,FF,4-Seam FB,Fastball,146,0.369620253164557,0.08955223880597014,0.06896551724137931,94.77602739726028,0.4931506849315068,0.9104477611940298,82.71724137931035
683232,SL,Slider,Breaking,111,0.2810126582278481,0.32142857142857145,0.22580645161290322,84.69909909909909,0.42342342342342343,0.6785714285714286,86.4735294117647
683232,CU,Curveball,Breaking,52,0.13164556962025317,0.26666666666666666,0.3333333333333333,81.31153846153846,0.4230769230769231,0.7333333333333334,78.31
683232,SI,Sinker,Fastball,44,0.11139240506329114,0.041666666666666664,0.0,93.76136363636364,0.6136363636363636,0.9583333333333334,89.54347826086956
683232,CH,Changeup,Offspeed,42,0.10632911392405063,0.3333333333333333,0.25,84.45238095238095,0.16666666666666666,0.6666666666666667,69.4857142857143
683352,FF,4-Seam FB,Fastball,338,0.465564738292011,0.1377245508982036,0.18461538461538463,90.96449704142012,0.5059171597633136,0.8622754491017964,80.78897058823529
683352,SV,Slurve,Breaking,169,0.2327823691460055,0.18571428571428572,0.225,79.58816568047337,0.5266272189349113,0.8142857142857143,82.02264150943395
683352,CH,Changeup,Offspeed,71,0.09779614325068871,0.10526315789473684,0.09090909090909091,84.71971830985915,0.36619718309859156,0.8947368421052632,84.07241379310346
683352,SL,Slider,Breaking,65,0.08953168044077135,0.2857142857142857,0.0,86.5646153846154,0.4307692307692308,0.7142857142857143,78.22173913043478
683352,SI,Sinker,Fastball,57,0.07851239669421488,0.0,0.0,90.8298245614035,0.5789473684210527,1.0,82.18799999999999
683363,FF,4-Seam FB,Fastball,237,0.5656324582338902,0.19469026548672566,0.2608695652173913,90.42827004219409,0.5316455696202531,0.8053097345132744,82.56279069767442
683363,CH,Changeup,Offspeed,96,0.22911694510739858,0.25,0.2727272727272727,83.94479166666666,0.3541666666666667,0.75,84.14583333333333
683363,SL,Slider,Breaking,60,0.1431980906921241,0.12,0.16666666666666666,79.21666666666665,0.4166666666666667,0.88,90.38571428571429
683409,CH,Changeup,Offspeed,125,0.4222972972972973,0.35714285714285715,0.27586206896551724,89.76559999999999,0.368,0.6428571428571428,81.9361111111111
683409,SL,Slider,Breaking,111,0.375,0.4,0.35714285714285715,91.16666666666667,0.4864864864864865,0.6,81.96451612903228
683409,FF,4-Seam FB,Fastball,60,0.20270270270270271,0.14814814814814814,0.2,98.02333333333334,0.4666666666666667,0.8518518518518519,84.11363636363636
683618,FF,4-Seam FB,Fastball,336,0.34146341463414637,0.3275862068965517,0.35135135135135137,100.68154761904762,0.4523809523809524,0.6724137931034483,83.20275229357799
683618,SI,Sinker,Fastball,245,0.24898373983739838,0.140625,0.16,100.85551020408163,0.5224489795918368,0.859375,79.3631067961165
683618,SL,Slider,Breaking,217,0.22052845528455284,0.4175824175824176,0.4186046511627907,87.49170506912441,0.3640552995391705,0.5824175824175823,77.03399999999999
683618,FC,Cutter,Fastball,145,0.14735772357723578,0.35365853658536583,0.2222222222222222,94.73793103448276,0.503448275862069,0.6463414634146342,85.48478260869565
683618,CU,Curveball,Breaking,41,0.041666666666666664,0.3,0.16666666666666666,82.11463414634146,0.1951219512195122,0.7,72.56666666666666
683627,FF,4-Seam FB,Fastball,273,0.4739583333333333,0.19863013698630136,0.22033898305084745,96.35018315018314,0.5567765567765568,0.8013698630136986,80.84684684684684
683627,CH,Changeup,Offspeed,125,0.2170138888888889,0.18461538461538463,0.13043478260869565,87.10320000000002,0.408,0.8153846153846154,81.30576923076924
683627,CU,Curveball,Breaking,80,0.1388888888888889,0.3076923076923077,0.1875,84.50625,0.475,0.6923076923076923,81.86
683627,SL,Slider,Breaking,68,0.11805555555555555,0.37037037037037035,0.2857142857142857,88.0191176470588,0.45588235294117646,0.6296296296296297,80.375
683734,KN,Knuckleball,Breaking,50,0.6024096385542169,0.29411764705882354,0.3333333333333333,49.166000000000004,0.2,0.7058823529411764,86.79166666666667
683742,FF,4-Seam FB,Fastball,160,0.45977011494252873,0.0958904109589041,0.15,95.08687499999999,0.5125,0.904109589041096,83.50923076923077
683742,SL,Slider,Breaking,141,0.4051724137931034,0.2878787878787879,0.2413793103448276,85.08156028368795,0.4397163120567376,0.7121212121212122,79.85128205128204
683742,CH,Changeup,Offspeed,47,0.13505747126436782,0.375,0.25,88.25531914893617,0.3191489361702128,0.625,84.26666666666667
683769,SL,Slider,Breaking,490,0.49847405900305186,0.32954545454545453,0.3218390804597701,89.5120654396728,0.4714285714285714,0.6704545454545454,80.73515151515151
683769,FF,4-Seam FB,Fastball,290,0.2950152594099695,0.2,0.2,95.14724137931033,0.5586206896551724,0.8,83.85955882352941
683769,CH,Changeup,Offspeed,196,0.19938962360122076,0.39705882352941174,0.3333333333333333,79.68163265306123,0.37755102040816324,0.6029411764705883,73.79189189189188
684007,FF,4-Seam FB,Fastball,1188,0.40040444893832156,0.20804195804195805,0.21739130434782608,91.60505050505051,0.5033670033670034,0.791958041958042,84.01232227488151
684007,FS,Splitter,Offspeed,1023,0.3447927199191102,0.42012779552715657,0.3129496402877698,82.79511241446724,0.3998044965786901,0.5798722044728435,78.90562130177516
684007,ST,Sweeper,Breaking,433,0.1459386585776879,0.32142857142857145,0.26666666666666666,81.0921478060046,0.4133949191685912,0.6785714285714286,80.9616
684007,SI,Sinker,Fastball,180,0.06066734074823053,0.1958762886597938,0.15384615384615385,90.2261111111111,0.5722222222222222,0.8041237113402062,87.99054054054055
684007,CU,Curveball,Breaking,87,0.029322548028311426,0.2,0.0,74.48275862068967,0.5517241379310345,0.8,75.79375
684007,SL,Slider,Breaking,56,0.01887428378833839,0.3125,0.09090909090909091,86.27142857142857,0.5357142857142857,0.6875,76.86315789473683
684049,FF,4-Seam FB,Fastball,178,0.5476923076923077,0.34375,0.25,96.87921348314607,0.4943820224719101,0.65625,85.68688524590164
684049,SL,Slider,Breaking,136,0.41846153846153844,0.4482758620689655,0.2916666666666667,86.35367647058823,0.39705882352941174,0.5517241379310345,81.99
684320,SL,Slider,Breaking,78,0.39,0.11764705882352941,0.15384615384615385,85.73333333333335,0.5512820512820513,0.8823529411764706,81.88620689655171
684320,FS,Splitter,Offspeed,51,0.255,0.3181818181818182,0.36363636363636365,88.1941176470588,0.3137254901960784,0.6818181818181819,85.53076923076924
684320,FF,4-Seam FB,Fastball,43,0.215,0.1875,0.0,95.38837209302328,0.4418604651162791,0.8125,75.68461538461537
684442,FF,4-Seam FB,Fastball,165,0.4319371727748691,0.13924050632911392,0.20689655172413793,91.56181818181817,0.5454545454545454,0.8607594936708861,84.70454545454545
684442,CH,Changeup,Offspeed,73,0.19109947643979058,0.3611111111111111,0.5,81.6027397260274,0.2876712328767123,0.6388888888888888,75.20434782608694
684442,CU,Curveball,Breaking,65,0.17015706806282724,0.2777777777777778,0.09090909090909091,78.49692307692308,0.4153846153846154,0.7222222222222222,82.60833333333333
684442,FC,Cutter,Fastball,44,0.11518324607329843,0.2777777777777778,0.0,86.17954545454546,0.4772727272727273,0.7222222222222222,88.66923076923075
684442,SL,Slider,Breaking,35,0.09162303664921466,0.17647058823529413,0.0,81.70571428571428,0.5428571428571428,0.8235294117647058,85.52857142857144
684665,FF,4-Seam FB,Fastball,209,0.5485564304461942,0.23863636363636365,0.23809523809523808,95.66985645933015,0.49760765550239233,0.7613636363636364,82.29374999999999
684665,FC,Cutter,Fastball,80,0.2099737532808399,0.18421052631578946,0.1111111111111111,90.40875,0.3625,0.8157894736842105,78.53999999999999
684665,SL,Slider,Breaking,63,0.16535433070866143,0.29411764705882354,0.3076923076923077,84.32539682539681,0.4444444444444444,0.7058823529411764,78.89999999999999
684974,CH,Changeup,Offspeed,340,0.5354330708661418,0.3314917127071823,0.3291139240506329,78.9364705882353,0.4588235294117647,0.6685082872928176,76.5158878504673
684974,SI,Sinker,Fastball,108,0.1700787401574803,0.13513513513513514,0.14285714285714285,94.41203703703704,0.4537037037037037,0.8648648648648649,83.07666666666667
684974,FF,4-Seam FB,Fastball,103,0.16220472440944883,0.16216216216216217,0.1875,94.25728155339804,0.4854368932038835,0.8378378378378378,82.06206896551724
684974,FC,Cutter,Fastball,79,0.12440944881889764,0.34285714285714286,0.1111111111111111,90.72531645569619,0.379746835443038,0.6571428571428571,81.17142857142858
685005,SL,Slider,Breaking,71,0.3271889400921659,0.3333333333333333,0.29411764705882354,87.25352112676057,0.5070422535211268,0.6666666666666667,81.36842105263158
685005,SI,Sinker,Fastball,65,0.2995391705069124,0.13333333333333333,0.1111111111111111,95.7,0.5692307692307692,0.8666666666666667,80.02083333333333
685005,FF,4-Seam FB,Fastball,64,0.29493087557603687,0.3103448275862069,0.23076923076923078,95.9375,0.421875,0.6896551724137931,83.55
685112,FC,Cutter,Fastball,110,0.4365079365079365,0.3148148148148148,0.3181818181818182,88.53909090909092,0.5363636363636364,0.6851851851851851,84.88787878787878
685112,FF,4-Seam FB,Fastball,86,0.3412698412698413,0.225,0.21052631578947367,93.87093023255814,0.5581395348837209,0.775,86.62999999999998
685112,ST,Sweeper,Breaking,53,0.21031746031746032,0.3333333333333333,0.09090909090909091,83.81886792452829,0.20754716981132076,0.6666666666666667,83.89166666666667
685126,FF,4-Seam FB,Fastball,322,0.38748495788206977,0.2689655172413793,0.35185185185185186,89.98291925465838,0.4906832298136646,0.7310344827586207,82.96363636363635
685126,SL,Slider,Breaking,285,0.34296028880866425,0.33793103448275863,0.3050847457627119,83.91719298245614,0.4456140350877193,0.6620689655172414,81.54597701149426
685126,CH,Changeup,Offspeed,163,0.19614921780986763,0.30303030303030304,0.3333333333333333,84.75889570552148,0.25153374233128833,0.696969696969697,84.47999999999999
685126,SI,Sinker,Fastball,58,0.06979542719614922,0.21739130434782608,0.14285714285714285,89.08275862068966,0.46551724137931033,0.782608695652174,80.7875
685299,FF,4-Seam FB,Fastball,750,0.4290617848970252,0.2091346153846154,0.19186046511627908,92.67439999999999,0.5853333333333334,0.7908653846153846,84.6300319488818
685299,CH,Changeup,Offspeed,383,0.21910755148741418,0.24311926605504589,0.1791044776119403,84.54856396866842,0.4412532637075718,0.7568807339449541,83.08662420382167
685299,SL,Slider,Breaking,367,0.20995423340961097,0.2215909090909091,0.21568627450980393,86.78446866485014,0.555858310626703,0.7784090909090909,83.57906976744185
685299,CU,Curveball,Breaking,168,0.09610983981693363,0.21739130434782608,0.2222222222222222,81.2625,0.39285714285714285,0.782608695652174,81.7
685299,SI,Sinker,Fastball,45,0.02574370709382151,0.14285714285714285,0.0,92.00666666666667,0.5111111111111111,0.8571428571428572,93.6058823529412
685299,FC,Cutter,Fastball,35,0.02002288329519451,0.07142857142857142,0.0,89.55142857142856,0.5428571428571428,0.9285714285714286,81.225
685464,FF,4-Seam FB,Fastball,106,0.34868421052631576,0.30952380952380953,0.2857142857142857,95.81981132075471,0.5094339622641509,0.6904761904761905,83.47692307692309
685464,CU,Curveball,Breaking,85,0.27960526315789475,0.3448275862068966,0.3125,79.45764705882354,0.3176470588235294,0.6551724137931034,74.24705882352941
685464,FC,Cutter,Fastball,72,0.23684210526315788,0.16279069767441862,0.09090909090909091,92.2388888888889,0.6111111111111112,0.8372093023255813,85.06363636363638
685464,SI,Sinker,Fastball,39,0.12828947368421054,0.17647058823529413,0.2,95.4923076923077,0.6153846153846154,0.8235294117647058,84.10000000000001
685801,FF,4-Seam FB,Fastball,189,0.5080645161290323,0.2,0.3157894736842105,96.48148148148148,0.4708994708994709,0.8,86.3142857142857
685801,SL,Slider,Breaking,154,0.41397849462365593,0.43478260869565216,0.30434782608695654,88.76103896103896,0.34415584415584416,0.5652173913043479,82.65714285714286
686218,FF,4-Seam FB,Fastball,906,0.43142857142857144,0.3054393305439331,0.2727272727272727,94.3294701986755,0.45253863134657835,0.6945606694560669,83.66741935483871
686218,SL,Slider,Breaking,622,0.29619047619047617,0.36666666666666664,0.3708609271523179,86.60980707395498,0.4405144694533762,0.6333333333333333,81.48324873096448
686218,CH,Changeup,Offspeed,324,0.15428571428571428,0.25149700598802394,0.1951219512195122,85.38055555555556,0.4382716049382716,0.7485029940119761,84.4563025210084
686218,CU,Curveball,Breaking,248,0.1180952380952381,0.29545454545454547,0.2,77.67379032258064,0.4879032258064516,0.7045454545454546,81.23859649122808
686475,EP,EP,Other,106,1.0,0.027777777777777776,0.0,46.609433962264156,0.24528301886792453,0.9722222222222222,89.49428571428572
686560,FC,Cutter,Fastball,173,0.3326923076923077,0.2112676056338028,0.18181818181818182,90.71445086705201,0.5144508670520231,0.7887323943661972,85.9679245283019
686560,FF,4-Seam FB,Fastball,141,0.27115384615384613,0.375,0.30303030303030304,97.4163120567376,0.36879432624113473,0.625,84.64999999999999
686560,ST,Sweeper,Breaking,115,0.22115384615384615,0.2711864406779661,0.16666666666666666,85.89913043478262,0.4782608695652174,0.728813559322034,82.3081081081081
686560,SI,Sinker,Fastball,91,0.175,0.043478260869565216,0.0,95.90219780219783,0.5604395604395604,0.9565217391304348,79.3952380952381
686563,FF,4-Seam FB,Fastball,44,0.55,0.2916666666666667,0.16666666666666666,94.7681818181818,0.45454545454545453,0.7083333333333333,80.57058823529411
686580,FC,Cutter,Fastball,233,0.4221014492753623,0.16822429906542055,0.2857142857142857,93.42103004291845,0.6008583690987125,0.8317757009345794,84.5635294117647
686580,FF,4-Seam FB,Fastball,139,0.25181159420289856,0.2125,0.25,96.52446043165466,0.49640287769784175,0.7875,82.95084745762712
686580,ST,Sweeper,Breaking,95,0.1721014492753623,0.4318181818181818,0.45,85.94526315789474,0.3368421052631579,0.5681818181818181,77.808
686580,SI,Sinker,Fastball,65,0.11775362318840579,0.2647058823529412,0.375,97.26923076923077,0.5846153846153846,0.7352941176470589,82.33043478260869
686610,CU,Curveball,Breaking,67,0.3489583333333333,0.36666666666666664,0.23529411764705882,81.55820895522388,0.43283582089552236,0.6333333333333333,79.01052631578948
686610,FF,4-Seam FB,Fastball,63,0.328125,0.09523809523809523,0.25,93.31269841269841,0.38095238095238093,0.9047619047619048,77.29374999999999
686610,FC,Cutter,Fastball,45,0.234375,0.25925925925925924,0.0,87.62444444444444,0.4666666666666667,0.7407407407407407,77.92222222222222
686613,SI,Sinker,Fastball,614,0.307,0.2159090909090909,0.14606741573033707,96.01400651465799,0.5358306188925082,0.7840909090909091,78.78358974358974
686613,FF,4-Seam FB,Fastball,608,0.304,0.23236514522821577,0.25,96.19407894736842,0.4605263157894737,0.7676348547717842,84.61656804733728
686613,KC,Knuckle-Curve,Breaking,363,0.1815,0.36423841059602646,0.42045454545454547,83.43415977961432,0.3608815426997245,0.6357615894039735,83.01954022988507
686613,CH,Changeup,Offspeed,176,0.088,0.3783783783783784,0.29411764705882354,87.57727272727271,0.3693181818181818,0.6216216216216216,81.0804347826087
686613,SL,Slider,Breaking,176,0.088,0.21428571428571427,0.17647058823529413,90.65511363636364,0.4602272727272727,0.7857142857142857,79.12542372881356
686613,FC,Cutter,Fastball,42,0.021,0.34782608695652173,0.4,93.05714285714285,0.5,0.6521739130434783,78.66000000000001
686730,ST,Sweeper,Breaking,37,0.43529411764705883,0.3,0.14285714285714285,79.2108108108108,0.4594594594594595,0.7,77.06428571428572
686751,FF,4-Seam FB,Fastball,292,0.4605678233438486,0.2677165354330709,0.3018867924528302,97.71541095890412,0.4726027397260274,0.7322834645669292,84.5732558139535
686751,SL,Slider,Breaking,210,0.3312302839116719,0.32,0.21621621621621623,88.37047619047618,0.5190476190476191,0.6799999999999999,79.77575757575757
686751,SI,Sinker,Fastball,57,0.08990536277602523,0.1111111111111111,1.0,95.71929824561404,0.47368421052631576,0.8888888888888888,87.27391304347827
686751,CU,Curveball,Breaking,32,0.050473186119873815,0.45454545454545453,0.5714285714285714,82.165625,0.1875,0.5454545454545454,73.6
686751,ST,Sweeper,Breaking,31,0.04889589905362776,0.3,0.3076923076923077,84.67419354838708,0.4838709677419355,0.7,85.02307692307694
686752,FF,4-Seam FB,Fastball,37,0.4868421052631579,0.0,0.0,93.26486486486486,0.5135135135135135,1.0,88.67142857142858
686753,SL,Slider,Breaking,104,0.33986928104575165,0.4117647058823529,0.35294117647058826,87.05384615384618,0.5576923076923077,0.5882352941176471,85.69666666666666
686753,CH,Changeup,Offspeed,64,0.20915032679738563,0.30303030303030304,0.16666666666666666,89.5609375,0.390625,0.696969696969697,77.14782608695653
686753,FF,4-Seam FB,Fastball,62,0.20261437908496732,0.16,0.09090909090909091,96.76935483870969,0.3870967741935484,0.84,84.52631578947368
686753,SI,Sinker,Fastball,54,0.17647058823529413,0.07692307692307693,0.0,95.67962962962963,0.5925925925925926,0.9230769230769231,89.17727272727274
686790,SI,Sinker,Fastball,678,0.5745762711864407,0.09797297297297297,0.10989010989010989,93.43849557522124,0.5929203539823009,0.902027027027027,86.20285714285713
686790,SL,Slider,Breaking,309,0.261864406779661,0.4,0.3392857142857143,85.82718446601942,0.35275080906148865,0.6,82.61733333333335
686790,CH,Changeup,Offspeed,172,0.14576271186440679,0.33707865168539325,0.3235294117647059,83.7767441860465,0.29069767441860467,0.6629213483146068,77.184
686799,SI,Sinker,Fastball,470,0.3778135048231511,0.16666666666666666,0.18032786885245902,95.78404255319148,0.5191489361702127,0.8333333333333334,87.7656050955414
686799,CH,Changeup,Offspeed,293,0.23553054662379422,0.3670886075949367,0.35185185185185186,89.92252559726964,0.4778156996587031,0.6329113924050633,79.51290322580645
686799,FF,4-Seam FB,Fastball,267,0.21463022508038584,0.18699186991869918,0.2,96.21573033707864,0.4419475655430712,0.8130081300813008,83.06595744680851
686799,SL,Slider,Breaking,214,0.1720257234726688,0.36764705882352944,0.23809523809523808,85.94439252336448,0.37383177570093457,0.6323529411764706,80.3609756097561
686930,FF,4-Seam FB,Fastball,447,0.49174917491749176,0.19786096256684493,0.2702702702702703,94.86040268456377,0.44742729306487694,0.8021390374331551,83.48028169014086
686930,SL,Slider,Breaking,162,0.1782178217821782,0.2625,0.25,87.32777777777778,0.49382716049382713,0.7375,80.58749999999999
686930,ST,Sweeper,Breaking,138,0.15181518151815182,0.24615384615384617,0.25,83.60072463768117,0.427536231884058,0.7538461538461538,78.96530612244898
686930,CU,Curveball,Breaking,93,0.10231023102310231,0.13513513513513514,0.21428571428571427,78.99569892473117,0.4731182795698925,0.8648648648648649,83.60333333333332
686930,CH,Changeup,Offspeed,69,0.07590759075907591,0.36,0.6666666666666666,85.34637681159421,0.2608695652173913,0.64,87.81333333333333
686934,FF,4-Seam FB,Fastball,143,0.4307228915662651,0.3287671232876712,0.2702702702702703,99.42097902097903,0.5174825174825175,0.6712328767123288,85.38666666666668
686934,SI,Sinker,Fastball,89,0.2680722891566265,0.09090909090909091,0.0,99.13932584269662,0.5617977528089888,0.9090909090909091,82.10833333333332
686934,SL,Slider,Breaking,72,0.21686746987951808,0.41935483870967744,0.1875,87.15555555555555,0.4166666666666667,0.5806451612903225,84.71176470588236
686973,FF,4-Seam FB,Fastball,520,0.41139240506329117,0.25089605734767023,0.2619047619047619,98.78653846153846,0.5980769230769231,0.7491039426523298,81.42272727272727
686973,KC,Knuckle-Curve,Breaking,385,0.3045886075949367,0.35294117647058826,0.2911392405063291,87.65298701298701,0.33766233766233766,0.6470588235294117,83.95794392523365
686973,CH,Changeup,Offspeed,225,0.17800632911392406,0.3870967741935484,0.4117647058823529,93.08177777777779,0.3288888888888889,0.6129032258064516,82.11212121212121
686973,SL,Slider,Breaking,103,0.0814873417721519,0.1896551724137931,0.2,92.05339805825243,0.6213592233009708,0.8103448275862069,78.8906976744186
686973,SI,Sinker,Fastball,31,0.0245253164556962,0.0,0.0,96.92580645161289,0.3870967741935484,1.0,78.35555555555555
686993,FF,4-Seam FB,Fastball,289,0.3958904109589041,0.20382165605095542,0.15384615384615385,93.49031141868512,0.532871972318339,0.7961783439490446,82.84661016949153
686993,FC,Cutter,Fastball,225,0.3082191780821918,0.312,0.225,88.65911111111113,0.5288888888888889,0.688,85.24578313253012
686993,ST,Sweeper,Breaking,216,0.2958904109589041,0.4387755102040816,0.41025641025641024,81.36805555555556,0.3148148148148148,0.5612244897959184,79.27358490566037
687064,FF,4-Seam FB,Fastball,1014,0.4007905138339921,0.21311475409836064,0.16748768472906403,94.38984220907298,0.5078895463510849,0.7868852459016393,82.86674757281551
687064,FS,Splitter,Offspeed,478,0.18893280632411066,0.28193832599118945,0.27058823529411763,84.45627615062762,0.35564853556485354,0.7180616740088106,83.24407894736842
687064,SL,Slider,Breaking,393,0.15533596837944663,0.41624365482233505,0.422680412371134,84.51806615776081,0.4071246819338422,0.583756345177665,82.58181818181818
687064,SI,Sinker,Fastball,349,0.13794466403162056,0.0898876404494382,0.14285714285714285,93.88252148997135,0.5931232091690545,0.9101123595505618,83.67337662337663
687064,CU,Curveball,Breaking,296,0.11699604743083004,0.24719101123595505,0.28125,75.19155405405407,0.4155405405405405,0.752808988764045,80.94920634920634
687075,SI,Sinker,Fastball,471,0.26327557294577975,0.1708542713567839,0.1791044776119403,96.15796178343949,0.5329087048832272,0.8291457286432161,82.74794520547945
687075,FF,4-Seam FB,Fastball,432,0.24147568474007824,0.2336448598130841,0.25742574257425743,96.78726851851852,0.5879629629629629,0.7663551401869159,83.69551282051282
687075,FC,Cutter,Fastball,374,0.20905533817775293,0.2388888888888889,0.15625,92.98475935828878,0.5454545454545454,0.7611111111111111,82.18479999999998
687075,ST,Sweeper,Breaking,184,0.10285075461151481,0.4,0.34782608695652173,86.20869565217392,0.3641304347826087,0.6,80.64883720930231
687075,CU,Curveball,Breaking,181,0.10117384013415316,0.32926829268292684,0.35185185185185186,82.94585635359115,0.2596685082872928,0.6707317073170731,82.55333333333333
687075,CH,Changeup,Offspeed,147,0.08216880939072108,0.3283582089552239,0.16666666666666666,91.37823129251701,0.3673469387755102,0.6716417910447761,81.435
687134,FF,4-Seam FB,Fastball,64,0.26666666666666666,0.17647058823529413,0.10526315789473684,95.7484375,0.484375,0.8235294117647058,79.61538461538461
687134,SL,Slider,Breaking,38,0.15833333333333333,0.1111111111111111,0.2857142857142857,87.75263157894736,0.5263157894736842,0.8888888888888888,89.0142857142857
687134,FS,Splitter,Offspeed,36,0.15,0.1875,0.0,89.17500000000001,0.5,0.8125,85.73333333333333
687134,CU,Curveball,Breaking,33,0.1375,0.5384615384615384,0.5,83.5121212121212,0.42424242424242425,0.46153846153846156,84.1
687209,FF,4-Seam FB,Fastball,197,0.6042944785276073,0.14130434782608695,0.10526315789473684,98.74670050761421,0.5888324873096447,0.8586956521739131,84.69473684210527
687209,ST,Sweeper,Breaking,70,0.2147239263803681,0.28125,0.21052631578947367,86.4657142857143,0.34285714285714286,0.71875,84.8941176470588
687209,FC,Cutter,Fastball,59,0.18098159509202455,0.2,0.0,92.76440677966103,0.4745762711864407,0.8,86.23124999999999
687223,ST,Sweeper,Breaking,131,0.4185303514376997,0.30985915492957744,0.20512820512820512,73.85648854961832,0.35877862595419846,0.6901408450704225,73.65555555555555
687223,SI,Sinker,Fastball,102,0.3258785942492013,0.06976744186046512,0.2,90.58823529411765,0.5588235294117647,0.9302325581395349,83.76052631578946
687223,FF,4-Seam FB,Fastball,49,0.15654952076677317,0.22727272727272727,0.25,91.18775510204082,0.3877551020408163,0.7727272727272727,78.47058823529412
687223,FC,Cutter,Fastball,31,0.09904153354632587,0.26666666666666666,0.0,82.04193548387097,0.5806451612903226,0.7333333333333334,67.84
687239,FF,4-Seam FB,Fastball,176,0.5714285714285714,0.20212765957446807,0.11428571428571428,95.96647727272729,0.48863636363636365,0.7978723404255319,81.82753623188407
687239,SL,Slider,Breaking,120,0.38961038961038963,0.3389830508474576,0.2727272727272727,87.88916666666667,0.4083333333333333,0.6610169491525424,80.65428571428572
687273,FF,4-Seam FB,Fastball,359,0.3851931330472103,0.2422360248447205,0.2545454545454545,93.46072423398329,0.479108635097493,0.7577639751552795,83.62478632478631
687273,SL,Slider,Breaking,210,0.22532188841201717,0.2636363636363636,0.3157894736842105,84.85761904761904,0.5190476190476191,0.7363636363636363,84.124
687273,CH,Changeup,Offspeed,152,0.1630901287553648,0.4305555555555556,0.27586206896551724,83.03947368421052,0.34210526315789475,0.5694444444444444,80.76216216216216
687273,CU,Curveball,Breaking,119,0.1276824034334764,0.20930232558139536,0.25,75.7840336134454,0.48739495798319327,0.7906976744186046,82.59375
687273,SI,Sinker,Fastball,92,0.09871244635193133,0.20512820512820512,0.1111111111111111,92.93369565217391,0.5760869565217391,0.7948717948717949,84.21111111111112
687309,FF,4-Seam FB,Fastball,132,0.5196850393700787,0.2413793103448276,0.16,90.4159090909091,0.5,0.7586206896551724,76.73170731707317
687309,ST,Sweeper,Breaking,58,0.2283464566929134,0.375,0.25,77.53275862068966,0.3620689655172414,0.625,76.01333333333334
687309,CH,Changeup,Offspeed,40,0.15748031496062992,0.23809523809523808,0.23076923076923078,81.02250000000001,0.475,0.7619047619047619,72.41874999999999
687312,FF,4-Seam FB,Fastball,568,0.4973730297723292,0.18275862068965518,0.18253968253968253,92.4132042253521,0.5915492957746479,0.8172413793103448,81.58508771929826
687312,CU,Curveball,Breaking,138,0.12084063047285463,0.2903225806451613,0.34285714285714286,78.71884057971015,0.34057971014492755,0.7096774193548387,81.48947368421052
687312,CH,Changeup,Offspeed,127,0.11120840630472854,0.1,0.06666666666666667,87.80944881889765,0.3937007874015748,0.9,83.2897435897436
687312,SI,Sinker,Fastball,119,0.1042031523642732,0.25,0.23809523809523808,92.86470588235295,0.5378151260504201,0.75,79.73749999999998
687312,ST,Sweeper,Breaking,99,0.08669001751313485,0.2558139534883721,0.2,85.5040404040404,0.41414141414141414,0.7441860465116279,85.91379310344827
687312,SL,Slider,Breaking,91,0.0796847635726795,0.2608695652173913,0.14285714285714285,86.48351648351648,0.45054945054945056,0.7391304347826086,82.93235294117648
687330,SI,Sinker,Fastball,581,0.5729783037475346,0.16433566433566432,0.17567567567567569,91.32564543889845,0.6282271944922547,0.8356643356643356,84.06318181818183
687330,CH,Changeup,Offspeed,281,0.27712031558185407,0.34615384615384615,0.37142857142857144,85.84768683274022,0.29537366548042704,0.6538461538461539,82.22696629213483
687330,ST,Sweeper,Breaking,75,0.07396449704142012,0.2,0.25,78.324,0.41333333333333333,0.8,81.52916666666667
687330,FF,4-Seam FB,Fastball,71,0.07001972386587771,0.36666666666666664,0.34615384615384615,93.13661971830986,0.28169014084507044,0.6333333333333333,83.24444444444444
687377,SL,Slider,Breaking,303,0.38697318007662834,0.28104575163398693,0.1935483870967742,86.74191419141914,0.47194719471947194,0.7189542483660131,79.594
687377,FF,4-Seam FB,Fastball,221,0.2822477650063857,0.28,0.18032786885245902,96.92171945701357,0.45248868778280543,0.72,83.38045977011495
687377,SI,Sinker,Fastball,133,0.1698595146871009,0.09722222222222222,0.0,96.84436090225566,0.5112781954887218,0.9027777777777778,80.07540983606557
687377,CH,Changeup,Offspeed,126,0.16091954022988506,0.44,0.3333333333333333,86.48253968253971,0.2777777777777778,0.56,72.28
687396,FF,4-Seam FB,Fastball,652,0.487658937920718,0.20891364902506965,0.1836734693877551,94.12668711656441,0.6165644171779141,0.7910863509749304,82.95538461538462
687396,SL,Slider,Breaking,404,0.3021690351533283,0.47,0.3875,84.31559405940594,0.3787128712871287,0.53,80.15473684210527
687396,FS,Splitter,Offspeed,166,0.12415856394913986,0.5061728395061729,0.4857142857142857,84.67831325301204,0.1566265060240964,0.49382716049382713,71.26944444444445
687396,SI,Sinker,Fastball,115,0.08601346297681377,0.16666666666666666,0.10526315789473684,93.3504347826087,0.5043478260869565,0.8333333333333334,80.38958333333333
687473,FF,4-Seam FB,Fastball,411,0.2862116991643454,0.23267326732673269,0.2336448598130841,94.6807785888078,0.537712895377129,0.7673267326732673,84.71438356164383
687473,CH,Changeup,Offspeed,190,0.13231197771587744,0.18072289156626506,0.10256410256410256,87.16000000000001,0.4473684210526316,0.8192771084337349,84.01538461538462
687473,ST,Sweeper,Breaking,189,0.13161559888579388,0.1414141414141414,0.1875,81.6126984126984,0.5396825396825397,0.8585858585858586,81.34444444444443
687473,SI,Sinker,Fastball,175,0.12186629526462396,0.2222222222222222,0.2,93.14342857142857,0.5371428571428571,0.7777777777777778,79.29833333333333
687473,FC,Cutter,Fastball,172,0.11977715877437325,0.28888888888888886,0.21428571428571427,89.31860465116279,0.5755813953488372,0.7111111111111111,82.94918032786885
687473,SL,Slider,Breaking,168,0.116991643454039,0.15789473684210525,0.15151515151515152,85.36250000000001,0.6071428571428571,0.8421052631578947,88.7448717948718
687473,CU,Curveball,Breaking,131,0.09122562674094707,0.2033898305084746,0.28,78.41145038167939,0.5190839694656488,0.7966101694915254,86.53777777777779
687531,FF,4-Seam FB,Fastball,96,0.4824120603015075,0.3902439024390244,0.4,95.4875,0.4479166666666667,0.6097560975609756,85.56
687531,ST,Sweeper,Breaking,44,0.22110552763819097,0.32142857142857145,0.14285714285714285,81.63181818181818,0.4772727272727273,0.6785714285714286,79.57058823529414
687562,FF,4-Seam FB,Fastball,569,0.3516687268232386,0.20382165605095542,0.20588235294117646,92.77891036906854,0.5272407732864675,0.7961783439490446,82.53516949152542
687562,CH,Changeup,Offspeed,438,0.27070457354758964,0.32684824902723736,0.25663716814159293,83.52191780821919,0.365296803652968,0.6731517509727627,79.63962264150943
687562,SI,Sinker,Fastball,388,0.23980222496909764,0.12435233160621761,0.08571428571428572,92.34226804123712,0.6211340206185567,0.8756476683937824,82.77243589743588
687562,ST,Sweeper,Breaking,123,0.07601977750309023,0.37037037037037035,0.2962962962962963,79.57235772357724,0.2926829268292683,0.6296296296296297,78.61724137931036
687562,FC,Cutter,Fastball,60,0.037082818294190356,0.3333333333333333,0.0,85.02666666666666,0.6,0.6666666666666667,82.52727272727272
687562,CU,Curveball,Breaking,40,0.024721878862793572,0.17647058823529413,0.16666666666666666,78.795,0.15,0.8235294117647058,73.13571428571429
687570,SL,Slider,Breaking,613,0.2965650701499758,0.3116883116883117,0.29457364341085274,87.94747145187603,0.5089722675367048,0.6883116883116883,81.89206349206349
687570,FF,4-Seam FB,Fastball,546,0.2641509433962264,0.15613382899628253,0.10989010989010989,95.56520146520147,0.5183150183150184,0.8438661710037174,84.0701923076923
687570,CU,Curveball,Breaking,385,0.18626028059990324,0.38125,0.35106382978723405,83.27766233766233,0.4,0.61875,80.73563218390805
687570,SI,Sinker,Fastball,316,0.1528785679729076,0.09333333333333334,0.1388888888888889,95.01170886075951,0.5791139240506329,0.9066666666666666,85.12954545454545
687570,CH,Changeup,Offspeed,207,0.10014513788098693,0.19801980198019803,0.3225806451612903,86.69468599033816,0.391304347826087,0.801980198019802,82.75405405405404
687606,FC,Cutter,Fastball,272,0.4459016393442623,0.203125,0.28,88.82058823529412,0.5,0.796875,80.62978723404255
687606,FF,4-Seam FB,Fastball,207,0.33934426229508197,0.1414141414141414,0.17307692307692307,93.57198067632851,0.4975845410628019,0.8585858585858586,85.36708860759494
687606,CH,Changeup,Offspeed,87,0.14262295081967213,0.2413793103448276,0.0,86.67011494252874,0.22988505747126436,0.7586206896551724,82.29047619047618
687606,SL,Slider,Breaking,44,0.07213114754098361,0.23529411764705882,0.16666666666666666,84.75909090909092,0.36363636363636365,0.7647058823529411,86.48461538461538
687765,FC,Cutter,Fastball,76,0.38,0.16666666666666666,0.18181818181818182,91.87105263157896,0.618421052631579,0.8333333333333334,86.71818181818183
687765,SL,Slider,Breaking,40,0.2,0.3076923076923077,0.25,84.47999999999999,0.475,0.6923076923076923,83.05555555555556
687765,SI,Sinker,Fastball,34,0.17,0.0,0.0,92.49117647058824,0.35294117647058826,1.0,86.51333333333334
687765,CU,Curveball,Breaking,33,0.165,0.4375,0.5,81.56363636363636,0.21212121212121213,0.5625,91.0875
687792,FF,4-Seam FB,Fastball,62,0.484375,0.30303030303030304,0.3333333333333333,92.85806451612903,0.5483870967741935,0.696969696969697,84.24545454545456
687792,CH,Changeup,Offspeed,38,0.296875,0.2,0.14285714285714285,82.42631578947368,0.39473684210526316,0.8,77.70666666666666
687849,FF,4-Seam FB,Fastball,143,0.41690962099125367,0.13333333333333333,0.25,92.72027972027972,0.5524475524475524,0.8666666666666667,84.76885245901639
687849,SL,Slider,Breaking,134,0.39067055393586003,0.2786885245901639,0.19230769230769232,87.30223880597015,0.44029850746268656,0.7213114754098361,83.91315789473684
687849,CU,Curveball,Breaking,57,0.1661807580174927,0.2692307692307692,0.15789473684210525,82.03508771929825,0.42105263157894735,0.7307692307692308,83.61111111111113
687911,FF,4-Seam FB,Fastball,615,0.5476402493321461,0.1891891891891892,0.19078947368421054,91.99528455284553,0.5008130081300813,0.8108108108108107,81.21764705882353
687911,ST,Sweeper,Breaking,298,0.2653606411398041,0.22058823529411764,0.22916666666666666,81.31375838926175,0.4664429530201342,0.7794117647058824,80.30294117647058
687911,SI,Sinker,Fastball,198,0.176313446126447,0.10843373493975904,0.07407407407407407,91.54595959595959,0.5757575757575758,0.891566265060241,80.41940298507461
687931,CH,Changeup,Offspeed,216,0.3500810372771475,0.392,0.2553191489361702,83.3712962962963,0.41203703703703703,0.608,83.98472222222222
687931,FF,4-Seam FB,Fastball,215,0.34846029173419774,0.12658227848101267,0.125,92.7693023255814,0.4325581395348837,0.8734177215189873,87.265625
687931,SL,Slider,Breaking,101,0.16369529983792544,0.28,0.18181818181818182,85.05346534653465,0.45544554455445546,0.72,86.49999999999999
687931,SI,Sinker,Fastball,57,0.09238249594813615,0.16666666666666666,0.0,92.88771929824561,0.5087719298245614,0.8333333333333334,85.97857142857143
687941,FF,4-Seam FB,Fastball,206,0.40551181102362205,0.15315315315315314,0.16666666666666666,95.35388349514564,0.5728155339805825,0.8468468468468469,82.24606741573034
687941,SL,Slider,Breaking,176,0.3464566929133858,0.21153846153846154,0.23076923076923078,88.52499999999999,0.4431818181818182,0.7884615384615384,81.81733333333332
687941,SI,Sinker,Fastball,111,0.21850393700787402,0.08695652173913043,0.07142857142857142,94.44234234234234,0.5315315315315315,0.9130434782608696,88.30750000000002
688107,ST,Sweeper,Breaking,477,0.25158227848101267,0.2672413793103448,0.2755905511811024,80.47945492662474,0.480083857442348,0.7327586206896552,81.17806451612904
688107,SI,Sinker,Fastball,437,0.23048523206751054,0.13372093023255813,0.07272727272727272,92.68215102974828,0.6041189931350115,0.8662790697674418,83.74895104895106
688107,FF,4-Seam FB,Fastball,424,0.22362869198312235,0.2892561983471074,0.27049180327868855,92.88584905660379,0.5023584905660378,0.7107438016528926,79.24382716049382
688107,FC,Cutter,Fastball,350,0.18459915611814345,0.21390374331550802,0.07407407407407407,88.506,0.5685714285714286,0.786096256684492,83.29153846153847
688107,CH,Changeup,Offspeed,198,0.10443037974683544,0.23404255319148937,0.21212121212121213,88.2449494949495,0.3939393939393939,0.7659574468085106,81.92121212121212
688158,FF,4-Seam FB,Fastball,204,0.31825273010920435,0.24778761061946902,0.21951219512195122,97.78578431372547,0.5686274509803921,0.752212389380531,83.6896103896104
688158,SI,Sinker,Fastball,179,0.2792511700468019,0.1875,0.15384615384615385,96.92737430167598,0.4972067039106145,0.8125,78.92131147540985
688158,CU,Curveball,Breaking,145,0.22620904836193448,0.38461538461538464,0.4166666666666667,82.6496551724138,0.30344827586206896,0.6153846153846154,81.11764705882354
688158,SL,Slider,Breaking,113,0.17628705148205928,0.41379310344827586,0.47058823529411764,87.98230088495575,0.48672566371681414,0.5862068965517242,84.24516129032257
688297,SI,Sinker,Fastball,360,0.4951856946354883,0.14772727272727273,0.20930232558139536,96.3475,0.5527777777777778,0.8522727272727273,84.92518518518519
688297,FF,4-Seam FB,Fastball,171,0.23521320495185694,0.26582278481012656,0.30952380952380953,95.01988304093565,0.4093567251461988,0.7341772151898734,80.40178571428571
688297,FC,Cutter,Fastball,147,0.20220082530949107,0.15714285714285714,0.2,89.11632653061224,0.5170068027210885,0.8428571428571429,83.33703703703704
688297,ST,Sweeper,Breaking,43,0.059147180192572216,0.15384615384615385,0.0,85.95813953488371,0.4883720930232558,0.8461538461538461,78.39999999999999
688497,FF,4-Seam FB,Fastball,42,0.40384615384615385,0.14285714285714285,0.25,90.22380952380952,0.6904761904761905,0.8571428571428572,83.35555555555555
688642,FF,4-Seam FB,Fastball,377,0.24166666666666667,0.14835164835164835,0.1111111111111111,94.39681697612731,0.4880636604774536,0.8516483516483516,87.44930555555555
688642,FC,Cutter,Fastball,341,0.2185897435897436,0.1751412429378531,0.15789473684210525,91.81730205278592,0.5425219941348973,0.8248587570621468,85.03722627737227
688642,ST,Sweeper,Breaking,263,0.1685897435897436,0.3425925925925926,0.34285714285714286,84.03460076045627,0.44106463878326996,0.6574074074074074,83.37343750000001
688642,SI,Sinker,Fastball,218,0.13974358974358975,0.02631578947368421,0.047619047619047616,93.55504587155963,0.536697247706422,0.9736842105263158,85.71698113207547
688642,SL,Slider,Breaking,190,0.12179487179487179,0.2719298245614035,0.22857142857142856,84.92526315789472,0.4263157894736842,0.7280701754385965,81.32000000000001
688642,FS,Splitter,Offspeed,171,0.10961538461538461,0.4318181818181818,0.3235294117647059,86.14561403508773,0.19883040935672514,0.5681818181818181,80.6391304347826
688692,FF,4-Seam FB,Fastball,37,0.3978494623655914,0.2,0.3333333333333333,94.57567567567565,0.5405405405405406,0.8,79.61666666666666
688692,SI,Sinker,Fastball,32,0.34408602150537637,0.125,0.0,94.64375000000001,0.34375,0.875,84.70000000000002
688883,FF,4-Seam FB,Fastball,244,0.5236051502145923,0.28703703703703703,0.19444444444444445,95.44836065573772,0.5409836065573771,0.712962962962963,85.35555555555555
688883,CU,Curveball,Breaking,109,0.23390557939914164,0.2777777777777778,0.15789473684210525,81.66146788990827,0.44954128440366975,0.7222222222222222,83.85833333333333
688883,SL,Slider,Breaking,107,0.2296137339055794,0.358974358974359,0.1111111111111111,85.61495327102801,0.3177570093457944,0.641025641025641,77.72083333333335
689017,FF,4-Seam FB,Fastball,84,0.44919786096256686,0.11904761904761904,0.0,93.69404761904762,0.5833333333333334,0.8809523809523809,87.97777777777779
689017,CH,Changeup,Offspeed,45,0.24064171122994651,0.375,0.3,85.17999999999999,0.4,0.625,80.9857142857143
689017,SL,Slider,Breaking,31,0.1657754010695187,0.17647058823529413,0.3333333333333333,86.8258064516129,0.5161290322580645,0.8235294117647058,81.22857142857143
689147,ST,Sweeper,Breaking,466,0.42019837691614065,0.26153846153846155,0.32558139534883723,86.99914163090128,0.4570815450643777,0.7384615384615385,81.01742424242424
689147,FF,4-Seam FB,Fastball,378,0.3408476104598738,0.3253012048192771,0.265625,97.12222222222223,0.5026455026455027,0.6746987951807228,83.84901960784312
689147,SI,Sinker,Fastball,203,0.18304779080252478,0.125,0.038461538461538464,96.23990147783252,0.5024630541871922,0.875,78.63823529411764
689147,FS,Splitter,Offspeed,62,0.05590622182146077,0.3684210526315789,0.4,92.09516129032258,0.08064516129032258,0.631578947368421,77.48181818181818
689149,FC,Cutter,Fastball,111,0.4269230769230769,0.2127659574468085,0.23529411764705882,93.02072072072072,0.4774774774774775,0.7872340425531915,84.04571428571428
689149,CU,Curveball,Breaking,74,0.2846153846153846,0.24,0.25,84.02027027027027,0.21621621621621623,0.76,86.91052631578948
689149,ST,Sweeper,Breaking,69,0.2653846153846154,0.375,0.3684210526315789,84.0913043478261,0.42028985507246375,0.625,84.05555555555556
689225,FF,4-Seam FB,Fastball,160,0.4134366925064599,0.19318181818181818,0.18518518518518517,95.55875,0.53125,0.8068181818181819,83.75147058823529
689225,SL,Slider,Breaking,70,0.18087855297157623,0.2765957446808511,0.23809523809523808,89.56428571428572,0.5,0.7234042553191489,79.11612903225806
689225,SI,Sinker,Fastball,60,0.15503875968992248,0.08695652173913043,0.0,95.77,0.6,0.9130434782608696,85.02380952380953
689225,CH,Changeup,Offspeed,54,0.13953488372093023,0.14814814814814814,0.18181818181818182,89.68518518518519,0.37037037037037035,0.8518518518518519,76.9578947368421
689225,CU,Curveball,Breaking,43,0.1111111111111111,0.5294117647058824,0.5454545454545454,85.86511627906975,0.27906976744186046,0.47058823529411764,86.925
689254,FC,Cutter,Fastball,529,0.5,0.241635687732342,0.2403846153846154,90.79810964083175,0.5217391304347826,0.758364312267658,80.88571428571427
689254,ST,Sweeper,Breaking,415,0.39224952741020797,0.3484848484848485,0.30666666666666664,82.16530120481926,0.44096385542168676,0.6515151515151515,78.0825
689254,CH,Changeup,Offspeed,114,0.10775047258979206,0.2692307692307692,0.2777777777777778,87.41140350877194,0.2631578947368421,0.7307692307692308,78.55714285714286
689266,SI,Sinker,Fastball,489,0.6029593094944513,0.25842696629213485,0.22115384615384615,93.89672801635992,0.49079754601226994,0.7415730337078652,81.47340425531915
689266,FC,Cutter,Fastball,283,0.34895191122071517,0.3375796178343949,0.37037037037037035,87.11378091872791,0.43462897526501765,0.6624203821656052,82.95591397849462
689266,SL,Slider,Breaking,38,0.0468557336621455,0.5384615384615384,0.6,82.43421052631578,0.15789473684210525,0.46153846153846156,94.15000000000002
689296,ST,Sweeper,Breaking,305,0.3071500503524673,0.4583333333333333,0.41333333333333333,85.81278688524591,0.3540983606557377,0.5416666666666667,77.37
689296,FF,4-Seam FB,Fastball,297,0.2990936555891239,0.21739130434782608,0.18,96.11010101010102,0.5084175084175084,0.782608695652174,83.54455445544555
689296,CH,Changeup,Offspeed,220,0.2215508559919436,0.4,0.3,87.79272727272728,0.29545454545454547,0.6,80.3864406779661
689296,SI,Sinker,Fastball,112,0.11278952668680765,0.14814814814814814,0.2,95.71339285714286,0.5,0.8518518518518519,81.07142857142857
689296,FC,Cutter,Fastball,59,0.059415911379657606,0.28125,0.75,90.55932203389833,0.5932203389830508,0.71875,80.30000000000001
689441,FC,Cutter,Fastball,107,0.36271186440677966,0.2222222222222222,0.09090909090909091,87.37757009345796,0.5514018691588785,0.7777777777777778,85.935
689441,CU,Curveball,Breaking,61,0.20677966101694914,0.21875,0.2857142857142857,74.12131147540983,0.4918032786885246,0.78125,83.82608695652173
689441,FF,4-Seam FB,Fastball,54,0.18305084745762712,0.12,0.07142857142857142,91.31481481481484,0.46296296296296297,0.88,81.33809523809525
689441,SI,Sinker,Fastball,50,0.1694915254237288,0.07407407407407407,0.0,91.32400000000001,0.68,0.9259259259259259,85.008
689520,FF,4-Seam FB,Fastball,221,0.6636636636636637,0.23076923076923078,0.2702702702702703,92.64751131221719,0.5610859728506787,0.7692307692307692,81.56027397260273
689520,FC,Cutter,Fastball,66,0.1981981981981982,0.24242424242424243,0.08333333333333333,84.47727272727275,0.42424242424242425,0.7575757575757576,92.3904761904762
689520,CH,Changeup,Offspeed,46,0.13813813813813813,0.09523809523809523,0.14285714285714285,83.09130434782607,0.32608695652173914,0.9047619047619048,83.08421052631579
689546,SL,Slider,Breaking,300,0.6550218340611353,0.16911764705882354,0.16666666666666666,87.43933333333334,0.5133333333333333,0.8308823529411764,81.58190476190477
689546,SI,Sinker,Fastball,108,0.23580786026200873,0.1,0.07142857142857142,94.80925925925925,0.5370370370370371,0.9,84.15384615384616
689546,FF,4-Seam FB,Fastball,49,0.10698689956331878,0.22727272727272727,0.125,94.78367346938776,0.42857142857142855,0.7727272727272727,87.80625
689690,FF,4-Seam FB,Fastball,48,0.4247787610619469,0.2692307692307692,0.25,84.65208333333332,0.4583333333333333,0.7307692307692308,79.55294117647058
689690,CH,Changeup,Offspeed,43,0.3805309734513274,0.56,0.38461538461538464,72.87906976744186,0.23255813953488372,0.43999999999999995,71.41111111111111
689818,FF,4-Seam FB,Fastball,206,0.31212121212121213,0.19101123595505617,0.20588235294117646,96.52038834951456,0.529126213592233,0.8089887640449438,83.23768115942029
689818,CU,Curveball,Breaking,143,0.21666666666666667,0.22388059701492538,0.19230769230769232,83.12727272727274,0.4965034965034965,0.7761194029850746,83.13958333333333
689818,FC,Cutter,Fastball,122,0.18484848484848485,0.3275862068965517,0.46153846153846156,91.24754098360657,0.5245901639344263,0.6724137931034483,83.35555555555555
689818,ST,Sweeper,Breaking,88,0.13333333333333333,0.375,0.375,86.49204545454546,0.375,0.625,80.304
689818,SI,Sinker,Fastball,61,0.09242424242424242,0.07407407407407407,0.14285714285714285,95.33278688524588,0.4262295081967213,0.9259259259259259,81.812
689818,CH,Changeup,Offspeed,40,0.06060606060606061,0.23529411764705882,0.3,90.94749999999999,0.15,0.7647058823529411,81.78333333333335
689981,FF,4-Seam FB,Fastball,42,0.3230769230769231,0.2222222222222222,0.3333333333333333,96.9952380952381,0.5,0.7777777777777778,80.19999999999999
689981,SL,Slider,Breaking,33,0.25384615384615383,0.5384615384615384,0.75,90.84848484848484,0.2727272727272727,0.46153846153846156,93.775
690155,FF,4-Seam FB,Fastball,74,0.42528735632183906,0.2222222222222222,0.3076923076923077,94.94864864864866,0.5405405405405406,0.7777777777777778,84.97142857142858
690155,SL,Slider,Breaking,39,0.22413793103448276,0.11764705882352941,0.0,88.18461538461537,0.41025641025641024,0.8823529411764706,83.53846153846153
690279,FF,4-Seam FB,Fastball,147,0.3141025641025641,0.21621621621621623,0.2777777777777778,93.12108843537415,0.5578231292517006,0.7837837837837838,85.5037037037037
690279,SI,Sinker,Fastball,119,0.25427350427350426,0.07407407407407407,0.0,92.29327731092437,0.5714285714285714,0.9259259259259259,84.40652173913043
690279,CU,Curveball,Breaking,87,0.1858974358974359,0.53125,0.5789473684210527,81.95632183908046,0.3333333333333333,0.46875,81.99090909090908
690279,ST,Sweeper,Breaking,63,0.1346153846153846,0.1875,0.125,85.71587301587302,0.42857142857142855,0.8125,84.95416666666667
690440,FF,4-Seam FB,Fastball,72,0.4161849710982659,0.2682926829268293,0.4117647058823529,92.78888888888889,0.4861111111111111,0.7317073170731707,85.86206896551724
690440,ST,Sweeper,Breaking,44,0.2543352601156069,0.23529411764705882,0.125,78.36590909090908,0.3409090909090909,0.7647058823529411,81.54166666666667
690440,SI,Sinker,Fastball,39,0.2254335260115607,0.0,0.0,92.40256410256411,0.5641025641025641,1.0,87.66875000000002
690829,FF,4-Seam FB,Fastball,174,0.6718146718146718,0.26666666666666666,0.23529411764705882,100.99712643678161,0.5632183908045977,0.7333333333333334,84.65882352941178
690829,SI,Sinker,Fastball,62,0.23938223938223938,0.4782608695652174,0.3333333333333333,94.82419354838709,0.3387096774193548,0.5217391304347826,74.13
690916,FF,4-Seam FB,Fastball,31,0.3974358974358974,0.2857142857142857,0.14285714285714285,96.52903225806453,0.5483870967741935,0.7142857142857143,89.13749999999999
690925,SL,Slider,Breaking,437,0.5087310826542492,0.3605769230769231,0.3469387755102041,86.20091533180776,0.37757437070938216,0.6394230769230769,80.624
690925,FF,4-Seam FB,Fastball,422,0.4912689173457509,0.2046783625730994,0.15384615384615385,95.7196682464455,0.4928909952606635,0.7953216374269005,84.01317829457365
690928,FF,4-Seam FB,Fastball,300,0.3218884120171674,0.1724137931034483,0.23255813953488372,94.64133333333334,0.5333333333333333,0.8275862068965517,82.61217391304349
690928,SL,Slider,Breaking,158,0.16952789699570817,0.2153846153846154,0.21739130434782608,87.64240506329114,0.5189873417721519,0.7846153846153846,83.34791666666668
690928,ST,Sweeper,Breaking,137,0.14699570815450644,0.2608695652173913,0.2682926829268293,82.04963503649634,0.40875912408759124,0.7391304347826086,84.37254901960785
690928,SI,Sinker,Fastball,122,0.13090128755364808,0.1875,0.2777777777777778,94.43360655737705,0.4918032786885246,0.8125,87.63783783783784
690928,FS,Splitter,Offspeed,109,0.11695278969957082,0.29545454545454547,0.3333333333333333,88.03853211009174,0.3486238532110092,0.7045454545454546,84.19666666666667
690928,CU,Curveball,Breaking,106,0.11373390557939914,0.38636363636363635,0.45454545454545453,79.2622641509434,0.37735849056603776,0.6136363636363636,77.91111111111113
690953,FF,4-Seam FB,Fastball,206,0.4247422680412371,0.2894736842105263,0.18604651162790697,95.20436893203883,0.5776699029126213,0.7105263157894737,81.98133333333334
690953,CH,Changeup,Offspeed,77,0.15876288659793814,0.3333333333333333,0.25,87.53246753246754,0.5454545454545454,0.6666666666666667,86.14583333333333
690953,SL,Slider,Breaking,69,0.1422680412371134,0.26666666666666666,0.3333333333333333,87.41449275362321,0.42028985507246375,0.7333333333333334,82.75999999999999
690953,CU,Curveball,Breaking,63,0.12989690721649486,0.20689655172413793,0.2777777777777778,80.8111111111111,0.38095238095238093,0.7931034482758621,73.96818181818182
690953,ST,Sweeper,Breaking,41,0.08453608247422681,0.3157894736842105,0.25,83.44146341463413,0.2926829268292683,0.6842105263157895,72.51
690978,ST,Sweeper,Breaking,149,0.31106471816283926,0.36065573770491804,0.3076923076923077,83.98791946308725,0.3624161073825503,0.639344262295082,79.8162162162162
690978,FF,4-Seam FB,Fastball,145,0.302713987473904,0.2753623188405797,0.37037037037037035,95.19448275862068,0.5655172413793104,0.7246376811594203,83.33555555555556
690978,SL,Slider,Breaking,100,0.20876826722338204,0.21951219512195122,0.18181818181818182,89.28199999999998,0.44,0.7804878048780488,87.72
690978,SI,Sinker,Fastball,53,0.11064718162839249,0.08333333333333333,0.0,94.64150943396224,0.4716981132075472,0.9166666666666666,91.3736842105263
690978,CH,Changeup,Offspeed,32,0.06680584551148225,0.2857142857142857,0.0,88.46875,0.25,0.7142857142857143,78.925
690986,FF,4-Seam FB,Fastball,1271,0.5656430796617713,0.27669172932330827,0.23272727272727273,94.77395751376868,0.5664830841856806,0.7233082706766918,82.96799116997792
690986,SV,Slurve,Breaking,708,0.315086782376502,0.3053691275167785,0.29285714285714287,81.96398305084746,0.3954802259887006,0.6946308724832215,80.15806451612903
690986,CH,Changeup,Offspeed,207,0.09212283044058744,0.27956989247311825,0.20588235294117646,85.77536231884058,0.32367149758454106,0.7204301075268817,85.47118644067795
690986,SI,Sinker,Fastball,60,0.0267022696929239,0.1724137931034483,0.0,94.24166666666665,0.48333333333333334,0.8275862068965517,77.14285714285714
690990,FF,4-Seam FB,Fastball,110,0.47413793103448276,0.22641509433962265,0.1875,95.63181818181822,0.6636363636363637,0.7735849056603774,88.44444444444443
690990,CH,Changeup,Offspeed,49,0.21120689655172414,0.40625,0.4375,88.52244897959184,0.3673469387755102,0.59375,79.17647058823529
690990,ST,Sweeper,Breaking,36,0.15517241379310345,0.6470588235294118,0.6666666666666666,83.80555555555556,0.16666666666666666,0.3529411764705882,67.35000000000001
690997,SI,Sinker,Fastball,1012,0.3472889498970487,0.12080536912751678,0.15942028985507245,95.04367588932807,0.5563241106719368,0.8791946308724832,82.87465564738292
690997,FF,4-Seam FB,Fastball,564,0.1935483870967742,0.27165354330708663,0.25,96.04042553191489,0.5301418439716312,0.7283464566929134,83.9732558139535
690997,CU,Curveball,Breaking,420,0.1441317776252574,0.3781094527363184,0.3355263157894737,82.02595238095239,0.319047619047619,0.6218905472636815,77.71809523809523
690997,ST,Sweeper,Breaking,312,0.10706932052161977,0.27956989247311825,0.23529411764705882,84.89102564102564,0.41025641025641024,0.7204301075268817,76.75573770491803
690997,FC,Cutter,Fastball,306,0.10501029512697323,0.2484076433121019,0.2962962962962963,92.11503267973856,0.49673202614379086,0.7515923566878981,83.95675675675676
690997,CH,Changeup,Offspeed,181,0.062113932738503776,0.26595744680851063,0.2,88.1657458563536,0.3370165745856354,0.7340425531914894,76.35737704918031
690997,SL,Slider,Breaking,115,0.0394646533973919,0.35555555555555557,0.23076923076923078,85.95391304347827,0.391304347826087,0.6444444444444444,76.84444444444445
691008,FF,4-Seam FB,Fastball,72,0.4022346368715084,0.18518518518518517,0.0,95.48750000000001,0.4861111111111111,0.8148148148148149,81.78999999999999
691008,CU,Curveball,Breaking,46,0.2569832402234637,0.3157894736842105,0.25,82.68913043478261,0.41304347826086957,0.6842105263157895,78.24444444444445
691384,FS,Splitter,Offspeed,81,0.324,0.48936170212765956,0.36,87.57283950617284,0.2962962962962963,0.5106382978723405,77.75
691384,FC,Cutter,Fastball,79,0.316,0.22857142857142856,0.0,93.29493670886075,0.5949367088607594,0.7714285714285715,83.67307692307692
691384,FF,4-Seam FB,Fastball,56,0.224,0.2,0.16666666666666666,99.05535714285715,0.5535714285714286,0.8,88.21666666666665
691384,SL,Slider,Breaking,34,0.136,0.38461538461538464,0.2,87.74999999999999,0.5,0.6153846153846154,76.98333333333333
691587,FF,4-Seam FB,Fastball,1050,0.3740648379052369,0.24288107202680068,0.23265306122448978,98.14314285714285,0.5447619047619048,0.7571189279731994,84.92553699284011
691587,SL,Slider,Breaking,485,0.1727823298895618,0.4194915254237288,0.3076923076923077,88.37690721649486,0.4329896907216495,0.5805084745762712,80.50555555555556
691587,SI,Sinker,Fastball,472,0.1681510509440684,0.148,0.13043478260869565,97.64957627118643,0.4533898305084746,0.852,83.66974358974358
691587,ST,Sweeper,Breaking,365,0.1300320627003919,0.41317365269461076,0.42028985507246375,83.63095890410959,0.4273972602739726,0.5868263473053892,74.58279569892473
691587,CH,Changeup,Offspeed,250,0.08906305664410402,0.41964285714285715,0.34615384615384615,89.888,0.204,0.5803571428571428,80.52456140350877
691587,CU,Curveball,Breaking,185,0.06590666191663698,0.2676056338028169,0.23333333333333334,80.7854054054054,0.4594594594594595,0.7323943661971831,81.69166666666666
691594,FA,Fastball,Fastball,73,1.0,0.02564102564102564,0.16666666666666666,60.17123287671233,0.4246575342465753,0.9743589743589743,88.0657894736842
691725,FF,4-Seam FB,Fastball,734,0.3313769751693002,0.16338028169014085,0.15966386554621848,96.60803814713896,0.48365122615803813,0.8366197183098592,83.77580071174377
691725,SL,Slider,Breaking,389,0.17562076749435665,0.35802469135802467,0.39436619718309857,88.09023136246788,0.4370179948586118,0.6419753086419753,82.13229166666667
691725,ST,Sweeper,Breaking,362,0.16343115124153498,0.3006134969325153,0.19148936170212766,82.78591160220995,0.4889502762430939,0.6993865030674846,79.24766355140187
691725,CH,Changeup,Offspeed,246,0.11106094808126411,0.35443037974683544,0.37333333333333335,90.61504065040651,0.44308943089430897,0.6455696202531646,81.07802197802198
691725,SI,Sinker,Fastball,185,0.0835214446952596,0.10309278350515463,0.05263157894736842,95.12702702702703,0.5297297297297298,0.8969072164948454,84.0329268292683
691725,FS,Splitter,Offspeed,169,0.0762979683972912,0.3888888888888889,0.2826086956521739,87.42603550295858,0.46153846153846156,0.6111111111111112,76.64117647058823
691725,CU,Curveball,Breaking,130,0.05869074492099323,0.25,0.21428571428571427,81.3076923076923,0.5230769230769231,0.75,81.67755102040816
691769,FF,4-Seam FB,Fastball,203,0.5686274509803921,0.1717171717171717,0.21212121212121213,90.50443349753695,0.5665024630541872,0.8282828282828283,83.70759493670886
691769,CU,Curveball,Breaking,66,0.18487394957983194,0.19230769230769232,0.0,81.14090909090908,0.5454545454545454,0.8076923076923077,82.72
691769,SL,Slider,Breaking,60,0.16806722689075632,0.21212121212121213,0.2857142857142857,80.58166666666665,0.36666666666666664,0.7878787878787878,85.89200000000001
691799,FF,4-Seam FB,Fastball,621,0.4345696291112666,0.2770700636942675,0.2978723404255319,98.12286634460547,0.5152979066022544,0.7229299363057324,84.39431279620854
691799,CU,Curveball,Breaking,375,0.2624212736179146,0.33587786259541985,0.39655172413793105,83.80053333333333,0.448,0.6641221374045801,83.0670731707317
691799,SL,Slider,Breaking,246,0.172148355493352,0.36585365853658536,0.29577464788732394,89.48455284552844,0.43902439024390244,0.6341463414634146,81.12432432432432
691799,SI,Sinker,Fastball,179,0.12526242127361792,0.18072289156626506,0.05555555555555555,98.93407821229053,0.5642458100558659,0.8192771084337349,79.5
691945,CU,Curveball,Breaking,71,0.4797297297297297,0.3448275862068966,0.4117647058823529,84.47464788732394,0.4084507042253521,0.6551724137931034,81.97368421052632
691945,FF,4-Seam FB,Fastball,50,0.33783783783783783,0.21739130434782608,0.16666666666666666,95.18,0.42,0.782608695652174,85.93125
691946,FF,4-Seam FB,Fastball,236,0.3746031746031746,0.23655913978494625,0.16129032258064516,96.6555084745763,0.4788135593220339,0.7634408602150538,85.66612903225807
691946,SL,Slider,Breaking,176,0.27936507936507937,0.4470588235294118,0.3902439024390244,90.74261363636364,0.39204545454545453,0.5529411764705883,83.39761904761905
691946,CH,Changeup,Offspeed,125,0.1984126984126984,0.25396825396825395,0.13333333333333333,87.24320000000002,0.464,0.746031746031746,82.76097560975609
691946,SI,Sinker,Fastball,65,0.10317460317460317,0.16,0.1,96.83692307692309,0.5538461538461539,0.84,89.43499999999999
691951,FF,4-Seam FB,Fastball,288,0.4721311475409836,0.12121212121212122,0.07142857142857142,92.09027777777777,0.4652777777777778,0.8787878787878788,81.30183486238533
691951,CH,Changeup,Offspeed,189,0.30983606557377047,0.3333333333333333,0.20454545454545456,80.24338624338624,0.4656084656084656,0.6666666666666667,77.68030303030302
691951,FC,Cutter,Fastball,59,0.09672131147540984,0.125,0.125,86.5677966101695,0.4406779661016949,0.875,82.2
691951,CU,Curveball,Breaking,46,0.07540983606557378,0.2222222222222222,0.0,74.77608695652174,0.5434782608695652,0.7777777777777778,80.14
692230,FF,4-Seam FB,Fastball,81,0.3201581027667984,0.0975609756097561,0.08333333333333333,93.8320987654321,0.49382716049382713,0.9024390243902439,83.7864864864865
692230,CH,Changeup,Offspeed,76,0.30039525691699603,0.45,0.3888888888888889,87.57894736842103,0.34210526315789475,0.55,81.9
692230,FC,Cutter,Fastball,60,0.23715415019762845,0.19230769230769232,0.0,90.12833333333334,0.55,0.8076923076923077,81.35999999999999
693308,FF,4-Seam FB,Fastball,217,0.5564102564102564,0.16822429906542055,0.18181818181818182,95.53456221198157,0.5898617511520737,0.8317757009345794,85.26279069767442
693308,CH,Changeup,Offspeed,96,0.24615384615384617,0.4772727272727273,0.38095238095238093,82.76145833333334,0.23958333333333334,0.5227272727272727,80.68095238095236
693308,FC,Cutter,Fastball,47,0.12051282051282051,0.12,0.0,90.67446808510638,0.574468085106383,0.88,81.22857142857143
693308,SL,Slider,Breaking,30,0.07692307692307693,0.2857142857142857,0.23076923076923078,84.94999999999999,0.3,0.7142857142857143,71.28888888888889
693312,FF,4-Seam FB,Fastball,114,0.4978165938864629,0.16666666666666666,0.13333333333333333,96.83684210526316,0.37719298245614036,0.8333333333333334,83.62068965517241
693312,SL,Slider,Breaking,76,0.3318777292576419,0.2692307692307692,0.0,90.00657894736842,0.3684210526315789,0.7307692307692308,78.19285714285715
693312,CU,Curveball,Breaking,35,0.15283842794759825,0.3333333333333333,0.4,83.75142857142858,0.4,0.6666666666666667,90.5
693313,SI,Sinker,Fastball,191,0.3327526132404181,0.1724137931034483,0.1111111111111111,96.57225130890053,0.5759162303664922,0.8275862068965517,84.31363636363636
693313,SL,Slider,Breaking,131,0.22822299651567945,0.3787878787878788,0.3055555555555556,88.68931297709923,0.366412213740458,0.6212121212121212,82.93333333333332
693313,FC,Cutter,Fastball,127,0.22125435540069685,0.24528301886792453,0.3,94.30708661417324,0.4251968503937008,0.7547169811320755,79.8942857142857
693313,FF,4-Seam FB,Fastball,101,0.1759581881533101,0.15789473684210525,0.18181818181818182,97.24356435643564,0.49504950495049505,0.8421052631578947,84.06382978723403
693433,FF,4-Seam FB,Fastball,1290,0.4708029197080292,0.2609308885754584,0.2549800796812749,96.05720930232559,0.5496124031007752,0.7390691114245416,83.54040404040404
693433,SI,Sinker,Fastball,517,0.18868613138686133,0.12087912087912088,0.1780821917808219,95.85628626692456,0.6034816247582205,0.8791208791208791,84.58036529680365
693433,SL,Slider,Breaking,370,0.13503649635036497,0.3191489361702128,0.3076923076923077,87.1191891891892,0.4243243243243243,0.6808510638297872,87.47964601769912
693433,ST,Sweeper,Breaking,322,0.11751824817518249,0.3668639053254438,0.35789473684210527,84.4468944099379,0.40993788819875776,0.6331360946745562,80.34158415841583
693433,CH,Changeup,Offspeed,175,0.06386861313868614,0.18947368421052632,0.24390243902439024,89.60742857142857,0.4228571428571429,0.8105263157894737,79.34647887323945
693433,CU,Curveball,Breaking,66,0.02408759124087591,0.4,0.47058823529411764,82.94545454545455,0.30303030303030304,0.6,81.6846153846154
693645,FF,4-Seam FB,Fastball,1437,0.44627329192546583,0.3479899497487437,0.3313782991202346,98.04043145441894,0.5066109951287404,0.6520100502512562,82.14098360655738
693645,FC,Cutter,Fastball,804,0.2496894409937888,0.23515981735159816,0.25806451612903225,94.61927860696517,0.5211442786069652,0.7648401826484018,80.72200647249191
693645,SI,Sinker,Fastball,607,0.18850931677018634,0.16551724137931034,0.16521739130434782,97.85551894563427,0.5304777594728172,0.8344827586206897,82.61548672566371
693645,CU,Curveball,Breaking,339,0.10527950310559006,0.44525547445255476,0.38333333333333336,86.14424778761061,0.3008849557522124,0.5547445255474452,84.64393939393939
693645,SL,Slider,Breaking,32,0.009937888198757764,0.2222222222222222,0.25,89.2875,0.1875,0.7777777777777778,85.81428571428572
693686,SI,Sinker,Fastball,689,0.44451612903225807,0.13313609467455623,0.09090909090909091,96.29564586357039,0.6313497822931785,0.8668639053254438,82.0071161048689
693686,CU,Curveball,Breaking,369,0.23806451612903226,0.24550898203592814,0.3333333333333333,80.89376693766937,0.4715447154471545,0.7544910179640718,82.68648648648649
693686,SL,Slider,Breaking,258,0.1664516129032258,0.18699186991869918,0.2037037037037037,87.29457364341086,0.4108527131782946,0.8130081300813008,79.26288659793815
693686,FF,4-Seam FB,Fastball,231,0.14903225806451612,0.26956521739130435,0.2982456140350877,95.98831168831168,0.42424242424242425,0.7304347826086957,81.92278481012657
693821,SI,Sinker,Fastball,627,0.27928730512249444,0.12033195020746888,0.1935483870967742,91.0,0.5534290271132376,0.8796680497925311,85.79393939393938
693821,FF,4-Seam FB,Fastball,504,0.2244988864142539,0.17326732673267325,0.22727272727272727,92.4311507936508,0.4880952380952381,0.8267326732673268,82.0493670886076
693821,SL,Slider,Breaking,502,0.22360801781737194,0.2947761194029851,0.3235294117647059,83.08426294820718,0.45219123505976094,0.7052238805970149,83.93876404494382
693821,FC,Cutter,Fastball,336,0.14966592427616926,0.203125,0.18518518518518517,88.45684523809524,0.5357142857142857,0.796875,85.58095238095238
693821,CH,Changeup,Offspeed,276,0.12293986636971047,0.3088235294117647,0.3076923076923077,85.72753623188407,0.25,0.6911764705882353,79.79431818181818
693855,CH,Changeup,Offspeed,626,0.28847926267281104,0.3783783783783784,0.3630952380952381,83.45047923322684,0.37859424920127793,0.6216216216216216,79.28820512820512
693855,FF,4-Seam FB,Fastball,597,0.2751152073732719,0.25903614457831325,0.2671232876712329,91.40636515912898,0.5460636515912898,0.7409638554216867,82.12337662337663
693855,ST,Sweeper,Breaking,418,0.19262672811059908,0.32882882882882886,0.325,81.63253588516747,0.5741626794258373,0.6711711711711712,78.59928571428571
693855,SI,Sinker,Fastball,354,0.1631336405529954,0.11347517730496454,0.038461538461538464,89.92627118644069,0.5734463276836158,0.8865248226950355,79.90677966101696
693855,SL,Slider,Breaking,140,0.06451612903225806,0.28205128205128205,0.2962962962962963,83.15857142857143,0.5285714285714286,0.717948717948718,78.01428571428572
694037,FF,4-Seam FB,Fastball,339,0.6608187134502924,0.22285714285714286,0.25862068965517243,99.22271386430678,0.5014749262536873,0.7771428571428571,85.80720000000001
694037,SL,Slider,Breaking,125,0.24366471734892786,0.42857142857142855,0.32,90.0896,0.488,0.5714285714285714,81.72413793103448
694037,FS,Splitter,Offspeed,30,0.05847953216374269,0.38461538461538464,0.2,89.44,0.4666666666666667,0.6153846153846154,84.91666666666667
694297,FF,4-Seam FB,Fastball,555,0.26644263082093134,0.14661654135338345,0.17592592592592593,93.2046846846847,0.5459459459459459,0.8533834586466166,84.275
694297,SI,Sinker,Fastball,348,0.1670667306769083,0.11956521739130435,0.06976744186046512,93.09597701149426,0.6293103448275862,0.8804347826086957,84.03800000000001
694297,CH,Changeup,Offspeed,335,0.16082573211713874,0.22598870056497175,0.23333333333333334,86.94805970149254,0.36716417910447763,0.7740112994350282,78.57142857142857
694297,CU,Curveball,Breaking,306,0.1469035045607297,0.3305785123966942,0.32727272727272727,82.39444444444446,0.369281045751634,0.6694214876033058,84.23333333333333
694297,ST,Sweeper,Breaking,301,0.14450312049927988,0.32075471698113206,0.2857142857142857,84.19867109634552,0.3654485049833887,0.679245283018868,79.42941176470589
694297,FC,Cutter,Fastball,238,0.114258281325012,0.24444444444444444,0.25,90.42184873949577,0.6008403361344538,0.7555555555555555,85.4221052631579
694298,FF,4-Seam FB,Fastball,37,0.49333333333333335,0.1875,0.5,90.95135135135136,0.5135135135135135,0.8125,80.69090909090909
694335,SI,Sinker,Fastball,364,0.4466257668711656,0.1358695652173913,0.17857142857142858,96.22032967032966,0.5796703296703297,0.8641304347826086,84.57739726027397
694335,ST,Sweeper,Breaking,265,0.32515337423312884,0.2727272727272727,0.25,86.58188679245283,0.4339622641509434,0.7272727272727273,83.52530120481929
694335,FC,Cutter,Fastball,177,0.21717791411042944,0.18681318681318682,0.16666666666666666,91.96045197740114,0.559322033898305,0.8131868131868132,84.15942028985508
694341,FF,4-Seam FB,Fastball,113,0.45934959349593496,0.2708333333333333,0.09090909090909091,92.54070796460178,0.415929203539823,0.7291666666666667,87.52647058823528
694341,SL,Slider,Breaking,73,0.2967479674796748,0.4594594594594595,0.21052631578947367,83.72465753424657,0.4520547945205479,0.5405405405405406,88.1222222222222
694346,SI,Sinker,Fastball,163,0.22925457102672292,0.1724137931034483,0.23529411764705882,94.53374233128834,0.4785276073619632,0.8275862068965517,82.84042553191489
694346,FF,4-Seam FB,Fastball,151,0.21237693389592124,0.21311475409836064,0.30434782608695654,95.42317880794701,0.5364238410596026,0.7868852459016393,81.68260869565218
694346,SL,Slider,Breaking,147,0.20675105485232068,0.25925925925925924,0.2558139534883721,87.80748299319728,0.32653061224489793,0.7407407407407407,86.55090909090907
694346,FC,Cutter,Fastball,140,0.19690576652601968,0.2,0.0,91.61428571428571,0.55,0.8,85.6186046511628
694346,CU,Curveball,Breaking,98,0.13783403656821377,0.24324324324324326,0.2727272727272727,84.14081632653061,0.4387755102040816,0.7567567567567568,89.296
694350,FF,4-Seam FB,Fastball,30,0.46875,0.16666666666666666,0.0,94.07333333333331,0.4,0.8333333333333334,88.69
694357,ST,Sweeper,Breaking,62,0.5040650406504065,0.391304347826087,0.45454545454545453,82.0516129032258,0.43548387096774194,0.6086956521739131,77.23846153846154
694357,FF,4-Seam FB,Fastball,47,0.3821138211382114,0.3076923076923077,0.14285714285714285,95.8957446808511,0.3829787234042553,0.6923076923076923,81.77142857142859
694360,FC,Cutter,Fastball,168,0.4148148148148148,0.3333333333333333,0.3125,91.26785714285714,0.5297619047619048,0.6666666666666667,81.78888888888889
694360,SI,Sinker,Fastball,102,0.2518518518518518,0.11363636363636363,0.15384615384615385,96.6480392156863,0.5588235294117647,0.8863636363636364,89.34864864864863
694360,ST,Sweeper,Breaking,63,0.15555555555555556,0.28,0.15789473684210525,88.1968253968254,0.4126984126984127,0.72,86.07857142857142
694360,FF,4-Seam FB,Fastball,58,0.14320987654320988,0.21739130434782608,0.23076923076923078,97.41551724137932,0.3793103448275862,0.782608695652174,83.82777777777777
694361,FF,4-Seam FB,Fastball,423,0.5145985401459854,0.21787709497206703,0.18461538461538463,97.46997635933806,0.5319148936170213,0.782122905027933,85.65692307692308
694361,ST,Sweeper,Breaking,226,0.2749391727493917,0.28688524590163933,0.30357142857142855,88.558407079646,0.5265486725663717,0.7131147540983607,80.52278481012657
694361,CU,Curveball,Breaking,129,0.15693430656934307,0.22857142857142856,0.3125,84.95038759689922,0.2868217054263566,0.7714285714285715,82.12307692307692
694361,SL,Slider,Breaking,44,0.0535279805352798,0.1875,0.0,90.9659090909091,0.4318181818181818,0.8125,86.63846153846154
694363,FF,4-Seam FB,Fastball,49,0.29518072289156627,0.05263157894736842,0.0,93.43469387755101,0.6122448979591837,0.9473684210526316,82.86111111111111
694363,CH,Changeup,Offspeed,34,0.20481927710843373,0.36363636363636365,0.4,84.90588235294116,0.11764705882352941,0.6363636363636364,84.02857142857144
694363,SL,Slider,Breaking,34,0.20481927710843373,0.16666666666666666,0.16666666666666666,84.47941176470587,0.4117647058823529,0.8333333333333334,91.16999999999999
694397,FF,4-Seam FB,Fastball,45,0.45,0.15,0.2,94.58444444444444,0.4888888888888889,0.85,86.07058823529412
694462,SI,Sinker,Fastball,83,0.386046511627907,0.09375,0.25,94.23975903614458,0.5421686746987951,0.90625,88.78
694462,FS,Splitter,Offspeed,41,0.19069767441860466,0.3125,0.25,84.05853658536586,0.2926829268292683,0.6875,82.81818181818181
694462,FC,Cutter,Fastball,34,0.15813953488372093,0.07692307692307693,0.0,91.28823529411764,0.5294117647058824,0.9230769230769231,85.34444444444445
694462,SL,Slider,Breaking,31,0.14418604651162792,0.38461538461538464,1.0,85.20967741935482,0.3225806451612903,0.6153846153846154,89.56249999999999
694477,FC,Cutter,Fastball,793,0.41736842105263156,0.28967254408060455,0.26785714285714285,89.86103404791928,0.4817150063051702,0.7103274559193955,81.668
694477,FF,4-Seam FB,Fastball,479,0.2521052631578947,0.3008474576271186,0.25217391304347825,95.4490605427975,0.46764091858037576,0.6991525423728814,82.53116883116883
694477,SI,Sinker,Fastball,442,0.2326315789473684,0.14659685863874344,0.14285714285714285,95.47579185520362,0.5361990950226244,0.8534031413612566,84.75430463576159
694477,SV,Slurve,Breaking,162,0.08526315789473685,0.24,0.1875,85.98456790123457,0.2777777777777778,0.76,82.45576923076922
694494,FF,4-Seam FB,Fastball,87,0.5403726708074534,0.2708333333333333,0.17647058823529413,93.21149425287356,0.5747126436781609,0.7291666666666667,82.60000000000001
694494,SL,Slider,Breaking,74,0.45962732919254656,0.3225806451612903,0.1875,85.36621621621622,0.35135135135135137,0.6774193548387097,76.035
694646,FF,4-Seam FB,Fastball,64,0.4129032258064516,0.1935483870967742,0.15384615384615385,95.25312499999998,0.5,0.8064516129032258,84.42916666666666
694646,FC,Cutter,Fastball,60,0.3870967741935484,0.27586206896551724,0.16666666666666666,89.40333333333336,0.4166666666666667,0.7241379310344828,79.75999999999999
694680,FF,4-Seam FB,Fastball,125,0.45126353790613716,0.328125,0.3,94.94,0.56,0.671875,81.28947368421052
694680,FC,Cutter,Fastball,63,0.22743682310469315,0.1,0.0,88.93809523809524,0.5079365079365079,0.9,84.32
694680,FS,Splitter,Offspeed,57,0.20577617328519857,0.1724137931034483,0.16666666666666666,86.87368421052633,0.3508771929824561,0.8275862068965517,85.58695652173913
694738,SI,Sinker,Fastball,968,0.34658073755818114,0.08,0.10869565217391304,93.39989669421489,0.5340909090909091,0.92,84.12040133779264
694738,CU,Curveball,Breaking,716,0.2563551736484067,0.3470031545741325,0.2926829268292683,76.74525139664804,0.39664804469273746,0.6529968454258674,76.7524064171123
694738,CH,Changeup,Offspeed,560,0.20050125313283207,0.2908496732026144,0.23809523809523808,87.09035714285714,0.275,0.7091503267973855,80.36582914572864
694738,FC,Cutter,Fastball,393,0.14070891514500536,0.28488372093023256,0.2962962962962963,89.32519083969467,0.4732824427480916,0.7151162790697674,77.04690265486725
694738,FF,4-Seam FB,Fastball,156,0.055853920515574654,0.36065573770491804,0.3409090909090909,92.85641025641024,0.22435897435897437,0.639344262295082,84.23055555555555
694753,FF,4-Seam FB,Fastball,121,0.3467048710601719,0.23636363636363636,0.06666666666666667,95.35619834710742,0.4462809917355372,0.7636363636363637,83.23499999999999
694753,FC,Cutter,Fastball,112,0.3209169054441261,0.23076923076923078,0.1875,91.6857142857143,0.5,0.7692307692307692,78.50857142857143
694753,CH,Changeup,Offspeed,62,0.17765042979942694,0.2,0.15384615384615385,85.82741935483872,0.3709677419354839,0.8,78.7909090909091
694753,SL,Slider,Breaking,39,0.11174785100286533,0.30434782608695654,0.2,85.50000000000001,0.3076923076923077,0.6956521739130435,77.30714285714285
694795,FF,4-Seam FB,Fastball,307,0.518581081081081,0.24822695035460993,0.2033898305084746,98.01368078175895,0.5276872964169381,0.75177304964539,82.5530612244898
694795,ST,Sweeper,Breaking,159,0.2685810810810811,0.26666666666666666,0.2,85.33899371069182,0.4276729559748428,0.7333333333333334,78.49318181818181
694795,SI,Sinker,Fastball,75,0.1266891891891892,0.125,0.16666666666666666,98.44666666666667,0.6533333333333333,0.875,84.0608695652174
694795,CU,Curveball,Breaking,51,0.08614864864864864,0.09090909090909091,0.16666666666666666,85.90980392156862,0.47058823529411764,0.9090909090909091,82.91052631578947
694819,FF,4-Seam FB,Fastball,1728,0.6322722283205269,0.40068104426787743,0.37846153846153846,100.51336805555556,0.5289351851851852,0.5993189557321226,82.68485477178423
694819,FC,Cutter,Fastball,369,0.1350164654226125,0.2087912087912088,0.2894736842105263,95.82086720867208,0.5040650406504065,0.7912087912087912,81.79920634920636
694819,SL,Slider,Breaking,313,0.11452616172703989,0.3516483516483517,0.3125,91.85846645367413,0.48242811501597443,0.6483516483516483,81.27927927927928
694819,CU,Curveball,Breaking,285,0.10428100987925357,0.4444444444444444,0.3793103448275862,87.9178947368421,0.3684210526315789,0.5555555555555556,81.66901408450704
694819,CH,Changeup,Offspeed,35,0.012806439809732895,0.3333333333333333,0.2,92.45428571428572,0.42857142857142855,0.6666666666666667,83.14444444444445
694820,ST,Sweeper,Breaking,39,0.37142857142857144,0.25,0.09090909090909091,81.29230769230769,0.5128205128205128,0.75,82.29285714285713
694820,SL,Slider,Breaking,30,0.2857142857142857,0.3333333333333333,0.0,87.69999999999999,0.5333333333333333,0.6666666666666667,87.55000000000001
694851,FF,4-Seam FB,Fastball,134,0.5,0.15254237288135594,0.19047619047619047,94.58059701492537,0.5895522388059702,0.847457627118644,85.88936170212766
694851,CH,Changeup,Offspeed,78,0.291044776119403,0.2962962962962963,0.4,87.48205128205132,0.3717948717948718,0.7037037037037037,77.86666666666666
694851,SL,Slider,Breaking,55,0.20522388059701493,0.2222222222222222,0.3333333333333333,86.23818181818181,0.43636363636363634,0.7777777777777778,80.175
694918,FF,4-Seam FB,Fastball,325,0.3336755646817248,0.18181818181818182,0.2,95.144,0.5046153846153846,0.8181818181818181,84.64851485148515
694918,ST,Sweeper,Breaking,310,0.3182751540041068,0.35374149659863946,0.24193548387096775,82.50645161290322,0.4935483870967742,0.6462585034013606,78.99555555555555
694918,SI,Sinker,Fastball,167,0.17145790554414783,0.09722222222222222,0.058823529411764705,93.1365269461078,0.5868263473053892,0.9027777777777778,88.14310344827585
694918,SL,Slider,Breaking,90,0.09240246406570841,0.23255813953488372,0.1,88.07777777777778,0.4777777777777778,0.7674418604651163,83.384375
694918,CH,Changeup,Offspeed,42,0.043121149897330596,0.15384615384615385,0.4,83.36666666666666,0.19047619047619047,0.8461538461538461,72.96666666666667
694918,CU,Curveball,Breaking,38,0.039014373716632446,0.2727272727272727,0.25,83.42631578947368,0.47368421052631576,0.7272727272727273,81.03125000000001
694973,FF,4-Seam FB,Fastball,1204,0.4074450084602369,0.29685157421289354,0.29961089494163423,96.78446843853821,0.5249169435215947,0.7031484257871065,82.78680555555555
694973,ST,Sweeper,Breaking,470,0.15905245346869712,0.2916666666666667,0.25,84.25404255319151,0.5106382978723404,0.7083333333333333,78.00725806451612
694973,CH,Changeup,Offspeed,363,0.12284263959390863,0.3701657458563536,0.27102803738317754,88.66143250688705,0.2369146005509642,0.6298342541436464,77.8747663551402
694973,SI,Sinker,Fastball,360,0.1218274111675127,0.14375,0.1346153846153846,96.55805555555555,0.5277777777777778,0.85625,84.45859374999999
694973,FS,Splitter,Offspeed,293,0.09915397631133671,0.17721518987341772,0.2413793103448276,93.20204778156997,0.42662116040955633,0.8227848101265822,82.45833333333333
694973,SL,Slider,Breaking,249,0.08426395939086294,0.35766423357664234,0.38461538461538464,86.66305220883535,0.40562248995983935,0.6423357664233577,81.31162790697675
695001,ST,Sweeper,Breaking,90,0.37815126050420167,0.22448979591836735,0.125,82.64999999999999,0.4888888888888889,0.7755102040816326,79.29722222222222
695001,SL,Slider,Breaking,74,0.31092436974789917,0.2413793103448276,0.2,87.4418918918919,0.527027027027027,0.7586206896551724,85.10909090909091
695001,SI,Sinker,Fastball,56,0.23529411764705882,0.08695652173913043,0.0,93.85178571428571,0.42857142857142855,0.9130434782608696,76.41764705882352
695034,SI,Sinker,Fastball,121,0.37577639751552794,0.11764705882352941,0.1111111111111111,93.55123966942148,0.49586776859504134,0.8823529411764706,85.41785714285713
695034,FF,4-Seam FB,Fastball,59,0.18322981366459629,0.12121212121212122,0.0,94.54745762711863,0.6271186440677966,0.8787878787878788,86.80740740740741
695034,SL,Slider,Breaking,53,0.16459627329192547,0.3,0.16666666666666666,88.2811320754717,0.4716981132075472,0.7,81.70769230769231
695034,CH,Changeup,Offspeed,42,0.13043478260869565,0.2608695652173913,0.125,88.32380952380952,0.21428571428571427,0.7391304347826086,83.5375
695034,ST,Sweeper,Breaking,30,0.09316770186335403,0.2727272727272727,0.4,81.54333333333332,0.3,0.7272727272727273,74.6875
695049,FF,4-Seam FB,Fastball,101,0.47641509433962265,0.1111111111111111,0.1,91.62079207920792,0.48514851485148514,0.8888888888888888,85.93499999999999
695049,SL,Slider,Breaking,58,0.27358490566037735,0.34285714285714286,0.46153846153846156,85.75689655172415,0.43103448275862066,0.6571428571428571,81.94761904761906
695049,CH,Changeup,Offspeed,47,0.22169811320754718,0.4782608695652174,0.3333333333333333,81.37234042553192,0.40425531914893614,0.5217391304347826,76.71666666666667
695076,SI,Sinker,Fastball,714,0.30434782608695654,0.06811145510835913,0.057692307692307696,93.17773109243697,0.65406162464986,0.9318885448916409,85.71382978723403
695076,SL,Slider,Breaking,619,0.2638533674339301,0.3164983164983165,0.2845528455284553,85.15266558966074,0.4087237479806139,0.6835016835016835,84.30514285714284
695076,CH,Changeup,Offspeed,472,0.20119352088661552,0.2328042328042328,0.18518518518518517,86.53580508474576,0.3559322033898305,0.7671957671957672,83.92213114754098
695076,FF,4-Seam FB,Fastball,472,0.20119352088661552,0.13170731707317074,0.14942528735632185,93.69872881355931,0.5190677966101694,0.8682926829268293,82.7757225433526
695076,CU,Curveball,Breaking,67,0.02855924978687127,0.15,0.2222222222222222,80.755223880597,0.3283582089552239,0.85,80.08571428571429
695239,FF,4-Seam FB,Fastball,211,0.3256172839506173,0.3,0.2564102564102564,94.39857819905214,0.4549763033175355,0.7,80.07627118644068
695239,SL,Slider,Breaking,167,0.25771604938271603,0.3625,0.2777777777777778,85.87125748502994,0.5389221556886228,0.6375,82.94255319148935
695239,SI,Sinker,Fastball,144,0.2222222222222222,0.14285714285714285,0.14285714285714285,94.40069444444445,0.5416666666666666,0.8571428571428572,79.06984126984126
695239,CH,Changeup,Offspeed,102,0.1574074074074074,0.21153846153846154,0.18181818181818182,86.65098039215688,0.5294117647058824,0.7884615384615384,83.90512820512821
695243,SL,Slider,Breaking,584,0.4924114671163575,0.5573122529644269,0.5118110236220472,88.03236301369863,0.4589041095890411,0.4426877470355731,77.9378640776699
695243,FF,4-Seam FB,Fastball,578,0.4873524451939292,0.3566666666666667,0.35135135135135137,101.44809688581314,0.4619377162629758,0.6433333333333333,83.51918604651162
695378,ST,Sweeper,Breaking,77,0.4074074074074074,0.30303030303030304,0.26666666666666666,83.43636363636362,0.4155844155844156,0.696969696969697,78.19090909090909
695378,FF,4-Seam FB,Fastball,58,0.30687830687830686,0.10714285714285714,0.13333333333333333,96.97586206896551,0.5517241379310345,0.8928571428571429,87.00416666666666
695380,FF,4-Seam FB,Fastball,285,0.3794940079893475,0.17518248175182483,0.2553191489361702,98.36385964912282,0.543859649122807,0.8248175182481752,83.59514563106795
695380,SL,Slider,Breaking,280,0.37283621837549935,0.4065040650406504,0.43137254901960786,88.68535714285714,0.3821428571428571,0.5934959349593496,85.7723076923077
695380,SI,Sinker,Fastball,178,0.237017310252996,0.18604651162790697,0.08,98.39662921348318,0.5168539325842697,0.813953488372093,81.59516129032258
695418,FF,4-Seam FB,Fastball,572,0.3690322580645161,0.24242424242424243,0.2,94.6013986013986,0.5541958041958042,0.7575757575757576,80.32843601895735
695418,SI,Sinker,Fastball,388,0.2503225806451613,0.12935323383084577,0.08771929824561403,94.3487113402062,0.6623711340206185,0.8706467661691543,82.82179487179488
695418,SL,Slider,Breaking,292,0.18838709677419355,0.2198581560283688,0.12903225806451613,85.25273972602741,0.3904109589041096,0.7801418439716312,81.919
695418,ST,Sweeper,Breaking,222,0.1432258064516129,0.21649484536082475,0.2037037037037037,83.4472972972973,0.4594594594594595,0.7835051546391752,80.99027777777776
695418,CH,Changeup,Offspeed,76,0.04903225806451613,0.11764705882352941,0.058823529411764705,86.17236842105264,0.3157894736842105,0.8823529411764706,77.89655172413792
695445,ST,Sweeper,Breaking,64,0.3878787878787879,0.35714285714285715,0.2857142857142857,80.89375,0.328125,0.6428571428571428,79.6625
695445,SI,Sinker,Fastball,59,0.3575757575757576,0.05,0.0,89.81186440677968,0.576271186440678,0.95,84.86842105263158
695505,FF,4-Seam FB,Fastball,1491,0.5553072625698324,0.17798913043478262,0.1506276150627615,97.66767270288398,0.5264922870556673,0.8220108695652174,84.4652705061082
695505,SL,Slider,Breaking,1037,0.38621973929236497,0.5170454545454546,0.4895397489539749,90.25448408871745,0.343297974927676,0.4829545454545454,84.06651162790698
695505,CH,Changeup,Offspeed,140,0.0521415270018622,0.35185185185185186,0.375,90.23571428571428,0.2642857142857143,0.6481481481481481,78.59375
695534,SI,Sinker,Fastball,164,0.3438155136268344,0.09302325581395349,0.0,96.24024390243902,0.5975609756097561,0.9069767441860466,85.44305555555555
695534,CH,Changeup,Offspeed,110,0.23060796645702306,0.3333333333333333,0.14285714285714285,87.38454545454545,0.34545454545454546,0.6666666666666667,84.82500000000002
695534,ST,Sweeper,Breaking,87,0.18238993710691823,0.3157894736842105,0.46153846153846156,83.183908045977,0.40229885057471265,0.6842105263157895,77.73076923076923
695534,FF,4-Seam FB,Fastball,71,0.1488469601677149,0.1794871794871795,0.1,96.88028169014086,0.5070422535211268,0.8205128205128205,85.25714285714287
695534,SL,Slider,Breaking,45,0.09433962264150944,0.13636363636363635,0.0,89.17777777777776,0.5111111111111111,0.8636363636363636,86.37647058823529
695549,FF,4-Seam FB,Fastball,241,0.3125810635538262,0.22033898305084745,0.22727272727272727,97.57219917012449,0.48132780082987553,0.7796610169491526,82.59651162790696
695549,SL,Slider,Breaking,200,0.2594033722438392,0.2828282828282828,0.3225806451612903,89.4325,0.47,0.7171717171717171,80.99375
695549,SI,Sinker,Fastball,143,0.185473411154345,0.17142857142857143,0.2,95.83076923076922,0.5104895104895105,0.8285714285714285,86.92352941176472
695549,CH,Changeup,Offspeed,79,0.10246433203631647,0.29411764705882354,0.23809523809523808,86.2126582278481,0.35443037974683544,0.7058823529411764,78.82272727272726
695549,CU,Curveball,Breaking,75,0.09727626459143969,0.4166666666666667,0.4444444444444444,85.988,0.36,0.5833333333333333,80.63333333333334
695611,FF,4-Seam FB,Fastball,812,0.4624145785876993,0.2315035799522673,0.19186046511627908,96.26342364532019,0.5812807881773399,0.7684964200477327,83.16156462585035
695611,SL,Slider,Breaking,398,0.2266514806378132,0.2736318407960199,0.21621621621621623,87.15276381909547,0.4949748743718593,0.7263681592039801,83.91333333333333
695611,CU,Curveball,Breaking,187,0.10649202733485194,0.25555555555555554,0.26785714285714285,82.29358288770054,0.3582887700534759,0.7444444444444445,80.14629629629631
695611,CH,Changeup,Offspeed,164,0.09339407744874716,0.2807017543859649,0.4,87.56524390243902,0.23780487804878048,0.7192982456140351,76.19736842105263
695611,ST,Sweeper,Breaking,102,0.05808656036446469,0.36363636363636365,0.32,83.79999999999998,0.3431372549019608,0.6363636363636364,78.67407407407408
695611,SI,Sinker,Fastball,93,0.05296127562642369,0.1891891891891892,0.25,95.04086021505377,0.45161290322580644,0.8108108108108107,80.7
695684,SI,Sinker,Fastball,229,0.4607645875251509,0.16129032258064516,0.07407407407407407,95.76506550218339,0.5938864628820961,0.8387096774193549,85.05466666666668
695684,FF,4-Seam FB,Fastball,94,0.1891348088531187,0.25,0.25,95.42659574468085,0.44680851063829785,0.75,82.27333333333333
695684,CU,Curveball,Breaking,72,0.1448692152917505,0.6818181818181818,0.5,78.20416666666668,0.2222222222222222,0.31818181818181823,85.82857142857142
695684,ST,Sweeper,Breaking,62,0.12474849094567404,0.5833333333333334,0.5,80.35806451612902,0.1935483870967742,0.41666666666666663,76.7
695684,CH,Changeup,Offspeed,39,0.07847082494969819,0.21052631578947367,0.125,87.95128205128204,0.358974358974359,0.7894736842105263,83.17857142857143
695766,FF,4-Seam FB,Fastball,33,0.4925373134328358,0.4444444444444444,0.3333333333333333,93.0090909090909,0.48484848484848486,0.5555555555555556,89.12
696062,FF,4-Seam FB,Fastball,320,0.45325779036827196,0.18064516129032257,0.2028985507246377,98.2953125,0.50625,0.8193548387096774,85.30427350427351
696062,FC,Cutter,Fastball,174,0.24645892351274787,0.3118279569892473,0.19047619047619047,92.43735632183908,0.5977011494252874,0.6881720430107527,83.80967741935484
696062,SL,Slider,Breaking,150,0.21246458923512748,0.2876712328767123,0.3,87.95733333333334,0.4666666666666667,0.7123287671232876,80.55102040816327
696062,FS,Splitter,Offspeed,38,0.053824362606232294,0.2,0.14285714285714285,87.40526315789475,0.3684210526315789,0.8,83.34
696070,FF,4-Seam FB,Fastball,226,0.43378119001919385,0.297029702970297,0.4117647058823529,96.04159292035399,0.4911504424778761,0.7029702970297029,79.93770491803278
696070,SL,Slider,Breaking,144,0.2763915547024952,0.3333333333333333,0.3333333333333333,88.99236111111112,0.3333333333333333,0.6666666666666667,79.8775
696070,CH,Changeup,Offspeed,76,0.14587332053742802,0.2702702702702703,0.2857142857142857,88.98947368421052,0.4342105263157895,0.7297297297297297,81.00454545454546
696070,SI,Sinker,Fastball,75,0.14395393474088292,0.13333333333333333,0.0,94.82,0.5333333333333333,0.8666666666666667,79.26521739130435
696131,SI,Sinker,Fastball,144,0.2589928057553957,0.1864406779661017,0.07692307692307693,93.81527777777777,0.5763888888888888,0.8135593220338984,87.44
696131,FF,4-Seam FB,Fastball,118,0.21223021582733814,0.1568627450980392,0.125,93.9915254237288,0.3559322033898305,0.8431372549019608,82.75
696131,ST,Sweeper,Breaking,113,0.20323741007194246,0.16666666666666666,0.16666666666666666,83.0283185840708,0.5221238938053098,0.8333333333333334,84.26315789473684
696131,SL,Slider,Breaking,73,0.13129496402877697,0.24242424242424243,0.11764705882352941,86.90273972602739,0.5205479452054794,0.7575757575757576,86.8625
696131,FC,Cutter,Fastball,46,0.08273381294964029,0.21428571428571427,0.0,90.42608695652173,0.30434782608695654,0.7857142857142857,82.72727272727273
696131,CU,Curveball,Breaking,39,0.07014388489208633,0.15789473684210525,0.16666666666666666,81.2230769230769,0.6153846153846154,0.8421052631578947,86.10714285714286
696136,FF,4-Seam FB,Fastball,69,0.38333333333333336,0.175,0.1875,93.12898550724637,0.5797101449275363,0.825,84.9774193548387
696136,CH,Changeup,Offspeed,51,0.2833333333333333,0.4166666666666667,0.4,82.98627450980392,0.3333333333333333,0.5833333333333333,78.12142857142858
696136,SL,Slider,Breaking,36,0.2,0.25,0.0,86.24444444444447,0.5555555555555556,0.75,81.64545454545454
696146,FF,4-Seam FB,Fastball,254,0.4729981378026071,0.3076923076923077,0.1935483870967742,94.0,0.5,0.6923076923076923,81.70344827586206
696146,SL,Slider,Breaking,164,0.3054003724394786,0.43820224719101125,0.45652173913043476,83.1689024390244,0.3780487804878049,0.5617977528089888,80.64651162790697
696146,FC,Cutter,Fastball,105,0.19553072625698323,0.3333333333333333,0.3333333333333333,88.49142857142857,0.5238095238095238,0.6666666666666667,83.868
696147,SL,Slider,Breaking,438,0.5081206496519721,0.3791469194312796,0.35802469135802467,88.35410958904112,0.4520547945205479,0.6208530805687205,81.20991735537191
696147,SI,Sinker,Fastball,261,0.302784222737819,0.2268041237113402,0.16216216216216217,98.63639846743295,0.4674329501915709,0.7731958762886598,82.90138888888889
696147,CH,Changeup,Offspeed,130,0.15081206496519722,0.3389830508474576,0.375,91.73846153846154,0.49230769230769234,0.6610169491525424,85.15882352941175
696149,FF,4-Seam FB,Fastball,1299,0.48361876396128073,0.2222222222222222,0.21739130434782608,98.2621247113164,0.5011547344110855,0.7777777777777778,83.01056034482757
696149,SL,Slider,Breaking,555,0.20662695457930008,0.22807017543859648,0.25,91.11999999999999,0.4900900900900901,0.7719298245614035,83.62401960784314
696149,CH,Changeup,Offspeed,383,0.14259121370067016,0.25,0.24096385542168675,91.42898172323761,0.4386422976501306,0.75,82.7109243697479
696149,SI,Sinker,Fastball,218,0.08116157855547282,0.14444444444444443,0.2,97.6866972477064,0.5137614678899083,0.8555555555555556,83.892
696149,CU,Curveball,Breaking,122,0.045420699925539834,0.1794871794871795,0.18181818181818182,86.81393442622952,0.45081967213114754,0.8205128205128205,84.64333333333335
696149,ST,Sweeper,Breaking,108,0.040208488458674606,0.2857142857142857,0.3,87.77962962962964,0.4166666666666667,0.7142857142857143,81.60714285714286
696270,FC,Cutter,Fastball,714,0.38387096774193546,0.23652694610778444,0.2465753424657534,89.8298319327731,0.5392156862745098,0.7634730538922155,80.27552742616034
696270,ST,Sweeper,Breaking,437,0.2349462365591398,0.29017857142857145,0.2235294117647059,80.76361556064073,0.4965675057208238,0.7098214285714286,80.41241379310344
696270,FS,Splitter,Offspeed,379,0.20376344086021506,0.32748538011695905,0.171875,84.6419525065963,0.34300791556728233,0.672514619883041,80.18899082568807
696270,SI,Sinker,Fastball,323,0.1736559139784946,0.03546099290780142,0.044444444444444446,92.55572755417957,0.544891640866873,0.9645390070921985,86.11692307692309
696519,FF,4-Seam FB,Fastball,504,0.7850467289719626,0.3024193548387097,0.2692307692307692,94.93015873015872,0.5357142857142857,0.6975806451612903,82.29130434782608
696519,SL,Slider,Breaking,132,0.205607476635514,0.5818181818181818,0.5483870967741935,85.5280303030303,0.2727272727272727,0.4181818181818182,79.52608695652175
696522,FF,4-Seam FB,Fastball,102,0.3493150684931507,0.14893617021276595,0.0,94.59411764705885,0.5,0.851063829787234,86.79189189189188
696522,FC,Cutter,Fastball,65,0.2226027397260274,0.07142857142857142,0.0,91.09230769230771,0.47692307692307695,0.9285714285714286,81.476
696522,SL,Slider,Breaking,63,0.21575342465753425,0.12903225806451613,0.07692307692307693,87.94126984126984,0.47619047619047616,0.8709677419354839,82.21851851851852
696522,CH,Changeup,Offspeed,62,0.21232876712328766,0.2413793103448276,0.2727272727272727,88.46612903225807,0.3387096774193548,0.7586206896551724,80.65454545454546
697812,FF,4-Seam FB,Fastball,104,0.4928909952606635,0.2564102564102564,0.21428571428571427,93.37788461538463,0.46153846153846156,0.7435897435897436,79.9851851851852
697812,SL,Slider,Breaking,79,0.3744075829383886,0.34146341463414637,0.35,84.85443037974683,0.5063291139240507,0.6585365853658536,83.21923076923076
699008,FF,4-Seam FB,Fastball,152,0.5187713310580204,0.1375,0.13636363636363635,98.72894736842105,0.618421052631579,0.8625,83.50298507462688
699008,ST,Sweeper,Breaking,51,0.17406143344709898,0.23333333333333334,0.2777777777777778,87.38039215686274,0.47058823529411764,0.7666666666666666,82.42
699008,CH,Changeup,Offspeed,36,0.12286689419795221,0.07692307692307693,0.1,87.70277777777777,0.3611111111111111,0.9230769230769231,84.77499999999999
699008,SL,Slider,Breaking,30,0.10238907849829351,0.25,0.3333333333333333,89.73666666666666,0.6333333333333333,0.75,82.45555555555555
699044,FF,4-Seam FB,Fastball,177,0.6629213483146067,0.25609756097560976,0.2413793103448276,94.77909604519775,0.5254237288135594,0.7439024390243902,84.96181818181819
699044,SL,Slider,Breaking,78,0.29213483146067415,0.3409090909090909,0.4,86.01666666666667,0.5,0.6590909090909092,85.19285714285714
699134,CH,Changeup,Offspeed,537,0.4235015772870662,0.40327868852459015,0.29770992366412213,90.14189944134078,0.4729981378026071,0.5967213114754099,77.46845238095239
699134,FF,4-Seam FB,Fastball,332,0.2618296529968454,0.2781456953642384,0.3142857142857143,98.25873493975904,0.5,0.7218543046357616,83.50660377358491
699134,SI,Sinker,Fastball,322,0.2539432176656151,0.16025641025641027,0.15151515151515152,97.83633540372672,0.5372670807453416,0.8397435897435898,82.82661290322581
699134,SL,Slider,Breaking,71,0.055993690851735015,0.30303030303030304,0.21052631578947367,88.7774647887324,0.4225352112676056,0.696969696969697,84.48636363636363
699151,CH,Changeup,Offspeed,97,0.3108974358974359,0.47058823529411764,0.2,83.53505154639174,0.35051546391752575,0.5294117647058824,81.56153846153848
699151,FF,4-Seam FB,Fastball,72,0.23076923076923078,0.16216216216216217,0.13333333333333333,91.89305555555556,0.5,0.8378378378378378,85.88333333333334
699151,CU,Curveball,Breaking,59,0.1891025641025641,0.08333333333333333,0.08333333333333333,79.08813559322033,0.4745762711864407,0.9166666666666666,82.15238095238095
699151,SI,Sinker,Fastball,45,0.14423076923076922,0.09090909090909091,0.0,91.14,0.6222222222222222,0.9090909090909091,88.56
699151,FC,Cutter,Fastball,39,0.125,0.15789473684210525,0.3333333333333333,87.22564102564102,0.46153846153846156,0.8421052631578947,83.91874999999999
699823,FF,4-Seam FB,Fastball,303,0.6209016393442623,0.23636363636363636,0.2459016393442623,96.25577557755776,0.5082508250825083,0.7636363636363637,82.48536585365854
699823,SL,Slider,Breaking,154,0.3155737704918033,0.20253164556962025,0.10714285714285714,87.52987012987013,0.474025974025974,0.7974683544303798,85.75593220338982
699823,FS,Splitter,Offspeed,31,0.06352459016393443,0.2727272727272727,0.3333333333333333,86.03870967741935,0.22580645161290322,0.7272727272727273,87.51666666666667
700187,FF,4-Seam FB,Fastball,32,0.6274509803921569,0.23076923076923078,0.5,95.4625,0.46875,0.7692307692307692,93.52
700241,FF,4-Seam FB,Fastball,701,0.24717912552891397,0.1485148514851485,0.15833333333333333,91.9148359486448,0.557774607703281,0.8514851485148515,85.74775510204081
700241,CH,Changeup,Offspeed,577,0.20345557122708038,0.26545454545454544,0.2727272727272727,86.97227036395147,0.29116117850953205,0.7345454545454546,82.17989130434782
700241,SI,Sinker,Fastball,455,0.16043723554301834,0.12444444444444444,0.16470588235294117,90.7956043956044,0.6021978021978022,0.8755555555555555,82.63485714285714
700241,CU,Curveball,Breaking,357,0.12588152327221439,0.2868217054263566,0.22,78.54817927170869,0.36694677871148457,0.7131782945736433,85.6729411764706
700241,FC,Cutter,Fastball,320,0.11283497884344147,0.16216216216216217,0.2,87.59718749999999,0.5,0.8378378378378378,82.04298245614035
700241,ST,Sweeper,Breaking,300,0.10578279266572638,0.28125,0.20833333333333334,81.76,0.36666666666666664,0.71875,84.13214285714287
700241,SL,Slider,Breaking,126,0.04442877291960508,0.2413793103448276,0.18181818181818182,83.59206349206347,0.3492063492063492,0.7586206896551724,88.16666666666667
700249,FF,4-Seam FB,Fastball,278,0.45499181669394434,0.19285714285714287,0.14285714285714285,91.82014388489209,0.5467625899280576,0.8071428571428572,84.39999999999999
700249,CU,Curveball,Breaking,137,0.22422258592471359,0.37254901960784315,0.28125,76.37591240875912,0.32116788321167883,0.6274509803921569,75.90357142857144
700249,SL,Slider,Breaking,82,0.1342062193126023,0.2894736842105263,0.46153846153846156,86.73536585365854,0.3902439024390244,0.7105263157894737,81.91153846153846
700249,CH,Changeup,Offspeed,62,0.10147299509001637,0.15625,0.2222222222222222,85.10645161290323,0.3870967741935484,0.84375,83.75
700249,SI,Sinker,Fastball,52,0.0851063829787234,0.09090909090909091,0.0,91.33461538461538,0.5,0.9090909090909091,90.08823529411765
700270,SL,Slider,Breaking,90,0.4864864864864865,0.2222222222222222,0.11764705882352941,87.3788888888889,0.4111111111111111,0.7777777777777778,84.16923076923075
700270,FF,4-Seam FB,Fastball,87,0.4702702702702703,0.26666666666666666,0.19047619047619047,96.96896551724139,0.4942528735632184,0.7333333333333334,85.31612903225806
700363,FF,4-Seam FB,Fastball,224,0.39092495636998253,0.1262135922330097,0.11428571428571428,96.29866071428572,0.5089285714285714,0.8737864077669903,84.79772727272727
700363,FS,Splitter,Offspeed,204,0.35602094240837695,0.3130434782608696,0.21311475409836064,83.00245098039215,0.35784313725490197,0.6869565217391305,81.6328947368421
700363,CU,Curveball,Breaking,58,0.1012216404886562,0.32142857142857145,0.125,75.8896551724138,0.603448275862069,0.6785714285714286,81.0875
700363,SI,Sinker,Fastball,42,0.07329842931937172,0.15789473684210525,0.0,95.09285714285714,0.5952380952380952,0.8421052631578947,84.88749999999999
700669,FF,4-Seam FB,Fastball,470,0.3830480847595762,0.12612612612612611,0.1,95.34978723404254,0.5446808510638298,0.8738738738738738,86.63631284916201
700669,SL,Slider,Breaking,224,0.18255908720456399,0.3557692307692308,0.4489795918367347,86.68526785714286,0.39285714285714285,0.6442307692307692,84.59833333333334
700669,FC,Cutter,Fastball,180,0.1466992665036675,0.26732673267326734,0.24,89.44833333333334,0.4722222222222222,0.7326732673267327,82.64782608695653
700669,CH,Changeup,Offspeed,167,0.1361043194784026,0.22388059701492538,0.3076923076923077,88.22155688622752,0.30538922155688625,0.7761194029850746,82.76666666666667
700669,CU,Curveball,Breaking,100,0.08149959250203749,0.15151515151515152,0.15,83.23099999999998,0.33,0.8484848484848485,86.68888888888888
700669,SI,Sinker,Fastball,86,0.07008964955175224,0.18181818181818182,0.4,94.84418604651162,0.3488372093023256,0.8181818181818181,74.35384615384615
700712,CH,Changeup,Offspeed,858,0.3414245921209709,0.3738532110091743,0.3298429319371728,90.97587412587413,0.4184149184149184,0.6261467889908257,79.60122448979592
700712,SI,Sinker,Fastball,838,0.3334659769200159,0.1760204081632653,0.20430107526881722,98.13627684964202,0.5071599045346062,0.8239795918367347,84.55000000000001
700712,FF,4-Seam FB,Fastball,463,0.18424194190210905,0.20952380952380953,0.19469026548672566,97.92159827213823,0.5053995680345572,0.7904761904761904,83.19935483870968
700712,ST,Sweeper,Breaking,353,0.14046955829685634,0.35766423357664234,0.2878787878787879,87.18980169971671,0.37110481586402266,0.6423357664233577,80.02317073170732
700842,FF,4-Seam FB,Fastball,127,0.5594713656387665,0.22580645161290322,0.14285714285714285,95.20866141732282,0.5118110236220472,0.7741935483870968,84.9590909090909
700842,SL,Slider,Breaking,67,0.29515418502202645,0.25,0.0,87.67014925373135,0.40298507462686567,0.75,65.825
700842,CH,Changeup,Offspeed,33,0.14537444933920704,0.3333333333333333,0.36363636363636365,87.05454545454545,0.36363636363636365,0.6666666666666667,82.53333333333333
701121,FF,4-Seam FB,Fastball,142,0.5378787878787878,0.3170731707317073,0.2631578947368421,92.893661971831,0.5774647887323944,0.6829268292682926,81.46037735849056
701121,ST,Sweeper,Breaking,81,0.3068181818181818,0.14285714285714285,0.0625,82.29506172839507,0.5432098765432098,0.8571428571428572,80.29310344827586
701474,FF,4-Seam FB,Fastball,49,0.4049586776859504,0.22727272727272727,0.3333333333333333,93.03673469387755,0.42857142857142855,0.7727272727272727,84.58823529411765
701474,ST,Sweeper,Breaking,30,0.24793388429752067,0.25,0.6666666666666666,82.28666666666668,0.43333333333333335,0.75,91.3125
701519,CH,Changeup,Offspeed,233,0.24526315789473685,0.3418803418803419,0.3541666666666667,86.17596566523605,0.3261802575107296,0.6581196581196581,79.85972222222222
701519,SL,Slider,Breaking,233,0.24526315789473685,0.3983050847457627,0.4166666666666667,86.94721030042919,0.351931330472103,0.6016949152542372,81.44558823529412
701519,FF,4-Seam FB,Fastball,231,0.2431578947368421,0.14423076923076922,0.1724137931034483,94.44069264069262,0.4935064935064935,0.8557692307692308,83.77654320987655
701519,FC,Cutter,Fastball,195,0.20526315789473684,0.26373626373626374,0.3333333333333333,91.79846153846157,0.5333333333333333,0.7362637362637363,83.26818181818182
701519,SI,Sinker,Fastball,58,0.061052631578947365,0.0,0.0,94.11896551724138,0.5689655172413793,1.0,82.95833333333333
701542,FF,4-Seam FB,Fastball,1011,0.3622357577929058,0.2194616977225673,0.2222222222222222,93.77546983184965,0.5578635014836796,0.7805383022774327,84.80175438596491
701542,SI,Sinker,Fastball,673,0.24113221067717663,0.175,0.12658227848101267,93.30297176820207,0.5111441307578009,0.825,87.22222222222223
701542,ST,Sweeper,Breaking,563,0.2017198136868506,0.24434389140271492,0.19480519480519481,83.90319715808171,0.477797513321492,0.755656108597285,82.25320512820512
701542,CH,Changeup,Offspeed,370,0.13256897169473308,0.3016759776536313,0.33766233766233766,87.25162162162162,0.21621621621621623,0.6983240223463687,79.95526315789473
701542,CU,Curveball,Breaking,162,0.05804371193120745,0.2903225806451613,0.36666666666666664,81.30432098765432,0.2345679012345679,0.7096774193548387,84.38780487804877
701552,SL,Slider,Breaking,141,0.6103896103896104,0.14814814814814814,0.058823529411764705,82.16666666666667,0.48936170212765956,0.8518518518518519,84.36829268292682
701552,FF,4-Seam FB,Fastball,57,0.24675324675324675,0.041666666666666664,0.0,94.29122807017544,0.47368421052631576,0.9583333333333334,80.77826086956522
701656,FF,4-Seam FB,Fastball,710,0.4637491835401698,0.21298701298701297,0.2391304347826087,93.14042253521126,0.5943661971830986,0.787012987012987,82.16923076923077
701656,CH,Changeup,Offspeed,539,0.3520574787720444,0.3693379790940767,0.3023255813953488,82.95231910946195,0.45454545454545453,0.6306620209059233,76.76949152542373
701656,FC,Cutter,Fastball,235,0.1534944480731548,0.20491803278688525,0.3125,87.83744680851062,0.5829787234042553,0.7950819672131147,83.7
701656,ST,Sweeper,Breaking,47,0.03069888961463096,0.14285714285714285,0.1875,81.0808510638298,0.3404255319148936,0.8571428571428572,77.22352941176469
701719,SI,Sinker,Fastball,136,0.38857142857142857,0.12727272727272726,0.08333333333333333,93.05735294117646,0.5955882352941176,0.8727272727272728,84.1
701719,FF,4-Seam FB,Fastball,94,0.26857142857142857,0.27450980392156865,0.42105263157894735,93.5340425531915,0.4574468085106383,0.7254901960784313,80.42424242424241
701719,ST,Sweeper,Breaking,63,0.18,0.2916666666666667,0.4166666666666667,82.14126984126983,0.3333333333333333,0.7083333333333333,83.19375
701719,FC,Cutter,Fastball,33,0.09428571428571429,0.25,0.0,88.76060606060607,0.6060606060606061,0.75,88.70833333333333
702021,FF,4-Seam FB,Fastball,336,0.42424242424242425,0.25980392156862747,0.2857142857142857,91.12410714285714,0.5505952380952381,0.7401960784313726,82.2118881118881
702021,CH,Changeup,Offspeed,204,0.25757575757575757,0.37,0.29545454545454547,77.98186274509804,0.37254901960784315,0.63,72.58500000000001
702021,CU,Curveball,Breaking,157,0.19823232323232323,0.13725490196078433,0.14285714285714285,80.98216560509555,0.5095541401273885,0.8627450980392157,80.84878048780489
702021,FC,Cutter,Fastball,66,0.08333333333333333,0.2647058823529412,0.1,86.86363636363636,0.3787878787878788,0.7352941176470589,80.8625
702047,FF,4-Seam FB,Fastball,66,0.673469387755102,0.1724137931034483,0.0,95.35151515151513,0.5454545454545454,0.8275862068965517,82.92173913043479
702056,FF,4-Seam FB,Fastball,757,0.46757257566399013,0.20277777777777778,0.1984732824427481,94.24768824306473,0.5178335535006605,0.7972222222222223,84.06555555555556
702056,FS,Splitter,Offspeed,470,0.29030265596046945,0.3883495145631068,0.32323232323232326,82.86042553191488,0.32127659574468087,0.6116504854368932,78.21499999999999
702056,SL,Slider,Breaking,392,0.24212476837554045,0.39,0.3088235294117647,87.58724489795918,0.4260204081632653,0.61,79.22169811320755
702070,FF,4-Seam FB,Fastball,722,0.24285233770602085,0.17417417417417416,0.12727272727272726,92.4932132963989,0.4986149584487535,0.8258258258258259,84.02099236641222
702070,FC,Cutter,Fastball,629,0.2115708039017827,0.20930232558139536,0.22058823529411764,89.74880763116057,0.5453100158982512,0.7906976744186046,82.88663967611336
702070,CH,Changeup,Offspeed,594,0.19979818365287588,0.35785953177257523,0.2621359223300971,81.04646464646464,0.4612794612794613,0.6421404682274248,78.7978021978022
702070,CU,Curveball,Breaking,485,0.16313488059199463,0.2872340425531915,0.27927927927927926,81.63175257731959,0.41649484536082476,0.7127659574468085,82.20645161290322
702070,SL,Slider,Breaking,395,0.13286242852337707,0.34579439252336447,0.34615384615384615,85.1759493670886,0.40253164556962023,0.6542056074766356,84.76279069767442
702070,SI,Sinker,Fastball,147,0.04944500504540868,0.07547169811320754,0.1,91.51904761904761,0.5102040816326531,0.9245283018867925,87.24166666666667
702153,CH,Changeup,Offspeed,44,0.3308270676691729,0.16,0.16666666666666666,82.68863636363636,0.5,0.84,71.235
702153,FF,4-Seam FB,Fastball,32,0.24060150375939848,0.35714285714285715,0.2857142857142857,94.05937499999999,0.5,0.6428571428571428,81.3375
702193,FF,4-Seam FB,Fastball,583,0.45019305019305017,0.19795221843003413,0.14492753623188406,97.38044596912522,0.6106346483704974,0.8020477815699658,80.86392694063929
702193,FC,Cutter,Fastball,288,0.22239382239382238,0.2789115646258503,0.26666666666666666,91.36076388888888,0.4513888888888889,0.7210884353741497,83.55959595959598
702193,SI,Sinker,Fastball,152,0.11737451737451737,0.21686746987951808,0.05,96.5796052631579,0.6447368421052632,0.7831325301204819,82.86833333333333
702193,CH,Changeup,Offspeed,139,0.10733590733590734,0.2641509433962264,0.15,89.15251798561151,0.3597122302158273,0.7358490566037736,82.9
702193,ST,Sweeper,Breaking,116,0.08957528957528957,0.2653061224489796,0.27586206896551724,82.14224137931033,0.2672413793103448,0.7346938775510203,79.93823529411763
702273,SI,Sinker,Fastball,329,0.2606973058637084,0.09859154929577464,0.10526315789473684,95.17355623100303,0.601823708206687,0.9014084507042254,82.10084033613445
702273,FC,Cutter,Fastball,279,0.22107765451664024,0.21875,0.2,89.90394265232973,0.5340501792114696,0.78125,82.35913978494624
702273,FF,4-Seam FB,Fastball,274,0.21711568938193343,0.20454545454545456,0.23880597014925373,95.25656934306569,0.48905109489051096,0.7954545454545454,84.471875
702273,ST,Sweeper,Breaking,218,0.17274167987321712,0.32142857142857145,0.2631578947368421,82.58027522935778,0.4036697247706422,0.6785714285714286,85.0490566037736
702273,CH,Changeup,Offspeed,121,0.09587955625990491,0.28125,0.21212121212121213,89.17520661157026,0.3140495867768595,0.71875,74.80465116279069
702273,CU,Curveball,Breaking,41,0.03248811410459588,0.2857142857142857,0.14285714285714285,82.2609756097561,0.43902439024390244,0.7142857142857143,78.10666666666665
702275,CU,Curveball,Breaking,342,0.2571428571428571,0.3108108108108108,0.3,82.90847953216374,0.4239766081871345,0.6891891891891893,79.95000000000002
702275,SI,Sinker,Fastball,299,0.22481203007518796,0.12612612612612611,0.15789473684210525,93.96923076923078,0.5351170568561873,0.8738738738738738,83.88275862068966
702275,FF,4-Seam FB,Fastball,254,0.19097744360902255,0.21212121212121213,0.2894736842105263,94.63346456692913,0.421259842519685,0.7878787878787878,82.77702702702703
702275,CH,Changeup,Offspeed,239,0.17969924812030075,0.24444444444444444,0.2909090909090909,87.881589958159,0.42677824267782427,0.7555555555555555,83.83655913978494
702275,FC,Cutter,Fastball,118,0.0887218045112782,0.17777777777777778,0.125,89.16864406779662,0.4322033898305085,0.8222222222222222,81.08857142857144
702275,SL,Slider,Breaking,76,0.05714285714285714,0.17142857142857143,0.125,85.06447368421054,0.5,0.8285714285714285,75.85925925925925
702281,FF,4-Seam FB,Fastball,57,0.38,0.21739130434782608,0.2727272727272727,94.4,0.6140350877192983,0.782608695652174,78.97222222222223
702281,CU,Curveball,Breaking,52,0.3466666666666667,0.2692307692307692,0.16666666666666666,82.6826923076923,0.5576923076923077,0.7307692307692308,85.41176470588235
702303,FF,4-Seam FB,Fastball,65,0.5508474576271186,0.1794871794871795,0.21428571428571427,94.54307692307691,0.7846153846153846,0.8205128205128205,82.20666666666668
702303,CU,Curveball,Breaking,35,0.2966101694915254,0.1,0.0,85.4657142857143,0.37142857142857144,0.9,91.58000000000001
702352,SI,Sinker,Fastball,88,0.38095238095238093,0.18421052631578946,0.2222222222222222,94.61136363636363,0.5909090909090909,0.8157894736842105,77.81428571428572
702352,FF,4-Seam FB,Fastball,47,0.20346320346320346,0.25,0.26666666666666666,94.43191489361702,0.48936170212765956,0.75,80.73333333333332
702352,ST,Sweeper,Breaking,46,0.19913419913419914,0.26666666666666666,0.2,81.47608695652174,0.5217391304347826,0.7333333333333334,78.63636363636364
702474,FF,4-Seam FB,Fastball,204,0.3702359346642468,0.14285714285714285,0.08333333333333333,93.03382352941178,0.5784313725490197,0.8571428571428572,86.08292682926829
702474,CH,Changeup,Offspeed,141,0.2558983666061706,0.17391304347826086,0.08695652173913043,87.71205673758867,0.44680851063829785,0.8260869565217391,85.2
702474,ST,Sweeper,Breaking,121,0.21960072595281308,0.2833333333333333,0.2413793103448276,79.24793388429752,0.36363636363636365,0.7166666666666667,83.30499999999999
702474,FC,Cutter,Fastball,85,0.1542649727767695,0.2127659574468085,0.2857142857142857,87.38352941176471,0.5294117647058824,0.7872340425531915,87.64117647058823
702566,FF,4-Seam FB,Fastball,110,0.5188679245283019,0.1746031746031746,0.18518518518518517,92.86909090909091,0.6,0.8253968253968254,84.70800000000001
702566,CH,Changeup,Offspeed,42,0.19811320754716982,0.1935483870967742,0.1,85.36428571428571,0.47619047619047616,0.8064516129032258,86.80000000000001
702566,CU,Curveball,Breaking,33,0.15566037735849056,0.08333333333333333,0.0,79.28787878787878,0.36363636363636365,0.9166666666666666,87.09
702752,FC,Cutter,Fastball,277,0.5296367112810707,0.2713178294573643,0.13333333333333333,91.12490974729242,0.5018050541516246,0.7286821705426356,81.02298850574712
702752,SI,Sinker,Fastball,104,0.1988527724665392,0.15555555555555556,0.1875,94.84326923076924,0.5096153846153846,0.8444444444444444,90.77741935483871
702752,FF,4-Seam FB,Fastball,84,0.16061185468451242,0.36585365853658536,0.34615384615384615,95.64761904761906,0.35714285714285715,0.6341463414634146,78.40434782608695
702752,CH,Changeup,Offspeed,34,0.06500956022944551,0.11764705882352941,0.2222222222222222,87.35000000000001,0.38235294117647056,0.8823529411764706,73.46666666666667
702885,FF,4-Seam FB,Fastball,174,0.464,0.2,0.16666666666666666,93.01896551724137,0.5,0.8,84.9
702885,CH,Changeup,Offspeed,114,0.304,0.20588235294117646,0.29411764705882354,86.76140350877195,0.47368421052631576,0.7941176470588236,84.69795918367346
702885,SL,Slider,Breaking,87,0.232,0.18604651162790697,0.1875,85.63103448275862,0.5057471264367817,0.813953488372093,82.48125
703615,FF,4-Seam FB,Fastball,120,0.2591792656587473,0.1836734693877551,0.38461538461538464,93.96916666666667,0.475,0.8163265306122449,76.4125
703615,FC,Cutter,Fastball,108,0.23326133909287258,0.1568627450980392,0.0,90.03240740740742,0.5185185185185185,0.8431372549019608,82.02564102564101
703615,ST,Sweeper,Breaking,67,0.1447084233261339,0.34782608695652173,0.1111111111111111,83.57761194029851,0.40298507462686567,0.6521739130434783,79.28571428571429
703615,CH,Changeup,Offspeed,64,0.13822894168466524,0.09090909090909091,0.1111111111111111,86.70781249999999,0.34375,0.9090909090909091,80.54827586206895
703615,CU,Curveball,Breaking,53,0.11447084233261338,0.23076923076923078,0.2608695652173913,86.09811320754719,0.39622641509433965,0.7692307692307692,82.25263157894737
703615,SI,Sinker,Fastball,51,0.1101511879049676,0.21739130434782608,1.0,93.14509803921568,0.6078431372549019,0.782608695652174,87.24117647058823
703725,CH,Changeup,Offspeed,234,0.36792452830188677,0.5071428571428571,0.5070422535211268,81.69957264957263,0.32905982905982906,0.4928571428571429,78.45606060606062
703725,FF,4-Seam FB,Fastball,199,0.3128930817610063,0.1702127659574468,0.17857142857142858,94.06582914572864,0.542713567839196,0.8297872340425532,82.91780821917808
703725,ST,Sweeper,Breaking,146,0.22955974842767296,0.3584905660377358,0.08333333333333333,84.52465753424657,0.4383561643835616,0.6415094339622642,82.63870967741936
703725,SI,Sinker,Fastball,57,0.08962264150943396,0.05555555555555555,0.0,93.30526315789473,0.6140350877192983,0.9444444444444444,86.46153846153847
800048,FF,4-Seam FB,Fastball,1288,0.4140147862423658,0.24580152671755726,0.27715355805243447,94.25667701863354,0.562888198757764,0.7541984732824427,81.47229437229437
800048,CH,Changeup,Offspeed,728,0.2340083574413372,0.35768261964735515,0.35353535353535354,85.82513736263736,0.28708791208791207,0.6423173803526449,79.6228448275862
800048,SI,Sinker,Fastball,461,0.1481838637094182,0.11063829787234042,0.04878048780487805,92.71561822125814,0.6030368763557483,0.8893617021276596,84.26243654822335
800048,CU,Curveball,Breaking,267,0.085824493731919,0.125,0.05,79.03932584269663,0.46441947565543074,0.875,81.41052631578948
800048,SL,Slider,Breaking,213,0.06846673095467695,0.2777777777777778,0.25,86.80469483568073,0.4272300469483568,0.7222222222222222,78.82222222222221
800048,FC,Cutter,Fastball,154,0.049501767920282866,0.3076923076923077,0.3333333333333333,90.42337662337663,0.3961038961038961,0.6923076923076923,74.60731707317073
800311,FF,4-Seam FB,Fastball,938,0.6738505747126436,0.287109375,0.2557077625570776,97.25373134328358,0.55863539445629,0.712890625,82.86111111111111
800311,SL,Slider,Breaking,345,0.2478448275862069,0.3795180722891566,0.3611111111111111,85.45768115942029,0.4289855072463768,0.6204819277108433,82.39893617021276
800311,FS,Splitter,Offspeed,104,0.07471264367816093,0.2127659574468085,0.2222222222222222,88.88365384615385,0.2980769230769231,0.7872340425531915,75.82647058823531
800600,FF,4-Seam FB,Fastball,212,0.31314623338257014,0.1111111111111111,0.15384615384615385,93.11556603773585,0.49056603773584906,0.8888888888888888,84.11688311688312
800600,SL,Slider,Breaking,143,0.21122599704579026,0.3048780487804878,0.21212121212121213,86.37412587412588,0.4965034965034965,0.6951219512195121,79.97857142857143
800600,CH,Changeup,Offspeed,139,0.20531757754800592,0.34782608695652173,0.28125,85.37194244604316,0.2302158273381295,0.6521739130434783,77.93571428571428
800600,CU,Curveball,Breaking,96,0.14180206794682423,0.3103448275862069,0.2777777777777778,79.12291666666665,0.34375,0.6896551724137931,74.89375
800600,SI,Sinker,Fastball,87,0.12850812407680945,0.13513513513513514,0.0,92.86551724137931,0.5632183908045977,0.8648648648648649,83.12666666666665
801139,FF,4-Seam FB,Fastball,1063,0.4388934764657308,0.30491803278688523,0.26996197718631176,96.12144873000942,0.5249294449670743,0.6950819672131148,80.23560209424083
801139,SI,Sinker,Fastball,578,0.23864574731626756,0.16666666666666666,0.14285714285714285,94.81262975778546,0.583044982698962,0.8333333333333334,82.53073593073593
801139,FC,Cutter,Fastball,481,0.19859620148637488,0.27986348122866894,0.2222222222222222,88.67401247401247,0.525987525987526,0.7201365187713311,81.12549999999999
801139,CU,Curveball,Breaking,232,0.0957886044591247,0.423728813559322,0.3888888888888889,82.91206896551724,0.4267241379310345,0.576271186440678,82.00923076923077
801139,CH,Changeup,Offspeed,68,0.028075970272502065,0.1724137931034483,0.2857142857142857,88.72205882352941,0.36764705882352944,0.8275862068965517,87.99545454545455
801403,FF,4-Seam FB,Fastball,304,0.3559718969555035,0.3,0.2823529411764706,98.83355263157894,0.5756578947368421,0.7,83.3561403508772
801403,SI,Sinker,Fastball,218,0.25526932084309134,0.15151515151515152,0.13333333333333333,98.16467889908257,0.591743119266055,0.8484848484848485,83.5125
801403,SL,Slider,Breaking,121,0.14168618266978922,0.2727272727272727,0.2777777777777778,87.62892561983473,0.39669421487603307,0.7272727272727273,86.92972972972974
801403,CH,Changeup,Offspeed,93,0.10889929742388758,0.37209302325581395,0.36363636363636365,90.62688172043012,0.3870967741935484,0.627906976744186,81.808
801403,CU,Curveball,Breaking,75,0.08782201405152225,0.4166666666666667,0.4444444444444444,79.87200000000001,0.26666666666666666,0.5833333333333333,80.47
801403,ST,Sweeper,Breaking,43,0.05035128805620609,0.36363636363636365,0.4,85.6767441860465,0.2558139534883721,0.6363636363636364,79.71428571428571
801434,FF,4-Seam FB,Fastball,62,0.44285714285714284,0.46153846153846156,0.7,92.7741935483871,0.41935483870967744,0.5384615384615384,83.40714285714286
801434,SL,Slider,Breaking,54,0.38571428571428573,0.2857142857142857,0.25,83.09259259259261,0.4074074074074074,0.7142857142857143,83.66666666666667
801725,SI,Sinker,Fastball,85,0.6746031746031746,0.08108108108108109,0.0,95.87176470588236,0.5764705882352941,0.9189189189189189,85.91290322580646
801739,FF,4-Seam FB,Fastball,48,0.38095238095238093,0.17391304347826086,0.0,99.2625,0.4375,0.8260869565217391,89.58947368421052
801739,SL,Slider,Breaking,39,0.30952380952380953,0.5454545454545454,0.42857142857142855,90.70256410256408,0.5384615384615384,0.4545454545454546,83.51111111111112
802408,FF,4-Seam FB,Fastball,116,0.3841059602649007,0.3157894736842105,0.17647058823529413,93.50172413793103,0.5258620689655172,0.6842105263157895,82.96486486486488
802408,SL,Slider,Breaking,80,0.26490066225165565,0.5333333333333333,0.625,83.58875,0.325,0.4666666666666667,86.84615384615384
802408,CU,Curveball,Breaking,59,0.19536423841059603,0.2727272727272727,0.5,78.35762711864407,0.288135593220339,0.7272727272727273,75.18461538461538
802408,SI,Sinker,Fastball,44,0.1456953642384106,0.1,0.0,93.22045454545454,0.5909090909090909,0.9,77.90555555555555
804267,FC,Cutter,Fastball,425,0.32270311313591493,0.15637860082304528,0.10909090909090909,88.26235294117647,0.5317647058823529,0.8436213991769548,81.5625
804267,FF,4-Seam FB,Fastball,342,0.25968109339407747,0.16666666666666666,0.175,92.21929824561404,0.5380116959064327,0.8333333333333334,85.14785714285713
804267,ST,Sweeper,Breaking,198,0.15034168564920272,0.24731182795698925,0.18421052631578946,79.96565656565657,0.45454545454545453,0.7526881720430108,81.10746268656716
804267,SI,Sinker,Fastball,147,0.11161731207289294,0.15873015873015872,0.17647058823529413,92.1170068027211,0.5374149659863946,0.8412698412698413,81.89803921568628
804267,SL,Slider,Breaking,101,0.07668944570994685,0.19298245614035087,0.1875,84.6930693069307,0.37623762376237624,0.8070175438596492,85.50000000000001
804267,CH,Changeup,Offspeed,58,0.04403948367501898,0.10344827586206896,0.08333333333333333,84.38793103448276,0.5,0.896551724137931,79.85833333333333
804267,CU,Curveball,Breaking,43,0.032649962034927864,0.18181818181818182,0.2,75.96744186046512,0.4883720930232558,0.8181818181818181,80.03529411764706
804619,FF,4-Seam FB,Fastball,68,0.4594594594594595,0.16129032258064516,0.0625,94.75441176470588,0.6029411764705882,0.8387096774193549,77.01666666666667
804619,CH,Changeup,Offspeed,40,0.2702702702702703,0.2777777777777778,0.25,86.60999999999999,0.375,0.7222222222222222,80.44615384615385
804636,FF,4-Seam FB,Fastball,277,0.4482200647249191,0.2868217054263566,0.2222222222222222,94.96425992779783,0.45126353790613716,0.7131782945736433,80.80561797752809
804636,CH,Changeup,Offspeed,158,0.255663430420712,0.32941176470588235,0.32608695652173914,86.86329113924052,0.43670886075949367,0.6705882352941177,81.08333333333333
804636,FC,Cutter,Fastball,126,0.20388349514563106,0.2463768115942029,0.0625,90.69682539682539,0.49206349206349204,0.7536231884057971,84.8
804636,CU,Curveball,Breaking,57,0.09223300970873786,0.2727272727272727,0.36363636363636365,79.56491228070175,0.38596491228070173,0.7272727272727273,78.3
805074,FF,4-Seam FB,Fastball,170,0.4461942257217848,0.08823529411764706,0.17647058823529413,93.0005882352941,0.5529411764705883,0.9117647058823529,87.78500000000001
805074,SL,Slider,Breaking,158,0.4146981627296588,0.23809523809523808,0.22727272727272727,85.16708860759495,0.46835443037974683,0.7619047619047619,80.97796610169492
805074,FS,Splitter,Offspeed,53,0.13910761154855644,0.4090909090909091,0.2222222222222222,82.70943396226414,0.22641509433962265,0.5909090909090908,76.10000000000001
805123,FF,4-Seam FB,Fastball,888,0.5082999427590155,0.23555555555555555,0.23863636363636365,95.78592342342341,0.5472972972972973,0.7644444444444445,84.04984423676012
805123,ST,Sweeper,Breaking,397,0.22724670864338867,0.3155080213903743,0.25396825396825395,84.72997481108312,0.43073047858942065,0.6844919786096257,78.35775862068965
805123,CH,Changeup,Offspeed,360,0.20606754436176303,0.3254437869822485,0.3125,85.8861111111111,0.3055555555555556,0.6745562130177515,83.47619047619048
805123,FC,Cutter,Fastball,85,0.048654836863194044,0.5151515151515151,0.5,88.98588235294119,0.3058823529411765,0.48484848484848486,76.60625
805299,SI,Sinker,Fastball,389,0.5045395590142672,0.1360544217687075,0.2222222222222222,97.0272493573265,0.6041131105398457,0.8639455782312925,84.83275862068965
805299,ST,Sweeper,Breaking,229,0.29701686121919585,0.49514563106796117,0.47619047619047616,87.52401746724891,0.37117903930131,0.5048543689320388,76.94489795918368
805299,FC,Cutter,Fastball,152,0.19714656290531776,0.2054794520547945,0.29411764705882354,94.1217105263158,0.5263157894736842,0.7945205479452055,80.67592592592592
805326,FF,4-Seam FB,Fastball,223,0.3871527777777778,0.18333333333333332,0.025,94.01076233183855,0.6547085201793722,0.8166666666666667,85.83510638297872
805326,SL,Slider,Breaking,214,0.3715277777777778,0.25862068965517243,0.3225806451612903,88.22242990654206,0.4719626168224299,0.7413793103448276,84.073417721519
805326,CH,Changeup,Offspeed,54,0.09375,0.16666666666666666,0.0625,88.38148148148147,0.37037037037037035,0.8333333333333334,80.7375
805326,CU,Curveball,Breaking,38,0.06597222222222222,0.21428571428571427,0.2,81.83157894736841,0.5526315789473685,0.7857142857142857,94.61
805345,FC,Cutter,Fastball,110,0.29891304347826086,0.19607843137254902,0.26666666666666666,94.00818181818185,0.5636363636363636,0.803921568627451,78.36500000000001
805345,ST,Sweeper,Breaking,107,0.2907608695652174,0.21739130434782608,0.15789473684210525,85.02616822429906,0.45794392523364486,0.782608695652174,81.1909090909091
805345,SI,Sinker,Fastball,82,0.22282608695652173,0.30303030303030304,0.4444444444444444,93.89024390243902,0.6463414634146342,0.696969696969697,83.04545454545455
805345,CU,Curveball,Breaking,66,0.1793478260869565,0.25,0.3157894736842105,78.38030303030304,0.3787878787878788,0.75,76.18333333333334
805427,SI,Sinker,Fastball,269,0.4190031152647975,0.1484375,0.25,95.01226765799258,0.5910780669144982,0.8515625,77.12424242424241
805427,FF,4-Seam FB,Fastball,219,0.3411214953271028,0.452991452991453,0.42857142857142855,94.90182648401826,0.502283105022831,0.5470085470085471,80.74310344827587
805427,SL,Slider,Breaking,130,0.20249221183800623,0.36065573770491804,0.3333333333333333,83.41461538461537,0.4,0.639344262295082,85.77058823529411
805673,FF,4-Seam FB,Fastball,783,0.3572080291970803,0.14864864864864866,0.14084507042253522,95.16743295019158,0.578544061302682,0.8513513513513513,85.278
805673,SL,Slider,Breaking,503,0.22947080291970803,0.3285198555956679,0.3262411347517731,87.19681908548708,0.4294234592445328,0.6714801444043321,84.55771428571428
805673,CH,Changeup,Offspeed,280,0.12773722627737227,0.19827586206896552,0.25,86.74964285714286,0.37857142857142856,0.8017241379310345,86.4702380952381
805673,FC,Cutter,Fastball,275,0.12545620437956204,0.15217391304347827,0.09375,90.84472727272727,0.56,0.8478260869565217,85.76272727272725
805673,CU,Curveball,Breaking,239,0.10903284671532847,0.3333333333333333,0.3409090909090909,79.79790794979078,0.3472803347280335,0.6666666666666667,83.08103448275861
805673,SI,Sinker,Fastball,106,0.048357664233576646,0.1956521739130435,0.2,95.12264150943398,0.5377358490566038,0.8043478260869565,82.71935483870968
806188,ST,Sweeper,Breaking,241,0.2654185022026432,0.2672413793103448,0.2786885245901639,80.16721991701246,0.44398340248962653,0.7327586206896552,77.89382716049383
806188,SI,Sinker,Fastball,205,0.22577092511013216,0.023529411764705882,0.025,92.15268292682929,0.5560975609756098,0.9764705882352941,81.56447368421053
806188,CU,Curveball,Breaking,193,0.21255506607929514,0.30120481927710846,0.2571428571428571,79.03264248704663,0.37823834196891193,0.6987951807228916,79.60588235294118
806188,SL,Slider,Breaking,144,0.15859030837004406,0.24242424242424243,0.125,87.32013888888889,0.5902777777777778,0.7575757575757576,79.47333333333333
806188,CH,Changeup,Offspeed,80,0.0881057268722467,0.23684210526315788,0.0,86.38875,0.4125,0.7631578947368421,88.64999999999999
806188,FF,4-Seam FB,Fastball,45,0.04955947136563876,0.3076923076923077,0.3333333333333333,91.95555555555553,0.3333333333333333,0.6923076923076923,80.25555555555555
806960,FF,4-Seam FB,Fastball,224,0.44889779559118237,0.1111111111111111,0.08571428571428572,96.92098214285714,0.48660714285714285,0.8888888888888888,86.78589743589744
806960,SL,Slider,Breaking,98,0.1963927855711423,0.34782608695652173,0.2222222222222222,85.6561224489796,0.42857142857142855,0.6521739130434783,82.87333333333332
806960,ST,Sweeper,Breaking,68,0.13627254509018036,0.42857142857142855,0.3333333333333333,80.81029411764706,0.36764705882352944,0.5714285714285714,85.41666666666667
806960,SI,Sinker,Fastball,65,0.13026052104208416,0.125,0.2222222222222222,96.58461538461539,0.4153846153846154,0.875,82.07368421052631
806960,CH,Changeup,Offspeed,44,0.08817635270541083,0.35714285714285715,0.25,89.27954545454547,0.25,0.6428571428571428,83.62222222222222
807739,FF,4-Seam FB,Fastball,219,0.4048059149722736,0.1746031746031746,0.2,93.49543378995433,0.5753424657534246,0.8253968253968254,82.42688172043012
807739,SL,Slider,Breaking,133,0.24584103512014788,0.2911392405063291,0.3142857142857143,87.90075187969924,0.5338345864661654,0.7088607594936709,81.84150943396227
807739,CH,Changeup,Offspeed,96,0.17744916820702403,0.3103448275862069,0.18181818181818182,84.43229166666667,0.4166666666666667,0.6896551724137931,80.63076923076922
807739,CU,Curveball,Breaking,83,0.1534195933456562,0.3076923076923077,0.18181818181818182,81.87710843373493,0.5060240963855421,0.6923076923076923,82.85882352941177
807743,FF,4-Seam FB,Fastball,189,0.4587378640776699,0.15730337078651685,0.12121212121212122,87.63227513227513,0.6349206349206349,0.8426966292134832,82.99154929577465
807743,ST,Sweeper,Breaking,72,0.17475728155339806,0.0967741935483871,0.16666666666666666,75.36944444444445,0.5138888888888888,0.9032258064516129,80.83214285714284
807743,CH,Changeup,Offspeed,65,0.15776699029126215,0.2222222222222222,0.23529411764705882,77.05538461538461,0.4461538461538462,0.7777777777777778,79.3851851851852
807743,FC,Cutter,Fastball,62,0.15048543689320387,0.1935483870967742,0.1111111111111111,82.69516129032257,0.3709677419354839,0.8064516129032258,78.888
808825,FF,4-Seam FB,Fastball,163,0.4478021978021978,0.1891891891891892,0.14285714285714285,93.99570552147239,0.50920245398773,0.8108108108108107,85.07758620689656
808825,SL,Slider,Breaking,111,0.30494505494505497,0.3695652173913043,0.2,82.28558558558558,0.36036036036036034,0.6304347826086957,82.41724137931035
808825,CH,Changeup,Offspeed,47,0.12912087912087913,0.4782608695652174,0.625,87.50425531914894,0.2765957446808511,0.5217391304347826,79.96000000000001
808825,SI,Sinker,Fastball,43,0.11813186813186813,0.1,0.0,92.93023255813954,0.5581395348837209,0.9,84.0611111111111
808963,FF,4-Seam FB,Fastball,944,0.4219937416182387,0.1932059447983015,0.18471337579617833,97.8333686440678,0.5497881355932204,0.8067940552016986,85.90225352112675
808963,FS,Splitter,Offspeed,613,0.27402771569065715,0.3652694610778443,0.2802547770700637,90.22495921696573,0.3833605220228385,0.6347305389221557,82.28989361702128
808963,SL,Slider,Breaking,479,0.2141260616897631,0.3923444976076555,0.32857142857142857,86.64300626304802,0.42588726513569936,0.6076555023923444,81.12192982456142
808963,FO,Forkball,Offspeed,192,0.08582923558337059,0.36470588235294116,0.3170731707317073,85.34635416666667,0.3541666666666667,0.6352941176470588,80.82340425531916
808967,FS,Splitter,Offspeed,747,0.26659528907922914,0.34413965087281795,0.3010752688172043,91.47081659973226,0.3319946452476573,0.655860349127182,82.32638888888889
808967,FF,4-Seam FB,Fastball,728,0.2598144182726624,0.2893258426966292,0.2426470588235294,96.08321870701513,0.5535714285714286,0.7106741573033708,82.9199152542373
808967,FC,Cutter,Fastball,413,0.14739471805852963,0.24271844660194175,0.16279069767441862,91.62082324455206,0.4891041162227603,0.7572815533980582,78.37465753424658
808967,CU,Curveball,Breaking,375,0.13383297644539616,0.26973684210526316,0.19298245614035087,76.85679999999999,0.5173333333333333,0.7302631578947368,79.75145631067961
808967,SI,Sinker,Fastball,366,0.13062098501070663,0.13953488372093023,0.16666666666666666,95.47978142076504,0.5846994535519126,0.8604651162790697,84.04857142857142
808967,SL,Slider,Breaking,173,0.061741613133476085,0.36,0.2857142857142857,86.90693641618496,0.49710982658959535,0.64,81.50819672131148
808970,FF,4-Seam FB,Fastball,34,0.3953488372093023,0.14285714285714285,0.0,94.4735294117647,0.5,0.8571428571428572,83.68333333333334
810938,EP,EP,Other,50,1.0,0.0,0.0,49.897999999999996,0.54,1.0,91.47142857142859
811315,FF,4-Seam FB,Fastball,57,0.5533980582524272,0.14285714285714285,0.0,99.92280701754385,0.5964912280701754,0.8571428571428572,83.54444444444445
811315,CU,Curveball,Breaking,39,0.3786407766990291,0.4,0.36363636363636365,87.1102564102564,0.41025641025641024,0.6,74.13749999999999
813349,FF,4-Seam FB,Fastball,566,0.34575442883323154,0.23693379790940766,0.26851851851851855,94.01749116607773,0.5212014134275619,0.7630662020905923,82.98177339901477
813349,SI,Sinker,Fastball,329,0.2009773976786805,0.15,0.1111111111111111,92.43981762917933,0.49848024316109424,0.85,82.10752688172043
813349,CH,Changeup,Offspeed,295,0.1802076970067196,0.2229299363057325,0.2,83.74915254237288,0.3694915254237288,0.7770700636942676,85.54732142857142
813349,CU,Curveball,Breaking,180,0.10995723885155773,0.24,0.28205128205128205,80.10444444444444,0.4,0.76,82.61041666666667
813349,SL,Slider,Breaking,140,0.0855222968845449,0.27692307692307694,0.14285714285714285,87.12857142857145,0.5714285714285714,0.7230769230769231,84.8586956521739
813349,ST,Sweeper,Breaking,127,0.07758094074526573,0.4126984126984127,0.45454545454545453,82.46929133858266,0.3464566929133858,0.5873015873015873,80.3
814305,FC,Cutter,Fastball,108,0.3673469387755102,0.28888888888888886,0.16666666666666666,90.3027777777778,0.4351851851851852,0.7111111111111111,84.81290322580647
814305,FS,Splitter,Offspeed,96,0.32653061224489793,0.4166666666666667,0.19230769230769232,86.66562499999999,0.4166666666666667,0.5833333333333333,79.876
814305,FF,4-Seam FB,Fastball,88,0.29931972789115646,0.16666666666666666,0.2222222222222222,94.87613636363636,0.48863636363636365,0.8333333333333334,86.45714285714287
814490,SI,Sinker,Fastball,129,0.22552447552447552,0.15714285714285714,0.11764705882352941,92.95426356589147,0.5193798449612403,0.8428571428571429,82.9298245614035
814490,FF,4-Seam FB,Fastball,119,0.20804195804195805,0.20833333333333334,0.16666666666666666,93.45210084033613,0.3445378151260504,0.7916666666666666,85.5756756756757
814490,ST,Sweeper,Breaking,110,0.19230769230769232,0.3103448275862069,0.3076923076923077,82.69636363636363,0.4818181818181818,0.6896551724137931,81.85945945945946
814490,FC,Cutter,Fastball,109,0.19055944055944055,0.16,0.17647058823529413,90.09541284403672,0.44036697247706424,0.84,81.71794871794872
814490,CU,Curveball,Breaking,74,0.12937062937062938,0.23333333333333334,0.25,81.55810810810812,0.44594594594594594,0.7666666666666666,83.3913043478261
814490,CH,Changeup,Offspeed,31,0.05419580419580419,0.25,0.25,87.2,0.12903225806451613,0.75,78.49999999999999
815081,FF,4-Seam FB,Fastball,177,0.5939597315436241,0.22727272727272727,0.1388888888888889,94.28700564971753,0.615819209039548,0.7727272727272727,84.84776119402984
815081,SL,Slider,Breaking,83,0.2785234899328859,0.36666666666666664,0.4,85.57228915662651,0.3493975903614458,0.6333333333333333,89.16842105263159
815083,FF,4-Seam FB,Fastball,434,0.44650205761316875,0.16847826086956522,0.19444444444444445,91.73179723502304,0.5230414746543779,0.8315217391304348,85.59142857142857
815083,CH,Changeup,Offspeed,248,0.2551440329218107,0.4594594594594595,0.3877551020408163,78.80362903225807,0.2540322580645161,0.5405405405405406,77.00909090909092
815083,FC,Cutter,Fastball,155,0.15946502057613168,0.27586206896551724,0.29411764705882354,88.7516129032258,0.5290322580645161,0.7241379310344828,85.80847457627118
815083,SL,Slider,Breaking,135,0.1388888888888889,0.36,0.21428571428571427,81.70296296296297,0.362962962962963,0.64,81.52692307692307
820862,SL,Slider,Breaking,573,0.5840978593272171,0.3717105263157895,0.3262411347517731,90.49546247818498,0.4432809773123909,0.6282894736842105,83.56022727272727
820862,SI,Sinker,Fastball,293,0.29867482161060144,0.1774193548387097,0.09615384615384616,96.37713310580205,0.5563139931740614,0.8225806451612903,84.88453608247421
820862,FF,4-Seam FB,Fastball,69,0.07033639143730887,0.15625,0.0625,96.55507246376813,0.43478260869565216,0.84375,79.884
820862,CH,Changeup,Offspeed,46,0.046890927624872576,0.17391304347826086,0.2857142857142857,92.98695652173915,0.3695652173913043,0.8260869565217391,78.92777777777778
822627,SI,Sinker,Fastball,40,0.7547169811320755,0.1,0.5,90.70250000000001,0.425,0.9,78.62857142857145
827734,FF,4-Seam FB,Fastball,31,0.7045454545454546,0.1111111111111111,0.0,92.21935483870966,0.5161290322580645,0.8888888888888888,96.125
837227,SL,Slider,Breaking,660,0.4548587181254307,0.39710144927536234,0.3878787878787879,86.57969696969697,0.39090909090909093,0.6028985507246376,80.31846153846153
837227,FF,4-Seam FB,Fastball,643,0.44314266023432114,0.21311475409836064,0.15853658536585366,94.78289269051322,0.5038880248833593,0.7868852459016393,82.75384615384615
837227,SI,Sinker,Fastball,61,0.04203997243280496,0.18518518518518517,0.0,94.50000000000001,0.4918032786885246,0.8148148148148149,80.88095238095238
837227,FS,Splitter,Offspeed,42,0.028945554789800137,0.75,1.0,84.66904761904763,0.07142857142857142,0.25,65.1
837227,CH,Changeup,Offspeed,39,0.026878015161957272,0.7272727272727273,1.0,86.6102564102564,0.41025641025641024,0.2727272727272727,75.3
